_id,ttr,hapax_ratio,avg_word_len,shannon_entropy
t1_f7ju17o,0.8571428571428571,0.7142857142857143,4.678571428571429,4.52164063634332
t1_k5c5yyz,0.7792207792207793,0.6753246753246753,4.87012987012987,5.665946767883341
t1_givys64,0.7619047619047619,0.5873015873015873,4.920634920634921,5.431811225458645
t1_joq538t,0.8421052631578947,0.7368421052631579,4.7368421052631575,5.468769180793449
t1_hlk1vci,0.7070707070707071,0.5757575757575758,4.898989898989899,5.807761061290176
t1_cguw8w8,0.746031746031746,0.6190476190476191,5.031746031746032,5.318394605970919
t1_fmcunuq,0.8181818181818182,0.6753246753246753,4.259740259740259,5.867372417290184
t1_jolyktt,0.6666666666666666,0.5555555555555556,4.685185185185185,4.752314067211291
t1_fegajpj,0.9354838709677419,0.8709677419354839,4.387096774193548,4.825164052322361
t1_k4a1rz6,0.8152173913043478,0.7065217391304348,4.521739130434782,6.081940320371255
t1_exd9ccm,0.7971014492753623,0.6666666666666666,3.7971014492753623,5.648025362418494
t1_kb55gnn,0.8181818181818182,0.696969696969697,4.96969696969697,4.620151695116031
t1_hsoj4b0,0.7755102040816326,0.6938775510204082,4.877551020408164,4.997063670513363
t1_e9gbebp,0.9047619047619048,0.8095238095238095,5.0,4.201841232302569
t1_il8cpvx,0.6422018348623854,0.5045871559633027,3.743119266055046,5.765083771381007
t1_gzs5v7g,0.7843137254901961,0.6274509803921569,4.2745098039215685,5.187035390948686
t1_dxeq6v9,0.8064516129032258,0.6451612903225806,3.7419354838709675,4.542748326446119
t1_haja09s,0.8529411764705882,0.7352941176470589,4.147058823529412,4.7711426205984715
t1_j0cxfzk,0.8620689655172413,0.7586206896551724,3.7241379310344827,4.556088322639176
t1_dwjjh4l,0.9166666666666666,0.8333333333333334,5.291666666666667,4.418295834054489
t1_fnua8i5,0.7321428571428571,0.6071428571428571,4.928571428571429,5.066108939837483
t1_gteuknx,0.7884615384615384,0.6153846153846154,5.384615384615385,5.248328660365576
t1_hkwzb2z,0.84,0.74,4.86,5.2687584397314575
t1_hn2tsej,0.6829268292682927,0.4634146341463415,4.414634146341464,5.643779748362224
t1_ho7i6ht,0.8,0.68,4.46,5.156565630242721
t1_gsdgupf,0.6785714285714286,0.5625,5.392857142857143,5.833474007263264
t1_errzsjm,0.8333333333333334,0.75,4.666666666666667,4.773684376262021
t1_eoryiia,0.8857142857142857,0.7714285714285715,5.085714285714285,4.900711588373535
t1_dw850o1,0.7228915662650602,0.5301204819277109,4.313253012048193,5.7350464737714635
t1_i46k0jt,0.8235294117647058,0.7058823529411765,5.141176470588236,6.000509906700488
t1_gv484ay,0.7261904761904762,0.6071428571428571,4.666666666666667,5.651071440558637
t1_fgbnl96,0.7627118644067796,0.6101694915254238,3.830508474576271,5.335784362811153
t1_elc14lm,0.7962962962962963,0.6481481481481481,4.2407407407407405,5.296463659530811
t1_e4hcygt,0.9333333333333333,0.8666666666666667,3.6666666666666665,4.773557262275186
t1_f17mla9,0.706766917293233,0.556390977443609,5.097744360902255,6.274466860824772
t1_fxi59ad,0.9375,0.875,4.75,4.875
t1_dzqz120,0.7555555555555555,0.6,4.6,5.89324972987492
t1_ewibxb5,0.8823529411764706,0.7647058823529411,5.529411764705882,4.852168723603279
t1_dt5kqwa,0.9285714285714286,0.8809523809523809,4.642857142857143,5.231486767965347
t1_hqgw7x2,0.7068965517241379,0.5775862068965517,4.991379310344827,6.061597026096494
t1_ih5cggk,0.6352941176470588,0.47058823529411764,4.552941176470588,5.410639724495573
t1_h7hwebn,0.7553191489361702,0.6276595744680851,5.0212765957446805,5.956028612246878
t1_frfd8jq,0.8888888888888888,0.8148148148148148,4.925925925925926,4.504706483564823
t1_gruwcg4,1.0,1.0,5.75,4.807354922057606
t1_g4pcbzj,0.7216494845360825,0.5876288659793815,5.381443298969073,5.866557915282318
t1_if6rhqz,0.9259259259259259,0.8888888888888888,4.888888888888889,4.578780557638898
t1_guf2o95,0.7398373983739838,0.5853658536585366,4.439024390243903,6.295963387978823
t1_foozu8o,0.6739130434782609,0.5434782608695652,4.467391304347826,5.656729282558603
t1_hbkbe8c,0.7346938775510204,0.5714285714285714,4.8979591836734695,4.979619732303703
t1_fkc2fl3,0.7777777777777778,0.6767676767676768,4.9393939393939394,6.038151316918196
t1_j4rr72m,0.7971014492753623,0.6956521739130435,5.246376811594203,5.611935145089899
t1_ettkcu3,1.0,1.0,5.578947368421052,4.247927513443583
t1_hsxp5n6,0.578125,0.40625,3.96875,4.857912751096862
t1_gt2ixvs,0.6630434782608695,0.45652173913043476,5.184782608695652,5.701998815562737
t1_dye3vh7,0.8478260869565217,0.717391304347826,3.8260869565217392,5.202803532096936
t1_e93zmh3,0.7321428571428571,0.5892857142857143,4.357142857142857,5.132811395078726
t1_gv0dchj,0.5714285714285714,0.37815126050420167,4.915966386554622,5.71823567533866
t1_ita35vm,0.7397260273972602,0.5753424657534246,5.232876712328767,5.571750374239425
t1_e713bqm,0.9047619047619048,0.8095238095238095,4.0,5.201841232302571
t1_fj010mi,0.88,0.76,4.44,4.403856189774723
t1_ejcjqoo,0.8571428571428571,0.75,4.464285714285714,5.494680368408913
t1_k4fu291,0.8333333333333334,0.7142857142857143,5.619047619047619,5.023037065532882
t1_f7xdoof,0.75,0.625,4.1875,5.376964015923011
t1_haw5wob,0.8461538461538461,0.7307692307692307,4.576923076923077,4.363713275750188
t1_jafdooe,0.9642857142857143,0.9285714285714286,5.035714285714286,4.735926350629034
t1_jlyhvz7,0.8947368421052632,0.7894736842105263,4.631578947368421,5.0374011976541135
t1_grdh47x,0.8095238095238095,0.6428571428571429,3.880952380952381,4.993391529870108
t1_dxfd72z,0.7592592592592593,0.6203703703703703,4.546296296296297,6.148554692391573
t1_hv74k3m,0.8461538461538461,0.7076923076923077,5.323076923076923,5.703061851456711
t1_fnkauqo,0.88,0.8,4.84,4.373660689688184
t1_in4nr3x,0.7666666666666667,0.6166666666666667,4.333333333333333,5.354900337629122
t1_exto9ek,0.9642857142857143,0.9285714285714286,4.357142857142857,4.735926350629035
t1_gnd538h,0.6422018348623854,0.48623853211009177,4.5963302752293576,5.815978362007921
t1_fkhspn4,0.7055214723926381,0.5766871165644172,4.3496932515337425,6.549361974056259
t1_cze1q9u,0.8571428571428571,0.7380952380952381,4.214285714285714,5.088629625108203
t1_crk6588,0.88,0.8,4.8,4.373660689688184
t1_gfy7o8r,0.8292682926829268,0.7317073170731707,4.219512195121951,4.948896211882388
t1_ebsvu2x,0.7164179104477612,0.5373134328358209,4.3283582089552235,5.379907571785575
t1_griwea8,0.9523809523809523,0.9047619047619048,5.119047619047619,5.297079327540667
t1_gouvjao,0.8235294117647058,0.7058823529411765,5.450980392156863,5.265466763497705
t1_jrep3bu,0.8378378378378378,0.6756756756756757,3.864864864864865,4.885129041304629
t1_e1v9o2e,0.8979591836734694,0.7959183673469388,4.755102040816326,5.410628211462147
t1_he70c7j,0.7931034482758621,0.6896551724137931,4.5344827586206895,5.314709012294348
t1_e4okrcx,0.8571428571428571,0.7142857142857143,5.9523809523809526,4.106603137064473
t1_i67vlfz,0.5757575757575758,0.45454545454545453,4.833333333333333,4.693285584755821
t1_gyledk2,0.7313432835820896,0.5522388059701493,4.044776119402985,5.453857100776368
t1_gul235z,0.7403846153846154,0.625,4.605769230769231,5.976801439620124
t1_h39odwq,0.8709677419354839,0.7741935483870968,4.225806451612903,4.6717805845106355
t1_hi2stcl,0.8571428571428571,0.75,5.035714285714286,4.494680368408909
t1_g0q20p0,0.8055555555555556,0.6388888888888888,4.333333333333333,4.760067015271103
t1_fvwrhht,0.7931034482758621,0.6379310344827587,4.879310344827586,5.405141986394978
t1_jolxlod,0.6883116883116883,0.5324675324675324,4.363636363636363,5.422376800322774
t1_hljxln6,0.7777777777777778,0.6296296296296297,4.537037037037037,5.245447224305561
t1_ie6r075,0.8055555555555556,0.6666666666666666,4.194444444444445,5.73228923749333
t1_f6l2mu8,0.9523809523809523,0.9047619047619048,5.0,4.297079327540665
t1_f1ht2tr,0.875,0.8125,5.21875,4.702819531114783
t1_gx254v2,0.7857142857142857,0.673469387755102,4.724489795918367,6.06497205859555
t1_foatffs,0.8571428571428571,0.7380952380952381,4.880952380952381,5.0886296251082035
t1_f306zke,0.8157894736842105,0.6842105263157895,3.973684210526316,4.83977553964551
t1_hfx93pe,0.7721518987341772,0.6329113924050633,4.177215189873418,5.768785020246847
t1_i2vcy28,0.8679245283018868,0.7735849056603774,4.716981132075472,5.435283190330612
t1_erh5gks,1.0,1.0,5.833333333333333,4.169925001442312
t1_edmhmlk,0.6554621848739496,0.4789915966386555,4.067226890756302,5.989015662956508
t1_etfd7p7,0.7121212121212122,0.5454545454545454,4.212121212121212,5.349328922677743
t1_k9yn8rx,0.7450980392156863,0.6078431372549019,4.8431372549019605,6.010564802713391
t1_dtkech1,0.8181818181818182,0.6666666666666666,4.757575757575758,4.657882376868653
t1_esd7n6i,0.8461538461538461,0.7307692307692307,5.1923076923076925,5.363713275750192
t1_fvekdpj,0.75,0.5625,4.53125,4.452819531114783
t1_ghbm81l,0.8181818181818182,0.6818181818181818,4.545454545454546,5.061482186720774
t1_gt6q27h,0.6517857142857143,0.4732142857142857,4.982142857142857,5.929642756666544
t1_g6gi1h8,0.8,0.72,3.96,4.133660689688184
t1_h87wtx8,0.8125,0.7083333333333334,4.895833333333333,5.119034834541987
t1_ectb45o,0.8157894736842105,0.6842105263157895,4.578947368421052,5.833325210755079
t1_f94mp11,0.9259259259259259,0.8888888888888888,4.518518518518518,4.578780557638898
t1_fwb1jq8,0.9130434782608695,0.8260869565217391,4.0,4.349648912578752
t1_k4vn06v,0.7868852459016393,0.6885245901639344,5.19672131147541,5.328198198183156
t1_fmfqb04,0.8620689655172413,0.7241379310344828,4.758620689655173,4.582118926162054
t1_h8gjvov,0.825,0.7375,4.825,5.8686198135562275
t1_jm9yzmv,0.725,0.5,4.15,4.721928094887362
t1_h2ggcvf,0.7916666666666666,0.6666666666666666,4.229166666666667,5.053508854797681
t1_eekqf1z,0.75,0.6125,4.8375,5.7058754384480554
t1_juhpv25,0.8653846153846154,0.7307692307692307,5.884615384615385,5.431208948910324
t1_jvf8ybq,0.7272727272727273,0.625,5.693181818181818,5.696710988196806
t1_egn80ro,0.75,0.5789473684210527,4.75,5.6818808028034065
t1_guxwa6q,0.8333333333333334,0.7380952380952381,4.119047619047619,4.993391529870108
t1_j9mvnh9,0.8333333333333334,0.6851851851851852,5.222222222222222,5.407574770641922
t1_j1r7how,0.8596491228070176,0.7543859649122807,5.12280701754386,5.5257009790011065
t1_k7hckxi,0.6058394160583942,0.43795620437956206,4.8321167883211675,5.970881422924667
t1_guvsq8i,0.5619047619047619,0.3904761904761905,5.0095238095238095,5.379682218909373
t1_f3w9vsy,0.8113207547169812,0.660377358490566,4.471698113207547,5.312826114940556
t1_hha7djk,0.9,0.825,5.375,5.103055907333276
t1_ezjtqhr,0.8387096774193549,0.6774193548387096,4.838709677419355,4.631615665225586
t1_guzfax8,0.9473684210526315,0.8947368421052632,4.7631578947368425,5.142664355548852
t1_g3wep6v,0.7530864197530864,0.5802469135802469,4.6419753086419755,5.784053089197532
t1_i3ulmih,0.8478260869565217,0.6956521739130435,5.065217391304348,5.219214129970054
t1_k6ozaw9,0.8787878787878788,0.7575757575757576,5.7272727272727275,4.801969876934213
t1_j64qd9e,0.6818181818181818,0.5151515151515151,4.606060606060606,5.147132286799767
t1_dimsxw7,0.8888888888888888,0.7777777777777778,4.111111111111111,4.532665279941248
t1_fpkooow,0.7352941176470589,0.5882352941176471,3.264705882352941,4.440404017720927
t1_g8bot9y,0.7222222222222222,0.5648148148148148,5.092592592592593,6.045357960653361
t1_j9lecyo,0.875,0.7916666666666666,4.583333333333333,4.303508854797679
t1_i0m9kjx,0.7181818181818181,0.5727272727272728,4.7272727272727275,6.040216191385297
t1_i6kv90o,0.9047619047619048,0.8571428571428571,5.0476190476190474,4.165894208390023
t1_g6btkwg,0.7317073170731707,0.6341463414634146,4.914634146341464,5.56372781035222
t1_fc71da5,1.0,1.0,5.529411764705882,4.08746284125034
t1_efm5der,0.7281553398058253,0.6116504854368932,4.796116504854369,5.912242216873963
t1_fnzptkc,0.8478260869565217,0.717391304347826,4.413043478260869,5.202803532096936
t1_gd37obs,0.6666666666666666,0.49122807017543857,4.2631578947368425,4.970411778046666
t1_jp2j77o,0.8620689655172413,0.7586206896551724,4.0344827586206895,4.556088322639176
t1_da3neaj,0.7972972972972973,0.6756756756756757,5.054054054054054,5.722966879142468
t1_e1ifbg4,0.8235294117647058,0.7058823529411765,3.9705882352941178,4.675698135367986
t1_hf254sk,1.0,1.0,5.333333333333333,4.39231742277876
t1_jzj8p8m,0.8541666666666666,0.75,4.479166666666667,5.2618421881310145
t1_itnlw7g,0.9354838709677419,0.8709677419354839,5.161290322580645,4.825164052322361
t1_ke13jjy,0.81,0.68,4.65,6.213660689688198
t1_ew6vlnp,0.6906474820143885,0.5467625899280576,4.043165467625899,6.284896760551596
t1_hemf8zo,0.88,0.76,4.28,4.403856189774723
t1_gzy68vo,0.8604651162790697,0.7906976744186046,4.930232558139535,5.083127836047133
t1_ere5gum,0.7256637168141593,0.5486725663716814,3.7964601769911503,6.185006949045134
t1_ga1ufgm,0.8620689655172413,0.7241379310344828,4.655172413793103,4.582118926162054
t1_grl28v1,0.8372093023255814,0.7209302325581395,4.906976744186046,5.065572312741006
t1_du0yw8z,0.875,0.8,4.775,5.021928094887363
t1_gbn26ya,0.8461538461538461,0.6923076923076923,4.5,4.392747410448783
t1_cl0y0vg,0.8070175438596491,0.7017543859649122,4.807017543859649,5.372106461419291
t1_j7j0czh,0.75,0.7,4.6,3.546439344671015
t1_jgr95kp,0.7159090909090909,0.5340909090909091,4.1022727272727275,5.780176646923467
t1_f0jypww,0.8571428571428571,0.7551020408163265,4.673469387755102,5.29818382361874
t1_flgsm9v,0.8307692307692308,0.7230769230769231,4.7384615384615385,5.629909736038812
t1_e7cqmpz,0.8085106382978723,0.6595744680851063,4.170212765957447,5.139487255840896
t1_fbfxw74,0.6893939393939394,0.49242424242424243,4.303030303030303,6.316068623241649
t1_ebig900,0.8333333333333334,0.7666666666666667,4.8,4.481727678869737
t1_gd32gnh,0.7555555555555555,0.6,4.777777777777778,4.905974696849667
t1_hf33oy8,1.0,1.0,5.333333333333333,4.39231742277876
t1_f3o5wd5,0.9545454545454546,0.9090909090909091,5.454545454545454,4.368522527728204
t1_iza83ap,0.8536585365853658,0.7804878048780488,5.170731707317073,4.997676699687266
t1_jyzq581,0.6791044776119403,0.5298507462686567,4.880597014925373,6.166517597313556
t1_elsfu45,0.6987951807228916,0.5421686746987951,4.385542168674699,5.604965371577126
t1_fxiyp0w,0.7142857142857143,0.5714285714285714,4.0,4.378864088188095
t1_griq3xy,0.8928571428571429,0.8214285714285714,5.142857142857143,4.5661089398374815
t1_keojxcq,0.7464788732394366,0.5915492957746479,4.422535211267606,5.561374760197393
t1_fikkwb1,0.6880733944954128,0.5504587155963303,4.926605504587156,5.888110464355476
t1_j8eryz9,0.71875,0.5625,4.34375,5.296569531114783
t1_duozdp9,0.7692307692307693,0.6581196581196581,4.3247863247863245,6.260244394923102
t1_k7k0fx9,0.803921568627451,0.6666666666666666,4.745098039215686,5.226251077223196
t1_hniok1d,0.875,0.75,4.625,4.75
t1_gw1ctjv,0.8032786885245902,0.6721311475409836,5.016393442622951,5.479757419459163
t1_kfktpzy,0.825,0.7,4.275,4.93418371977919
t1_gaj6ww8,0.8857142857142857,0.8,4.914285714285715,4.879143374026008
t1_dm5uui6,0.7654320987654321,0.6296296296296297,4.530864197530864,5.742240472556634
t1_d8wi1ze,0.7704918032786885,0.6557377049180327,5.426229508196721,5.313499887490701
t1_j8muypx,0.9642857142857143,0.9285714285714286,5.928571428571429,4.735926350629034
t1_gzq596y,0.8709677419354839,0.7741935483870968,4.806451612903226,4.6717805845106355
t1_ia7hiuv,0.7333333333333333,0.5555555555555556,5.144444444444445,5.875077818503814
t1_g3wequq,0.7530864197530864,0.5802469135802469,4.6419753086419755,5.784053089197532
t1_ea4qpej,0.90625,0.8125,4.25,4.8125
t1_irki65k,0.851063829787234,0.7446808510638298,4.1063829787234045,5.22459363881962
t1_e8roglc,0.7843137254901961,0.6078431372549019,4.588235294117647,5.2114493614945
t1_diumqsc,0.7619047619047619,0.6031746031746031,5.238095238095238,5.425615042513197
t1_irao1uy,0.6825396825396826,0.5079365079365079,4.865079365079365,6.181401550980128
t1_hemfcmg,0.88,0.76,4.28,4.403856189774723
t1_cospxvi,0.7837837837837838,0.6216216216216216,4.972972972972973,4.722966879142466
t1_ia265k0,0.583941605839416,0.40145985401459855,4.686131386861314,5.9032303274199895
t1_e88n0wm,0.8888888888888888,0.8055555555555556,5.194444444444445,4.926733681937769
t1_k3ckwoe,0.7692307692307693,0.6410256410256411,4.410256410256411,4.721299654759683
t1_j1qmyl4,0.8285714285714286,0.6571428571428571,4.485714285714286,4.786425874087821
t1_hk0ek2m,0.896551724137931,0.8275862068965517,3.9655172413793105,4.625053839880556
t1_fenuais,0.7009345794392523,0.5887850467289719,4.663551401869159,5.868568945127705
t1_gv42tb4,0.6438356164383562,0.4794520547945205,4.47945205479452,5.1585339764807845
t1_grjaz1w,0.6906474820143885,0.5467625899280576,4.669064748201439,6.3031130841173475
t1_h4494tl,0.71,0.57,4.2,5.88120956470983
t1_gs46wy7,0.7073170731707317,0.5203252032520326,4.788617886178862,6.258457875360229
t1_hqqc480,0.8888888888888888,0.8222222222222222,5.177777777777778,5.225186429663006
t1_k7maqpi,0.6881720430107527,0.5376344086021505,5.129032258064516,5.681646919045082
t1_cne1uqy,0.6611570247933884,0.5206611570247934,4.793388429752066,5.93041180895522
t1_iragnul,0.7638888888888888,0.6666666666666666,4.402777777777778,5.523684376262027
t1_in8bika,0.8490566037735849,0.7169811320754716,5.09433962264151,5.411790501692187
t1_dufpc5y,0.9285714285714286,0.8571428571428571,5.464285714285714,4.664497779200463
t1_gzq4pak,0.7804878048780488,0.5853658536585366,4.463414634146342,4.90011572407751
t1_ikhwfrd,0.8043478260869565,0.717391304347826,4.760869565217392,4.996069292872436
t1_ettap1u,1.0,1.0,6.428571428571429,3.8073549220576055
t1_csxucnv,0.7397260273972602,0.5753424657534246,4.876712328767123,5.583459319065085
t1_gxdb7kz,0.7916666666666666,0.6458333333333334,4.666666666666667,5.110902344426086
t1_kceo21o,0.9166666666666666,0.8333333333333334,4.958333333333333,4.418295834054489
t1_gx8zkdk,0.8461538461538461,0.7435897435897436,4.282051282051282,4.9389977315718125
t1_fmoovsx,0.7196969696969697,0.553030303030303,4.386363636363637,6.342340827971652
t1_k95d5rm,0.8059701492537313,0.7014925373134329,4.417910447761194,5.5830365340906
t1_gjusi7r,0.8518518518518519,0.8148148148148148,5.444444444444445,5.302917651115936
t1_gt38agz,0.9142857142857143,0.8285714285714286,4.6,4.957854445516393
t1_hr961id,0.8536585365853658,0.7560975609756098,4.780487804878049,5.028045297195474
t1_gftgf7k,0.9230769230769231,0.8461538461538461,4.423076923076923,4.546593564294937
t1_e857drl,0.9047619047619048,0.8809523809523809,5.214285714285714,5.115897411482647
t1_eyeg17e,0.8,0.6857142857142857,4.571428571428571,4.626150431961055
t1_eu4t99b,0.7625,0.65,4.1375,5.7021304833189355
t1_gng5rq1,0.7551020408163265,0.5714285714285714,4.8979591836734695,5.068691731826158
t1_guhw701,0.6868686868686869,0.5353535353535354,4.454545454545454,5.806872559824861
t1_flpysik,0.9032258064516129,0.8064516129032258,5.709677419354839,4.760647923290102
t1_hsoyhdj,0.7586206896551724,0.6724137931034483,4.844827586206897,5.155310520952339
t1_dv7yq7v,0.7052631578947368,0.5578947368421052,4.2,5.79223136642645
t1_ddw3mag,0.6790123456790124,0.48148148148148145,4.703703703703703,5.575969719169468
t1_gxd8ipb,0.7317073170731707,0.5609756097560976,4.158536585365853,5.724938553631167
t1_hwpsf4k,0.7846153846153846,0.7076923076923077,4.6,5.433680697543989
t1_jbjl4tp,0.88,0.8,5.32,4.373660689688184
t1_etfad80,0.7777777777777778,0.6111111111111112,3.861111111111111,4.683542362433229
t1_k4u5a44,0.7954545454545454,0.7045454545454546,4.431818181818182,4.90796201621706
t1_gt75e6t,0.71,0.58,4.58,5.812124556936993
t1_d3lmhld,0.734375,0.609375,4.796875,5.294355320957341
t1_gjw2woq,0.7454545454545455,0.6181818181818182,4.5636363636363635,5.142824886638043
t1_dyg5mfm,0.8225806451612904,0.7258064516129032,4.870967741935484,5.498314657056384
t1_k692fi5,0.7586206896551724,0.6293103448275862,5.077586206896552,6.24560545685465
t1_fte5n6m,0.875,0.75,5.166666666666667,4.334962500721156
t1_i3oxubo,0.775,0.65,4.75,4.78418371977919
t1_dx1op4i,0.7142857142857143,0.5454545454545454,3.5974025974025974,5.557316534420998
t1_irkc62e,0.6239316239316239,0.452991452991453,5.0085470085470085,5.7896432429725255
t1_iwknvzx,0.9032258064516129,0.8709677419354839,5.903225806451613,4.696131794257844
t1_fdabkto,0.6708860759493671,0.5316455696202531,5.10126582278481,5.409740362315196
t1_jm05rks,0.8301886792452831,0.7169811320754716,4.3584905660377355,5.3455683317992255
t1_gt0602z,0.6881720430107527,0.4946236559139785,4.827956989247312,5.8012105263436196
t1_fj4wjxh,0.8648648648648649,0.7297297297297297,3.72972972972973,4.939183095358683
t1_ew7n1oy,0.8636363636363636,0.7727272727272727,4.409090909090909,4.1523912776298655
t1_hh26t4o,0.8666666666666667,0.8,4.8,4.573557262275186
t1_e3nx5r2,0.8709677419354839,0.7741935483870968,4.870967741935484,4.6717805845106355
t1_fo5in41,1.0,1.0,4.666666666666667,4.169925001442312
t1_fp8nde0,0.746268656716418,0.582089552238806,3.7313432835820897,5.476391056064831
t1_hf9890p,0.8611111111111112,0.8055555555555556,3.888888888888889,4.791879432707955
t1_imo4c9w,0.7205882352941176,0.5882352941176471,4.455882352941177,5.366587105828963
t1_en30ba3,0.8113207547169812,0.660377358490566,4.39622641509434,5.322075643160802
t1_htmqlzt,0.9166666666666666,0.8333333333333334,5.305555555555555,5.003258334775643
t1_gtbad6q,0.7625,0.6375,5.2125,5.7247476260021415
t1_ezf3pqa,0.875,0.7857142857142857,4.982142857142857,5.5303946541231985
t1_icr08hg,0.8125,0.7,4.8,5.8591837197791845
t1_jyo1gj0,0.8611111111111112,0.7222222222222222,4.333333333333333,4.892147223664533
t1_dw2kabp,0.7142857142857143,0.4857142857142857,3.9714285714285715,4.514718016821338
t1_el8w0il,0.8125,0.71875,5.34375,4.5121987351738495
t1_haqlsml,0.7524752475247525,0.6534653465346535,5.00990099009901,5.975105359388507
t1_dw8n1vj,0.8529411764705882,0.7058823529411765,4.764705882352941,4.793345194191515
t1_eutc61w,0.7741935483870968,0.6612903225806451,4.693548387096774,5.3936336087390755
t1_dvr2adz,0.8666666666666667,0.7666666666666667,4.45,5.606890595608516
t1_k8dy1lx,0.92,0.88,4.6,4.453660689688184
t1_gtn2zi8,0.782608695652174,0.6304347826086957,5.260869565217392,5.039547553742002
t1_g1rff02,0.7352941176470589,0.6176470588235294,3.980392156862745,5.984788425428188
t1_dw2hjwt,0.8478260869565217,0.717391304347826,4.304347826086956,5.202803532096935
t1_ec3okwf,0.7547169811320755,0.6415094339622641,4.69811320754717,5.064500464775835
t1_h1eoqot,0.7543859649122807,0.6140350877192983,5.508771929824562,5.244999224615142
t1_k0tn9bo,0.7058823529411765,0.5980392156862745,4.911764705882353,5.816951018773642
t1_eue2c15,0.8333333333333334,0.7142857142857143,4.809523809523809,5.01136504182638
t1_g8432rk,0.8095238095238095,0.6349206349206349,4.5396825396825395,5.584345201243356
t1_jn1u48d,0.7818181818181819,0.6181818181818182,4.618181818181818,5.303820395224832
t1_gf01cpk,0.875,0.75,4.875,4.75
t1_gd8csxv,0.8571428571428571,0.7142857142857143,4.571428571428571,4.843568731230679
t1_djf2914,0.7631578947368421,0.6052631578947368,4.368421052631579,4.679252764116302
t1_dwdn0to,0.96,0.92,4.84,4.5638561897747225
t1_k6ogmx6,0.8620689655172413,0.7931034482758621,4.448275862068965,4.513153408920675
t1_ipmmtxx,0.7906976744186046,0.6627906976744186,4.651162790697675,5.917259667367014
t1_jsgzc9z,0.7575757575757576,0.6060606060606061,4.515151515151516,4.450162589830066
t1_dyjns7e,0.72,0.56,4.14,4.973660689688187
t1_dtizfgj,0.7358490566037735,0.5660377358490566,4.490566037735849,5.0814173884030005
t1_hg0k062,0.8202247191011236,0.7078651685393258,4.719101123595506,6.054275284850374
t1_dtornpc,0.7115384615384616,0.5384615384615384,3.9423076923076925,4.979097891134806
t1_fffe0gl,0.8333333333333334,0.7333333333333333,5.066666666666666,4.506890595608518
t1_gxbf2xf,0.7425742574257426,0.6237623762376238,4.881188118811881,5.994651581676002
t1_g3webly,0.7530864197530864,0.5802469135802469,4.6419753086419755,5.784053089197532
t1_h8bvxz0,0.7692307692307693,0.6346153846153846,5.25,5.1568885160932
t1_e28by3c,0.7142857142857143,0.5555555555555556,4.626984126984127,6.237926625912055
t1_jgcarps,0.8214285714285714,0.7142857142857143,4.660714285714286,5.387537511266055
t1_e52ueby,0.8928571428571429,0.8214285714285714,4.535714285714286,4.5661089398374815
t1_jtplv1s,0.7555555555555555,0.6222222222222222,4.644444444444445,4.897300040726041
t1_f1p32j3,0.8214285714285714,0.7142857142857143,4.875,5.372274065332602
t1_iibmykm,0.8484848484848485,0.7272727272727273,4.833333333333333,5.7184884374747185
t1_e1h2s97,0.7962962962962963,0.6851851851851852,4.425925925925926,5.243597863747971
t1_e91xukz,0.7534246575342466,0.6438356164383562,4.232876712328767,5.467508723904674
t1_hhnlviq,0.9545454545454546,0.9090909090909091,4.659090909090909,5.368522527728205
t1_e1xqf0a,0.7,0.43333333333333335,3.8,4.2817276788697365
t1_fm81ueh,0.6666666666666666,0.5315315315315315,4.981981981981982,5.833648272529447
t1_hshe3jy,0.711864406779661,0.559322033898305,4.576271186440678,6.1215113753946735
t1_k4kk4pk,0.7962962962962963,0.6481481481481481,3.9444444444444446,5.296463659530811
t1_i5j4tlg,0.875,0.8,4.3,5.021928094887363
t1_gjd5l3o,0.868421052631579,0.7894736842105263,4.631578947368421,4.932138039759377
t1_hfx8wdn,0.7721518987341772,0.6329113924050633,4.177215189873418,5.768785020246847
t1_go91bgg,0.896551724137931,0.8275862068965517,4.862068965517241,4.6250538398805565
t1_ismg0qz,0.6470588235294118,0.5042016806722689,5.025210084033613,5.892523404031609
t1_edekwcj,0.8709677419354839,0.7419354838709677,4.451612903225806,4.696131794257844
t1_hya1hh7,1.0,1.0,4.576923076923077,4.70043971814109
t1_gv1fbtd,0.7551020408163265,0.5918367346938775,5.040816326530612,6.058288160309289
t1_hfs5gu3,0.7209302325581395,0.5465116279069767,4.6395348837209305,5.732642842441596
t1_dnlqq77,0.85,0.725,5.175,5.003055907333277
t1_gd72iut,0.7261904761904762,0.5952380952380952,3.9404761904761907,5.6717302202432744
t1_i3jkh6q,0.6338028169014085,0.5070422535211268,5.577464788732394,5.0584239722460325
t1_e5883x7,0.8297872340425532,0.7446808510638298,4.8936170212765955,5.096934064351534
t1_jpqldw0,0.7686567164179104,0.6044776119402985,4.2388059701492535,6.545384432914364
t1_fa9gdrb,0.9705882352941176,0.9411764705882353,4.882352941176471,5.028639311838573
t1_ccms1vy,0.6402877697841727,0.5179856115107914,3.920863309352518,6.0686717423682515
t1_hs3qo85,0.9583333333333334,0.9166666666666666,4.958333333333333,4.501629167387823
t1_fdq3zps,0.8,0.6444444444444445,4.888888888888889,5.058302540677964
t1_hgnsml7,0.6904761904761905,0.5,4.511904761904762,5.647920696433751
t1_ez63m5r,0.7551020408163265,0.5306122448979592,5.346938775510204,5.10950805835677
t1_h3ipw1d,0.6923076923076923,0.47692307692307695,4.6923076923076925,5.3222174283465025
t1_ia1vrsn,0.7358490566037735,0.5849056603773585,4.415094339622642,5.088782662470231
t1_irakjn4,0.7166666666666667,0.5666666666666667,4.4,5.175652212593064
t1_cyycd02,0.7916666666666666,0.6458333333333334,4.291666666666667,5.121115365169276
t1_eq9vh0j,0.8148148148148148,0.6666666666666666,4.518518518518518,4.356558335416675
t1_jf8eqad,0.6296296296296297,0.4567901234567901,4.604938271604938,5.298881974347576
t1_ewlig8x,0.8153846153846154,0.6923076923076923,4.446153846153846,5.591598582259226
t1_hbztejg,0.7972972972972973,0.6756756756756757,4.675675675675675,5.722966879142469
t1_e8pa361,0.7321428571428571,0.6071428571428571,3.8214285714285716,5.095313797398193
t1_gk43ied,0.84,0.7333333333333333,5.1066666666666665,5.862021690438195
t1_hb9ctnd,0.7647058823529411,0.5882352941176471,4.602941176470588,5.572469458770138
t1_i7ybuop,0.7402597402597403,0.5974025974025974,4.5064935064935066,5.635238612343075
t1_fcr6ets,0.9354838709677419,0.8709677419354839,3.7096774193548385,4.825164052322361
t1_ho10pkp,0.7016129032258065,0.5403225806451613,4.701612903225806,6.193062920002964
t1_dwifbci,0.7868852459016393,0.6557377049180327,4.327868852459017,5.4125465101131
t1_eb7grm3,0.676923076923077,0.47692307692307695,4.046153846153846,5.244993582059521
t1_iqu9znh,0.6666666666666666,0.5151515151515151,4.101010101010101,5.742584398445063
t1_d1ds861,0.6054421768707483,0.42857142857142855,4.775510204081633,6.107132488141613
t1_gmz4r5q,0.8235294117647058,0.7058823529411765,5.019607843137255,5.248706901296268
t1_dykzmcq,0.8333333333333334,0.7166666666666667,4.566666666666666,5.527642470572459
t1_ewecszi,0.9230769230769231,0.8461538461538461,5.230769230769231,4.546593564294937
t1_injn17m,0.9069767441860465,0.8372093023255814,4.186046511627907,5.2226627197680635
t1_f7ejtay,0.8787878787878788,0.7878787878787878,4.242424242424242,4.779094498080775
t1_fnkmrk6,0.8703703703703703,0.7592592592592593,5.481481481481482,5.481648844715996
t1_jufuatq,0.88,0.76,5.14,5.403856189774727
t1_iudwola,0.8360655737704918,0.7377049180327869,4.721311475409836,5.545331189950968
t1_foisejb,0.9642857142857143,0.9285714285714286,5.285714285714286,4.735926350629034
t1_e8u3h53,0.8108108108108109,0.6891891891891891,4.986486486486487,5.761893696997011
t1_euwqtv2,0.7075471698113207,0.5283018867924528,4.547169811320755,6.021374671642615
t1_k1stfbm,0.7272727272727273,0.5858585858585859,4.585858585858586,5.91844207050786
t1_gra2ss8,0.92,0.84,4.8,4.4838561897747224
t1_gevyv05,0.8545454545454545,0.7636363636363637,4.527272727272727,5.424820795807623
t1_dj1ym0s,0.9,0.8,5.8,4.1219280948873624
t1_hqrlwah,0.9310344827586207,0.896551724137931,3.9655172413793105,4.694019357121935
t1_gz2lp0b,0.7142857142857143,0.5918367346938775,4.571428571428571,4.830906334797521
t1_gv2bc4r,0.6666666666666666,0.5050505050505051,4.707070707070707,5.713162434178225
t1_eyxyswq,0.7837837837837838,0.6486486486486487,3.6216216216216215,4.715813838426508
t1_h1j25sb,0.8076923076923077,0.7115384615384616,4.269230769230769,5.224384189253335
t1_hrffqjp,0.825,0.725,4.25,4.881687083026442
t1_glbzvgn,0.9259259259259259,0.8518518518518519,4.481481481481482,4.606739354015323
t1_gyyic3e,0.5662650602409639,0.3614457831325301,4.018072289156627,6.204202835129392
t1_hgntud5,0.8333333333333334,0.7083333333333334,5.458333333333333,4.220175521464345
t1_h9sxlpx,0.7804878048780488,0.7073170731707317,4.317073170731708,4.763295224701003
t1_gu69iz8,0.8928571428571429,0.7857142857142857,4.464285714285714,4.593069207771891
t1_esok0c8,0.8974358974358975,0.8205128205128205,4.358974358974359,5.060917923934979
t1_ekkmtyz,1.0,1.0,4.6521739130434785,4.523561956057013
t1_fz1am3h,0.6893203883495146,0.4854368932038835,4.747572815533981,5.966704745751988
t1_fwzhhdl,0.875,0.78125,4.65625,4.726409765557392
t1_gtn4gii,0.896551724137931,0.7931034482758621,4.413793103448276,4.651084443403434
t1_gy422x9,0.8222222222222222,0.6666666666666666,4.7555555555555555,5.119522262948263
t1_hjqyt38,0.7741935483870968,0.5806451612903226,4.774193548387097,4.478232197413861
t1_hq5da3n,0.8709677419354839,0.7741935483870968,4.258064516129032,4.6717805845106355
t1_gxj77yz,0.735632183908046,0.6206896551724138,4.758620689655173,5.73623150210891
t1_gtiq4d2,0.847457627118644,0.7457627118644068,4.0,5.539174193319627
t1_exeiw7i,0.9655172413793104,0.9310344827586207,4.206896551724138,4.789015477886192
t1_j7x4hko,0.8529411764705882,0.7352941176470589,4.205882352941177,4.7711426205984715
t1_ek8wt15,0.8048780487804879,0.6829268292682927,4.536585365853658,4.879268090607428
t1_gxvnl66,0.7432432432432432,0.5675675675675675,4.351351351351352,5.621483433138049
t1_ezyexrz,0.7157894736842105,0.5894736842105263,4.347368421052631,5.7866595241845475
t1_epupo11,0.9166666666666666,0.8333333333333334,4.75,5.4182958340544936
t1_j2wpvz6,0.782608695652174,0.6086956521739131,3.9347826086956523,5.055958151615121
t1_k81m5m3,0.8260869565217391,0.6956521739130435,4.695652173913044,4.142914673354254
t1_dwt6p8j,0.6575342465753424,0.5273972602739726,4.383561643835616,6.236176960131947
t1_itzxr8h,0.6962025316455697,0.569620253164557,4.556962025316456,5.385688026493802
t1_kd4kcvv,0.7692307692307693,0.6,3.830769230769231,5.506832812961889
t1_g55ubee,0.7777777777777778,0.625,4.5,5.654377564237263
t1_gtfa35v,0.75,0.609375,5.234375,5.409774413893479
t1_grujzu3,0.7619047619047619,0.6071428571428571,5.071428571428571,5.8473836428880785
t1_ic7j2oq,0.6666666666666666,0.48484848484848486,4.2727272727272725,5.187889194919355
t1_dvf1ikl,0.7352941176470589,0.5588235294117647,3.4705882352941178,4.477024973539649
t1_gxgft0q,0.7142857142857143,0.5934065934065934,4.1208791208791204,5.743774998052211
t1_fz7t183,0.6232876712328768,0.4315068493150685,4.431506849315069,6.20484878920314
t1_k9bplnr,0.9,0.8333333333333334,5.366666666666666,4.681727678869737
t1_gezfcxd,0.821917808219178,0.726027397260274,4.534246575342466,5.737501956021752
t1_e5iazc6,0.6837606837606838,0.5384615384615384,4.641025641025641,6.003201369956033
t1_ienlb4n,0.8125,0.7291666666666666,4.354166666666667,5.093094990837059
t1_f1f19y9,0.7424242424242424,0.6060606060606061,4.621212121212121,5.4099349832838035
t1_dwgh5on,0.8285714285714286,0.7428571428571429,4.942857142857143,4.683293289103912
t1_gfblk4x,0.7796610169491526,0.6610169491525424,4.745762711864407,5.314680761152906
t1_f0z90m4,0.8679245283018868,0.7735849056603774,4.471698113207547,5.435283190330612
t1_hx89p2d,0.7547169811320755,0.5660377358490566,4.0754716981132075,5.185375407352566
t1_hectlvd,0.6907216494845361,0.5567010309278351,4.134020618556701,5.7503909041056085
t1_e1czhlh,0.7164179104477612,0.5522388059701493,5.014925373134329,5.394155608239054
t1_k7f1608,0.7804878048780488,0.6585365853658537,3.902439024390244,4.832923345975963
t1_kcfcp2o,0.8409090909090909,0.7727272727272727,3.977272727272727,5.01602764126623
t1_f1vhax5,0.813953488372093,0.6976744186046512,3.8372093023255816,4.990104580233179
t1_jhl3b85,0.9166666666666666,0.875,5.083333333333333,4.386842188131012
t1_k2koe9v,0.696078431372549,0.5294117647058824,4.676470588235294,5.900161617136528
t1_hclw97k,0.84,0.68,4.16,4.323856189774723
t1_ev68xuj,0.6986301369863014,0.5205479452054794,4.178082191780822,5.473870277969196
t1_ite6et7,0.7804878048780488,0.6829268292682927,4.7560975609756095,4.7817071149976735
t1_kcdp9ut,0.7662337662337663,0.6233766233766234,5.402597402597403,5.713160690265155
t1_gypw45d,0.8620689655172413,0.7241379310344828,5.0344827586206895,4.582118926162054
t1_hqy2014,0.9714285714285714,0.9428571428571428,5.2,5.072140159802107
t1_hwzs5qo,0.7096774193548387,0.5161290322580645,4.548387096774194,5.278804326823532
t1_jt0xbsl,0.8571428571428571,0.7428571428571429,5.628571428571429,4.822000516883151
t1_j8p3qxk,0.6981132075471698,0.5566037735849056,5.330188679245283,5.8602799379037185
t1_gra4zs8,0.7804878048780488,0.6341463414634146,4.2682926829268295,5.851335236272635
t1_i4kbmt7,0.84,0.76,5.3,5.253660689688188
t1_e6ejd31,0.8717948717948718,0.7948717948717948,5.384615384615385,4.9902797828538645
t1_k93qzkh,0.7662337662337663,0.6233766233766234,4.818181818181818,5.70679413187979
t1_k3n9h8b,0.8627450980392157,0.7254901960784313,4.823529411764706,5.39791553804993
t1_hua6u8o,0.8157894736842105,0.6578947368421053,4.2368421052631575,4.859641000228759
t1_darvxk2,0.7142857142857143,0.47619047619047616,3.4761904761904763,3.7849418274376423
t1_i1sosb7,0.7045454545454546,0.5454545454545454,3.909090909090909,5.70341656167161
t1_i172ts2,0.803921568627451,0.6666666666666666,5.176470588235294,5.226251077223196
t1_h6orttf,0.6578947368421053,0.5131578947368421,4.144736842105263,5.2536706343733615
t1_j9f9mbm,0.7088607594936709,0.569620253164557,3.9367088607594938,5.534528850288915
t1_dzwa6qd,0.676923076923077,0.5384615384615384,4.461538461538462,5.087075697344283
t1_gcgt39z,0.8026315789473685,0.6710526315789473,4.276315789473684,5.790626362099334
t1_hcdxpv3,0.8222222222222222,0.6888888888888889,4.311111111111111,5.0918530963296735
t1_gst1qkw,0.8035714285714286,0.6964285714285714,4.625,5.329589073804688
t1_gm0aow5,0.6125,0.4625,4.4375,5.232412351653232
t1_h4tpp5x,0.7032967032967034,0.5494505494505495,4.7032967032967035,5.75763351375375
t1_e4pddq8,0.6363636363636364,0.45454545454545453,4.418181818181818,5.81164798170286
t1_ewr96u8,0.813953488372093,0.6744186046511628,4.348837209302325,5.0076601035393065
t1_g1ky466,0.8157894736842105,0.6710526315789473,4.473684210526316,5.843257941046703
t1_dxccin8,0.8717948717948718,0.7692307692307693,4.435897435897436,5.009635872652928
t1_ios3v8d,0.6818181818181818,0.5113636363636364,4.4772727272727275,5.618078209349713
t1_f1hitvx,0.7285714285714285,0.6,4.514285714285714,5.393429088311727
t1_ea9rcqj,0.7608695652173914,0.5869565217391305,4.086956521739131,4.9854122277491095
t1_gkzkp8m,0.8315789473684211,0.7263157894736842,5.094736842105263,6.175015871443296
t1_gtiahwh,0.7666666666666667,0.6166666666666667,5.1,5.3773166370948955
t1_hn52wjp,0.85,0.725,5.025,5.003055907333277
t1_jn0fxsn,0.7304347826086957,0.5739130434782609,4.3652173913043475,6.18910793394122
t1_ju2j6vx,0.6730769230769231,0.5384615384615384,4.576923076923077,5.708350565355195
t1_gxix3rw,0.8245614035087719,0.7368421052631579,4.754385964912281,5.392198514537303
t1_gk99ztm,0.7254901960784313,0.6078431372549019,4.372549019607843,4.959395381646002
t1_jnsfllc,0.7307692307692307,0.5384615384615384,4.730769230769231,5.676302539319601
t1_e7juhfr,0.5844155844155844,0.38961038961038963,4.51948051948052,5.197452820855457
t1_j9d9jm1,0.9230769230769231,0.8846153846153846,4.038461538461538,4.517559429596342
t1_i0524al,0.8947368421052632,0.8157894736842105,4.526315789473684,5.017535737070865
t1_h00h1p5,0.6973684210526315,0.5526315789473685,4.842105263157895,5.427341619014638
t1_ha7j079,0.6931818181818182,0.5,4.113636363636363,5.72057309581169
t1_it6tjwv,0.8285714285714286,0.6857142857142857,4.514285714285714,4.764857659740294
t1_gmyjkhz,0.7065217391304348,0.532608695652174,4.086956521739131,5.813950950457626
t1_ekwd0nm,0.7704918032786885,0.639344262295082,4.065573770491803,5.381396763721458
t1_ec1us78,0.88,0.8,5.56,4.373660689688184
t1_iykpe2o,0.8269230769230769,0.7307692307692307,4.730769230769231,5.248328660365575
t1_f41vcrw,0.7945205479452054,0.6712328767123288,5.287671232876712,5.698395750922117
t1_iu9at50,0.7457627118644068,0.6101694915254238,5.186440677966102,5.219602109043808
t1_jeepny7,0.6862745098039216,0.5490196078431373,4.450980392156863,4.769697890651738
t1_gu84izq,0.7079646017699115,0.5575221238938053,5.575221238938053,6.0641973521035135
t1_gnpyxlx,0.7464788732394366,0.5633802816901409,4.873239436619718,5.582639196878054
t1_hglympu,0.8928571428571429,0.7857142857142857,4.321428571428571,4.593069207771891
t1_gxwf4o9,0.7916666666666666,0.625,5.347222222222222,5.714996008356712
t1_g8q7psj,0.7719298245614035,0.5789473684210527,4.43859649122807,5.341661943989299
t1_e7eircw,0.8571428571428571,0.7142857142857143,3.942857142857143,4.843568731230678
t1_hgwju1f,0.7411764705882353,0.5647058823529412,5.470588235294118,5.794512553708406
t1_efw0drs,0.759493670886076,0.620253164556962,4.468354430379747,5.72770764685651
t1_hujpo09,0.7692307692307693,0.6153846153846154,4.615384615384615,4.753225616242672
t1_fzo408e,0.9333333333333333,0.8666666666666667,4.833333333333333,4.773557262275186
t1_f3tyaab,0.75,0.6041666666666666,5.052083333333333,5.944235677759421
t1_iv8g2tn,0.6842105263157895,0.5,4.855263157894737,5.415240506665375
t1_iolzmy0,0.7701149425287356,0.6436781609195402,4.045977011494253,5.888177260141938
t1_gei6ev1,0.6891891891891891,0.5472972972972973,4.1891891891891895,6.337874186847253
t1_efwgb9v,0.6956521739130435,0.5362318840579711,4.246376811594203,5.334842167136801
t1_h3cfhxp,0.9032258064516129,0.8064516129032258,4.129032258064516,4.760647923290102
t1_g5h79kj,0.9032258064516129,0.8064516129032258,3.6129032258064515,4.760647923290102
t1_fprw5dw,0.7162162162162162,0.527027027027027,5.013513513513513,5.570477520829708
t1_hf5sueg,0.851063829787234,0.7446808510638298,4.276595744680851,5.22459363881962
t1_e5kvyt4,0.96875,0.9375,4.28125,4.9375
t1_hyg08sp,0.8529411764705882,0.7647058823529411,4.588235294117647,4.73452166477975
t1_gyaqbpc,0.7555555555555555,0.6,4.355555555555555,4.914075318551896
t1_hshro41,0.7794117647058824,0.6323529411764706,4.544117647058823,5.571000848915581
t1_ggfa943,0.9130434782608695,0.8260869565217391,5.130434782608695,4.349648912578752
t1_hh22syv,0.8928571428571429,0.8214285714285714,4.821428571428571,4.5661089398374815
t1_jfzx9us,0.8235294117647058,0.7254901960784313,4.450980392156863,5.250665047769011
t1_gx4i5r2,0.9230769230769231,0.8846153846153846,4.384615384615385,4.517559429596342
t1_kcocdg6,0.7272727272727273,0.5795454545454546,4.5227272727272725,5.770463544965816
t1_idyc484,0.7241379310344828,0.5977011494252874,4.35632183908046,5.72640675530117
t1_iduju8u,0.8333333333333334,0.7129629629629629,4.675925925925926,6.38206655302929
t1_grw98oe,1.0,1.0,5.777777777777778,4.169925001442312
t1_hfx9p98,0.7721518987341772,0.6329113924050633,4.177215189873418,5.768785020246847
t1_hbx8kq2,0.9459459459459459,0.8918918918918919,4.756756756756757,5.101345257520846
t1_hta3drz,0.9074074074074074,0.8148148148148148,4.12962962962963,5.569702316978282
t1_gsjh3ub,0.8452380952380952,0.75,4.773809523809524,6.026187809657767
t1_jo46axs,0.9411764705882353,0.9117647058823529,4.264705882352941,4.947613208833765
t1_grzen4v,0.6638655462184874,0.44537815126050423,5.201680672268908,6.100453687568609
t1_hm1wxte,0.7317073170731707,0.5487804878048781,4.719512195121951,5.734144498779504
t1_fbgtwb5,0.71,0.56,4.98,5.872271034814019
t1_g0mebla,0.8461538461538461,0.7307692307692307,4.846153846153846,4.363713275750189
t1_eyllw4z,0.6020408163265306,0.46938775510204084,4.469387755102041,5.42160256647963
t1_hcitqo9,0.8611111111111112,0.75,4.861111111111111,4.871178126382214
t1_erw2a3z,0.8307692307692308,0.7230769230769231,4.138461538461539,5.61675969031153
t1_esp6lcl,0.8717948717948718,0.7435897435897436,4.846153846153846,5.028991962451991
t1_inri4xt,0.7142857142857143,0.5357142857142857,3.9107142857142856,5.1375375112660535
t1_izf53vf,0.6989247311827957,0.5161290322580645,3.763440860215054,5.822715902687704
t1_jwcn1br,0.7846153846153846,0.6307692307692307,4.7846153846153845,5.53760204373112
t1_f2bgm09,0.88,0.8,4.56,4.373660689688184
t1_ewxivqz,0.68,0.48,4.08,3.8594705707972503
t1_j0ixlz8,0.7714285714285715,0.6571428571428571,4.857142857142857,5.552646902993538
t1_gdb0ixa,0.9230769230769231,0.8461538461538461,5.153846153846154,4.546593564294937
t1_e0n56f5,0.8780487804878049,0.7804878048780488,4.048780487804878,5.095237675297023
t1_k3n9abp,0.8627450980392157,0.7254901960784313,4.823529411764706,5.39791553804993
t1_gldgtxl,0.7209302325581395,0.5348837209302325,3.9302325581395348,4.786502545299145
t1_gxeofnp,0.6285714285714286,0.4,3.9285714285714284,5.252367617155623
t1_fo5ij1z,1.0,1.0,4.666666666666667,4.169925001442312
t1_kbgvmfs,0.8787878787878788,0.8181818181818182,4.787878787878788,4.741363816328152
t1_ekyq4ns,0.8,0.676923076923077,4.230769230769231,5.54360757489363
t1_ikdqo0j,0.7155963302752294,0.5688073394495413,4.412844036697248,6.0618199352384705
t1_cwz4skq,0.8387096774193549,0.7419354838709677,5.032258064516129,4.567099536193328
t1_ergp5sn,0.8387096774193549,0.6774193548387096,5.129032258064516,4.631615665225586
t1_elcq7w6,0.90625,0.84375,5.3125,4.788909765557392
t1_hkryzd8,0.7948717948717948,0.6153846153846154,3.8205128205128207,4.855789718806775
t1_jovhrg2,0.7796610169491526,0.6779661016949152,4.288135593220339,5.286689499213868
t1_dtexkqz,0.8936170212765957,0.7872340425531915,4.297872340425532,5.341822894230832
t1_gqgph45,0.9375,0.875,5.15625,4.875
t1_e16wwap,0.6338028169014085,0.4788732394366197,4.387323943661972,6.087164177009753
t1_iatpyrc,0.8181818181818182,0.6666666666666666,4.090909090909091,4.6578823768686535
t1_hcrq3xt,0.7446808510638298,0.5851063829787234,4.553191489361702,5.943057538322693
t1_g0pqejc,0.7741935483870968,0.6451612903225806,5.064516129032258,4.413716068381603
t1_ipl2bgw,0.8225806451612904,0.7096774193548387,4.564516129032258,5.528961988183644
t1_gxfan4m,0.75,0.5789473684210527,5.328947368421052,5.675430473912972
t1_f1w8qi9,0.8125,0.625,5.34375,4.625
t1_e7vs75x,0.6989247311827957,0.5268817204301075,3.903225806451613,5.8093275962593545
t1_hgl5b6x,0.6727272727272727,0.509090909090909,4.654545454545454,4.923882268820472
t1_gtzfiu5,0.7321428571428571,0.5982142857142857,5.696428571428571,6.108563292535361
t1_fqlnaj3,0.8529411764705882,0.7941176470588235,4.294117647058823,4.6871792978845495
t1_gv7008f,0.8529411764705882,0.7352941176470589,4.5,4.7711426205984715
t1_jhj434n,0.75,0.6428571428571429,4.803571428571429,5.131028083112479
t1_h754ktw,0.9230769230769231,0.8461538461538461,4.653846153846154,4.546593564294937
t1_fzihes8,0.9166666666666666,0.8333333333333334,3.75,4.418295834054489
t1_gri5mvq,0.8043478260869565,0.6956521739130435,4.326086956521739,5.055958151615121
t1_gvebcvk,0.75,0.58,5.1,6.044694720165799
t1_gussob7,0.8222222222222222,0.6888888888888889,4.511111111111111,5.102746985122408
t1_ggf2h4j,0.8412698412698413,0.7142857142857143,5.031746031746032,5.635854923431238
t1_inqo522,0.75,0.6029411764705882,3.676470588235294,5.4755563636850955
t1_jnavpc8,0.8214285714285714,0.7142857142857143,5.142857142857143,4.3962915290459295
t1_e3hqrk2,0.8695652173913043,0.8043478260869565,3.6956521739130435,5.184221945743166
t1_g7dp5dp,0.4897959183673469,0.29591836734693877,3.4591836734693877,5.076199570276104
t1_f3y9jqa,0.8055555555555556,0.6388888888888888,4.777777777777778,4.760067015271103
t1_gzaw7sm,0.72,0.56,5.1,4.915728750643392
t1_eqqnc2u,0.8095238095238095,0.6666666666666666,6.095238095238095,4.963745994207333
t1_hul5v3e,0.6847826086956522,0.5217391304347826,4.119565217391305,5.72194667386295
t1_dtpnrcq,0.7307692307692307,0.5961538461538461,3.75,5.003042362247047
t1_fdlt3z6,0.7058823529411765,0.5176470588235295,4.541176470588235,5.703812483772563
t1_hobkp4f,0.8958333333333334,0.7916666666666666,4.5625,5.376629167387826
t1_h5u6f3x,0.8484848484848485,0.7575757575757576,4.787878787878788,4.695613058621276
t1_gwcyj9j,0.6076923076923076,0.4,4.3,6.0211756751944465
t1_hhrjmhi,0.6627906976744186,0.43023255813953487,4.290697674418604,5.667146004526002
t1_hlbp1yr,0.73,0.57,5.23,5.992662034987098
t1_ifscexz,0.8245614035087719,0.7017543859649122,4.0701754385964914,5.433681461495204
t1_e1m9gsi,0.875,0.7916666666666666,4.375,5.293295834054492
t1_h0eprkq,0.74,0.62,4.34,4.958562939644918
t1_dytohsf,0.8507462686567164,0.746268656716418,4.895522388059701,5.726464003858313
t1_dd4b4rr,0.7555555555555555,0.5777777777777777,4.044444444444444,4.941744485170486
t1_dt39c64,0.6703296703296703,0.4725274725274725,5.065934065934066,5.701376200800303
t1_gvq0zrl,0.717391304347826,0.5543478260869565,4.065217391304348,5.852100678765527
t1_dw4knu8,0.9666666666666667,0.9333333333333333,4.333333333333333,4.840223928941852
t1_jkzy69d,0.6455696202531646,0.46835443037974683,4.569620253164557,5.3893651664362485
t1_gny21qm,0.8653846153846154,0.7692307692307693,4.9423076923076925,5.392747410448787
t1_f2ggdwc,0.7555555555555555,0.6222222222222222,4.488888888888889,4.908193929518776
t1_g074n2j,0.8,0.64,4.34,5.213660689688187
t1_f6p2ig0,0.896551724137931,0.8620689655172413,4.793103448275862,4.582118926162055
t1_fxlo8oq,0.6595744680851063,0.4787234042553192,4.372340425531915,5.692508400191915
t1_ix3m10u,0.6218487394957983,0.42016806722689076,4.773109243697479,5.932603532517877
t1_gvjs8go,0.7452830188679245,0.5943396226415094,4.650943396226415,6.12283587449321
t1_hq539wo,0.7857142857142857,0.6071428571428571,4.642857142857143,4.351823225551767
t1_e6ia8gj,0.6666666666666666,0.5104166666666666,5.03125,5.663051110470972
t1_gxifawr,0.7951807228915663,0.6867469879518072,4.975903614457831,5.880827985459534
t1_fbmzdg4,0.8518518518518519,0.7037037037037037,4.111111111111111,4.458591205867173
t1_emnnyde,0.8392857142857143,0.6785714285714286,4.589285714285714,5.485926350629037
t1_ecazut8,0.8292682926829268,0.7073170731707317,4.365853658536586,4.967308102179057
t1_fbtntoi,0.7631578947368421,0.631578947368421,4.657894736842105,4.681880802803405
t1_kbw1isa,0.7142857142857143,0.6122448979591837,4.918367346938775,4.833798364390915
t1_i2r696b,0.7204301075268817,0.6021505376344086,4.956989247311828,5.779705149999532
t1_jnkwca9,0.8857142857142857,0.8285714285714286,5.228571428571429,4.843568731230678
t1_irg6dur,0.8125,0.6875,3.875,5.152569011092754
t1_g3sq3yh,0.8787878787878788,0.7878787878787878,3.696969696969697,4.779094498080775
t1_eylkz22,0.6020408163265306,0.46938775510204084,4.469387755102041,5.42160256647963
t1_ivhjr4i,0.7833333333333333,0.6666666666666666,4.616666666666666,5.356564762130953
t1_i8ky0ff,1.0,1.0,7.230769230769231,3.7004397181410926
t1_e9mgm6k,0.9047619047619048,0.8095238095238095,4.285714285714286,4.201841232302569
t1_fbd2ekd,0.7714285714285715,0.6285714285714286,4.257142857142857,4.607435516759525
t1_eludjjw,0.868421052631579,0.7631578947368421,4.552631578947368,5.964904158123499
t1_jdynnh4,0.6538461538461539,0.4519230769230769,4.423076923076923,5.841937674726248
t1_elg51r9,0.875,0.775,5.125,5.053055907333276
t1_f3zdnhe,0.9615384615384616,0.9230769230769231,4.538461538461538,4.623516641218013
t1_fe1g8qr,0.7708333333333334,0.5833333333333334,5.1875,5.095175521464347
t1_hsm4zo8,1.0,1.0,4.68,4.643856189774723
t1_hugie6o,0.7454545454545455,0.5636363636363636,4.963636363636364,5.2084547134459855
t1_gdrrqap,0.7540983606557377,0.5573770491803278,4.540983606557377,5.393771968674956
t1_kfjfxwk,0.8333333333333334,0.7083333333333334,4.625,5.20996250072116
t1_ibgivc4,0.8604651162790697,0.7441860465116279,4.348837209302325,5.12963946395411
t1_gugb4sf,0.7346938775510204,0.5510204081632653,4.408163265306122,5.022474129652884
t1_et6hm26,0.7450980392156863,0.6274509803921569,4.1568627450980395,5.000569214393256
t1_gyezodr,0.8275862068965517,0.7126436781609196,4.954022988505747,6.039272053564084
t1_gdspq6i,0.7894736842105263,0.631578947368421,4.719298245614035,5.372106461419293
t1_fnwtf78,0.9230769230769231,0.8461538461538461,4.1923076923076925,4.546593564294937
t1_iq83djh,0.7157894736842105,0.5263157894736842,4.347368421052631,5.910600971666835
t1_hi4dr1r,0.9310344827586207,0.8620689655172413,4.724137931034483,4.720049960644813
t1_gbx05sn,0.7285714285714285,0.5714285714285714,5.785714285714286,5.493149802473815
t1_gxd9muv,0.7567567567567568,0.6486486486486487,4.45945945945946,5.577979636531649
t1_etw8esi,0.8461538461538461,0.6923076923076923,4.5576923076923075,5.392747410448785
t1_hx89qpm,0.7547169811320755,0.5660377358490566,4.0754716981132075,5.185375407352566
t1_gvlto90,0.7580645161290323,0.5645161290322581,4.612903225806452,5.425891673255204
t1_k8bth4z,0.9230769230769231,0.8846153846153846,4.923076923076923,4.517559429596342
t1_e14hdy5,0.7777777777777778,0.6,3.7333333333333334,5.013858096233521
t1_f9fbjxh,0.9714285714285714,0.9428571428571428,5.4,5.072140159802107
t1_ec5aue2,0.7,0.475,4.8,4.653055907333276
t1_fmasfug,0.8285714285714286,0.6857142857142857,4.628571428571429,4.764857659740294
t1_gbqt43d,0.8846153846153846,0.7692307692307693,4.6923076923076925,4.46967048737186
t1_fxyglgx,0.96,0.92,5.8,4.5638561897747225
t1_fq9b004,0.7894736842105263,0.6842105263157895,4.052631578947368,4.712018882480422
t1_kdc02kl,0.8055555555555556,0.6666666666666666,5.916666666666667,4.739097917988785
t1_h5s2rnc,0.7142857142857143,0.5357142857142857,4.642857142857143,4.107010619399147
t1_ermfx98,0.7169811320754716,0.5660377358490566,4.7924528301886795,5.993257218894063
t1_dx4ps3s,0.7878787878787878,0.696969696969697,4.515151515151516,5.462479392743813
t1_grjb2th,0.6906474820143885,0.5467625899280576,4.669064748201439,6.3031130841173475
t1_f78bbnt,0.8958333333333334,0.8125,5.4375,5.360902344426088
t1_h5qrzfg,0.75,0.5694444444444444,3.9583333333333335,5.610693577741061
t1_dxnm7cy,0.8421052631578947,0.7105263157894737,4.815789473684211,4.912272579176127
t1_j6zgga6,0.9259259259259259,0.8518518518518519,5.111111111111111,4.606739354015322
t1_hbkwj3z,0.868421052631579,0.7894736842105263,5.421052631578948,4.932138039759377
t1_di84xbb,0.9032258064516129,0.8064516129032258,4.774193548387097,4.760647923290102
t1_exvv9vf,0.8275862068965517,0.6551724137931034,4.620689655172414,4.513153408920675
t1_gvq7kap,0.8620689655172413,0.7586206896551724,5.189655172413793,5.556088322639176
t1_gx27f7r,0.7536231884057971,0.6231884057971014,5.27536231884058,5.4720585587942
t1_ivg3ztl,0.7,0.5166666666666667,4.05,5.188233670962456
t1_fn90sjq,0.75,0.5714285714285714,4.357142857142857,4.235926350629033
t1_fo0a1ca,0.8421052631578947,0.7368421052631579,4.2368421052631575,4.892407118592878
t1_e4ct5ae,0.7283950617283951,0.5555555555555556,4.432098765432099,5.705478669733332
t1_etuci3t,0.8378378378378378,0.7297297297297297,4.378378378378378,4.831074987250574
t1_jdn941e,0.7625,0.55,4.5375,5.8280559073332725
t1_ewp4vwy,0.7739130434782608,0.6782608695652174,4.48695652173913,6.202236412239715
t1_g6opweo,0.7837837837837838,0.6486486486486487,4.95945945945946,5.682162149295793
t1_j5cll1c,0.6818181818181818,0.5151515151515151,4.606060606060606,5.147132286799767
t1_egbvl95,0.7894736842105263,0.6842105263157895,4.394736842105263,4.734512381750773
t1_go8j48a,0.684931506849315,0.4657534246575342,3.958904109589041,5.453188428594853
t1_i6lhzki,0.7954545454545454,0.6704545454545454,5.090909090909091,5.975008999511274
t1_gtader8,0.7368421052631579,0.5964912280701754,4.87719298245614,6.184869812577667
t1_etzv9gc,0.6597938144329897,0.5257731958762887,4.597938144329897,5.6666208317440345
t1_h1g7g4t,0.9523809523809523,0.9047619047619048,5.714285714285714,4.297079327540665
t1_i8g58mr,0.9354838709677419,0.8709677419354839,5.032258064516129,4.825164052322361
t1_h393hlr,0.7021276595744681,0.5,3.8404255319148937,5.8761373887965975
t1_e0crm5m,0.8653846153846154,0.7884615384615384,4.423076923076923,5.378230343099489
t1_e62t8x5,0.86,0.76,5.26,5.323856189774727
t1_e9mhtja,0.8571428571428571,0.7857142857142857,4.476190476190476,5.041010577489155
t1_ewtqbr3,0.75,0.5625,5.5,3.452819531114783
t1_hlr572t,0.6951219512195121,0.5121951219512195,4.341463414634147,5.6497581019679926
t1_gxmfe9r,0.6153846153846154,0.4307692307692308,4.923076923076923,4.960925990571672
t1_ewk8crg,0.8048780487804879,0.6585365853658537,4.414634146341464,4.930484321585717
t1_ih15q9c,0.8947368421052632,0.8070175438596491,4.754385964912281,5.6091200579864315
t1_j49ap25,0.7727272727272727,0.6590909090909091,3.8181818181818183,4.877394335127368
t1_e3vj5fi,0.7931034482758621,0.6896551724137931,5.0,5.314709012294349
t1_jps3i60,0.9487179487179487,0.9230769230769231,4.128205128205129,5.163482026499081
t1_fcv2or9,0.6710526315789473,0.5,3.710526315789474,5.413926487321824
t1_emgr2b2,0.7101449275362319,0.5507246376811594,4.057971014492754,5.374768072965257
t1_e08rzok,0.8166666666666667,0.6833333333333333,4.55,5.502479553833677
t1_hebj7rz,0.7733333333333333,0.6266666666666667,4.266666666666667,5.681891357047167
t1_g4ckcgs,0.6896551724137931,0.5,4.551724137931035,6.10889605556221
t1_ee7dohn,0.9642857142857143,0.9285714285714286,5.464285714285714,4.735926350629034
t1_gzq96bv,0.7123287671232876,0.4931506849315068,5.219178082191781,5.562777469690742
t1_hbqpseb,0.7203389830508474,0.5847457627118644,4.771186440677966,6.142946333131799
t1_gxydpzb,0.90625,0.84375,4.59375,4.788909765557392
t1_h1011en,0.7402597402597403,0.6233766233766234,3.948051948051948,5.598163898417448
t1_ih6a7nz,0.652542372881356,0.5084745762711864,4.593220338983051,5.907788655488965
t1_ds5z8j9,0.7142857142857143,0.6,4.114285714285714,5.948496679628897
t1_doj7s7m,0.6666666666666666,0.5208333333333334,4.479166666666667,4.662782031835941
t1_g0oousw,0.825,0.7,4.25,4.93418371977919
t1_kcazwmx,0.8372093023255814,0.7209302325581395,4.651162790697675,5.054171731446283
t1_hnuaziw,0.6931818181818182,0.5227272727272727,4.7727272727272725,5.6937034597139595
t1_dv0zbe7,0.9285714285714286,0.8571428571428571,5.464285714285714,4.664497779200462
t1_k1kct8n,0.7555555555555555,0.6222222222222222,4.311111111111111,5.85285559628159
t1_ey2s53w,0.9523809523809523,0.9047619047619048,6.476190476190476,4.297079327540665
t1_esjt3yz,0.6777777777777778,0.5,4.488888888888889,5.692140113540366
t1_dxbnu39,0.8620689655172413,0.7241379310344828,4.586206896551724,4.582118926162054
t1_j4nk5wn,1.0,1.0,4.275862068965517,4.857980995127571
t1_hdsotgi,0.8378378378378378,0.7027027027027027,4.945945945945946,4.8647266763812915
t1_jgy8ud5,0.75,0.5892857142857143,3.8392857142857144,5.22244621666183
t1_guaxxa3,0.6629213483146067,0.4943820224719101,4.550561797752809,5.562717914492455
t1_h0epsj5,0.74,0.62,4.34,4.958562939644918
t1_k7whnlu,0.7142857142857143,0.5510204081632653,4.571428571428571,4.89594900842391
t1_h12ynpk,0.7916666666666666,0.6666666666666666,4.645833333333333,5.07736816787532
t1_dfe7sz8,0.85,0.725,5.05,5.996928094887358
t1_j3ihm9g,0.7857142857142857,0.6964285714285714,4.642857142857143,5.215936788508255
t1_frop3ul,0.7023809523809523,0.5476190476190477,4.273809523809524,5.602986916543068
t1_fae60ew,0.8611111111111112,0.75,5.277777777777778,4.871178126382214
t1_k2u1o8d,0.9148936170212766,0.851063829787234,5.829787234042553,5.368314649503949
t1_fmh0fob,0.9354838709677419,0.8709677419354839,4.612903225806452,4.825164052322361
t1_jkgttbs,0.693069306930693,0.5148514851485149,4.811881188118812,5.919308606681581
t1_hf6tel4,0.94,0.88,4.66,5.523856189774728
t1_etlvzjk,0.7884615384615384,0.5961538461538461,4.730769230769231,5.262845727714874
t1_k9ctynf,0.734375,0.578125,4.4375,5.357509133144317
t1_i7c8sxa,0.9615384615384616,0.9230769230769231,4.769230769230769,4.623516641218013
t1_ic5ew02,0.7752808988764045,0.6292134831460674,5.044943820224719,5.955905762354154
t1_e6ndq3c,0.6666666666666666,0.5,4.0,5.70444869850261
t1_hexc8kn,0.8627450980392157,0.7647058823529411,4.352941176470588,5.36831210659254
t1_h4w3u1k,0.8666666666666667,0.7666666666666667,4.4,4.61506101220307
t1_j9q5dby,0.7241379310344828,0.5517241379310345,4.413793103448276,4.21126073643228
t1_inoqwei,0.8974358974358975,0.7948717948717948,4.153846153846154,5.0802740137340425
t1_k1kdrvp,0.7555555555555555,0.6222222222222222,4.311111111111111,5.85285559628159
t1_h4n3x6x,0.7246376811594203,0.5652173913043478,4.028985507246377,5.456067210275936
t1_epp1dhn,0.5573770491803278,0.38524590163934425,3.622950819672131,5.636136360068776
t1_kfff2vu,0.6615384615384615,0.4461538461538462,5.030769230769231,5.192888629014706
t1_f3h7vq0,0.9545454545454546,0.9090909090909091,4.181818181818182,5.368522527728204
t1_e0yv09k,0.6956521739130435,0.5507246376811594,4.536231884057971,5.2807068411439095
t1_kcdsey5,0.7307692307692307,0.5769230769230769,5.423076923076923,6.028169074286352
t1_gibvp8y,0.7761194029850746,0.6268656716417911,4.253731343283582,5.541918810177713
t1_hk1dg11,0.6232876712328768,0.4657534246575342,4.972602739726027,6.13896207966618
t1_dycbyi1,0.7636363636363637,0.6181818181818182,4.418181818181818,5.215552159365316
t1_e63vihu,0.7681159420289855,0.6231884057971014,4.681159420289855,5.564904529179225
t1_jp5e861,0.7837837837837838,0.6486486486486487,4.27027027027027,4.679463082536065
t1_gb06koo,0.675,0.5125,4.1,5.509506614141222
t1_ecam2h5,0.7317073170731707,0.5487804878048781,4.109756097560975,5.7201780716121045
t1_fc9j4j1,0.7857142857142857,0.625,4.0,5.329589073804689
t1_e6nu9b2,0.8333333333333334,0.7083333333333334,4.208333333333333,4.220175521464345
t1_f17da3j,0.7333333333333333,0.5333333333333333,5.133333333333334,4.323231428797621
t1_i16eqz0,0.7321428571428571,0.5535714285714286,3.607142857142857,5.19548594872742
t1_hf8di3h,0.6949152542372882,0.559322033898305,4.38135593220339,6.0034175751088314
t1_jzkelf0,0.8620689655172413,0.7241379310344828,3.9655172413793105,4.582118926162054
t1_ezu00o0,0.7906976744186046,0.627906976744186,3.7209302325581395,4.9611484756323305
t1_dwbtij8,0.82,0.7,4.18,5.2287584397314575
t1_ezalvez,0.9473684210526315,0.8947368421052632,4.473684210526316,4.142664355548846
t1_e7jy268,0.8333333333333334,0.7333333333333333,4.2,4.506890595608519
t1_dv5otx8,0.8648648648648649,0.7297297297297297,4.5675675675675675,4.939183095358683
t1_dt90dw3,0.8387096774193549,0.7419354838709677,4.596774193548387,5.567099536193325
t1_h0q0yr5,0.7394957983193278,0.5966386554621849,4.453781512605042,6.230787931302449
t1_hejvrjq,0.8571428571428571,0.75,4.035714285714286,4.494680368408909
t1_gjgo1zb,0.7213114754098361,0.5409836065573771,3.639344262295082,5.291072583322657
t1_ik7t5bu,0.8846153846153846,0.7692307692307693,5.1923076923076925,4.46967048737186
t1_hi4e3fm,0.9310344827586207,0.8620689655172413,4.724137931034483,4.720049960644813
t1_k85gvsz,0.6956521739130435,0.5,4.630434782608695,5.754062091714941
t1_gf7ah4n,1.0,1.0,5.6923076923076925,4.70043971814109
t1_fd6xmaj,0.8846153846153846,0.7692307692307693,4.384615384615385,4.46967048737186
t1_fafmsv2,0.7372262773722628,0.5766423357664233,4.54014598540146,6.453647594365669
t1_gt3fih1,0.7727272727272727,0.6060606060606061,5.378787878787879,5.536670255656536
t1_gveb47r,0.9473684210526315,0.8947368421052632,5.7894736842105265,4.142664355548846
t1_fg34xpj,0.8269230769230769,0.7115384615384616,5.038461538461538,5.301307266176411
t1_f1hmhs0,0.7894736842105263,0.6052631578947368,4.4868421052631575,5.807009421281394
t1_fkhd4w1,0.6776859504132231,0.5454545454545454,4.619834710743802,6.027207738002446
t1_gvsk6mc,0.7758620689655172,0.6551724137931034,5.293103448275862,5.264767685531594
t1_dxlp6c9,0.9629629629629629,0.9259259259259259,4.481481481481482,4.680813428089397
t1_gcqpisj,0.8222222222222222,0.7111111111111111,4.177777777777778,5.075077818503819
t1_dsv14tj,0.8888888888888888,0.8055555555555556,3.9444444444444446,4.926733681937769
t1_fo7nsed,0.8055555555555556,0.6388888888888888,4.25,4.760067015271103
t1_e5fkcwz,0.7692307692307693,0.6153846153846154,4.846153846153846,4.765795487926597
t1_eyvcgjd,1.0,1.0,5.3125,5.0
t1_joi7xxk,0.7317073170731707,0.6097560975609756,4.7073170731707314,4.665734249091247
t1_ec1qosp,0.8461538461538461,0.7307692307692307,4.1923076923076925,4.363713275750188
t1_dt5u79a,0.8888888888888888,0.7777777777777778,4.916666666666667,4.947702779220088
t1_e5h8rtr,0.92,0.84,4.6,4.483856189774723
t1_grzkwj5,0.6299212598425197,0.4409448818897638,4.9921259842519685,5.987436533259784
t1_gujyiuq,0.5789473684210527,0.39849624060150374,5.616541353383458,5.770682105197126
t1_jmloy9v,0.6981132075471698,0.5471698113207547,4.679245283018868,4.959447700729224
t1_e6ob7uf,0.864406779661017,0.7627118644067796,4.372881355932203,5.577558303599125
t1_hmfts82,0.7155963302752294,0.5504587155963303,4.385321100917431,6.088010329479511
t1_f7qr3wp,0.8,0.7142857142857143,4.285714285714286,4.629003731107051
t1_f7eeq9z,0.6571428571428571,0.49523809523809526,4.285714285714286,5.82511936113001
t1_joqui1t,0.9142857142857143,0.8571428571428571,4.314285714285714,4.9362862311688644
t1_f3oksw3,0.8181818181818182,0.696969696969697,4.515151515151516,4.635006998015215
t1_idpij56,0.6752136752136753,0.5213675213675214,4.299145299145299,5.9644657376856145
t1_h09y0k2,0.875,0.8125,4.8125,4.6875
t1_gnqx5wt,0.7733333333333333,0.64,4.8,5.680559817445704
t1_fpnt9n4,0.6464646464646465,0.4444444444444444,4.414141414141414,5.784419847435732
t1_k8pdb8a,0.9230769230769231,0.8846153846153846,4.8076923076923075,4.517559429596342
t1_fag0j3m,0.6951219512195121,0.5,4.609756097560975,5.64700733990479
t1_gbe2sc1,0.868421052631579,0.7368421052631579,4.657894736842105,4.984769618706745
t1_j467cj6,0.7682926829268293,0.6585365853658537,4.634146341463414,5.773719041436046
t1_gjaos23,0.7746478873239436,0.6197183098591549,4.394366197183099,5.638977225047068
t1_gsj4uzx,1.0,1.0,4.409090909090909,4.459431618637295
t1_kbuh3es,0.868421052631579,0.7631578947368421,5.105263157894737,4.964904158123496
t1_jxmb30r,0.8571428571428571,0.7619047619047619,4.190476190476191,5.07065611315193
t1_gnq55t9,0.7647058823529411,0.6176470588235294,4.970588235294118,5.493251488947892
t1_eucppte,0.78125,0.671875,4.484375,5.4379036179525455
t1_i4qartn,0.6923076923076923,0.5604395604395604,4.274725274725275,5.647107619127707
t1_g498f3s,0.6190476190476191,0.4603174603174603,4.404761904761905,5.925869908301072
t1_i0rkt48,0.7659574468085106,0.6170212765957447,5.148936170212766,5.011827681372811
t1_e4qb6q8,0.835820895522388,0.746268656716418,4.850746268656716,5.623529720989064
t1_hdsm0j5,0.7857142857142857,0.6666666666666666,4.9523809523809526,4.859828661431136
t1_gqyi5cr,0.7954545454545454,0.6136363636363636,3.8863636363636362,5.033184175406308
t1_d04d0p0,0.7857142857142857,0.6428571428571429,4.1571428571428575,5.620573867310157
t1_ekirngn,0.864406779661017,0.7966101694915254,5.322033898305085,5.551968896746127
t1_jbc6bd9,0.7246376811594203,0.5797101449275363,4.173913043478261,5.383654711401303
t1_i4vc2n9,0.8545454545454545,0.7090909090909091,4.0,5.490450622615566
t1_e8xawsr,0.8787878787878788,0.7575757575757576,3.9696969696969697,4.801969876934213
t1_hgxhd41,0.8085106382978723,0.723404255319149,4.468085106382978,5.0626863946826655
t1_dxdbesq,0.7538461538461538,0.6,4.676923076923077,5.422067043664551
t1_eyogxio,0.9259259259259259,0.8518518518518519,5.0,4.606739354015323
t1_iai3vcu,0.8409090909090909,0.7045454545454546,4.75,5.1240932663154
t1_gsc4lb1,0.7352941176470589,0.5588235294117647,4.985294117647059,5.4770249735396535
t1_fmslxpo,0.7857142857142857,0.6428571428571429,3.6785714285714284,5.2803946541231985
t1_g7h9ia8,0.8529411764705882,0.7647058823529411,4.4411764705882355,4.73452166477975
t1_en9hms5,0.8235294117647058,0.7058823529411765,5.117647058823529,4.690116517593664
t1_e2ygu1x,0.8292682926829268,0.7317073170731707,4.121951219512195,4.928048578412306
t1_d7v7vie,0.72,0.62,5.01,5.816565630242729
t1_havvhok,0.8888888888888888,0.7777777777777778,3.4814814814814814,4.532665279941249
t1_e964bla,0.8604651162790697,0.7906976744186046,4.325581395348837,5.063249859947753
t1_i61suxa,0.9,0.8333333333333334,4.566666666666666,4.681727678869737
t1_f5uzmqh,0.875,0.7777777777777778,4.722222222222222,5.8989559041599975
t1_gld9uob,0.8048780487804879,0.6341463414634146,4.487804878048781,4.948896211882388
t1_f4k1n4y,0.7052631578947368,0.5368421052631579,4.442105263157894,5.8515521245675
t1_gzykva6,0.7349397590361446,0.5542168674698795,4.469879518072289,5.753236534064558
t1_gv1f0u3,0.704225352112676,0.5352112676056338,5.28169014084507,5.407901563686973
t1_epf26u6,0.75,0.625,4.75,4.938721875540868
t1_ix34bxa,0.8181818181818182,0.6363636363636364,3.8181818181818183,4.680757755722092
t1_ffzsmk1,0.9090909090909091,0.8484848484848485,4.7272727272727275,4.839700558686836
t1_eatrqrc,0.8133333333333334,0.6933333333333334,4.426666666666667,5.792086857133708
t1_is5xyvz,0.765625,0.625,4.15625,5.452819531114784
t1_jz3f48q,0.8409090909090909,0.75,4.454545454545454,5.078638720860854
t1_dqfazwe,0.6416666666666667,0.475,4.675,5.9414866670088236
t1_diebn5n,0.75,0.5961538461538461,4.211538461538462,5.10899957386872
t1_dyzrrkg,1.0,1.0,4.782608695652174,4.523561956057013
t1_f21b6dm,0.9285714285714286,0.8571428571428571,3.7857142857142856,4.664497779200463
t1_ea0zrmq,0.9666666666666667,0.9333333333333333,5.866666666666666,4.840223928941852
t1_fb1hfiu,0.7846153846153846,0.6,4.153846153846154,5.5683712745003495
t1_if234mc,0.6604938271604939,0.48148148148148145,4.302469135802469,6.473420256373697
t1_e0jv09g,0.8048780487804879,0.7073170731707317,4.439024390243903,4.832923345975962
t1_ebaffwk,0.7575757575757576,0.5757575757575758,4.651515151515151,5.5063672253535065
t1_ir6lwme,0.8541666666666666,0.7708333333333334,4.895833333333333,5.246115365169276
t1_iok3zl7,0.7254901960784313,0.5686274509803921,3.9607843137254903,5.008223322737632
t1_fzzs7c6,0.7846153846153846,0.6615384615384615,4.8307692307692305,5.483605505203013
t1_g5l4pkb,0.9210526315789473,0.8421052631578947,4.5,5.090032776601483
t1_j8jbb8i,0.8,0.6888888888888889,4.911111111111111,6.013858096233511
t1_f7zjbj2,0.8095238095238095,0.6428571428571429,4.095238095238095,4.993391529870108
t1_k0y3o9w,0.691358024691358,0.48148148148148145,4.3580246913580245,5.594092324408488
t1_hgqq5ml,0.8214285714285714,0.6964285714285714,4.535714285714286,5.409771663013137
t1_fv369q4,0.8928571428571429,0.7857142857142857,5.5,4.593069207771891
t1_gu8owot,0.8043478260869565,0.6956521739130435,4.956521739130435,5.066615216738448
t1_hfpa1dl,0.7064220183486238,0.5504587155963303,4.348623853211009,6.024738797807586
t1_d4132ch,0.6119402985074627,0.4626865671641791,4.425373134328358,5.940641429633338
t1_fkhdbl1,0.6842105263157895,0.543859649122807,4.657894736842105,5.970778830502522
t1_h6vaerj,0.9032258064516129,0.8064516129032258,3.935483870967742,4.760647923290102
t1_jx5k828,0.8,0.6,4.266666666666667,4.506890595608518
t1_kc4imvp,0.6434108527131783,0.43410852713178294,4.3565891472868215,6.1175511894143755
t1_g3zhiwj,0.6533333333333333,0.4666666666666667,4.306666666666667,5.323827984083522
t1_dyo8qrm,0.6754385964912281,0.5350877192982456,4.114035087719298,5.936567124099976
t1_i27a5vm,0.7564102564102564,0.6025641025641025,4.628205128205129,5.706948174262719
t1_ellqsv7,0.7954545454545454,0.7045454545454546,4.9772727272727275,4.9339903577563025
t1_ecqggdj,0.8285714285714286,0.7571428571428571,4.557142857142857,5.6561485101054885
t1_e244e7c,0.8974358974358975,0.8461538461538461,4.717948717948718,5.0289919624519905
t1_dzz28sn,0.7064220183486238,0.5596330275229358,4.862385321100917,6.017043930456486
t1_hfpadca,0.7064220183486238,0.5504587155963303,4.348623853211009,6.024738797807586
t1_jpv0rmr,0.8620689655172413,0.7241379310344828,4.724137931034483,4.582118926162054
t1_f5lbv48,0.7058823529411765,0.5764705882352941,4.129411764705883,5.600813807276522
t1_k055t3y,0.5691056910569106,0.3821138211382114,4.276422764227642,5.768501269616405
t1_jh1rx92,0.9166666666666666,0.8333333333333334,3.8055555555555554,5.003258334775643
t1_evhmgeg,0.5524475524475524,0.36363636363636365,4.328671328671328,5.916469502003398
t1_g1bnpt9,0.7777777777777778,0.6388888888888888,4.972222222222222,5.627986806877678
t1_dvx4jq1,0.7903225806451613,0.6451612903225806,4.741935483870968,5.47032534264494
t1_e87k9bo,0.6612903225806451,0.45161290322580644,3.7419354838709675,5.149772068759015
t1_kec4nix,0.8958333333333334,0.7916666666666666,4.520833333333333,5.376629167387827
t1_hpe8lgy,0.9428571428571428,0.8857142857142857,4.828571428571428,5.01499730265925
t1_hfcpljf,0.6744186046511628,0.4883720930232558,4.511627906976744,4.646967661578215
t1_h8v507t,0.95,0.9,5.15,4.221928094887362
t1_hpa1oyn,0.88,0.76,4.44,4.403856189774723
t1_f8pldfo,0.6153846153846154,0.47692307692307695,4.661538461538462,4.910002235739254
t1_f0qna2o,0.9473684210526315,0.8947368421052632,4.868421052631579,5.142664355548852
t1_kbx7thu,0.7796610169491526,0.6440677966101694,4.576271186440678,5.3551953293827905
t1_i052bsi,0.8947368421052632,0.8157894736842105,4.526315789473684,5.017535737070865
t1_i03ho2k,0.8113207547169812,0.6792452830188679,4.245283018867925,5.298582954522376
t1_cp0b35p,0.75,0.6,3.8875,5.7153115322250985
t1_e60zb6j,0.8076923076923077,0.6538461538461539,5.384615384615385,4.286790198827111
t1_e23rtmj,0.8936170212765957,0.8085106382978723,4.574468085106383,5.325761458014587
t1_icaef4b,0.8103448275862069,0.6896551724137931,4.775862068965517,5.418157288156416
t1_eyhpcg2,0.9166666666666666,0.8333333333333334,5.375,4.418295834054489
t1_geohdws,0.75,0.6111111111111112,4.444444444444445,4.572431251322118
t1_ei9skns,0.8214285714285714,0.6785714285714286,4.303571428571429,5.414497779200465
t1_hwmzqh3,0.7428571428571429,0.5714285714285714,3.9,5.514718016821343
t1_eg3z4ln,0.9,0.8,4.4,4.1219280948873624
t1_fliybvm,0.8717948717948718,0.7692307692307693,4.794871794871795,5.009635872652927
t1_h6r168z,0.7901234567901234,0.6419753086419753,4.987654320987654,5.856894256233212
t1_f7elmp1,0.8571428571428571,0.7857142857142857,3.9642857142857144,4.450212064914748
t1_e6fzelv,0.8611111111111112,0.7222222222222222,5.0,4.892147223664533
t1_gszeo44,0.6592592592592592,0.4666666666666667,4.718518518518518,6.23638513848491
t1_g8q6z1f,0.9512195121951219,0.926829268292683,4.439024390243903,5.241579138711655
t1_i8i5vpz,0.8113207547169812,0.660377358490566,5.886792452830188,5.322075643160802
t1_ezpc6zp,0.8846153846153846,0.8076923076923077,4.115384615384615,4.440636352673264
t1_j5qa87g,0.8627450980392157,0.7647058823529411,4.509803921568627,5.36831210659254
t1_d6a1oub,0.8095238095238095,0.6428571428571429,4.666666666666667,4.993391529870108
t1_e15atoh,0.7830188679245284,0.6226415094339622,4.566037735849057,6.246603945047585
t1_iar69nc,0.8235294117647058,0.6470588235294118,4.0,4.73452166477975
t1_g3qgulc,0.8035714285714286,0.6607142857142857,4.821428571428571,5.3653033595189745
t1_gklwo1a,0.6875,0.5416666666666666,5.229166666666667,5.7529385113365
t1_is5cj2w,0.7906976744186046,0.627906976744186,4.744186046511628,4.972549056927052
t1_fax8y0n,0.7916666666666666,0.6666666666666666,5.104166666666667,5.053508854797681
t1_dam0h7s,0.8108108108108109,0.6486486486486487,4.135135135135135,4.810672622327237
t1_h8ib0fz,0.9615384615384616,0.9230769230769231,4.461538461538462,4.623516641218013
t1_evmsi5e,0.8571428571428571,0.7142857142857143,4.690476190476191,5.106603137064476
t1_fssx3ha,0.8,0.6857142857142857,5.057142857142857,4.65057194545458
t1_jw0q45y,0.75,0.631578947368421,5.473684210526316,5.564820316589726
t1_heaw3yi,0.7733333333333333,0.6266666666666667,4.266666666666667,5.681891357047167
t1_e7k7x3d,0.896551724137931,0.7931034482758621,4.103448275862069,4.651084443403434
t1_e9980mh,0.8421052631578947,0.7368421052631579,5.184210526315789,4.892407118592879
t1_kfgt3z1,0.7692307692307693,0.6410256410256411,4.17948717948718,4.711952783564804
t1_gxq4985,0.6608695652173913,0.5304347826086957,6.017391304347826,5.9005483944191806
t1_jh7fftp,0.7638888888888888,0.6388888888888888,4.083333333333333,5.5599785158743495
t1_dy10ac0,0.9069767441860465,0.8372093023255814,5.046511627906977,5.2226627197680635
t1_i1bgv3m,0.7777777777777778,0.6296296296296297,4.37037037037037,4.236368983644952
t1_gzy7yec,0.8072289156626506,0.6626506024096386,4.771084337349397,5.9369125882553595
t1_gxljgej,0.868421052631579,0.7894736842105263,4.657894736842105,4.932138039759377
t1_k6gn3xk,0.7681159420289855,0.6521739130434783,5.260869565217392,5.501650500532843
t1_es8znqh,0.6,0.44,4.573333333333333,5.1007739047075145
t1_di0wads,0.8378378378378378,0.6756756756756757,4.486486486486487,4.885129041304629
t1_ix2pt2q,0.9090909090909091,0.8409090909090909,4.4772727272727275,5.260456902679035
t1_ebbp8uq,0.8269230769230769,0.7307692307692307,4.173076923076923,5.296217602590058
t1_hbvn25n,0.7936507936507936,0.6666666666666666,4.301587301587301,5.48910710600526
t1_f32w1m5,0.9032258064516129,0.8064516129032258,5.451612903225806,4.760647923290102
t1_e8tohxa,0.8387096774193549,0.7096774193548387,4.387096774193548,4.607264455478377
t1_gyzc1dq,0.7962962962962963,0.6666666666666666,4.555555555555555,5.29156250200321
t1_jlvlmw2,0.84375,0.71875,5.1875,4.663909765557392
t1_fbvjw16,0.6962025316455697,0.5443037974683544,4.1265822784810124,5.509212394592711
t1_k764qqg,0.7543859649122807,0.631578947368421,5.631578947368421,5.172337655315558
t1_e682qpn,0.7578947368421053,0.6105263157894737,4.378947368421053,5.932704818720623
t1_euyikqc,0.8153846153846154,0.6923076923076923,4.6923076923076925,5.591598582259226
t1_g6or79o,0.7837837837837838,0.6486486486486487,4.95945945945946,5.682162149295793
t1_jg7d3o4,0.7049180327868853,0.5245901639344263,4.934426229508197,5.213123607877353
t1_k47vk5s,0.7407407407407407,0.5925925925925926,4.592592592592593,4.102678595702847
t1_ienlbii,0.8125,0.7291666666666666,4.354166666666667,5.093094990837059
t1_j2d40kh,0.7926829268292683,0.6707317073170732,4.560975609756097,5.8665195350267405
t1_fab0qyq,0.7222222222222222,0.5277777777777778,4.166666666666667,4.5514621540397995
t1_dx4y4g6,0.8292682926829268,0.6829268292682927,3.951219512195122,4.997676699687266
t1_hy7hmzp,0.7735849056603774,0.6415094339622641,4.09433962264151,5.178497521001615
t1_fja8byl,0.775,0.65,4.0,4.7628148954723555
t1_e9eyydp,0.7333333333333333,0.5666666666666667,4.533333333333333,4.2817276788697365
t1_eg4y2ig,0.8846153846153846,0.8076923076923077,5.5,4.440636352673264
t1_h02yqjb,0.7024793388429752,0.5206611570247934,4.471074380165289,6.191267369362967
t1_e01i5l7,0.7272727272727273,0.5959595959595959,4.808080808080808,5.935123731663449
t1_h8aqb5n,1.0,1.0,4.894736842105263,4.247927513443583
t1_fo1zahf,0.8857142857142857,0.8,4.371428571428571,4.8791433740260075
t1_hrwwg46,0.8571428571428571,0.7428571428571429,4.371428571428571,4.822000516883151
t1_f7pnew3,0.71875,0.5625,4.4375,4.343139062229566
t1_ez6pile,0.8088235294117647,0.6911764705882353,4.985294117647059,5.592588069862059
t1_f6v6ws7,0.8363636363636363,0.6909090909090909,4.381818181818182,5.440361758939866
t1_gzb9qr4,0.6415094339622641,0.49056603773584906,4.537735849056604,5.69834094598048
t1_h7uw8da,0.8064516129032258,0.6451612903225806,3.4516129032258065,4.542748326446119
t1_f5rtqj5,0.9032258064516129,0.8064516129032258,5.451612903225806,4.760647923290102
t1_jbpghpe,0.6774193548387096,0.532258064516129,4.411290322580645,6.0817925563165005
t1_dripkn6,0.6272727272727273,0.4909090909090909,5.054545454545455,5.623202018491946
t1_dva0k7n,0.84375,0.71875,4.375,4.663909765557392
t1_ggyqnid,0.6935483870967742,0.5483870967741935,4.048387096774194,5.12339348773644
t1_gh3j0er,0.6571428571428571,0.3142857142857143,4.942857142857143,4.443568731230679
t1_iktl710,0.8431372549019608,0.7058823529411765,4.490196078431373,5.343898136046725
t1_f8du8u6,0.8809523809523809,0.7619047619047619,4.428571428571429,5.1542221846835234
t1_f7zaqai,0.8823529411764706,0.803921568627451,4.313725490196078,5.39791553804993
t1_dzf8dl4,0.9166666666666666,0.8333333333333334,4.25,4.418295834054489
t1_dwk9eqm,0.75,0.6166666666666667,3.816666666666667,5.2882336709624544
t1_g0m4ir4,0.8461538461538461,0.7307692307692307,4.846153846153846,4.363713275750189
t1_izxr7qv,0.96,0.92,5.12,4.5638561897747225
t1_gny616d,0.6666666666666666,0.5357142857142857,4.892857142857143,5.513168953350614
t1_g8wgqts,0.8846153846153846,0.7692307692307693,4.846153846153846,4.46967048737186
t1_ek0xv3u,0.8301886792452831,0.7169811320754716,4.2075471698113205,5.320191389007785
t1_gsk0iw2,0.7816091954022989,0.6436781609195402,5.344827586206897,5.9168005359542715
t1_gxd9k4u,0.7567567567567568,0.6486486486486487,4.45945945945946,5.577979636531649
t1_gtbhy8i,0.6666666666666666,0.5083333333333333,4.933333333333334,5.953911342868459
t1_fvwoux8,0.8125,0.6458333333333334,4.395833333333333,5.194235677759421
t1_gshqbl4,0.6521739130434783,0.5043478260869565,4.573913043478261,5.881924833983734
t1_e0gaj1z,0.9142857142857143,0.8285714285714286,4.057142857142857,4.957854445516392
t1_kbhniqh,0.6595744680851063,0.5,4.861702127659575,5.647830411466174
t1_iv7iuhy,0.7555555555555555,0.6222222222222222,4.811111111111111,5.876474452049065
t1_hnvwhon,0.8823529411764706,0.7941176470588235,3.9411764705882355,4.829966150010236
t1_eekecxz,0.6747967479674797,0.5203252032520326,4.4471544715447155,6.084393570203992
t1_dzamqar,0.7741935483870968,0.6129032258064516,3.7096774193548385,4.453880987666651
t1_keey40j,0.7638888888888888,0.6388888888888888,5.152777777777778,5.531036112553426
t1_gvdlzaw,0.7053571428571429,0.5803571428571429,5.125,6.014551462062316
t1_ddoajis,0.8297872340425532,0.7021276595744681,5.446808510638298,5.182040447330258
t1_f3p69fd,0.7066666666666667,0.5333333333333333,5.133333333333334,5.514023484170062
t1_dwx0ybw,0.8695652173913043,0.7391304347826086,4.978260869565218,5.26269239083962
t1_gp3kyz5,0.6564885496183206,0.5267175572519084,4.679389312977099,6.024606376205993
t1_k166z7w,0.6666666666666666,0.5111111111111111,4.0777777777777775,5.6147897966680285
t1_ia8j0bo,0.9310344827586207,0.8620689655172413,4.620689655172414,4.720049960644813
t1_e24toiu,0.9545454545454546,0.9090909090909091,5.136363636363637,4.368522527728205
t1_h4mvnxs,0.7692307692307693,0.6153846153846154,4.030769230769231,5.49521915908245
t1_huxa4i2,0.7,0.5333333333333333,4.133333333333334,5.167481795998513
t1_gmpv419,0.7763157894736842,0.6842105263157895,5.105263157894737,5.644318263694547
t1_huavhzz,0.875,0.75,4.375,4.75
t1_epito2z,0.7272727272727273,0.5818181818181818,4.945454545454545,5.060423632535507
t1_f52qybe,0.6627906976744186,0.4883720930232558,3.9186046511627906,5.546896697662095
t1_ih2z2sh,0.6814159292035398,0.5221238938053098,4.265486725663717,5.985466405623515
t1_e296l4u,0.7906976744186046,0.6511627906976745,4.186046511627907,4.923714976226823
t1_d2re132,0.7538461538461538,0.6153846153846154,4.553846153846154,5.428072574827063
t1_e8pvy3n,0.88,0.76,4.72,4.403856189774723
t1_gsjiq4i,0.6909090909090909,0.4909090909090909,4.945454545454545,6.041504459113262
t1_dw5qjqx,0.85,0.75,4.55,3.984183719779189
t1_jbythji,0.9705882352941176,0.9411764705882353,4.529411764705882,5.028639311838574
t1_fd6xjg2,0.8846153846153846,0.7692307692307693,4.384615384615385,4.46967048737186
t1_dsxyg9x,0.8378378378378378,0.7297297297297297,4.054054054054054,4.844324311457954
t1_hemc05m,0.8444444444444444,0.7111111111111111,4.466666666666667,5.163966707392707
t1_gx3uezp,0.7,0.5454545454545454,4.5,6.005140822749627
t1_hbkkvgd,0.6829268292682927,0.5121951219512195,4.841463414634147,5.546218772752467
t1_gnlufq0,0.5764705882352941,0.4117647058823529,4.729411764705882,5.077243295935133
t1_emzb72i,0.7916666666666666,0.6666666666666666,4.25,4.084962500721156
t1_e3fcxxs,0.8518518518518519,0.7407407407407407,4.555555555555555,4.43063240949075
t1_jevgk97,0.8181818181818182,0.6363636363636364,4.4772727272727275,5.095795255000931
t1_d8wytyc,0.8235294117647058,0.6764705882352942,4.352941176470588,4.712319091186707
t1_jn1go6w,0.7818181818181819,0.6181818181818182,4.618181818181818,5.303820395224832
t1_e1tdd1z,0.7777777777777778,0.6527777777777778,4.291666666666667,5.638471355518839
t1_e5qetag,0.7377049180327869,0.5737704918032787,4.836065573770492,5.268337797291299
t1_dy1vjvf,0.8928571428571429,0.8214285714285714,4.785714285714286,4.5661089398374815
t1_ec2x1qs,0.7619047619047619,0.6031746031746031,4.825396825396825,5.401650359904832
t1_dtu9dp4,0.8235294117647058,0.7352941176470589,5.529411764705882,4.6534955617749425
t1_f6p3vx1,0.9444444444444444,0.9166666666666666,5.777777777777778,5.0378447930488806
t1_iox02zb,0.7924528301886793,0.660377358490566,3.7547169811320753,5.237354416827348
t1_j965p64,0.7468354430379747,0.6455696202531646,4.569620253164557,5.62803292557895
t1_gpq8eyl,0.9117647058823529,0.8235294117647058,4.4411764705882355,4.910992253015044
t1_gn3xrj4,0.6363636363636364,0.4818181818181818,5.2,5.808689545709291
t1_fv7gvzm,0.9,0.8,5.133333333333334,4.7068905956085185
t1_glsosku,0.7804878048780488,0.6585365853658537,4.7560975609756095,4.81207571250588
t1_fotbeh5,0.8125,0.71875,3.90625,4.5121987351738495
t1_f36bpgp,0.7102803738317757,0.5981308411214953,4.962616822429907,5.923253201152219
t1_ewuu4g3,0.8936170212765957,0.8085106382978723,4.25531914893617,5.325761458014587
t1_eziajen,0.7586206896551724,0.6206896551724138,4.4655172413793105,5.265489133462049
t1_gvq9h9w,0.8135593220338984,0.711864406779661,5.423728813559322,5.422991939552282
t1_jbk7nfr,0.7432432432432432,0.581081081081081,5.1891891891891895,5.617906912780071
t1_iu0mggv,0.8205128205128205,0.6923076923076923,4.769230769230769,4.875145808605837
t1_ewprc6d,0.9166666666666666,0.8333333333333334,5.5,4.418295834054489
t1_e4ihl1q,0.7613636363636364,0.6022727272727273,4.693181818181818,5.893813010559834
t1_e57nrr3,0.6504854368932039,0.47572815533980584,3.6310679611650487,5.806856265686841
t1_hwb68ec,0.9411764705882353,0.8823529411764706,5.705882352941177,4.969815782426808
t1_ifnuabf,0.72,0.5333333333333333,4.413333333333333,5.546668564379485
t1_e5k2x9q,0.8596491228070176,0.7543859649122807,4.192982456140351,5.517100540480527
t1_eh5y6ra,0.7397260273972602,0.5616438356164384,3.73972602739726,5.600515654651886
t1_hf6tpgw,0.94,0.88,4.66,5.523856189774728
t1_gncjyqa,0.7303370786516854,0.6067415730337079,4.764044943820225,5.764674863380515
t1_jft50ib,0.7045454545454546,0.5909090909090909,5.090909090909091,4.618078209349709
t1_dye8b90,0.8974358974358975,0.7948717948717948,5.051282051282051,5.080274013734042
t1_fuu7o89,0.7560975609756098,0.5853658536585366,4.0,4.814511455679291
t1_jvjntf9,0.6373626373626373,0.43956043956043955,4.472527472527473,5.601162843890811
t1_fv495ye,0.7777777777777778,0.6111111111111112,4.916666666666667,4.683542362433229
t1_gsdv5mo,0.8607594936708861,0.759493670886076,5.6075949367088604,5.996633121512669
t1_iigfe6x,0.76,0.5733333333333334,5.493333333333333,5.7085580237138345
t1_f150p3r,0.7735849056603774,0.6415094339622641,4.2075471698113205,5.178497521001616
t1_hzs2hmw,1.0,1.0,5.28125,5.0
t1_goek6a6,0.6617647058823529,0.4852941176470588,4.397058823529412,6.209638738417581
t1_gzql3y0,0.8055555555555556,0.6666666666666666,4.916666666666667,4.739097917988785
t1_g68hmdg,0.8518518518518519,0.7407407407407407,4.7407407407407405,4.430632409490749
t1_fr06d4w,0.7659574468085106,0.574468085106383,3.765957446808511,5.054380872862172
t1_j4ytiu6,0.8571428571428571,0.7755102040816326,4.163265306122449,5.25532942626956
t1_k7zbou2,0.918918918918919,0.8648648648648649,4.297297297297297,5.026888838543454
t1_doif3n8,0.6666666666666666,0.5208333333333334,4.479166666666667,4.662782031835941
t1_gnqrmjp,0.7247706422018348,0.6055045871559633,4.7889908256880735,6.038589944636272
t1_cp9o451,0.896551724137931,0.7931034482758621,4.9655172413793105,4.651084443403434
t1_hazlwi9,0.8095238095238095,0.6666666666666666,3.5,4.963745994207334
t1_gy892be,0.8070175438596491,0.6842105263157895,4.754385964912281,5.370354435627891
t1_fqz9ymk,0.9411764705882353,0.8823529411764706,4.294117647058823,4.969815782426808
t1_f94r7wb,0.8444444444444444,0.7111111111111111,4.555555555555555,5.163966707392708
t1_hl3jcnk,0.8823529411764706,0.7941176470588235,5.029411764705882,4.829966150010236
t1_k2knzoi,0.696078431372549,0.5294117647058824,4.676470588235294,5.900161617136528
t1_ibau7ta,0.8787878787878788,0.7878787878787878,4.03030303030303,4.779094498080775
t1_gk0n303,0.8048780487804879,0.7073170731707317,5.365853658536586,4.860856200310758
t1_hl5ru9l,0.8421052631578947,0.7368421052631579,4.578947368421052,4.879506460812008
t1_hfi4l44,0.7361111111111112,0.5972222222222222,5.166666666666667,5.447159723424152
t1_gl5eryc,0.8611111111111112,0.75,3.611111111111111,4.871178126382214
t1_gced6yl,0.7,0.54,5.64,5.867599660720331
t1_gxit98k,0.8620689655172413,0.7931034482758621,4.793103448275862,4.513153408920675
t1_i11t5jp,1.0,1.0,4.55,4.321928094887363
t1_jttyfuc,0.734375,0.546875,4.625,5.402114648336088
t1_fohe9tw,0.7272727272727273,0.5818181818181818,4.418181818181818,5.113089031667139
t1_hivrsv1,0.9166666666666666,0.8333333333333334,4.888888888888889,5.003258334775643
t1_dxfx5ri,0.6666666666666666,0.5333333333333333,5.2,4.879167457617733
t1_g4rie2s,0.7083333333333334,0.5625,4.208333333333333,4.829448698502607
t1_gvqaex1,0.6938775510204082,0.5306122448979592,4.459183673469388,5.840482262677183
t1_gy2ledv,0.85,0.7,5.75,5.021928094887363
t1_g36ncu1,0.9,0.8,5.75,4.1219280948873624
t1_jabimli,0.875,0.75,3.96875,4.75
t1_gvwmn6w,0.9642857142857143,0.9285714285714286,6.0,4.735926350629034
t1_eqj52vl,0.9354838709677419,0.9032258064516129,4.32258064516129,4.8008128425751515
t1_jk42tfn,0.6741573033707865,0.5730337078651685,3.6292134831460676,5.491175533152469
t1_du70bck,0.7894736842105263,0.631578947368421,4.2105263157894735,3.7871439606981383
t1_gjvzibv,0.7872340425531915,0.6382978723404256,5.170212765957447,5.080872628135291
t1_f8wj0yc,0.8,0.68,4.3,5.173660689688188
t1_gv6kskl,0.8292682926829268,0.7560975609756098,4.439024390243903,4.909636688115636
t1_febk1y6,0.7727272727272727,0.6363636363636364,4.159090909090909,4.925118550357138
t1_gngtyol,0.7903225806451613,0.6612903225806451,4.629032258064516,5.4522702542777814
t1_e1ey5gf,0.9142857142857143,0.8571428571428571,4.0,4.9362862311688644
t1_e4zacmb,0.76,0.56,5.02,5.133660689688188
t1_hnwwjc8,0.8484848484848485,0.7272727272727273,5.151515151515151,4.718488437474714
t1_h0zkm4a,0.8048780487804879,0.6585365853658537,4.878048780487805,4.930484321585718
t1_grv8nh7,0.6559139784946236,0.46236559139784944,4.731182795698925,5.658789961850752
t1_f0218f3,0.6666666666666666,0.4888888888888889,4.8,4.666977196801591
t1_gxgwbr6,0.7733333333333333,0.6266666666666667,5.36,5.6971613174168585
t1_enns0h4,0.7222222222222222,0.5185185185185185,4.462962962962963,5.134336113194452
t1_g3sqeh2,0.8787878787878788,0.7878787878787878,3.696969696969697,4.779094498080775
t1_e8goh8m,0.8333333333333334,0.6666666666666666,4.694444444444445,4.8365916681089764
t1_dspgjp8,0.7837837837837838,0.6756756756756757,4.702702702702703,4.682162149295792
t1_jmdvfyh,0.7941176470588235,0.6568627450980392,4.9411764705882355,6.190862445120874
t1_gt3or1l,0.7428571428571429,0.5571428571428572,4.628571428571429,5.541862795819773
t1_hgnma38,0.6904761904761905,0.5,4.511904761904762,5.647920696433751
t1_g83gl8d,0.7692307692307693,0.6538461538461539,4.384615384615385,4.132944044980958
t1_hympdkc,0.875,0.8,5.25,5.021928094887363
t1_dtdz6rz,0.803921568627451,0.6666666666666666,4.588235294117647,5.2262510772231945
t1_hfxaqyr,0.7721518987341772,0.6329113924050633,4.177215189873418,5.768785020246847
t1_goh57nz,0.7777777777777778,0.6666666666666666,5.158730158730159,5.427610233292129
t1_cvjto0l,0.8266666666666667,0.72,5.08,5.807356817503398
t1_dw6cz1v,0.6979166666666666,0.5104166666666666,4.958333333333333,5.8611714230611165
t1_hzovtm3,0.6805555555555556,0.5694444444444444,4.347222222222222,5.268942148619025
t1_dwnlhep,0.6818181818181818,0.48863636363636365,3.9886363636363638,5.7064240901544565
t1_id3dtoj,0.8153846153846154,0.676923076923077,5.0,5.610754159149018
t1_hfs61xw,0.7209302325581395,0.5465116279069767,4.6395348837209305,5.732642842441596
t1_e84gvx0,0.8421052631578947,0.7105263157894737,4.368421052631579,4.912272579176127
t1_jumi3ii,0.64,0.44,4.613333333333333,5.357030984025828
t1_huei40j,0.8148148148148148,0.7037037037037037,4.481481481481482,5.319521298379636
t1_grzjsoy,0.8611111111111112,0.75,5.055555555555555,4.8711781263822145
t1_k6w79lu,0.7575757575757576,0.6666666666666666,4.858585858585859,5.960016594761533
t1_g6opqrt,0.7837837837837838,0.6486486486486487,4.95945945945946,5.682162149295793
t1_fo64zu2,0.7777777777777778,0.6111111111111112,3.8703703703703702,5.259426622493774
t1_g3kn0vu,0.8372093023255814,0.7209302325581395,4.209302325581396,5.065572312741006
t1_i4q2v88,0.7564102564102564,0.6025641025641025,4.217948717948718,5.717906545702121
t1_fggkf08,0.725,0.5375,4.2,5.6936198135562295
t1_fajf7bn,0.8636363636363636,0.8181818181818182,4.363636363636363,4.095795255000932
t1_cz5p2k5,0.7142857142857143,0.5571428571428572,4.314285714285714,5.439787838280821
t1_fi8qz7n,0.6407766990291263,0.44660194174757284,3.9223300970873787,5.799527260811467
t1_fxtnk9m,0.6666666666666666,0.4827586206896552,3.781609195402299,5.6132790192121265
t1_e0i1f3n,0.6509433962264151,0.49056603773584906,4.415094339622642,5.819612200435889
t1_ftp4pwf,0.875,0.7708333333333334,4.770833333333333,5.31923567775942
t1_gt7giae,0.7777777777777778,0.5873015873015873,5.349206349206349,5.50887079644711
t1_emcerl8,0.9166666666666666,0.8333333333333334,5.541666666666667,4.418295834054489
t1_kf9jb3y,0.75,0.5625,3.8125,4.452819531114783
t1_hgnmf10,0.6904761904761905,0.5,4.511904761904762,5.647920696433751
t1_k7imr2k,0.7722772277227723,0.6435643564356436,5.207920792079208,6.100146849320097
t1_fprwbmo,0.6923076923076923,0.5,3.9038461538461537,4.98852529489775
t1_imt5so7,0.8292682926829268,0.7073170731707317,4.536585365853658,4.979264809390596
t1_hemfft1,0.88,0.76,4.28,4.403856189774723
t1_gxq6chn,0.9142857142857143,0.8285714285714286,5.457142857142857,4.957854445516392
t1_gte7ag3,0.85,0.7333333333333333,4.933333333333334,5.573557262275184
t1_ecblbkx,0.9,0.8,4.066666666666666,4.7068905956085185
t1_e8l4oh6,0.8275862068965517,0.6551724137931034,3.5172413793103448,4.513153408920675
t1_jsq0rd8,0.7590361445783133,0.6024096385542169,5.156626506024097,5.817633858979574
t1_hmp43v2,0.6808510638297872,0.5212765957446809,4.382978723404255,5.713539383316336
t1_ds804f1,0.8421052631578947,0.7105263157894737,4.026315789473684,4.912272579176127
t1_hnmn7ce,0.7884615384615384,0.6153846153846154,3.9615384615384617,5.248328660365576
t1_j4nv7rw,1.0,1.0,4.461538461538462,4.70043971814109
t1_dxfd95y,0.7592592592592593,0.6203703703703703,4.546296296296297,6.148554692391573
t1_ds6qrty,0.8333333333333334,0.7,4.6,5.548394345536401
t1_jgcaxki,0.8214285714285714,0.7142857142857143,4.660714285714286,5.387537511266055
t1_f82g0y5,0.8260869565217391,0.6521739130434783,4.195652173913044,5.17573586910049
t1_hks81hn,0.9615384615384616,0.9230769230769231,5.346153846153846,4.623516641218013
t1_g45ol7o,0.6470588235294118,0.47058823529411764,4.1911764705882355,5.175123135113464
t1_he8el7w,0.717948717948718,0.5384615384615384,5.0,4.631305423879506
t1_gncdmbt,0.6833333333333333,0.55,4.658333333333333,5.996404087557017
t1_kei0r8d,0.8717948717948718,0.7692307692307693,5.051282051282051,5.009635872652927
t1_f1i278c,0.7714285714285715,0.6428571428571429,5.0,5.570434224391202
t1_gsbfmpv,0.8260869565217391,0.7391304347826086,4.782608695652174,4.088779347361362
t1_jlligan,0.76,0.6,4.92,5.093660689688187
t1_jsulv17,0.7647058823529411,0.6470588235294118,4.196078431372549,6.062240724740837
t1_kel3t9x,0.8857142857142857,0.8285714285714286,5.0285714285714285,4.843568731230678
t1_e828gs8,0.8297872340425532,0.7659574468085106,4.468085106382978,5.051365778179698
t1_fcqqn7h,0.8378378378378378,0.7567567567567568,3.7027027027027026,4.823921946534617
t1_g6gskob,0.8,0.6909090909090909,4.1454545454545455,5.288279432092588
t1_fomlxd6,0.75,0.6309523809523809,4.928571428571429,5.735635762555782
t1_e1dge6d,0.6875,0.5625,4.0625,5.171569531114783
t1_g3ylbke,0.7142857142857143,0.5357142857142857,3.8214285714285716,4.137537511266052
t1_exqcdsk,0.7096774193548387,0.5806451612903226,4.268817204301075,5.709121720786414
t1_fpr1afc,0.8,0.64,6.24,4.213660689688184
t1_gyh3fay,0.734375,0.578125,4.515625,5.363204882778696
t1_hyo8vb8,0.9487179487179487,0.8974358974358975,4.538461538461538,5.182838116298145
t1_fo1y7yd,0.8857142857142857,0.8,4.371428571428571,4.8791433740260075
t1_e44cj3r,0.7,0.5909090909090909,4.381818181818182,5.8862677156921475
t1_gz178t5,0.6788990825688074,0.5137614678899083,4.522935779816514,5.914435241969933
t1_dvqpv8w,0.7727272727272727,0.6363636363636364,4.181818181818182,4.925118550357138
t1_g7igje2,0.7884615384615384,0.5961538461538461,4.365384615384615,5.262845727714873
t1_gxidh0i,0.9107142857142857,0.8214285714285714,5.125,5.62878349348618
t1_f32c3rv,0.8409090909090909,0.7045454545454546,4.704545454545454,5.124093266315398
t1_kaab6tv,0.7804878048780488,0.6585365853658537,4.975609756097561,4.784142858171084
t1_ghav9cv,0.78125,0.625,3.65625,4.515319531114783
t1_j3e006h,0.7857142857142857,0.6964285714285714,4.642857142857143,5.215936788508255
t1_fgmtqhl,0.8518518518518519,0.7037037037037037,4.185185185185185,4.458591205867174
t1_el727kd,0.7848101265822784,0.620253164556962,4.518987341772152,5.82897346964132
t1_e7nmyya,0.8055555555555556,0.6388888888888888,4.75,4.760067015271103
t1_irzrfko,0.851063829787234,0.723404255319149,4.680851063829787,5.240655075035864
t1_hnel8u8,0.7647058823529411,0.5588235294117647,4.147058823529412,4.594672032363178
t1_go1g852,0.7073170731707317,0.5853658536585366,4.646341463414634,5.495002541774175
t1_j75coaw,0.6585365853658537,0.4634146341463415,5.463414634146342,4.53134949288815
t1_dw2lyid,0.7281553398058253,0.5631067961165048,4.640776699029126,6.0067334162026125
t1_dfm2agq,0.8,0.7,4.442857142857143,5.611216409709392
t1_d560jmc,0.717948717948718,0.5641025641025641,4.141025641025641,5.58002337259746
t1_gh7c2g8,0.75,0.631578947368421,4.868421052631579,5.59113610606341
t1_ilqjl58,0.7702702702702703,0.6081081081081081,4.5675675675675675,5.692363331757462
t1_go71git,0.6538461538461539,0.5,3.6153846153846154,3.7923766229704445
t1_ebi747y,0.8275862068965517,0.6896551724137931,4.275862068965517,4.487122805397797
t1_hf5seci,0.851063829787234,0.7446808510638298,4.276595744680851,5.22459363881962
t1_g0k0h04,0.8305084745762712,0.6610169491525424,4.338983050847458,5.5436599985143795
t1_e0mo1dn,0.8888888888888888,0.8333333333333334,5.305555555555555,4.892147223664532
t1_ekkucm0,0.9,0.8,4.933333333333334,4.7068905956085185
t1_foc7ppu,0.7391304347826086,0.6173913043478261,4.7043478260869565,6.1155045126654795
t1_gztgvur,0.9347826086956522,0.8695652173913043,4.891304347826087,5.393127173448315
t1_fpd6k6p,0.9230769230769231,0.8461538461538461,4.346153846153846,4.546593564294937
t1_hm8y2ci,0.7741935483870968,0.6451612903225806,4.725806451612903,5.389364858634392
t1_kaw3zj9,0.6213592233009708,0.4854368932038835,4.592233009708738,5.583589640227137
t1_hd23p3d,0.7692307692307693,0.6153846153846154,3.358974358974359,4.731308873363868
t1_e0ujkq7,0.96,0.92,5.24,4.5638561897747225
t1_ihnc5s6,0.8679245283018868,0.7924528301886793,4.622641509433962,5.395663087120991
t1_k6uf9yu,0.8125,0.6875,5.541666666666667,5.152569011092754
t1_es98dxq,0.7878787878787878,0.6363636363636364,4.53030303030303,5.566973285959566
t1_f0n326t,0.7096774193548387,0.5725806451612904,5.040322580645161,6.160129952584151
t1_g36n90z,0.9,0.8,5.75,4.1219280948873624
t1_gkticp9,0.6515151515151515,0.5,4.5,5.984423309048648
t1_kd3281t,0.676923076923077,0.5307692307692308,4.8,6.121916658982597
t1_kejj60o,0.7263157894736842,0.5894736842105263,3.8947368421052633,5.878816234733636
t1_g18bny8,0.9259259259259259,0.8518518518518519,5.185185185185185,4.606739354015323
t1_jfyjapq,0.8048780487804879,0.6829268292682927,5.682926829268292,4.9001157240775095
t1_flcsmg9,0.671875,0.546875,4.53125,5.112048102760774
t1_fyc2m0k,0.7941176470588235,0.6176470588235294,5.676470588235294,4.6534955617749425
t1_istc1q7,0.8214285714285714,0.7142857142857143,4.178571428571429,4.378783493486177
t1_ejzgyrf,0.7215189873417721,0.5443037974683544,3.670886075949367,5.615092495562335
t1_geneqwv,0.7843137254901961,0.6470588235294118,4.372549019607843,5.18184593003711
t1_dvsuxk3,0.6595744680851063,0.48936170212765956,4.840425531914893,5.6888007880047144
t1_et65xip,0.6162790697674418,0.4883720930232558,4.72093023255814,5.270635940920073
t1_evuz5ri,0.8947368421052632,0.7894736842105263,4.315789473684211,5.037401197654114
t1_ecxyg04,0.7529411764705882,0.5882352941176471,4.694117647058824,5.841571377237818
t1_gc3hq51,0.775,0.6125,4.8875,5.824747626002142
t1_kde9e1k,0.8235294117647058,0.7450980392156863,5.392156862745098,5.209491215021757
t1_gujxex1,0.625,0.4375,5.125,5.865184891051601
t1_dvghb5p,0.8181818181818182,0.6909090909090909,4.6,5.367634486212593
t1_cl7ew45,0.8135593220338984,0.6610169491525424,4.593220338983051,5.484172286576635
t1_fog84ez,0.7701149425287356,0.6436781609195402,5.068965517241379,5.8938120302071475
t1_jml4kdk,0.875,0.8,4.75,5.03418371977919
t1_fxubwiu,0.8035714285714286,0.6607142857142857,4.178571428571429,5.37405737729885
t1_gtdk2uk,0.5985915492957746,0.44366197183098594,4.035211267605634,5.976260912822891
t1_ez8owhh,0.7971014492753623,0.6666666666666666,4.405797101449275,5.633815942254057
t1_hxp8ebt,0.8421052631578947,0.7017543859649122,5.614035087719298,5.5038569000916935
t1_iui1vok,0.7222222222222222,0.5925925925925926,4.611111111111111,5.060262039120378
t1_eqh38rn,0.68,0.512,4.144,6.150661761366648
t1_igi2k4x,0.8181818181818182,0.6727272727272727,4.527272727272727,5.390272895264166
t1_i874xl5,0.8222222222222222,0.6666666666666666,4.711111111111111,5.119522262948262
t1_eb37rl3,0.8571428571428571,0.7857142857142857,4.571428571428571,5.041010577489156
t1_j8ig4z9,0.7555555555555555,0.6,4.933333333333334,4.924969207344631
t1_jcut5y8,0.6730769230769231,0.5288461538461539,4.846153846153846,5.818799482836183
t1_gm3ly35,0.9230769230769231,0.8461538461538461,5.3076923076923075,4.546593564294937
t1_etxu3kc,0.7758620689655172,0.603448275862069,4.689655172413793,5.370659227774288
t1_jvh571m,0.8461538461538461,0.7307692307692307,4.538461538461538,4.363713275750188
t1_gk327dk,0.7171717171717171,0.5959595959595959,4.898989898989899,5.856333135100011
t1_hi5t85f,0.7906976744186046,0.6511627906976745,4.046511627906977,4.9435929523262025
t1_kctgi9r,0.6617647058823529,0.5,5.485294117647059,5.206343033001906
t1_hlpywha,0.8148148148148148,0.6666666666666666,5.2407407407407405,5.356558335416673
t1_ec4vwzg,0.8260869565217391,0.6956521739130435,5.086956521739131,4.142914673354254
t1_jmiye7s,0.675,0.5166666666666667,5.041666666666667,6.05116520482469
t1_gkqa4yf,0.7411764705882353,0.5882352941176471,4.5058823529411764,5.794512553708406
t1_c911sly,0.7551020408163265,0.5510204081632653,3.4693877551020407,5.094102190965679
t1_gngvhgm,0.8181818181818182,0.7402597402597403,5.883116883116883,5.779646605573774
t1_gzlpldq,0.9069767441860465,0.8604651162790697,4.744186046511628,5.205107196461936
t1_dz342q6,0.8596491228070176,0.7543859649122807,4.982456140350878,5.525700979001107
t1_jo70t7i,0.8367346938775511,0.7551020408163265,4.591836734693878,5.175734844026904
t1_e42kyg1,0.8333333333333334,0.7121212121212122,5.0,5.669320066295377
t1_ftbgw5p,0.8363636363636363,0.7090909090909091,4.472727272727273,5.426636531627803
t1_gu8es2n,0.6111111111111112,0.5277777777777778,4.388888888888889,3.932999306637288
t1_gr8vb8v,0.7176470588235294,0.5764705882352941,4.541176470588235,5.710754724546479
t1_fdp1fg9,0.9393939393939394,0.8787878787878788,4.787878787878788,4.923181998146335
t1_hfvi2x4,0.7129629629629629,0.5555555555555556,5.0092592592592595,6.046282640932157
t1_fcwp2kr,0.9090909090909091,0.8181818181818182,4.212121212121212,4.8625759375402735
t1_gxq6dva,0.9142857142857143,0.8285714285714286,5.457142857142857,4.957854445516392
t1_dxfjicg,0.7872340425531915,0.6170212765957447,4.25531914893617,5.08650374529466
t1_k83jz0w,0.868421052631579,0.7631578947368421,4.657894736842105,4.964904158123496
t1_hpy4mjn,0.8529411764705882,0.7058823529411765,3.676470588235294,4.793345194191515
t1_e8huxtg,0.75,0.6153846153846154,4.403846153846154,5.087472353123262
t1_d1kbwwo,0.7142857142857143,0.6233766233766234,4.961038961038961,5.40440176155324
t1_e9r3b0x,0.7818181818181819,0.6181818181818182,5.0,5.29490721348532
t1_dxo2csn,0.7638888888888888,0.625,4.375,5.598822008681708
t1_gt3st0c,0.73,0.57,4.58,5.996307314753099
t1_hv58nwq,0.7058823529411765,0.5764705882352941,4.705882352941177,5.583051748402087
t1_fvqt3m8,1.0,1.0,5.7727272727272725,4.459431618637295
t1_gx5f9fx,0.8,0.7066666666666667,4.466666666666667,5.6971613174168585
t1_gt3fp2x,0.8222222222222222,0.6888888888888889,4.933333333333334,5.102746985122407
t1_g7grva3,0.6824324324324325,0.5608108108108109,4.864864864864865,6.285736240761618
t1_ix8gc7d,0.6868686868686869,0.5353535353535354,4.98989898989899,5.798238691418063
t1_dzynu5k,0.803030303030303,0.7121212121212122,5.606060606060606,5.4875018844771954
t1_honhz2u,0.6837606837606838,0.5042735042735043,4.444444444444445,6.08894658312852
t1_gz175i9,0.6788990825688074,0.5137614678899083,4.522935779816514,5.914435241969933
t1_gfnj6eo,0.8604651162790697,0.7441860465116279,4.395348837209302,5.12963946395411
t1_hd23mx8,0.7692307692307693,0.6153846153846154,3.358974358974359,4.731308873363868
t1_he89xx9,0.691358024691358,0.5308641975308642,4.666666666666667,5.520534842679675
t1_gb9i1ne,0.9069767441860465,0.813953488372093,4.906976744186046,5.240218243074191
t1_esafso6,0.7792207792207793,0.6493506493506493,4.48051948051948,5.737502287420053
t1_ev4q5wf,0.7872340425531915,0.6808510638297872,4.531914893617022,5.038319436645928
t1_h4lvv8q,0.868421052631579,0.7631578947368421,4.526315789473684,4.964904158123496
t1_i1sa26m,0.7837837837837838,0.6486486486486487,4.837837837837838,4.702564514219128
t1_kcobm84,0.7272727272727273,0.5795454545454546,4.5227272727272725,5.770463544965816
t1_gxebg2f,0.8064516129032258,0.6774193548387096,4.838709677419355,5.510490261929987
t1_gt2u7an,0.6724137931034483,0.5517241379310345,4.974137931034483,5.902860413063154
t1_ekj0eeq,0.6458333333333334,0.4791666666666667,5.104166666666667,4.573934896284056
t1_f84e0v4,0.8,0.65,5.025,4.884183719779189
t1_gxidb3i,0.9107142857142857,0.8214285714285714,5.125,5.62878349348618
t1_iuqzsip,0.6538461538461539,0.5,4.701923076923077,5.704482648522435
t1_kbl8inp,0.6190476190476191,0.41904761904761906,4.523809523809524,5.752002065859856
t1_hgnse9p,0.6904761904761905,0.5,4.511904761904762,5.647920696433751
t1_gz13izl,0.5569620253164557,0.3291139240506329,3.670886075949367,5.176748312232073
t1_eox4r66,0.7924528301886793,0.6226415094339622,4.245283018867925,5.284339794104198
t1_ekzqfw6,0.7,0.5125,4.475,5.557412351653232
t1_go1vbvi,0.7450980392156863,0.5882352941176471,4.549019607843137,5.039784900667764
t1_hxhlmjg,0.8461538461538461,0.7307692307692307,4.346153846153846,4.363713275750188
t1_h9yc1r9,0.9032258064516129,0.8387096774193549,4.806451612903226,4.7362967135428935
t1_hg0l9a8,0.8333333333333334,0.6944444444444444,4.305555555555555,4.815622570826658
t1_crsecuj,0.6307692307692307,0.45384615384615384,4.3,6.0163146409963755
t1_dso1u85,0.7611940298507462,0.6716417910447762,4.358208955223881,5.360354675306361
t1_hi4d9j4,0.9310344827586207,0.8620689655172413,4.724137931034483,4.720049960644813
t1_gqor6z4,0.7699115044247787,0.6637168141592921,4.814159292035399,6.21952141391142
t1_k1jjkb4,0.6936936936936937,0.5045045045045045,4.963963963963964,6.006272231617106
t1_gt65znd,0.6220472440944882,0.4645669291338583,4.897637795275591,5.940852698922035
t1_jil156a,0.7142857142857143,0.6160714285714286,4.616071428571429,5.9534481655354154
t1_g1ir19n,0.8222222222222222,0.7111111111111111,4.733333333333333,6.080524762900178
t1_gnpwbhb,0.8787878787878788,0.7575757575757576,5.606060606060606,4.801969876934213
t1_gjus4uo,0.8518518518518519,0.8148148148148148,5.444444444444445,5.302917651115936
t1_i1n1hm4,0.8333333333333334,0.7380952380952381,5.190476190476191,4.993391529870108
t1_dzdacuz,0.8064516129032258,0.7204301075268817,4.483870967741935,6.006795639018499
t1_ik5m9qx,0.6504854368932039,0.5145631067961165,4.524271844660194,5.610998092242535
t1_gbukho5,0.7448979591836735,0.6428571428571429,5.183673469387755,5.918131655273477
t1_j9hbvvr,0.8333333333333334,0.6875,4.708333333333333,5.235902344426086
t1_eac1hkd,0.8627450980392157,0.7450980392156863,4.7254901960784315,5.383113822321236
t1_jfyjgye,0.8048780487804879,0.6829268292682927,5.682926829268292,4.9001157240775095
t1_gvtptr5,0.7236842105263158,0.6052631578947368,4.605263157894737,5.471354487013934
t1_eyir0oi,0.75,0.5714285714285714,4.107142857142857,4.253434386188785
t1_gscbh2b,0.75,0.578125,4.90625,5.433364648336087
t1_e7mq9to,0.8490566037735849,0.7547169811320755,4.3584905660377355,5.383304180855831
t1_dw374sc,0.6277372262773723,0.43795620437956206,4.649635036496351,6.148724692826859
t1_gr12phj,0.6521739130434783,0.45217391304347826,4.121739130434783,5.953062307613159
t1_hq93dnc,0.9130434782608695,0.8260869565217391,5.0,4.349648912578752
t1_injf7q6,0.7115384615384616,0.5192307692307693,4.480769230769231,5.041503900708585
t1_itlxg7p,0.8,0.6666666666666666,4.6,4.440223928941852
t1_fwv5eov,0.8333333333333334,0.6666666666666666,4.520833333333333,5.251629167387827
t1_e8ddm5q,0.7090909090909091,0.5545454545454546,4.827272727272727,6.0528236636390504
t1_gvq5rqz,0.7625,0.6375,4.5875,5.718619813556228
t1_ek2ywfx,0.6728971962616822,0.4953271028037383,3.9626168224299065,5.89693868755441
t1_dzjngn0,0.875,0.7916666666666666,5.041666666666667,4.303508854797679
t1_ie3gq3j,0.9565217391304348,0.9130434782608695,5.826086956521739,4.436605434317882
t1_gk3tiht,0.7096774193548387,0.5376344086021505,4.774193548387097,5.786050208771392
t1_irtxbf9,0.7222222222222222,0.4861111111111111,4.916666666666667,5.5829157999632795
t1_g7w2pu6,0.6880733944954128,0.5688073394495413,4.834862385321101,5.9023078072759665
t1_evuxw4h,0.8214285714285714,0.6785714285714286,4.5,4.423251796980338
t1_clob1fe,0.7708333333333334,0.5833333333333334,4.583333333333333,5.095175521464348
t1_dt044ab,0.8484848484848485,0.7272727272727273,4.303030303030303,4.718488437474714
t1_dspvru7,0.775,0.65,3.95,4.7628148954723555
t1_jzllltt,0.7352941176470589,0.5588235294117647,4.470588235294118,4.477024973539649
t1_g6s1zrm,0.7631578947368421,0.6228070175438597,4.640350877192983,6.2602214833301515
t1_e66xfi0,0.8461538461538461,0.6923076923076923,4.653846153846154,4.392747410448783
t1_fed52l4,0.8260869565217391,0.7391304347826086,4.608695652173913,5.668458833928885
t1_f5gwocd,0.8235294117647058,0.7058823529411765,5.137254901960785,5.248706901296267
t1_f6ppndm,0.7945205479452054,0.684931506849315,4.232876712328767,5.665651099887006
t1_jprpz0x,0.7954545454545454,0.6590909090909091,3.659090909090909,4.987729629951763
t1_ee6hptk,0.6982758620689655,0.5603448275862069,4.887931034482759,5.943212599106401
t1_f4yf6qc,0.3,0.075,4.6,3.4316870830264414
t1_h06pi9d,0.7761194029850746,0.6567164179104478,4.835820895522388,5.5047512729288615
t1_hmz0f2y,0.8571428571428571,0.7857142857142857,4.339285714285714,5.450212064914751
t1_g42zunj,0.9230769230769231,0.8846153846153846,4.153846153846154,4.517559429596341
t1_i0dmnb4,0.9629629629629629,0.9259259259259259,4.7407407407407405,4.680813428089397
t1_e883cog,0.6865671641791045,0.5373134328358209,4.641791044776119,5.2129360642080655
t1_dti8p7y,0.688,0.544,4.96,6.1163378089230225
t1_dzmds96,0.7719298245614035,0.6140350877192983,3.9473684210526314,5.280086943913388
t1_fv21p9l,0.7804878048780488,0.6585365853658537,3.8292682926829267,4.812075712505881
t1_fdeipbs,0.7777777777777778,0.6444444444444445,4.377777777777778,4.9504191412941125
t1_f3cypbj,0.7093023255813954,0.5697674418604651,5.046511627906977,5.664336993826163
t1_ftewg90,0.8918918918918919,0.8108108108108109,4.621621621621622,4.972834784489399
t1_gikr5s8,0.8888888888888888,0.8055555555555556,5.138888888888889,4.926733681937769
t1_hfplmnc,0.735632183908046,0.5632183908045977,4.425287356321839,5.839158150871933
t1_i4x9bob,0.7391304347826086,0.6521739130434783,4.782608695652174,3.7622673906514947
t1_k6hj02m,0.6756756756756757,0.5135135135135135,4.738738738738738,5.9369629664426045
t1_ey24zvr,0.868421052631579,0.8157894736842105,4.947368421052632,4.889779079905777
t1_d80n210,0.9,0.8,4.75,4.1219280948873624
t1_g9cyavj,0.8,0.66,5.24,5.188758439731457
t1_ipzauyc,0.6721311475409836,0.5081967213114754,4.598360655737705,6.092371149550648
t1_f5fifnj,0.8108108108108109,0.6756756756756757,4.378378378378378,4.7902702574039004
t1_hf5t4hb,0.851063829787234,0.7446808510638298,4.276595744680851,5.22459363881962
t1_f0svg0c,0.8709677419354839,0.7741935483870968,4.580645161290323,4.6717805845106355
t1_jiq3a2m,0.7708333333333334,0.6041666666666666,4.958333333333333,5.069235677759421
t1_f2u9ls0,0.8043478260869565,0.6956521739130435,3.8260869565217392,5.055958151615121
t1_k15rdjt,0.7755102040816326,0.6530612244897959,4.8979591836734695,5.051247793616498
t1_eh5x2lw,0.7397260273972602,0.5616438356164384,3.73972602739726,5.600515654651886
t1_hemumpw,0.8918918918918919,0.8378378378378378,5.513513513513513,4.939183095358683
t1_h1zw81r,0.868421052631579,0.7894736842105263,5.078947368421052,4.932138039759377
t1_k3boexm,0.6617647058823529,0.5,4.25,6.172612544008337
t1_d3wpt1f,0.7171717171717171,0.5656565656565656,4.515151515151516,5.906873918712643
t1_kdebbqr,0.626984126984127,0.4523809523809524,5.555555555555555,6.03388292793946
t1_fw8gonu,0.7831325301204819,0.6385542168674698,4.36144578313253,5.870529756877928
t1_h9yc5oo,0.9032258064516129,0.8387096774193549,4.806451612903226,4.7362967135428935
t1_gt6dvdh,0.7906976744186046,0.6511627906976745,5.023255813953488,4.9435929523262025
t1_gujnisz,0.6428571428571429,0.47619047619047616,5.238095238095238,5.988641629608744
t1_g2kw636,0.7857142857142857,0.6285714285714286,3.9714285714285715,5.657575159678487
t1_dzrzb8g,0.8611111111111112,0.7777777777777778,4.194444444444445,4.850209029099895
t1_hwj7wl1,0.7727272727272727,0.6136363636363636,4.909090909090909,4.942275084497218
t1_hski6zz,0.9285714285714286,0.8571428571428571,4.190476190476191,5.249460279921619
t1_i2fop1x,0.6875,0.4791666666666667,3.9583333333333335,4.871115365169273
t1_fvedfcd,0.8095238095238095,0.6666666666666666,4.404761904761905,4.975418017913834
t1_jrjzkdh,0.6962025316455697,0.5569620253164557,4.569620253164557,5.5063919069151925
t1_e1h0zy9,0.8823529411764706,0.803921568627451,4.96078431372549,5.397915538049931
t1_faejhk5,1.0,1.0,5.793103448275862,4.857980995127571
t1_gcga1cd,0.8666666666666667,0.7555555555555555,4.866666666666666,5.2084111518371525
t1_ipkdlct,0.7230769230769231,0.5538461538461539,4.969230769230769,5.372142236005528
t1_gtj4jeh,0.6186440677966102,0.4661016949152542,4.813559322033898,5.819930418715586
t1_k5lhv4u,0.9354838709677419,0.8709677419354839,4.516129032258065,4.825164052322361
t1_g05yfv5,0.8,0.6545454545454545,5.2,5.340184031588468
t1_gxd3zbv,0.6875,0.5546875,4.4609375,6.136364551218874
t1_g4dxixb,0.8372093023255814,0.6976744186046512,4.534883720930233,5.083127836047133
t1_ht55bo5,0.7564102564102564,0.6666666666666666,4.935897435897436,5.557274173740827
t1_k81myby,0.9032258064516129,0.8387096774193549,4.774193548387097,4.7362967135428935
t1_gs8wgm8,0.7272727272727273,0.6103896103896104,4.402597402597403,5.5199063458335145
t1_hkbn7wp,0.8153846153846154,0.6615384615384615,4.923076923076923,5.629909736038812
t1_gkz3cf9,0.8529411764705882,0.7058823529411765,4.029411764705882,4.793345194191515
t1_gqvpjzf,0.9230769230769231,0.8461538461538461,5.3076923076923075,4.546593564294937
t1_gyfy9o3,0.7704918032786885,0.6065573770491803,4.901639344262295,5.400171305159599
t1_ebjkudb,0.8333333333333334,0.6944444444444444,4.333333333333333,4.815622570826658
t1_he8n2o9,0.7931034482758621,0.6896551724137931,4.5344827586206895,5.314709012294348
t1_gxef726,0.7128712871287128,0.5643564356435643,5.138613861386139,5.955047621279963
t1_hm9v7ew,0.7258064516129032,0.5483870967741935,4.870967741935484,5.30315553657074
t1_kb7rmop,0.7464788732394366,0.6056338028169014,4.830985915492958,5.512855838534628
t1_esbfdmm,0.7684210526315789,0.6,4.621052631578947,6.0448629453738185
t1_glbv7kn,0.9642857142857143,0.9285714285714286,3.892857142857143,4.735926350629034
t1_ectely3,0.6694915254237288,0.5169491525423728,4.508474576271187,5.984717227512672
t1_e3xhzij,1.0,1.0,5.774193548387097,4.954196310386877
t1_gu6etka,0.6390977443609023,0.5037593984962406,4.518796992481203,5.997755715352184
t1_geex7jn,0.8163265306122449,0.7142857142857143,4.163265306122449,5.158290905817244
t1_hhagjqv,0.7386363636363636,0.6136363636363636,4.715909090909091,5.7846125506230495
t1_j1i3asa,0.7391304347826086,0.5978260869565217,4.989130434782608,5.869877548585091
t1_dyp9yp5,0.8266666666666667,0.72,4.213333333333333,5.79862319040935
t1_g4gn8jp,0.7708333333333334,0.5833333333333334,4.604166666666667,5.095175521464348
t1_d02ig4q,0.7272727272727273,0.5909090909090909,5.378787878787879,5.313111354108605
t1_gqxrx4v,0.7142857142857143,0.5844155844155844,4.467532467532467,5.515172216267277
t1_gvq98f5,0.8135593220338984,0.711864406779661,5.423728813559322,5.422991939552282
t1_cyjecij,0.9629629629629629,0.9259259259259259,4.7407407407407405,4.6808134280893965
t1_ezvfwos,0.8571428571428571,0.7857142857142857,3.9642857142857144,4.450212064914748
t1_gtb8z1h,0.7,0.5166666666666667,4.2,5.180063254367904
t1_gsyxdg2,0.6691729323308271,0.518796992481203,4.7293233082706765,6.169639954735625
t1_gy974t6,0.9032258064516129,0.8064516129032258,4.580645161290323,4.760647923290102
t1_hm2kviq,0.84375,0.78125,4.40625,4.601409765557392
t1_eb8kg9c,0.61,0.43,4.08,5.580050785698695
t1_dtxxenf,0.95,0.9,4.05,4.221928094887362
t1_jkhl847,0.7596899224806202,0.627906976744186,4.961240310077519,6.307252496406706
t1_kalwq0n,0.7341772151898734,0.6329113924050633,5.0886075949367084,5.477398311276543
t1_f6xoluu,0.9024390243902439,0.8048780487804879,5.048780487804878,5.16243005339857
t1_hnmdjna,0.7954545454545454,0.5909090909090909,4.545454545454546,5.050340709546386
t1_gsypms1,0.7128712871287128,0.594059405940594,4.930693069306931,5.802170693033201
t1_erkidj3,0.7755102040816326,0.6326530612244898,4.26530612244898,5.076658252756019
t1_j7adew8,0.8222222222222222,0.7111111111111111,4.133333333333334,5.056083308008856
t1_fxgzjf4,0.6933333333333334,0.49333333333333335,3.9066666666666667,5.517030984025829
t1_k6jr8br,0.8372093023255814,0.7209302325581395,5.209302325581396,5.054171731446284
t1_fo1y19x,0.8857142857142857,0.8,4.371428571428571,4.8791433740260075
t1_jlyonlf,0.7638888888888888,0.6527777777777778,4.569444444444445,5.527360244407726
t1_f0p1o62,0.7444444444444445,0.6222222222222222,4.222222222222222,5.79439865262781
t1_gxidrll,0.9107142857142857,0.8214285714285714,5.125,5.62878349348618
t1_focsyf4,0.8360655737704918,0.7049180327868853,4.983606557377049,5.578118075196867
t1_kagh2v3,0.6470588235294118,0.49019607843137253,4.686274509803922,5.717679479370967
t1_jp33i3e,0.7916666666666666,0.6666666666666666,4.472222222222222,5.655764584655456
t1_ja8p06t,0.6991150442477876,0.5752212389380531,4.592920353982301,5.988203135261705
t1_gvttaco,0.7,0.56,4.78,4.835728750643392
t1_gx3ts6a,0.7326732673267327,0.594059405940594,5.01980198019802,5.944767359870894
t1_kbfz7db,0.8529411764705882,0.7352941176470589,4.5588235294117645,4.7711426205984715
t1_gcib42a,0.7868852459016393,0.6229508196721312,4.885245901639344,5.467382214505662
t1_jmlqmja,0.8292682926829268,0.6829268292682927,4.975609756097561,4.997676699687266
t1_cxzpuf8,0.75,0.5909090909090909,4.840909090909091,4.879664004902593
t1_eckf9dw,0.8269230769230769,0.6923076923076923,5.0,5.315824333525709
t1_jhp6nck,0.9166666666666666,0.8333333333333334,4.666666666666667,4.418295834054489
t1_jrfma0j,0.6201550387596899,0.4496124031007752,4.341085271317829,6.0103776712309624
t1_jed2439,0.7297297297297297,0.6216216216216216,4.405405405405405,4.3986425548181405
t1_jps02h7,0.8360655737704918,0.7049180327868853,5.016393442622951,5.570081599857966
t1_gb0jiyd,0.8,0.66,5.04,5.198562939644918
t1_kc8d495,0.896551724137931,0.8275862068965517,5.275862068965517,4.625053839880556
t1_f7hgu94,0.7076923076923077,0.5384615384615384,4.984615384615385,5.3373012743672135
t1_gtac1ez,0.7525773195876289,0.5876288659793815,4.876288659793815,6.032700986427818
t1_dwgcfzk,0.7586206896551724,0.5862068965517241,4.620689655172414,4.306256857196538
t1_e399gka,0.8787878787878788,0.7575757575757576,5.0606060606060606,4.801969876934213
t1_efj54fr,0.84,0.7,4.36,5.308758439731458
t1_h449by9,0.71,0.57,4.2,5.88120956470983
t1_j8ym8ul,0.7678571428571429,0.6071428571428571,4.696428571428571,5.280394654123198
t1_fqwpjkz,0.7283950617283951,0.5555555555555556,5.098765432098766,5.7160311755638675
t1_emy2ftc,0.75,0.5714285714285714,4.535714285714286,4.253434386188785
t1_i2rjywd,0.96,0.92,4.64,4.5638561897747225
t1_d2dye9q,0.7659574468085106,0.6382978723404256,4.382978723404255,4.977580011703942
t1_dum7d2m,0.8888888888888888,0.8055555555555556,4.166666666666667,4.92673368193777
t1_e7b4py7,0.7608695652173914,0.6304347826086957,4.021739130434782,4.909112771133307
t1_fz31bwt,0.8148148148148148,0.7037037037037037,4.796296296296297,5.319521298379635
t1_jbabwz3,0.8269230769230769,0.6923076923076923,4.634615384615385,5.325251737288653
t1_izgweld,0.7466666666666667,0.5866666666666667,5.306666666666667,5.62722648411237
t1_ihsfua1,0.6111111111111112,0.4,3.7777777777777777,5.466977196801585
t1_irakgku,0.7166666666666667,0.5666666666666667,4.4,5.175652212593064
t1_hlfwh82,0.9,0.8,5.233333333333333,4.706890595608519
t1_grzeb38,0.7142857142857143,0.5238095238095238,5.349206349206349,5.318394605970919
t1_ept96pu,0.8857142857142857,0.8,4.9714285714285715,4.8791433740260075
t1_e2zok2d,0.7027027027027027,0.5405405405405406,4.027027027027027,5.481422244265072
t1_eidgfk0,0.7538461538461538,0.5846153846153846,4.3538461538461535,5.464449928313219
t1_fo5ioe5,1.0,1.0,4.666666666666667,4.169925001442312
t1_gnq5dca,0.6451612903225806,0.4946236559139785,4.946236559139785,5.5145973862140085
t1_jntyhkd,0.7804878048780488,0.6097560975609756,3.8780487804878048,4.88170383378084
t1_kb75zqy,0.8518518518518519,0.7777777777777778,5.185185185185185,4.402673613114325
t1_gt2seyp,0.6379310344827587,0.5,4.758620689655173,5.7795375917178635
t1_gl44zio,0.6587301587301587,0.49206349206349204,4.5,6.070290439869018
t1_k6ntofu,0.7310924369747899,0.5798319327731093,4.890756302521009,6.224661410687317
t1_jmiosd4,0.7358490566037735,0.5471698113207547,4.754716981132075,5.133396397877783
t1_jiykl4j,0.7176470588235294,0.5764705882352941,5.6,5.663203618899816
t1_hfwvtpq,0.7808219178082192,0.6712328767123288,4.945205479452055,5.627912914925863
t1_he6bn4n,0.7931034482758621,0.6896551724137931,4.5344827586206895,5.314709012294348
t1_etn0b69,0.8387096774193549,0.7096774193548387,4.32258064516129,4.607264455478377
t1_h0ye9qi,0.6486486486486487,0.43243243243243246,7.5675675675675675,4.378240189894804
t1_gan0868,0.8888888888888888,0.8148148148148148,4.222222222222222,4.504706483564823
t1_gt74hev,0.6357142857142857,0.4785714285714286,4.714285714285714,6.122783978226512
t1_iu9muqj,0.6870229007633588,0.5343511450381679,4.00763358778626,6.201409883524544
t1_gc26su3,0.68,0.44,4.32,3.9238561897747237
t1_h318su7,0.8,0.676923076923077,4.476923076923077,5.543607574893631
t1_fljzt9i,0.7238095238095238,0.6095238095238096,5.2,5.902014922283789
t1_gt3fxpx,0.625,0.4017857142857143,5.008928571428571,5.925265747776605
t1_harqy6m,0.6976744186046512,0.4883720930232558,4.058139534883721,5.7243516386951185
t1_fm77oyh,0.7555555555555555,0.5555555555555556,3.6444444444444444,4.969413651789075
t1_e5n8kzl,0.8809523809523809,0.7857142857142857,4.4523809523809526,5.136248672727251
t1_cjo20mz,0.7166666666666667,0.5166666666666667,4.05,5.269146220500344
t1_eflzkl3,0.8387096774193549,0.7096774193548387,4.129032258064516,5.607264455478377
t1_e89lu01,0.8636363636363636,0.7272727272727273,4.590909090909091,4.186704345910024
t1_h1r6rek,0.9354838709677419,0.8709677419354839,4.032258064516129,4.825164052322361
t1_ds2aqxf,0.9333333333333333,0.8666666666666667,3.933333333333333,4.773557262275186
t1_exfcuka,0.8285714285714286,0.7142857142857143,4.542857142857143,4.729283016944964
t1_gzfgt65,0.7532467532467533,0.5844155844155844,4.701298701298701,5.7080910860370615
t1_ikhrlnu,0.8431372549019608,0.7058823529411765,4.9411764705882355,5.343898136046724
t1_hgdtk8u,0.8367346938775511,0.6938775510204082,4.816326530612245,5.272773364479219
t1_j6i85t6,0.6190476190476191,0.47619047619047616,5.103174603174603,5.896169530764273
t1_dxbfss4,0.7534246575342466,0.6027397260273972,5.383561643835616,5.5901747299647155
t1_kanb5fh,0.8392857142857143,0.7142857142857143,5.196428571428571,5.4502120649147505
t1_dflctcf,0.8,0.65,4.85,5.469146220500344
t1_f09c3oc,0.896551724137931,0.7931034482758621,4.448275862068965,4.651084443403434
t1_k26rhnv,0.8421052631578947,0.7368421052631579,4.9298245614035086,5.4687691807934495
t1_e7b5gu4,0.8461538461538461,0.7435897435897436,4.666666666666667,4.926427859887888
t1_ey5lll2,0.90625,0.84375,5.03125,4.788909765557392
t1_iahxfuq,0.6056338028169014,0.4507042253521127,4.683098591549296,5.912221589373588
t1_g85z8sl,0.9259259259259259,0.8518518518518519,5.296296296296297,4.606739354015323
t1_gjn25g8,0.7735849056603774,0.6037735849056604,4.90566037735849,5.223111256409169
t1_gsihpsd,0.6989247311827957,0.5483870967741935,4.548387096774194,5.739540230714481
t1_fc4m35f,0.8,0.6,5.48,4.243856189774723
t1_fkasum1,0.7407407407407407,0.6296296296296297,5.074074074074074,5.027829633110875
t1_d2odas9,0.8157894736842105,0.6842105263157895,4.921052631578948,4.83977553964551
t1_igad9lf,0.6444444444444445,0.4666666666666667,4.518518518518518,6.112425128218042
t1_fvpox2v,0.7708333333333334,0.6041666666666666,4.5625,5.0514283241703914
t1_eevt1h1,0.9333333333333333,0.8666666666666667,5.4,4.773557262275186
t1_dwr2hul,0.8695652173913043,0.782608695652174,4.326086956521739,5.229871195093382
t1_dwkdz1y,0.9,0.8,4.966666666666667,4.706890595608519
t1_jd4e1rk,0.9069767441860465,0.8372093023255814,5.441860465116279,5.2226627197680635
t1_fdlf58l,0.7575757575757576,0.6363636363636364,4.484848484848484,4.427287210976628
t1_ibr3h5a,0.7580645161290323,0.5967741935483871,4.725806451612903,5.409447318276916
t1_hgvmqv5,0.6825396825396826,0.4603174603174603,4.2063492063492065,5.249116384120121
t1_et51gb7,0.9090909090909091,0.8181818181818182,5.151515151515151,4.8625759375402735
t1_f76px00,0.8888888888888888,0.7777777777777778,4.388888888888889,4.947702779220088
t1_ezaowcf,0.9473684210526315,0.8947368421052632,4.473684210526316,4.142664355548846
t1_gboo7yh,0.9117647058823529,0.8529411764705882,3.9411764705882355,4.8887896794220005
t1_gx32dqr,0.75,0.6428571428571429,4.232142857142857,5.146291529045931
t1_g3qutf6,0.7777777777777778,0.6527777777777778,4.402777777777778,5.614728217400134
t1_dx73xym,0.7017543859649122,0.5263157894736842,4.5964912280701755,6.0939529005022255
t1_hqg51cm,0.8372093023255814,0.6976744186046512,4.1395348837209305,5.083127836047133
t1_e3g2hoq,0.95,0.9,5.4,4.221928094887362
t1_d1z72ut,0.8541666666666666,0.7291666666666666,4.8125,5.277569011092754
t1_dtiyukh,0.7534246575342466,0.6438356164383562,4.945205479452055,5.552436545003575
t1_f7mhfqg,0.9259259259259259,0.8518518518518519,4.185185185185185,4.606739354015323
t1_hx89t3m,0.7547169811320755,0.5660377358490566,4.0754716981132075,5.185375407352566
t1_ji5zu3o,0.6785714285714286,0.48214285714285715,5.196428571428571,5.0373653599368255
t1_jgjssv9,0.7941176470588235,0.6470588235294118,4.529411764705882,4.616874605956221
t1_ecqh23r,0.8974358974358975,0.7948717948717948,4.153846153846154,5.0802740137340425
t1_ex6ypyb,0.7333333333333333,0.5466666666666666,4.466666666666667,5.622021690438194
t1_jy114yn,0.8125,0.625,4.46875,4.625
t1_fz2nnut,0.6904761904761905,0.5714285714285714,4.238095238095238,5.499227541723357
t1_gmr24ws,0.9473684210526315,0.8947368421052632,5.894736842105263,4.142664355548846
t1_dzus7a9,0.696969696969697,0.5454545454545454,4.454545454545454,4.2831997109110675
t1_jifup35,0.7755102040816326,0.6530612244897959,4.653061224489796,5.068691731826158
t1_fpt23gw,0.9130434782608695,0.8260869565217391,5.608695652173913,4.349648912578752
t1_k5jqdng,0.6277372262773723,0.4233576642335766,4.817518248175182,6.152893809563699
t1_dpzhppp,0.90625,0.84375,4.5,4.788909765557392
t1_h8ogbzf,0.7236842105263158,0.5789473684210527,4.5,5.550301855434985
t1_jfjyadp,0.8260869565217391,0.6739130434782609,4.434782608695652,5.15932527122737
t1_gisxy30,0.8333333333333334,0.7222222222222222,4.444444444444445,5.354708974859083
t1_jumir45,0.64,0.44,4.613333333333333,5.357030984025828
t1_e40u5hk,0.6,0.416,4.656,5.89373473815774
t1_gv28ztq,0.868421052631579,0.7894736842105263,4.578947368421052,4.932138039759376
t1_jgu3je5,0.7070707070707071,0.5454545454545454,4.0,5.870574645546648
t1_i6ez2cw,0.7282608695652174,0.5434782608695652,5.163043478260869,5.894493445394769
t1_g3w6y6w,0.76,0.5866666666666667,4.64,5.6919565237426815
t1_dicooxf,0.9393939393939394,0.8787878787878788,4.393939393939394,4.923181998146335
t1_cxcwsmw,0.875,0.75,4.15625,4.75
t1_dp8dh7l,0.896551724137931,0.8275862068965517,4.620689655172414,4.625053839880556
t1_ffvb5pr,0.8297872340425532,0.723404255319149,4.787234042553192,5.15554869205714
t1_gxoevwy,0.7464788732394366,0.6056338028169014,4.408450704225352,5.512855838534627
t1_ir19bs6,0.8372093023255814,0.7209302325581395,4.488372093023256,5.065572312741006
t1_fqcjsnr,0.7613636363636364,0.625,5.045454545454546,5.876656476419754
t1_epiu9zy,0.7272727272727273,0.5818181818181818,4.945454545454545,5.060423632535507
t1_gtgrxs3,0.6875,0.5546875,4.0234375,6.145311793622987
t1_hy1qqxs,0.84,0.72,4.46,5.293660689688188
t1_g4am6if,0.9090909090909091,0.8181818181818182,4.7272727272727275,4.8625759375402735
t1_howxfds,0.85,0.7333333333333333,4.65,5.581727678869735
t1_hoo8yfv,0.851063829787234,0.7659574468085106,5.297872340425532,5.198101883546502
t1_hg0kkuj,0.8202247191011236,0.7078651685393258,4.719101123595506,6.054275284850374
t1_hg0l84c,0.8202247191011236,0.7078651685393258,4.719101123595506,6.054275284850374
t1_hlc3hbc,0.7906976744186046,0.6511627906976745,3.558139534883721,4.954993533620925
t1_gc8g0tz,0.88,0.8,4.24,4.373660689688184
t1_eg7vw9d,0.9354838709677419,0.8709677419354839,4.129032258064516,4.825164052322361
t1_k3rq183,0.6744186046511628,0.5503875968992248,4.75968992248062,6.0249284227316275
t1_eu5tt7g,0.92,0.84,4.04,4.4838561897747224
t1_hf6t852,0.94,0.88,4.66,5.523856189774728
t1_g0pb1bn,0.7301587301587301,0.5396825396825397,3.888888888888889,5.356336820662398
t1_jed1bk6,0.7297297297297297,0.6216216216216216,4.405405405405405,4.3986425548181405
t1_fnwt7z6,0.9230769230769231,0.8461538461538461,4.1923076923076925,4.546593564294937
t1_k2d17jz,0.7397260273972602,0.6027397260273972,4.273972602739726,5.544353113965453
t1_jikjg3s,0.7230769230769231,0.5384615384615384,4.2,5.36052858212609
t1_e2fgubo,0.8536585365853658,0.7560975609756098,4.780487804878049,5.028045297195473
t1_k7ifxz9,0.7142857142857143,0.6071428571428571,5.583333333333333,5.568969095889116
t1_ele3v9o,0.8888888888888888,0.8222222222222222,4.977777777777778,5.236080318455741
t1_gvq5mg0,0.7625,0.6375,4.5875,5.718619813556228
t1_gxklosu,0.7526881720430108,0.6344086021505376,4.709677419354839,5.9168544779797845
t1_f9b2zh8,0.7777777777777778,0.6388888888888888,4.194444444444445,4.6252127660412885
t1_emksy92,0.5208333333333334,0.1875,3.7083333333333335,4.496115365169273
t1_gufpuie,0.6846153846153846,0.5384615384615384,4.753846153846154,6.171073270717698
t1_ibj6t6i,0.868421052631579,0.7631578947368421,4.184210526315789,4.964904158123496
t1_gu8ea7e,0.7105263157894737,0.5175438596491229,5.12280701754386,6.172502185084534
t1_hm254zx,1.0,1.0,4.85,4.321928094887363
t1_dzh0psp,0.8055555555555556,0.6666666666666666,4.944444444444445,4.725480556997866
t1_fb689r5,0.5916666666666667,0.4583333333333333,4.558333333333334,5.626002288085906
t1_gyrc8hk,0.7777777777777778,0.6296296296296297,5.148148148148148,5.8087444472222245
t1_dy74uqc,0.7672413793103449,0.6551724137931034,4.905172413793103,6.240518470080661
t1_jraxqgr,0.8666666666666667,0.7333333333333333,5.533333333333333,4.640223928941852
t1_gbys40f,0.8723404255319149,0.8085106382978723,4.425531914893617,5.240655075035864
t1_e390jy4,0.6724137931034483,0.5,4.137931034482759,5.030840159764863
t1_icqh4om,0.6351351351351351,0.5,4.0,5.1681202571700116
t1_exiixvj,0.7735849056603774,0.6226415094339622,4.622641509433962,5.171132246934386
t1_jsh4nf1,0.7777777777777778,0.6388888888888888,4.944444444444445,4.648955904159992
t1_h7cx44m,0.746268656716418,0.5970149253731343,3.6417910447761193,5.445049780391548
t1_h9yc46m,0.9032258064516129,0.8387096774193549,4.806451612903226,4.7362967135428935
t1_jayge8u,0.719626168224299,0.6261682242990654,5.392523364485982,5.90950857510531
t1_eur5zb8,0.8571428571428571,0.7142857142857143,5.142857142857143,4.52164063634332
t1_hjyjayu,0.9615384615384616,0.9230769230769231,4.384615384615385,4.623516641218013
t1_ibtsakd,1.0,1.0,4.8125,5.0
t1_ew5o3zf,0.8363636363636363,0.6727272727272727,3.8727272727272726,5.454086986251929
t1_g4w3kop,0.82,0.7,4.62,5.228758439731457
t1_jf8ewsk,0.6296296296296297,0.4567901234567901,4.604938271604938,5.298881974347576
t1_gkzii57,0.8210526315789474,0.7052631578947368,5.08421052631579,6.153963239864348
t1_fzvie0m,0.9019607843137255,0.803921568627451,4.784313725490196,5.47634691059895
t1_hvdbhzd,0.7818181818181819,0.6,4.109090909090909,5.308632440797384
t1_gxc6pm7,0.7327586206896551,0.5689655172413793,4.974137931034483,6.228502115742614
t1_ea8qooq,0.7857142857142857,0.6904761904761905,4.261904761904762,4.830183125768361
t1_euqbtx8,0.9259259259259259,0.8518518518518519,4.296296296296297,4.606739354015323
t1_dsu6gea,0.7368421052631579,0.5614035087719298,4.56140350877193,5.231755584226311
t1_k2kncfb,0.696078431372549,0.5294117647058824,4.676470588235294,5.900161617136528
t1_hgnn0ca,0.6904761904761905,0.5,4.511904761904762,5.647920696433751
t1_gtqa1c4,0.8888888888888888,0.7777777777777778,3.814814814814815,4.532665279941248
t1_jdijyir,0.8918918918918919,0.7837837837837838,5.162162162162162,4.993237149412736
t1_gg1xctq,0.8333333333333334,0.6904761904761905,4.976190476190476,5.041010577489155
t1_di0tf0w,0.7424242424242424,0.5757575757575758,4.590909090909091,5.422885785894007
t1_hmkdoaj,0.673469387755102,0.5306122448979592,4.6020408163265305,5.766816130545819
t1_dvmxtkp,0.78125,0.65625,4.552083333333333,6.031199381359387
t1_gnzeau1,0.7,0.5222222222222223,5.166666666666667,5.761026012876142
t1_gti8t2s,0.6790123456790124,0.5308641975308642,4.604938271604938,5.505481991459017
t1_jyv5s36,0.8367346938775511,0.673469387755102,4.795918367346939,5.288179231870311
t1_kc4rnom,0.7575757575757576,0.6212121212121212,4.363636363636363,5.444248051563962
t1_jgd1w5c,0.5882352941176471,0.4117647058823529,5.137254901960785,5.577672862336713
t1_hr8hp7k,0.8148148148148148,0.7037037037037037,4.407407407407407,4.32859953904025
t1_kfr3rpg,0.7794117647058824,0.6470588235294118,4.0588235294117645,5.535848502951417
t1_ghx9iix,0.7010309278350515,0.5463917525773195,4.690721649484536,5.817703533105412
t1_girn761,0.79,0.65,4.66,6.161209564709832
t1_jkzy8y0,0.6455696202531646,0.46835443037974683,4.569620253164557,5.3893651664362485
t1_k41y1w0,0.6851851851851852,0.5462962962962963,4.546296296296297,5.827674858761448
t1_dv5ircm,0.696078431372549,0.5196078431372549,4.980392156862745,5.934344827117143
t1_gthr1lw,0.8490566037735849,0.6981132075471698,4.018867924528302,5.426033662110368
t1_eryh0q0,0.7543859649122807,0.631578947368421,4.964912280701754,5.180938093836138
t1_dwvwcc1,0.8297872340425532,0.7021276595744681,4.127659574468085,5.182040447330258
t1_fdozq1x,0.9354838709677419,0.8709677419354839,3.967741935483871,4.825164052322361
t1_du0xjc4,0.8409090909090909,0.75,4.340909090909091,5.078638720860853
t1_h7q6cnw,0.6867469879518072,0.4819277108433735,4.614457831325301,5.614060401723674
t1_f6p3ul1,0.8032786885245902,0.6721311475409836,4.327868852459017,5.479757419459163
t1_i3vrtci,0.8245614035087719,0.7192982456140351,4.631578947368421,5.405442154926137
t1_kei3mp6,0.9333333333333333,0.8666666666666667,5.166666666666667,4.773557262275186
t1_j0mm67k,0.7714285714285715,0.6571428571428571,4.857142857142857,5.552646902993538
t1_gru6jor,0.7530864197530864,0.6172839506172839,4.679012345679013,5.722884960279221
t1_e83mhq9,0.7297297297297297,0.5540540540540541,5.04054054054054,5.579329169911513
t1_dy393qs,0.8181818181818182,0.696969696969697,5.2727272727272725,4.620151695116031
t1_eqmd4u2,0.85,0.75,4.475,4.971928094887363
t1_hru767g,0.8529411764705882,0.7647058823529411,4.0,4.748940047005428
t1_fwa4gqt,0.8243243243243243,0.7162162162162162,4.5675675675675675,5.800471439865571
t1_jh57d37,0.9310344827586207,0.8620689655172413,5.482758620689655,4.720049960644813
t1_fed41tf,0.8260869565217391,0.7391304347826086,4.608695652173913,5.668458833928885
t1_guhjius,0.8620689655172413,0.7241379310344828,4.413793103448276,4.582118926162054
t1_gxdbfon,0.7916666666666666,0.6458333333333334,4.666666666666667,5.110902344426086
t1_grux0lh,0.7777777777777778,0.6527777777777778,5.236111111111111,5.626599786459486
t1_fdt05co,0.8148148148148148,0.7037037037037037,4.888888888888889,4.310443057719026
t1_exagppq,0.7777777777777778,0.6666666666666666,4.6,4.941744485170486
t1_cwkcalg,0.8181818181818182,0.6818181818181818,5.0227272727272725,5.0614821867207755
t1_k6u773a,0.7058823529411765,0.5294117647058824,5.367647058823529,5.34619266541848
t1_dqlmrfp,0.8857142857142857,0.7714285714285715,4.628571428571429,4.900711588373536
t1_hzw41mn,0.8837209302325582,0.813953488372093,4.511627906976744,5.15859556855496
t1_eyelvev,0.71875,0.5729166666666666,4.760416666666667,5.870075099855631
t1_diebx8y,0.8064516129032258,0.6451612903225806,4.129032258064516,4.542748326446119
t1_dzofg1a,0.8484848484848485,0.7272727272727273,4.787878787878788,4.718488437474714
t1_gbsfufc,0.8363636363636363,0.7090909090909091,4.6,5.4266365316278025
t1_iv7fmry,0.7529411764705882,0.611764705882353,4.847058823529411,5.803697483721658
t1_ivaf0yr,0.6363636363636364,0.48760330578512395,4.413223140495868,5.892477177006601
t1_gxljkuk,0.868421052631579,0.7894736842105263,4.657894736842105,4.932138039759377
t1_hvaeb40,0.9090909090909091,0.8181818181818182,5.090909090909091,4.8625759375402735
t1_eutiq8t,0.6608695652173913,0.48695652173913045,4.678260869565217,5.936764020822489
t1_h17bkg7,0.7671232876712328,0.6301369863013698,4.657534246575342,5.633260305687001
t1_hl44mw5,0.7123287671232876,0.5342465753424658,4.424657534246576,5.499899518104678
t1_e09yucu,0.9142857142857143,0.8285714285714286,4.628571428571429,4.957854445516392
t1_inm8hm3,0.7142857142857143,0.5357142857142857,3.9107142857142856,5.1375375112660535
t1_hhtd880,0.8363636363636363,0.7636363636363637,5.254545454545455,5.340184031588467
t1_gxd9iny,0.7567567567567568,0.6486486486486487,4.45945945945946,5.577979636531649
t1_erojsmh,0.74,0.56,4.32,5.053660689688188
t1_f5x3kqq,0.7297297297297297,0.5675675675675675,4.513513513513513,4.55095260950462
t1_huihxt7,0.9714285714285714,0.9428571428571428,4.8,5.072140159802107
t1_ino5ury,0.7619047619047619,0.6031746031746031,4.587301587301587,5.401650359904833
t1_iukf0bt,0.8888888888888888,0.7777777777777778,4.925925925925926,4.532665279941249
t1_gny9w6i,0.7647058823529411,0.6470588235294118,4.823529411764706,5.491443355765331
t1_euffflx,0.7741935483870968,0.6516129032258065,4.664516129032258,6.706571663742031
t1_ekzj0w3,1.0,1.0,4.5,4.169925001442312
t1_dv52oyg,0.624113475177305,0.49645390070921985,4.943262411347518,5.906436896714386
t1_e4xcv8h,0.6902654867256637,0.5398230088495575,4.619469026548672,6.007669780750375
t1_ialtcxq,0.7222222222222222,0.5277777777777778,3.9444444444444446,4.5378447930488806
t1_fsxo0dp,0.9642857142857143,0.9285714285714286,4.142857142857143,4.735926350629034
t1_kak50al,0.75,0.5795454545454546,5.136363636363637,5.8688160680573365
t1_gw2t76k,0.5774647887323944,0.4084507042253521,3.711267605633803,5.932480612952282
t1_j468enl,0.7682926829268293,0.6585365853658537,4.634146341463414,5.773719041436046
t1_hg0kqc9,0.8202247191011236,0.7078651685393258,4.719101123595506,6.054275284850374
t1_gvdyqti,0.7808219178082192,0.6301369863013698,5.315068493150685,5.693048360160978
t1_fnpdxah,1.0,1.0,5.333333333333333,4.584962500721156
t1_kde6dk3,0.7121212121212122,0.5606060606060606,4.287878787878788,5.22660368828214
t1_enhapvn,0.7758620689655172,0.6379310344827587,3.9482758620689653,5.336176469153599
t1_ex53tdk,0.8888888888888888,0.8148148148148148,4.333333333333333,4.504706483564823
t1_inbwxt1,0.875,0.75,5.3,5.071928094887363
t1_j5ucj88,0.7076923076923077,0.5384615384615384,4.015384615384615,5.309067382619221
t1_gvdk1rj,0.6697247706422018,0.5137614678899083,4.944954128440367,5.862945476491993
t1_h87wuuf,0.8125,0.7083333333333334,4.895833333333333,5.119034834541987
t1_i93tc96,0.851063829787234,0.7021276595744681,5.659574468085107,5.256716511252108
t1_ezu2gtr,0.7906976744186046,0.627906976744186,3.7209302325581395,4.9611484756323305
t1_gjusp8f,0.8518518518518519,0.8148148148148148,5.444444444444445,5.302917651115936
t1_gkxith8,0.735632183908046,0.5747126436781609,5.114942528735632,5.824846512965766
t1_ffurfu0,0.8823529411764706,0.7941176470588235,5.0588235294117645,4.829966150010236
t1_gvdybd6,0.6125,0.4125,3.9,5.338540164099146
t1_exiozm7,0.8571428571428571,0.75,4.892857142857143,4.49468036840891
t1_gxbc5d7,0.6936936936936937,0.6036036036036037,5.063063063063063,5.874477722760434
t1_kfkui6e,0.825,0.7,4.275,4.93418371977919
t1_e3f3qay,0.8421052631578947,0.7105263157894737,4.473684210526316,4.912272579176128
t1_fvy5ilb,0.7378640776699029,0.6213592233009708,5.223300970873787,5.953646707228238
t1_jlgd7c0,0.8085106382978723,0.6595744680851063,4.659574468085107,5.139487255840896
t1_gyl5nvu,0.78125,0.6458333333333334,4.520833333333333,6.060332000964907
t1_johr9g7,0.9666666666666667,0.9333333333333333,4.166666666666667,4.840223928941852
t1_emy97tj,0.8723404255319149,0.7446808510638298,4.74468085106383,5.29926970274147
t1_e43isyj,0.8076923076923077,0.7307692307692307,4.884615384615385,4.176992007585829
t1_j98wv86,0.8,0.6545454545454545,4.527272727272727,5.340184031588468
t1_dk4f13q,0.84,0.68,3.92,4.323856189774723
t1_jbid49b,0.6986301369863014,0.5205479452054794,5.054794520547945,5.462161333143534
t1_h9ybqe7,0.9032258064516129,0.8387096774193549,4.806451612903226,4.7362967135428935
t1_k9lz1kz,0.8070175438596491,0.6666666666666666,4.649122807017544,5.398593742196957
t1_h5nxa6r,0.7232142857142857,0.5803571428571429,4.928571428571429,6.105308578458572
t1_hfszr26,0.76,0.5866666666666667,4.386666666666667,5.680559817445702
t1_imwd43s,0.8205128205128205,0.6923076923076923,5.333333333333333,4.887715680289762
t1_g1gtskh,0.9444444444444444,0.8888888888888888,5.472222222222222,5.058813890331199
t1_fvvwmd7,0.693069306930693,0.5841584158415841,5.207920792079208,5.687638054474089
t1_jeh92lw,0.7142857142857143,0.5428571428571428,3.7714285714285714,4.433153646184956
t1_gxljv68,0.8392857142857143,0.7321428571428571,5.25,5.436731930947546
t1_e2tgn2x,0.8974358974358975,0.8461538461538461,4.076923076923077,5.041561834135916
t1_ecqu4ne,0.8604651162790697,0.7209302325581395,4.511627906976744,5.147194987260237
t1_j5sxio3,0.7395833333333334,0.5729166666666666,3.90625,5.960231579356189
t1_gqurlxb,0.8260869565217391,0.782608695652174,4.956521739130435,4.018794978907587
t1_ijn6u4f,0.6810344827586207,0.5258620689655172,5.344827586206897,5.9672627836409085
t1_gxd8kq4,0.7317073170731707,0.5609756097560976,4.158536585365853,5.724938553631167
t1_dl1jd31,0.6666666666666666,0.5268817204301075,4.946236559139785,5.592329644997161
t1_h5w43gd,0.8653846153846154,0.75,5.173076923076923,5.416691881561028
t1_immj2qa,0.7619047619047619,0.6190476190476191,4.253968253968254,5.3818866694629826
t1_e0qho6h,0.8333333333333334,0.6666666666666666,4.25,4.836591668108977
t1_geasb34,0.8148148148148148,0.6666666666666666,4.296296296296297,4.3565583354166755
t1_etbyfam,0.8620689655172413,0.7758620689655172,4.844827586206897,5.5346208657799245
t1_ebmj8s4,0.7291666666666666,0.5416666666666666,3.9375,4.970175521464348
t1_fyqgpgd,0.9705882352941176,0.9411764705882353,4.205882352941177,5.028639311838574
t1_kc0ct8j,0.9047619047619048,0.8571428571428571,5.238095238095238,4.165894208390023
t1_hadbv5m,0.9,0.825,4.1,5.103055907333276
t1_iwx22z4,0.9459459459459459,0.8918918918918919,4.945945945945946,5.101345257520845
t1_f0nkl9e,0.8333333333333334,0.6944444444444444,4.638888888888889,4.815622570826658
t1_dwjes1m,0.8723404255319149,0.7659574468085106,4.702127659574468,5.283208266525225
t1_ivl20c7,0.7536231884057971,0.5797101449275363,4.550724637681159,5.553964130597146
t1_i04pj4v,0.7808219178082192,0.7123287671232876,4.589041095890411,5.453188428594855
t1_g4rvc89,0.9259259259259259,0.8888888888888888,4.888888888888889,4.578780557638898
t1_ii89k89,0.8275862068965517,0.7758620689655172,4.413793103448276,5.346748504534412
t1_heawbke,0.7733333333333333,0.6266666666666667,4.266666666666667,5.681891357047167
t1_dzs76tc,0.7391304347826086,0.5869565217391305,4.913043478260869,4.87987411965621
t1_f15yxil,0.782608695652174,0.5652173913043478,5.0,4.088779347361362
t1_eya796u,0.8620689655172413,0.7586206896551724,5.931034482758621,4.556088322639176
t1_e4j7j75,0.8055555555555556,0.6944444444444444,4.152777777777778,5.711320140211013
t1_gyh4731,0.6825396825396826,0.47619047619047616,5.142857142857143,5.2371340428159385
t1_iun9i9t,0.8064516129032258,0.6774193548387096,4.741935483870968,4.50258340716107
t1_ejflalz,0.7236842105263158,0.5789473684210527,5.118421052631579,5.554124145638319
t1_j8pkpz4,0.918918918918919,0.8378378378378378,4.216216216216216,5.047291203466791
t1_gnlf1w7,0.7272727272727273,0.6022727272727273,4.988636363636363,5.724533499738926
t1_ib9fbnv,0.7586206896551724,0.5689655172413793,3.6724137931034484,5.336176469153599
t1_jgmt9vw,0.6545454545454545,0.509090909090909,4.1454545454545455,4.860828977468463
t1_gzq4qbj,0.7804878048780488,0.5853658536585366,4.463414634146342,4.90011572407751
t1_ef7tvwt,0.7307692307692307,0.5897435897435898,4.551282051282051,5.594706026799084
t1_gd3a1im,0.6666666666666666,0.49122807017543857,4.2631578947368425,4.970411778046666
t1_g9t3m81,0.896551724137931,0.8275862068965517,4.0344827586206895,4.625053839880556
t1_f7avfmg,0.765625,0.640625,4.5625,5.412349367586925
t1_ja7zgep,0.7123287671232876,0.5616438356164384,4.205479452054795,5.463529353282025
t1_dk957s4,0.875,0.7916666666666666,5.166666666666667,5.303508854797682
t1_f8e75di,0.6829268292682927,0.5487804878048781,4.439024390243903,6.4650044653196534
t1_h6g00li,0.9583333333333334,0.9166666666666666,4.791666666666667,4.501629167387823
t1_kb88zba,0.7794117647058824,0.6470588235294118,5.073529411764706,5.55989956211906
t1_gq4m4c7,0.8863636363636364,0.7727272727272727,4.136363636363637,5.232158891364568
t1_g6wzgf1,0.7625,0.5875,4.525,5.793619813556228
t1_kefz79c,0.7931034482758621,0.6896551724137931,4.103448275862069,4.349191770915039
t1_i0slrpz,0.7714285714285715,0.6142857142857143,4.571428571428571,5.592002438738729
t1_hfpavwq,0.7064220183486238,0.5504587155963303,4.348623853211009,6.024738797807586
t1_hxsn67q,1.0,1.0,6.0,4.39231742277876
t1_eo9w9jc,0.7586206896551724,0.6379310344827587,4.362068965517241,5.217269625149465
t1_gsih0dt,0.9047619047619048,0.8095238095238095,5.0,5.201841232302572
t1_guorbi1,0.8055555555555556,0.6805555555555556,4.458333333333333,5.70993311979282
t1_duz6xqn,0.7052631578947368,0.5789473684210527,4.4526315789473685,5.796951166591783
t1_e2momt5,0.7291666666666666,0.6041666666666666,4.25,4.8771673246578855
t1_heaw6an,0.7733333333333333,0.6266666666666667,4.266666666666667,5.681891357047167
t1_dp0t655,0.8166666666666667,0.6833333333333333,4.15,5.502479553833678
t1_itq73rp,0.8181818181818182,0.6666666666666666,5.666666666666667,4.657882376868653
t1_eclxulv,0.8333333333333334,0.7619047619047619,5.0476190476190474,4.927798970294787
t1_htwwxhl,0.7894736842105263,0.5789473684210527,4.2368421052631575,4.826874881864639
t1_glu1ikf,0.7833333333333333,0.6833333333333333,4.033333333333333,5.3406544547579
t1_i6p1fbq,0.7586206896551724,0.632183908045977,4.563218390804598,5.823698633998987
t1_gg5vpo2,0.8378378378378378,0.6756756756756757,4.972972972972973,4.885129041304629
t1_hh1czm0,0.746031746031746,0.5873015873015873,5.714285714285714,5.368319161966581
t1_j43ifsc,0.7272727272727273,0.6363636363636364,4.621212121212121,5.244835029461991
t1_jfuqite,0.6239316239316239,0.46153846153846156,4.333333333333333,5.863829519644437
t1_iktl5wg,0.8431372549019608,0.7058823529411765,4.490196078431373,5.343898136046725
t1_j8fn3kf,0.9615384615384616,0.9230769230769231,5.153846153846154,4.623516641218013
t1_hwfmek6,0.9166666666666666,0.8333333333333334,3.75,4.41829583405449
t1_f3118lb,0.9333333333333333,0.8666666666666667,4.666666666666667,4.773557262275186
t1_iirj3g5,0.7096774193548387,0.5887096774193549,5.185483870967742,6.169646209458283
t1_kdel1wj,0.9047619047619048,0.8095238095238095,4.523809523809524,5.201841232302572
t1_ged5j24,0.8125,0.71875,4.875,5.46875
t1_iw57k97,0.788235294117647,0.6705882352941176,4.788235294117647,5.893222665773855
t1_e33d68o,0.8214285714285714,0.7142857142857143,4.714285714285714,5.387537511266055
t1_frcvsos,0.775,0.625,4.575,4.781687083026442
t1_idbazpy,0.7,0.5166666666666667,4.866666666666666,5.202479553833678
t1_fy84d9p,0.8064516129032258,0.6451612903225806,4.467741935483871,5.542748326446119
t1_hgnt2hn,0.8333333333333334,0.7083333333333334,5.458333333333333,4.220175521464345
t1_dgjhaqp,0.8333333333333334,0.7083333333333334,4.125,4.220175521464346
t1_inl9da7,0.6851851851851852,0.5462962962962963,3.925925925925926,5.9111892106934265
t1_erqer2k,0.6595744680851063,0.46808510638297873,3.978723404255319,5.710077383749393
t1_gnd641q,0.75,0.625,4.222222222222222,5.534168924903186
t1_ctsjmpi,0.8235294117647058,0.6764705882352942,4.0,4.712319091186707
t1_eih6xa2,0.875,0.7708333333333334,4.729166666666667,5.319235677759421
t1_fvvcpfe,0.7272727272727273,0.5818181818181818,4.9818181818181815,5.085638577043013
t1_fz4d5af,0.8048780487804879,0.6829268292682927,3.8536585365853657,4.9001157240775095
t1_k9mnjkj,0.8333333333333334,0.6944444444444444,4.527777777777778,4.815622570826658
t1_gffegod,0.9024390243902439,0.8536585365853658,4.902439024390244,5.1136495655936915
t1_el2xr0g,0.7848101265822784,0.7088607594936709,4.9113924050632916,5.707332450977563
t1_kd9reh7,0.75,0.6041666666666666,4.5625,4.968094990837059
t1_dsqdn6h,0.7183098591549296,0.5633802816901409,4.295774647887324,5.464828943686499
t1_k9bcleb,0.8648648648648649,0.7567567567567568,4.783783783783784,4.918780730435346
t1_gtoga4n,0.6835443037974683,0.5189873417721519,4.9113924050632916,5.458287235272405
t1_ivr5p1o,0.7619047619047619,0.5714285714285714,4.857142857142857,5.457361074259228
t1_iktl809,0.8431372549019608,0.7058823529411765,4.490196078431373,5.343898136046725
t1_fthhmax,0.95,0.9,4.275,5.221928094887364
t1_dw8ojqz,0.8367346938775511,0.7142857142857143,4.061224489795919,5.2573674970881275
t1_kema2f1,0.8235294117647058,0.6470588235294118,4.568627450980392,5.31948416550091
t1_jizifs5,0.7692307692307693,0.6153846153846154,4.0256410256410255,5.753225616242676
t1_gdm8c9x,0.9047619047619048,0.8095238095238095,5.857142857142857,4.201841232302569
t1_h75nq68,0.6524822695035462,0.48936170212765956,4.879432624113475,6.141770877972822
t1_floiprs,0.8771929824561403,0.8245614035087719,4.421052631578948,5.517100540480526
t1_ds6snwt,0.5761589403973509,0.3708609271523179,4.337748344370861,6.140625809571043
t1_hov10ip,0.7368421052631579,0.6228070175438597,4.9035087719298245,6.078161066644506
t1_hkyfi2n,0.847457627118644,0.7966101694915254,4.6440677966101696,5.435077422979351
t1_hfap2ba,0.8823529411764706,0.7941176470588235,4.117647058823529,4.829966150010236
t1_kf54yml,0.8787878787878788,0.8181818181818182,4.181818181818182,4.741363816328152
t1_hwyxi2a,0.875,0.78125,4.15625,4.726409765557392
t1_ejjbjc4,0.7857142857142857,0.6190476190476191,4.904761904761905,4.927798970294787
t1_kddshbs,0.7111111111111111,0.5777777777777777,4.788888888888889,5.641527262852102
t1_ihuuj43,0.8974358974358975,0.8205128205128205,4.948717948717949,5.060917923934979
t1_e9sorvo,0.868421052631579,0.7894736842105263,4.342105263157895,4.932138039759377
t1_ggs1834,0.9130434782608695,0.8695652173913043,4.956521739130435,4.316827716832514
t1_gvtomez,0.7023809523809523,0.5476190476190477,4.369047619047619,5.591314892836566
t1_ite66co,0.7804878048780488,0.6829268292682927,4.7560975609756095,4.7817071149976735
t1_elr4ex7,0.8064516129032258,0.6774193548387096,5.145161290322581,5.510490261929987
t1_hexc4is,0.8627450980392157,0.7647058823529411,4.352941176470588,5.36831210659254
t1_he7jxk8,0.7931034482758621,0.6896551724137931,4.5344827586206895,5.314709012294348
t1_e2z8h1j,0.75,0.6,3.8333333333333335,5.331401845392171
t1_fe5qry9,0.6517857142857143,0.45535714285714285,4.75,5.92636354292316
t1_dtqffjs,0.9259259259259259,0.8518518518518519,5.037037037037037,4.606739354015323
t1_dvo5d24,0.8095238095238095,0.6190476190476191,4.0476190476190474,5.01136504182638
t1_emntjd4,0.8444444444444444,0.7111111111111111,4.355555555555555,5.163966707392707
t1_hd839q5,0.7631578947368421,0.6052631578947368,4.605263157894737,4.714646921167525
t1_e69rpxk,0.8214285714285714,0.6785714285714286,3.9285714285714284,4.423251796980338
t1_hru9mlm,0.84375,0.6875,4.5625,4.6875
t1_dzksc2z,0.875,0.75,4.0,4.75
t1_ibdbhxh,0.7875,0.6375,5.1875,5.84361981355623
t1_gtu3dvo,0.7326732673267327,0.6138613861386139,4.9405940594059405,5.939110586879598
t1_e6p4ziz,0.8222222222222222,0.6888888888888889,4.6,5.0918530963296735
t1_fyc7n4p,0.75,0.5833333333333334,4.055555555555555,4.593400348604437
t1_e6t9p6s,0.8205128205128205,0.6666666666666666,4.487179487179487,4.907071770088826
t1_gdckh2h,0.875,0.7916666666666666,4.8125,5.293295834054492
t1_i3p8qqq,0.8205128205128205,0.6923076923076923,4.256410256410256,4.875145808605837
t1_hu00gb8,0.9259259259259259,0.8888888888888888,4.333333333333333,4.578780557638898
t1_h3dit84,0.8333333333333334,0.7,3.8,4.548394345536403
t1_itp1zb2,0.8208955223880597,0.6865671641791045,5.08955223880597,5.654005004272145
t1_gx4gv0j,0.6779661016949152,0.5423728813559322,5.076271186440678,5.977804914334996
t1_iok3xl9,0.7254901960784313,0.5686274509803921,3.9607843137254903,5.008223322737632
t1_f5ug1nd,0.7954545454545454,0.7045454545454546,4.5227272727272725,4.90796201621706
t1_fupt4t6,0.8021978021978022,0.6703296703296703,4.714285714285714,6.057030354389317
t1_inqk54o,0.7962962962962963,0.6851851851851852,4.814814814814815,5.252676104408584
t1_j9fa68n,0.7714285714285715,0.5714285714285714,4.285714285714286,4.650571945454579
t1_e73ov2k,0.88,0.84,4.32,4.323856189774722
t1_e2t5fxj,0.75,0.59375,4.578125,5.368650438178645
t1_g41pjf0,0.6099290780141844,0.48936170212765956,4.74468085106383,5.976005670710451
t1_e4np516,0.8,0.6666666666666666,4.222222222222222,6.030633374059365
t1_esiinbd,0.7099236641221374,0.549618320610687,4.67175572519084,6.286168685415844
t1_h5f1psu,0.8857142857142857,0.8,5.2,4.8791433740260075
t1_evxsz0z,0.6585365853658537,0.5121951219512195,4.2926829268292686,5.437723687969054
t1_hi4egj3,0.9310344827586207,0.8620689655172413,4.724137931034483,4.720049960644813
t1_j46883y,0.7682926829268293,0.6585365853658537,4.634146341463414,5.773719041436046
t1_h4vlhff,0.7419354838709677,0.6129032258064516,4.983870967741935,5.332755584371054
t1_fbdy1vi,0.59375,0.4270833333333333,4.052083333333333,5.492151402590069
t1_g3gjzxu,0.8297872340425532,0.7021276595744681,4.829787234042553,5.171610128273382
t1_fdhc0dy,0.8205128205128205,0.6666666666666666,3.358974358974359,4.907071770088825
t1_e4ryc34,0.7741935483870968,0.5806451612903226,3.903225806451613,4.478232197413861
t1_dipklew,0.7884615384615384,0.6730769230769231,4.384615384615385,5.19535005455474
t1_k5u6uie,0.625,0.3977272727272727,5.25,5.561775727049902
t1_jjkrax5,0.7763157894736842,0.6710526315789473,4.144736842105263,5.674116454569422
t1_hhn0cfg,0.8064516129032258,0.6774193548387096,4.419354838709677,4.51839711669891
t1_dzeehd7,0.7403846153846154,0.6057692307692307,4.894230769230769,6.03192253126292
t1_e4dmtmf,0.7534246575342466,0.6438356164383562,4.493150684931507,5.515014628347968
t1_gnhr7ae,0.868421052631579,0.7894736842105263,4.631578947368421,4.932138039759377
t1_gy4k4ra,0.7435897435897436,0.6538461538461539,4.935897435897436,5.52195510320027
t1_foatypi,0.8571428571428571,0.7380952380952381,4.880952380952381,5.0886296251082035
t1_he8nxcy,0.7818181818181819,0.6727272727272727,4.509090909090909,5.208454713445985
t1_i0q5up8,0.7428571428571429,0.5428571428571428,4.514285714285714,4.571860873964194
t1_ibu5a2r,0.7916666666666666,0.6875,4.166666666666667,5.037782031835942
t1_ixi3hzd,0.7941176470588235,0.6470588235294118,5.0,5.624083797069065
t1_ez4re1h,0.76,0.56,5.28,4.133660689688185
t1_gcqjde6,0.5859375,0.3828125,4.1953125,5.892463918805798
t1_gvsk57y,0.7758620689655172,0.6551724137931034,5.293103448275862,5.264767685531594
t1_hucdnig,0.8571428571428571,0.7142857142857143,4.678571428571429,4.52164063634332
t1_gvkc1bv,0.7710843373493976,0.6626506024096386,4.626506024096385,5.798240600251422
t1_hksl8el,0.7380952380952381,0.5714285714285714,4.928571428571429,6.355339225272937
t1_fy3ymut,0.7272727272727273,0.5681818181818182,4.25,4.805911448133581
t1_hbd5c7a,0.8285714285714286,0.7142857142857143,5.257142857142857,4.729283016944964
t1_gk52mrr,0.8076923076923077,0.6538461538461539,5.076923076923077,4.286790198827111
t1_g31deyc,0.6587301587301587,0.5158730158730159,5.007936507936508,6.038566185604404
t1_gtia97x,0.7777777777777778,0.6444444444444445,5.044444444444444,5.9639667073927
t1_k6z1u6l,0.8571428571428571,0.7532467532467533,4.8311688311688314,5.945294495212261
t1_gxdb9ek,0.7916666666666666,0.6458333333333334,4.666666666666667,5.110902344426086
t1_g2xkt0z,0.7560975609756098,0.5853658536585366,4.536585365853658,4.802554748467753
t1_f33xdmc,0.7681159420289855,0.6521739130434783,5.217391304347826,5.514038224768688
t1_ehj956t,0.7640449438202247,0.6179775280898876,5.056179775280899,5.924951970195013
t1_dub46ko,0.6951219512195121,0.5365853658536586,4.512195121951219,5.589020906951575
t1_i6stg4n,0.6041666666666666,0.4270833333333333,4.385416666666667,5.434230789133299
t1_jgojurx,0.8809523809523809,0.7857142857142857,4.5476190476190474,5.13624867272725
t1_kb7mn67,0.8048780487804879,0.6707317073170732,4.7073170731707314,5.904876206096579
t1_cjvgu50,0.7281553398058253,0.5922330097087378,3.8349514563106797,5.933259663829115
t1_gncesez,0.9,0.8,4.366666666666666,4.7068905956085185
t1_hbbacus,0.90625,0.8125,3.5,4.8125
t1_gxifdus,0.7951807228915663,0.6867469879518072,4.975903614457831,5.880827985459534
t1_hshg48k,0.9047619047619048,0.8095238095238095,5.0476190476190474,4.201841232302569
t1_figaaqf,0.7752808988764045,0.6741573033707865,4.865168539325842,5.861452144864641
t1_ek0lmjc,0.9642857142857143,0.9285714285714286,5.071428571428571,4.735926350629034
t1_isrq6y9,0.7068965517241379,0.5862068965517241,4.448275862068965,5.067044736835724
t1_ibu4g2y,0.7916666666666666,0.6875,4.166666666666667,5.037782031835942
t1_f7fz7kg,0.7391304347826086,0.6086956521739131,4.836956521739131,5.851015184525204
t1_fwoh6py,0.8035714285714286,0.6964285714285714,3.6785714285714284,5.329589073804689
t1_gzq4te7,0.7804878048780488,0.5853658536585366,4.463414634146342,4.90011572407751
t1_dvxoi49,0.9545454545454546,0.9090909090909091,4.454545454545454,4.368522527728205
t1_ewe9ooa,0.75,0.55,3.825,4.771928094887362
t1_ieimagk,0.8823529411764706,0.7941176470588235,3.6176470588235294,4.829966150010236
t1_hfpb04f,0.7064220183486238,0.5504587155963303,4.348623853211009,6.024738797807586
t1_h87wvoy,0.8125,0.7083333333333334,4.895833333333333,5.119034834541987
t1_gny16id,0.7605633802816901,0.5915492957746479,5.0,5.617712788366406
t1_e75ax0b,0.8958333333333334,0.8125,4.9375,5.360902344426088
t1_e0kuksd,0.967741935483871,0.9354838709677419,4.516129032258065,4.889680181354619
t1_gt7hdko,0.8225806451612904,0.7419354838709677,4.951612903225806,5.4829175854050405
t1_dz7h5l6,0.7849462365591398,0.6774193548387096,5.161290322580645,5.96905612284294
t1_icp4j92,0.625,0.4444444444444444,4.555555555555555,5.197159723424152
t1_dxabi0m,0.5918367346938775,0.4217687074829932,3.6054421768707483,6.0270446800576485
t1_fl1r4a3,0.8823529411764706,0.7647058823529411,5.0588235294117645,3.8521687236032816
t1_k0257rj,0.8275862068965517,0.7413793103448276,5.482758620689655,5.431172589917856
t1_gxljsy9,0.8392857142857143,0.7321428571428571,5.25,5.436731930947546
t1_e9lzdhn,0.7230769230769231,0.6,4.7153846153846155,6.27045545947573
t1_fxljrfy,0.775,0.575,4.875,4.853055907333276
t1_gvcazr1,0.9230769230769231,0.8461538461538461,5.423076923076923,4.546593564294937
t1_i724qx9,0.9310344827586207,0.896551724137931,5.0344827586206895,4.694019357121935
t1_fqzo4j8,0.9,0.86,4.74,5.388758439731458
t1_ga87avx,0.625,0.375,4.328125,5.095060203736037
t1_dyt04ua,0.7608695652173914,0.5869565217391305,4.065217391304348,4.9854122277491095
t1_gg15cpi,0.7931034482758621,0.6551724137931034,4.551724137931035,5.3836745295357264
t1_jtpnx3z,0.8157894736842105,0.6842105263157895,3.973684210526316,4.826874881864639
t1_e8ylrnc,0.8717948717948718,0.7692307692307693,4.0,5.009635872652928
t1_dzcpmo6,0.7105263157894737,0.5394736842105263,4.131578947368421,5.5403691251433616
t1_hpvccw6,0.96,0.92,4.96,4.5638561897747225
t1_hwmp6s6,0.8275862068965517,0.6551724137931034,4.448275862068965,4.513153408920675
t1_ez8ecp5,0.6981132075471698,0.5283018867924528,4.39622641509434,4.9774593694534355
t1_ibhs1ur,0.672566371681416,0.5221238938053098,5.530973451327434,5.917981290715427
t1_geb8hpf,0.8780487804878049,0.7804878048780488,4.878048780487805,5.095237675297021
t1_k3oqyuw,0.7802197802197802,0.6593406593406593,4.934065934065934,5.962633755864231
t1_hfpapjt,0.7064220183486238,0.5504587155963303,4.348623853211009,6.024738797807586
t1_e2e7g3s,0.9555555555555556,0.9111111111111111,4.955555555555556,5.402964207440784
t1_ducu5l7,0.8695652173913043,0.782608695652174,5.304347826086956,4.229871195093384
t1_i9qi47w,0.6641221374045801,0.5038167938931297,4.625954198473282,6.095499173746473
t1_e0i5dra,0.8409090909090909,0.7272727272727273,3.727272727272727,5.10693673217532
t1_elm8mdl,0.7164179104477612,0.5373134328358209,4.134328358208955,5.362189795551349
t1_e2uwyee,0.75,0.5892857142857143,5.428571428571429,5.231200234441707
t1_jxrnz3n,0.6931818181818182,0.5681818181818182,4.2272727272727275,5.6482489142594146
t1_jtx49ya,0.7608695652173914,0.6739130434782609,4.717391304347826,4.865634510263741
t1_clzliob,0.6976744186046512,0.5581395348837209,4.476744186046512,5.6132863016684516
t1_kcapsc7,0.7631578947368421,0.6052631578947368,3.9473684210526314,5.690499513751481
t1_dyjp3rd,0.75,0.5535714285714286,4.25,5.258160502376117
t1_foegint,0.8495575221238938,0.7168141592920354,5.380530973451328,6.505933165916735
t1_g3w7xm9,0.7530864197530864,0.5802469135802469,4.6419753086419755,5.784053089197532
t1_fyq4fpl,0.7962962962962963,0.6481481481481481,4.962962962962963,5.3055419001914235
t1_gcvdbo9,0.875,0.75,4.125,5.0719280948873635
t1_eme5rgn,0.7121212121212122,0.5454545454545454,4.666666666666667,5.319025892374714
t1_hzfper7,0.8823529411764706,0.8235294117647058,3.7058823529411766,4.807763576417193
t1_f2ozspc,0.7608695652173914,0.6739130434782609,4.934782608695652,4.8905311847795385
t1_h08ea3z,0.8780487804878049,0.8048780487804879,4.634146341463414,5.0648690777888135
t1_ek41p3d,0.7361111111111112,0.5694444444444444,4.125,5.561946702680964
t1_k9odjtu,0.6571428571428571,0.4857142857142857,4.695238095238095,5.829542155860583
t1_gt2sxuq,0.7464788732394366,0.6197183098591549,4.76056338028169,5.478599451132801
t1_gd3ir0j,0.96875,0.9375,4.21875,4.9375
t1_h1shmks,0.8157894736842105,0.631578947368421,3.8421052631578947,4.879506460812008
t1_i6ljgev,0.8709677419354839,0.7419354838709677,4.419354838709677,4.696131794257844
t1_dm2wm6j,0.9,0.8,5.5,5.1219280948873624
t1_gvq9e48,0.8135593220338984,0.711864406779661,5.423728813559322,5.422991939552282
t1_g37otor,0.8648648648648649,0.7567567567567568,4.5675675675675675,4.918780730435346
t1_e7p842y,0.6818181818181818,0.45454545454545453,5.4393939393939394,5.339404346434507
t1_ec4pxh9,0.7567567567567568,0.6621621621621622,4.716216216216216,5.545112021592059
t1_ifjp9lf,0.9565217391304348,0.9130434782608695,5.217391304347826,4.436605434317882
t1_htn3jda,0.7857142857142857,0.5952380952380952,4.571428571428571,4.945772482251059
t1_i9vxe9d,0.8,0.6,4.288888888888889,5.0918530963296735
t1_e17924d,0.7340425531914894,0.6063829787234043,4.23404255319149,5.779367943132132
t1_j0cnnp7,0.9655172413793104,0.9310344827586207,4.137931034482759,4.789015477886192
t1_cybrizc,0.8301886792452831,0.660377358490566,4.547169811320755,5.388297813053764
t1_gznrzjf,0.7741935483870968,0.5483870967741935,4.387096774193548,4.50258340716107
t1_kcgzql6,0.7096774193548387,0.5161290322580645,5.193548387096774,4.257111133792139
t1_ij4fuqp,0.7252747252747253,0.5714285714285714,4.362637362637362,5.828954667552355
t1_ect7ayw,0.7352941176470589,0.5735294117647058,4.176470588235294,5.436511922037248
t1_f3qr25q,0.8518518518518519,0.7777777777777778,4.925925925925926,4.3845171317931
t1_dzvj2vr,0.7083333333333334,0.5833333333333334,4.625,4.724874739988985
t1_gxd35fh,0.8888888888888888,0.7777777777777778,5.296296296296297,4.532665279941248
t1_j4zhiju,0.8,0.65,4.275,4.871928094887363
t1_k82ugn8,0.8888888888888888,0.8148148148148148,5.148148148148148,5.504706483564821
t1_hkeao58,0.7534246575342466,0.589041095890411,4.808219178082192,5.6279129149258615
t1_gd9z3wr,0.8235294117647058,0.6764705882352942,4.176470588235294,4.712319091186707
t1_hitm9p3,0.84375,0.6875,4.6875,4.6875
t1_fp4h3ej,0.7,0.55,4.533333333333333,5.154900337629122
t1_gse8juk,0.9166666666666666,0.8541666666666666,4.104166666666667,5.402569011092755
t1_gfwz4mi,0.6125,0.425,3.8875,5.268942707918265
t1_ebzmmaw,0.8666666666666667,0.7333333333333333,4.822222222222222,5.225186429663006
t1_h1tg3wt,0.6551724137931034,0.49137931034482757,3.853448275862069,5.927332314280998
t1_gfnleie,0.8604651162790697,0.7441860465116279,4.395348837209302,5.12963946395411
t1_gv1mgk9,0.75,0.59375,4.875,4.3871987351738495
t1_dt4t1ml,0.7752808988764045,0.6179775280898876,4.337078651685394,5.9474238803073725
t1_hfe1wom,0.7857142857142857,0.6607142857142857,4.375,5.287365359936826
t1_gyu8ads,0.9210526315789473,0.8421052631578947,5.131578947368421,5.090032776601483
t1_ic06veq,0.7966101694915254,0.6949152542372882,5.0,5.356887964469399
t1_g56n3w6,0.7959183673469388,0.6938775510204082,4.673469387755102,5.1195126501052
t1_eyhkmkj,0.8620689655172413,0.7241379310344828,4.275862068965517,4.582118926162054
t1_eto156w,0.8653846153846154,0.7692307692307693,4.615384615384615,5.4021748142117305
t1_hdqjgw1,0.92,0.88,4.48,4.453660689688184
t1_di0vy6l,0.8666666666666667,0.7666666666666667,4.7,4.61506101220307
t1_jcvgzkr,0.6764705882352942,0.47058823529411764,4.014705882352941,5.33717534112308
t1_hvqizd2,0.7692307692307693,0.6282051282051282,4.6923076923076925,5.706411712981097
t1_f5qp1ad,0.7761194029850746,0.6567164179104478,4.7164179104477615,5.494974824689256
t1_hkv9nar,0.8787878787878788,0.7878787878787878,3.757575757575758,4.7790944980807755
t1_ibu4yx1,0.7916666666666666,0.6875,4.166666666666667,5.037782031835942
t1_i50pmy9,0.8260869565217391,0.6739130434782609,4.260869565217392,5.15932527122737
t1_e8judcl,0.82,0.7,3.82,5.2287584397314575
t1_ent1zji,0.8771929824561403,0.7894736842105263,4.771929824561403,5.560788698299352
t1_gwwobbm,0.8918918918918919,0.7837837837837838,4.783783783783784,4.993237149412737
t1_j19nj2i,0.8666666666666667,0.7555555555555555,4.266666666666667,5.2084111518371525
t1_e7bhf0t,0.7884615384615384,0.6730769230769231,4.4423076923076925,5.156888516093201
t1_is6pamy,0.896551724137931,0.7931034482758621,4.068965517241379,4.651084443403434
t1_dxdsm6n,0.7714285714285715,0.6714285714285714,4.628571428571429,5.512693596105968
t1_kbb8e3m,0.6857142857142857,0.4857142857142857,5.3428571428571425,4.400432302535624
t1_gx5o5i9,0.7857142857142857,0.6428571428571429,4.839285714285714,5.324862957617359
t1_hho13kk,0.6666666666666666,0.5357142857142857,4.369047619047619,5.440967387085487
t1_f8ab8h3,0.825,0.7,4.425,4.921928094887362
t1_f8ny68y,0.7317073170731707,0.6097560975609756,4.2682926829268295,4.67462517534979
t1_jb45k7v,0.9523809523809523,0.9047619047619048,5.904761904761905,4.297079327540665
t1_hwy7my4,0.8823529411764706,0.7647058823529411,4.352941176470588,4.852168723603279
t1_ifw6cn9,0.9411764705882353,0.8823529411764706,5.294117647058823,4.969815782426808
t1_hemfjw1,0.88,0.76,4.28,4.403856189774723
t1_kcjp882,0.6626506024096386,0.4578313253012048,4.518072289156627,5.554088039932259
t1_fra4703,0.7222222222222222,0.5416666666666666,4.583333333333333,5.515488675348375
t1_k3n9rfl,0.8627450980392157,0.7254901960784313,4.823529411764706,5.39791553804993
t1_ewsqhqj,0.8529411764705882,0.7058823529411765,3.9705882352941178,4.793345194191515
t1_eygquor,0.8163265306122449,0.6530612244897959,4.285714285714286,5.231957037948607
t1_jzi1ivp,0.6363636363636364,0.45454545454545453,4.555555555555555,5.6188606603088305
t1_e5zc8p5,0.7288135593220338,0.5254237288135594,3.6610169491525424,5.28078245606816
t1_fzp0p9m,0.6643356643356644,0.46853146853146854,4.2727272727272725,6.305054337075405
t1_k6srlu5,0.8666666666666667,0.8,4.766666666666667,4.573557262275186
t1_hfx9c9i,0.7721518987341772,0.6329113924050633,4.177215189873418,5.768785020246847
t1_joy5ola,0.7258064516129032,0.5483870967741935,5.137096774193548,6.286689052861327
t1_e5en1c2,0.7934782608695652,0.6630434782608695,4.565217391304348,6.033133526940025
t1_ffxu798,0.9056603773584906,0.8301886792452831,4.811320754716981,5.524998048861998
t1_jgszjzu,0.75,0.6296296296296297,4.916666666666667,6.0996013916711735
t1_f91clcn,0.9148936170212766,0.8297872340425532,4.553191489361702,5.384376085720193
t1_icap1jx,0.8048780487804879,0.6585365853658537,4.073170731707317,4.930484321585717
t1_htw601j,0.6933333333333334,0.5066666666666667,4.426666666666667,5.4938931507790345
t1_i9egktz,0.7169811320754716,0.6037735849056604,4.433962264150943,4.951292917606023
t1_gv56lq2,0.7472527472527473,0.6043956043956044,4.747252747252747,5.886593266429681
t1_fnc9n35,0.9117647058823529,0.8235294117647058,4.823529411764706,4.910992253015044
t1_gb9jml8,0.8695652173913043,0.7608695652173914,4.782608695652174,5.246281792966501
t1_eyxe2yx,0.7789473684210526,0.6736842105263158,4.810526315789474,6.015864129561572
t1_gq5mf1h,0.6666666666666666,0.5357142857142857,4.404761904761905,5.440967387085488
t1_fnea3zc,0.6621621621621622,0.43243243243243246,3.8378378378378377,5.418516541129212
t1_g9mg19q,0.9615384615384616,0.9230769230769231,5.038461538461538,4.623516641218013
t1_f8bkb06,0.5771812080536913,0.37583892617449666,3.664429530201342,6.084284291983849
t1_e6qm69x,0.782608695652174,0.6521739130434783,3.9565217391304346,4.001822825622231
t1_fo65h4j,0.9166666666666666,0.8333333333333334,5.138888888888889,5.003258334775643
t1_ecus7r6,0.7021276595744681,0.5531914893617021,4.617021276595745,5.7804303417503204
t1_jsq82qe,0.9032258064516129,0.8064516129032258,4.838709677419355,4.760647923290102
t1_frr1rwm,0.95,0.9,5.5,4.221928094887362
t1_euqn7bc,0.647887323943662,0.5070422535211268,4.309859154929577,6.171621394225945
t1_ewedxhu,0.7333333333333333,0.5866666666666667,4.52,5.52542019046704
t1_ezgjbzb,0.7764705882352941,0.6588235294117647,4.223529411764706,5.836790530689974
t1_f822hul,0.9642857142857143,0.9285714285714286,4.892857142857143,4.735926350629034
t1_ejvea52,0.8125,0.703125,3.640625,5.550704882778696
t1_iwvixl0,0.896551724137931,0.7931034482758621,4.931034482758621,4.651084443403434
t1_h19q0ru,0.8222222222222222,0.6444444444444445,4.022222222222222,5.136297540774118
t1_ip42x9c,0.6071428571428571,0.42857142857142855,4.803571428571429,4.773138012041649
t1_j08g5oh,0.8666666666666667,0.7333333333333333,4.933333333333334,5.225186429663006
t1_ifr6v1u,0.7391304347826086,0.5362318840579711,5.144927536231884,5.528814311850629
t1_h2wz8xv,0.813953488372093,0.6976744186046512,4.674418604651163,5.001505161527902
t1_ih7yvjn,0.7530864197530864,0.6049382716049383,4.654320987654321,5.748809225342307
t1_focsvx5,0.8360655737704918,0.7049180327868853,4.983606557377049,5.578118075196867
t1_ekfrsnp,0.7076923076923077,0.5538461538461539,4.846153846153846,5.221766274300645
t1_g3koa1r,0.9142857142857143,0.8285714285714286,4.571428571428571,4.957854445516393
t1_jd3ywaq,0.864406779661017,0.7627118644067796,4.983050847457627,5.577558303599125
t1_euide1o,0.8333333333333334,0.7142857142857143,4.785714285714286,5.011365041826381
t1_jss4kby,0.9354838709677419,0.8709677419354839,4.709677419354839,4.825164052322361
t1_k5oanm7,0.732824427480916,0.6106870229007634,4.931297709923665,6.347556807400318
t1_gs7tgq9,0.7096774193548387,0.5806451612903226,4.881720430107527,5.72358384947401
t1_k2knpq5,0.696078431372549,0.5294117647058824,4.676470588235294,5.900161617136528
t1_e4kvdzg,0.9032258064516129,0.8064516129032258,5.806451612903226,4.760647923290102
t1_e2zxhza,0.7333333333333333,0.5555555555555556,4.2444444444444445,4.861530252405223
t1_h3kimjf,0.5952380952380952,0.4126984126984127,4.2936507936507935,5.902471019014042
t1_dzvp6zl,0.6090909090909091,0.4090909090909091,5.072727272727272,5.721513596997471
t1_keznacg,0.7301587301587301,0.5714285714285714,4.587301587301587,5.311023281419964
t1_keip4y9,0.7547169811320755,0.6415094339622641,4.622641509433962,5.0645004647758345
t1_hi4dgd0,0.9310344827586207,0.8620689655172413,4.724137931034483,4.720049960644813
t1_gwkki6v,0.8372093023255814,0.6976744186046512,4.046511627906977,5.083127836047133
t1_j625c6v,0.8461538461538461,0.7692307692307693,4.410256410256411,4.907071770088825
t1_hzjpqhu,0.6666666666666666,0.45454545454545453,4.46969696969697,5.241067604075824
t1_jp0qary,0.7931034482758621,0.5862068965517241,5.482758620689655,4.444187891679296
t1_hd6rrad,0.7631578947368421,0.6052631578947368,4.605263157894737,4.714646921167525
t1_hnv01yp,0.8148148148148148,0.6666666666666666,4.481481481481482,4.356558335416675
t1_ij6ryxf,0.717948717948718,0.6025641025641025,5.115384615384615,5.444844234127159
t1_fo0rpjx,0.9666666666666667,0.9333333333333333,4.933333333333334,4.840223928941852
t1_gtnnh0o,0.723404255319149,0.5957446808510638,4.51063829787234,4.825553479199119
t1_dvflssh,0.6636363636363637,0.5,4.409090909090909,5.895904346104139
t1_gj969dh,0.9333333333333333,0.8666666666666667,4.666666666666667,4.773557262275186
t1_h0q3v62,0.90625,0.84375,5.40625,4.788909765557392
t1_em9h6f2,0.7681159420289855,0.6521739130434783,4.028985507246377,5.50693351468647
t1_gj26k66,0.5974025974025974,0.4155844155844156,4.571428571428571,5.176212924447667
t1_f8qwsad,0.8461538461538461,0.7307692307692307,4.153846153846154,4.363713275750188
t1_hx3hcf2,0.9,0.8333333333333334,4.733333333333333,4.681727678869737
t1_keby79n,0.8780487804878049,0.8048780487804879,5.073170731707317,5.0648690777888135
t1_h7jhsqx,0.6474820143884892,0.48201438848920863,4.669064748201439,6.170536861818283
t1_golnx6v,0.5664335664335665,0.36363636363636365,4.384615384615385,5.961269305895472
t1_e1aen2x,0.9722222222222222,0.9444444444444444,5.194444444444445,5.114369445886754
t1_jsxdnq0,0.6615384615384615,0.5,4.023076923076923,6.088230691564884
t1_dnwomd1,0.7583333333333333,0.6583333333333333,4.925,6.215276275111104
t1_e6c2jhu,0.6818181818181818,0.5151515151515151,4.7272727272727275,5.218192225222385
t1_g36na53,0.9,0.8,5.75,4.1219280948873624
t1_itubiuf,0.7741935483870968,0.6935483870967742,5.129032258064516,5.29685941519069
t1_fe5zdhc,0.8461538461538461,0.7435897435897436,4.564102564102564,4.926427859887888
t1_gnlpnji,0.9393939393939394,0.8787878787878788,4.878787878787879,4.923181998146335
t1_glehu5u,0.896551724137931,0.7931034482758621,3.4482758620689653,4.651084443403434
t1_e1vgie7,0.8846153846153846,0.7692307692307693,4.653846153846154,4.46967048737186
t1_d0yhv7g,0.90625,0.8125,4.21875,4.8125
t1_hi3pox8,0.7941176470588235,0.6764705882352942,4.911764705882353,4.594672032363177
t1_e33ujje,0.6811594202898551,0.5942028985507246,4.478260869565218,5.057374818908879
t1_gd8cvpw,0.9259259259259259,0.8518518518518519,4.444444444444445,4.606739354015323
t1_fkd52kw,0.8,0.6,4.833333333333333,4.506890595608518
t1_ewx339g,0.8571428571428571,0.7428571428571429,4.628571428571429,4.822000516883151
t1_hsxybax,0.8163265306122449,0.6938775510204082,4.224489795918367,5.191140711417995
t1_gi59e36,0.78,0.64,4.32,5.123856189774726
t1_k2u1gsc,0.9148936170212766,0.851063829787234,5.829787234042553,5.368314649503949
t1_e1g6fl8,0.7619047619047619,0.6031746031746031,4.428571428571429,5.412047535016795
t1_g68hk6c,0.8518518518518519,0.7407407407407407,4.7407407407407405,4.430632409490749
t1_g75d9ew,0.85,0.75,3.95,5.560975803905793
t1_hf24xvp,1.0,1.0,5.333333333333333,4.39231742277876
t1_ggxv2da,0.7,0.5428571428571428,3.842857142857143,5.381218331564965
t1_i8guyy2,0.6875,0.515625,4.84375,5.155639062229567
t1_k3gi8t5,0.8857142857142857,0.8285714285714286,4.628571428571429,4.843568731230678
t1_isv9jgi,0.9259259259259259,0.8518518518518519,4.518518518518518,4.606739354015322
t1_jvpp0tk,0.7254901960784313,0.5980392156862745,4.803921568627451,5.918380151939702
t1_dyg9max,0.95,0.9,4.975,5.221928094887364
t1_hlspzii,0.7428571428571429,0.5428571428571428,5.4,5.564857659740299
t1_g83huxi,0.8125,0.6875,4.9375,5.162782031835943
t1_dxyt4o8,0.8913043478260869,0.8260869565217391,5.217391304347826,5.273349455962947
t1_dtymwhf,0.868421052631579,0.7631578947368421,4.552631578947368,4.964904158123496
t1_iz9cuto,0.8571428571428571,0.7428571428571429,4.8,4.8220005168831515
t1_h9z3t8s,0.8709677419354839,0.7419354838709677,4.935483870967742,4.696131794257844
t1_eq0zdn4,0.7142857142857143,0.5535714285714286,5.607142857142857,5.12405737729885
t1_heifwpb,0.7755102040816326,0.6326530612244898,5.020408163265306,5.053285864435067
t1_f9o2n2f,0.95,0.9,5.2,4.221928094887362
t1_ec3okf0,0.7547169811320755,0.6415094339622641,4.69811320754717,5.064500464775835
t1_ilqenqi,0.7702702702702703,0.6081081081081081,4.5675675675675675,5.692363331757462
t1_h0xvcsl,0.6914893617021277,0.5425531914893617,4.574468085106383,5.7459078683690805
t1_f8t6on2,0.7638888888888888,0.625,4.791666666666667,5.592013328186249
t1_eb8hy44,0.7741935483870968,0.6774193548387096,4.193548387096774,4.361792182109447
t1_f9gvfje,0.9333333333333333,0.8666666666666667,4.766666666666667,4.773557262275186
t1_cn0alyi,0.8378378378378378,0.6756756756756757,4.513513513513513,4.885129041304628
t1_gtayyve,0.8888888888888888,0.8,5.022222222222222,5.252855596281596
t1_f46r0ke,0.7333333333333333,0.5733333333333334,4.586666666666667,5.581761023656143
t1_hgvfb6v,0.7704918032786885,0.6229508196721312,4.295081967213115,5.4098449193527625
t1_iqpe92y,0.7857142857142857,0.6666666666666666,4.666666666666667,4.832560875056692
t1_e3bxdog,0.84375,0.71875,4.34375,4.663909765557392
t1_hm7dh22,0.7532467532467533,0.6233766233766234,4.51948051948052,5.62832862564646
t1_e1rbnjn,0.9117647058823529,0.8235294117647058,4.735294117647059,4.910992253015044
t1_gzq4vfp,0.7804878048780488,0.5853658536585366,4.463414634146342,4.90011572407751
t1_exi10rb,0.8333333333333334,0.6944444444444444,3.75,4.815622570826658
t1_f6te6z0,0.8205128205128205,0.7435897435897436,5.282051282051282,4.8145168861289065
t1_ico0hd2,0.7391304347826086,0.5760869565217391,4.3478260869565215,5.895578939635095
t1_g5h55j5,0.6444444444444445,0.4444444444444444,4.355555555555555,5.609342852271663
t1_gsk02yd,0.7708333333333334,0.6458333333333334,4.3125,5.027569011092753
t1_gvdx7ga,0.9259259259259259,0.8518518518518519,5.2592592592592595,4.606739354015322
t1_ijxzvoa,0.8,0.6545454545454545,4.636363636363637,5.315729886716714
t1_egmykdu,0.8857142857142857,0.7714285714285715,3.7714285714285714,4.900711588373535
t1_jyg6by4,0.7086614173228346,0.5354330708661418,4.858267716535433,6.252079371641171
t1_k2tbru2,0.8333333333333334,0.7222222222222222,4.416666666666667,4.79465347354434
t1_f1hu9ni,0.6703296703296703,0.4835164835164835,3.923076923076923,5.687233821923346
t1_gpf0ghz,0.7403846153846154,0.6346153846153846,4.538461538461538,5.972867632704494
t1_f4qciha,0.7840909090909091,0.6704545454545454,4.545454545454546,5.891067841012262
t1_gx537x5,0.8,0.7066666666666667,4.466666666666667,5.6971613174168585
t1_gp2n00d,0.8372093023255814,0.7209302325581395,4.395348837209302,5.065572312741006
t1_dxifhqv,0.7692307692307693,0.6153846153846154,4.173076923076923,5.171405583442499
t1_gvdi21s,0.686046511627907,0.5,4.511627906976744,5.62678931863043
t1_e132r4w,0.8648648648648649,0.7567567567567568,4.4324324324324325,4.918780730435346
t1_glle6xm,0.7341772151898734,0.5822784810126582,4.962025316455696,5.637058792948532
t1_iz8se15,0.7466666666666667,0.5866666666666667,5.306666666666667,5.62722648411237
t1_k95p8ng,0.7586206896551724,0.5862068965517241,5.724137931034483,4.306256857196538
t1_dsirz4y,0.9090909090909091,0.8484848484848485,4.878787878787879,4.839700558686835
t1_g8ixhoe,0.84,0.72,5.16,4.293660689688184
t1_e9v4c82,0.7428571428571429,0.5857142857142857,5.257142857142857,5.513291367248345
t1_guk6ipm,0.6235294117647059,0.47058823529411764,4.976470588235294,5.3731768180834045
t1_ju2vv31,0.8333333333333334,0.7333333333333333,5.433333333333334,4.506890595608519
t1_h00h043,0.6973684210526315,0.5526315789473685,4.842105263157895,5.427341619014638
t1_hwgruhs,0.7248322147651006,0.5973154362416108,4.597315436241611,6.476147483681195
t1_gaf0ucg,0.88,0.8,4.86,5.363856189774728
t1_gzzcusu,0.7168141592920354,0.5663716814159292,4.327433628318584,6.076470112704512
t1_g9j8n8k,0.6991869918699187,0.5528455284552846,4.902439024390244,6.120899464477756
t1_djvnqvj,0.7857142857142857,0.6666666666666666,4.190476190476191,4.880179922675739
t1_gxday7l,0.6990291262135923,0.5825242718446602,4.368932038834951,5.8336027462903735
t1_dxc4p7u,0.8070175438596491,0.6842105263157895,4.140350877192983,5.385350101808125
t1_ek9wesh,0.926829268292683,0.9024390243902439,5.2926829268292686,5.16243005339857
t1_ia3rbx5,0.7142857142857143,0.5494505494505495,5.0989010989010985,5.806976645574334
t1_e9td9kv,0.9696969696969697,0.9393939393939394,5.575757575757576,4.9837880587523955
t1_gsdejed,0.7127659574468085,0.5425531914893617,4.48936170212766,5.8579511553439705
t1_f2mnqrq,0.8301886792452831,0.6981132075471698,5.320754716981132,5.359811492217405
t1_jtolbew,0.7241379310344828,0.5402298850574713,5.057471264367816,5.7950753581866525
t1_gxidcwu,0.9107142857142857,0.8214285714285714,5.125,5.62878349348618
t1_ia9jf2r,0.7678571428571429,0.6071428571428571,4.821428571428571,5.265131208189746
t1_gtf9yun,0.8292682926829268,0.6829268292682927,5.317073170731708,4.997676699687267
t1_h6ofutl,0.8333333333333334,0.6875,4.875,5.235902344426088
t1_gtrm2vt,0.6929824561403509,0.5175438596491229,4.43859649122807,6.0389997206207315
t1_gyh41f9,0.6825396825396826,0.47619047619047616,5.142857142857143,5.2371340428159385
t1_d2u51tg,0.8928571428571429,0.7857142857142857,4.285714285714286,4.593069207771891
t1_f9ewl9c,0.7142857142857143,0.6571428571428571,4.314285714285714,4.21499730265925
t1_gs5dysi,0.68,0.52,4.824,6.139717236932643
t1_d2ttxsg,0.7916666666666666,0.625,4.694444444444445,5.714996008356712
t1_gubwecn,0.616,0.432,4.872,5.9440020893589605
t1_gxdax65,0.6990291262135923,0.5825242718446602,4.368932038834951,5.8336027462903735
t1_depbj99,0.7128712871287128,0.5742574257425742,4.762376237623762,5.786351518286736
t1_grzfge0,0.6146788990825688,0.44954128440366975,4.889908256880734,5.7429677563195405
t1_eq37w0l,0.6623376623376623,0.5194805194805194,4.51948051948052,5.3442467687513
t1_e9jw2l4,0.9,0.825,5.0,5.103055907333276
t1_gei4yi9,0.9285714285714286,0.8571428571428571,4.571428571428571,4.664497779200463
t1_f9sl6jt,0.8620689655172413,0.7586206896551724,4.827586206896552,4.556088322639176
t1_gxisupo,0.6829268292682927,0.5121951219512195,4.926829268292683,4.60097761416311
t1_k3rtfut,0.7857142857142857,0.5714285714285714,3.5714285714285716,4.378783493486177
t1_flgxmof,0.7638888888888888,0.6111111111111112,4.833333333333333,5.6161152378183266
t1_g53pgss,0.8305084745762712,0.6949152542372882,4.796610169491525,5.509761693429634
t1_ijls5cu,0.8478260869565217,0.6956521739130435,4.326086956521739,5.219214129970054
t1_k4pr2up,0.7962962962962963,0.6481481481481481,3.9444444444444446,5.296463659530811
t1_g3rn5r2,0.8301886792452831,0.7358490566037735,3.981132075471698,5.322075643160801
t1_gik8tpd,0.8205128205128205,0.6410256410256411,4.410256410256411,4.926427859887888
t1_g3ko9od,0.9142857142857143,0.8285714285714286,4.571428571428571,4.957854445516393
t1_k7pfrpl,0.7710843373493976,0.6144578313253012,4.228915662650603,5.856731599917365
t1_f6t85gx,0.6638655462184874,0.5042016806722689,4.663865546218488,5.99210198177381
t1_g8nwdtp,0.8529411764705882,0.7352941176470589,4.852941176470588,4.7711426205984715
t1_f7azevv,0.8043478260869565,0.6956521739130435,4.217391304347826,5.055958151615121
t1_ewv5e8m,0.7903225806451613,0.6935483870967742,4.564516129032258,5.406225851499179
t1_hwzd1zp,0.8421052631578947,0.7105263157894737,4.631578947368421,4.912272579176128
t1_hfa3htz,1.0,1.0,5.333333333333333,4.39231742277876
t1_es8wbep,0.782608695652174,0.5869565217391305,3.4565217391304346,5.07236874948824
t1_h0l71h9,0.6881720430107527,0.5698924731182796,4.333333333333333,5.6048163058437215
t1_hfx91b9,0.7721518987341772,0.6329113924050633,4.177215189873418,5.768785020246847
t1_ev0ee8c,0.8125,0.625,4.5,4.625
t1_ig99ol8,0.782608695652174,0.6086956521739131,3.5217391304347827,4.0559581516151235
t1_foatj40,0.8571428571428571,0.7380952380952381,4.880952380952381,5.0886296251082035
t1_gzv1xk3,0.648936170212766,0.4148936170212766,4.404255319148936,5.73029158087589
t1_evl9eot,0.8153846153846154,0.676923076923077,4.246153846153846,5.6182960821593735
t1_dbf2b7d,0.6506024096385542,0.4819277108433735,4.771084337349397,5.47589255805668
t1_hu7naqd,0.7454545454545455,0.6,4.236363636363636,5.1446406224582235
t1_ells7xm,0.8888888888888888,0.7777777777777778,4.466666666666667,5.269630874107452
t1_k743mfj,0.8461538461538461,0.717948717948718,4.538461538461538,4.958353821370876
t1_dintv4j,0.8172043010752689,0.7204301075268817,4.397849462365591,6.092817144394842
t1_fc02m1f,0.7373737373737373,0.6060606060606061,4.494949494949495,5.980218614963553
t1_iukezeh,0.8888888888888888,0.7777777777777778,4.925925925925926,4.532665279941249
t1_i79u1wg,0.7567567567567568,0.5405405405405406,4.8108108108108105,4.702564514219128
t1_fz5j53s,0.7857142857142857,0.6964285714285714,4.571428571428571,5.239954252221584
t1_grukyb1,0.6574074074074074,0.5185185185185185,4.898148148148148,5.8003172805912335
t1_iw0iolc,0.8157894736842105,0.6842105263157895,4.7894736842105265,4.83977553964551
t1_jeepuxp,0.7592592592592593,0.6296296296296297,5.2407407407407405,5.1555443914856856
t1_jsgzibj,0.7575757575757576,0.6060606060606061,4.515151515151516,4.450162589830066
t1_gug6bdw,0.6440677966101694,0.4576271186440678,4.830508474576271,5.973319109140244
t1_ian88oz,0.875,0.75,5.583333333333333,4.334962500721156
t1_gny4zi7,0.8888888888888888,0.7777777777777778,5.638888888888889,4.947702779220088
t1_k0o6veq,0.7653061224489796,0.6530612244897959,4.6020408163265305,5.95420927316419
t1_kand8m4,0.7945205479452054,0.7123287671232876,4.63013698630137,5.604141168439428
t1_gqzmgnv,0.8360655737704918,0.7213114754098361,3.918032786885246,5.557706394904467
t1_edswhw6,0.8085106382978723,0.723404255319149,4.680851063829787,5.052256075625792
t1_ghu5art,0.8356164383561644,0.7397260273972602,4.945205479452055,5.784213045531576
t1_hdz2sqj,0.8837209302325582,0.7674418604651163,4.511627906976744,5.193706615167214
t1_hs3vsam,0.7207207207207207,0.6036036036036037,4.648648648648648,6.009204015034157
t1_gt756te,0.7214285714285714,0.5857142857142857,4.6,6.349175822203973
t1_k1yyhc1,0.8421052631578947,0.75,6.157894736842105,5.869573730520387
t1_ev7wzaj,0.8409090909090909,0.7045454545454546,4.636363636363637,5.124093266315399
t1_gkgqlji,0.717948717948718,0.5256410256410257,5.205128205128205,5.603847610416994
t1_gt3q6lb,0.7692307692307693,0.6410256410256411,4.641025641025641,5.727584590601653
t1_dt46oz1,0.8611111111111112,0.75,4.777777777777778,4.871178126382214
t1_j10yz0d,0.7884615384615384,0.6923076923076923,4.596153846153846,5.142371448743904
t1_hrkgcrg,0.8,0.7,4.8,5.118562939644918
t1_j3rbdq8,0.8,0.65,4.925,4.871928094887363
t1_gycc31z,0.8666666666666667,0.8,4.866666666666666,5.144972196897744
t1_dvlx3dq,0.8478260869565217,0.7608695652173914,5.456521739130435,5.15932527122737
t1_h8gifqf,0.825,0.7375,4.825,5.8686198135562275
t1_jes6arx,0.7032967032967034,0.5494505494505495,5.252747252747253,5.747780799992873
t1_f5pu9wg,0.8,0.68,4.26,5.173660689688188
t1_gk0wp82,0.8709677419354839,0.7419354838709677,5.354838709677419,4.696131794257844
t1_fees8h5,0.7325581395348837,0.5930232558139535,4.930232558139535,5.715573877042055
t1_eahlbx7,0.896551724137931,0.7931034482758621,4.689655172413793,4.651084443403434
t1_kfg52a2,0.95,0.9,5.75,4.221928094887362
t1_i7vfp1o,0.8103448275862069,0.6379310344827587,4.4655172413793105,5.4656553485385455
t1_enn2wiz,0.7241379310344828,0.5862068965517241,3.9827586206896552,5.170493012697791
t1_fotcryx,0.8125,0.71875,3.90625,4.5121987351738495
t1_ew09vdr,0.7419354838709677,0.5645161290322581,4.596774193548387,5.361375544222947
t1_djgvr8a,0.6949152542372882,0.576271186440678,5.0508474576271185,4.9667260999159435
t1_e854lr4,0.9047619047619048,0.8809523809523809,5.214285714285714,5.115897411482647
t1_frheowo,0.9230769230769231,0.8461538461538461,5.1923076923076925,4.546593564294937
t1_gsdwbbj,0.6814814814814815,0.5185185185185185,5.066666666666666,6.252488096938667
t1_hfju03f,0.7534246575342466,0.6164383561643836,4.273972602739726,5.588806709826228
t1_ey1cjd2,0.8125,0.6875,4.125,4.5625
t1_fdmqcgq,0.8108108108108109,0.7297297297297297,4.945945945945946,5.690448339188864
t1_jcatyda,0.8648648648648649,0.7837837837837838,5.27027027027027,4.898378365512008
t1_e9odppu,0.9310344827586207,0.8620689655172413,4.551724137931035,4.720049960644813
t1_du163mv,0.8732394366197183,0.7887323943661971,5.098591549295775,5.864329337723122
t1_jltelr0,0.7959183673469388,0.673469387755102,4.653061224489796,5.117474579286632
t1_e0aehjj,0.7534246575342466,0.6164383561643836,4.835616438356165,5.573118394377916
t1_eg1pqs6,0.8275862068965517,0.7241379310344828,4.448275862068965,4.461092201874919
t1_ino8f1z,0.7619047619047619,0.6031746031746031,4.587301587301587,5.401650359904833
t1_grvjyj7,0.8695652173913043,0.7608695652173914,4.608695652173913,5.246281792966501
t1_dx38kva,0.8103448275862069,0.6724137931034483,3.9827586206896552,5.439624745015666
t1_f3xwhyd,0.7741935483870968,0.6935483870967742,4.709677419354839,5.283073076928216
t1_jlfnclp,0.7681159420289855,0.6231884057971014,4.449275362318841,5.572009239261442
t1_g23dhr4,0.6470588235294118,0.5042016806722689,4.294117647058823,5.893351142072019
t1_gs55cnq,0.6707317073170732,0.5,4.463414634146342,5.485004748256685
t1_j002bsk,0.8846153846153846,0.8076923076923077,4.615384615384615,4.440636352673264
t1_gyh6dv3,0.851063829787234,0.7446808510638298,5.702127659574468,5.22459363881962
t1_gny0jbj,0.6794871794871795,0.5128205128205128,5.487179487179487,5.445533308550369
t1_dvw8pdm,0.717391304347826,0.5760869565217391,4.608695652173913,5.7771376684150955
t1_ibv3pep,0.9259259259259259,0.8518518518518519,6.0,4.606739354015323
t1_e2u0yph,0.8,0.6666666666666666,3.911111111111111,5.0306333740593745
t1_irvf0ob,0.7341772151898734,0.5822784810126582,4.493670886075949,5.662904919277222
t1_i3vlil7,0.6444444444444445,0.4222222222222222,3.466666666666667,4.624751985026254
t1_hc4lr6p,0.7522123893805309,0.6371681415929203,4.946902654867257,6.136476475988816
t1_dm5uz1p,0.7654320987654321,0.6296296296296297,4.530864197530864,5.742240472556634
t1_djs9x3q,0.8333333333333334,0.6904761904761905,5.0476190476190474,5.041010577489155
t1_kcrb15b,0.8636363636363636,0.75,4.159090909090909,5.169547811769944
t1_gywws4t,0.704225352112676,0.5633802816901409,4.183098591549296,5.372827972198621
t1_kaz40x0,0.7407407407407407,0.5740740740740741,4.037037037037037,5.1573937520432755
t1_h0wfkos,0.9642857142857143,0.9285714285714286,4.785714285714286,4.735926350629034
t1_h8gj5be,0.825,0.7375,4.825,5.8686198135562275
t1_j80o8fg,0.8571428571428571,0.7755102040816326,5.591836734693878,5.272773364479219
t1_gy4jmlt,0.7659574468085106,0.5957446808510638,4.361702127659575,5.038319436645929
t1_jm2ypn7,0.7391304347826086,0.6086956521739131,4.507246376811594,5.409036594365261
t1_hgx3fz3,0.7804878048780488,0.7073170731707317,4.609756097560975,4.6746251753497905
t1_kddn6te,0.7297297297297297,0.5405405405405406,5.0,4.607705730318401
t1_fs8ojbh,0.7,0.5142857142857142,4.328571428571428,5.423796188584194
t1_joifrnt,0.8222222222222222,0.7333333333333333,3.6,5.0138580962335215
t1_fjm07ou,0.6974789915966386,0.5630252100840336,4.647058823529412,6.0711768518092475
t1_eb5gedq,0.926829268292683,0.8780487804878049,4.097560975609756,5.192798650906777
t1_e3sq8d6,0.7628865979381443,0.6288659793814433,4.865979381443299,5.99778529624315
t1_gekp8sd,0.5323741007194245,0.3597122302158273,4.18705035971223,5.767262671542661
t1_hqk9tm9,0.7166666666666667,0.5666666666666667,4.741666666666666,6.16506101220308
t1_gsk17c6,0.6929824561403509,0.543859649122807,4.9298245614035086,6.001566330540477
t1_fb824gi,1.0,1.0,5.5,4.321928094887363
t1_dvu9owh,0.896551724137931,0.8275862068965517,3.7586206896551726,4.625053839880556
t1_h2x12xt,0.6842105263157895,0.543859649122807,4.385964912280702,4.9331669875832596
t1_ib5pqnx,0.7317073170731707,0.6097560975609756,4.512195121951219,5.640833712750196
t1_eok9nmo,0.8367346938775511,0.7142857142857143,3.7551020408163267,5.257367497088128
t1_e36943k,0.9,0.825,4.275,5.103055907333276
t1_g9ig1tf,0.8518518518518519,0.7962962962962963,4.333333333333333,5.342578937228461
t1_dvtvbii,0.9375,0.875,4.625,4.875
t1_i0abqp1,0.8857142857142857,0.7714285714285715,4.257142857142857,4.900711588373535
t1_dwei893,0.96,0.92,4.8,4.5638561897747225
t1_k1kcjjw,0.7555555555555555,0.6222222222222222,4.311111111111111,5.85285559628159
t1_gxh8dm5,0.42,0.24,4.04,3.9851422503837735
t1_e11z26u,0.8571428571428571,0.7380952380952381,4.595238095238095,5.088629625108203
t1_er9vnvz,0.9722222222222222,0.9444444444444444,5.472222222222222,5.114369445886754
t1_gv56hfd,0.7472527472527473,0.6043956043956044,4.747252747252747,5.886593266429681
t1_hhj181y,0.78125,0.625,4.3125,4.515319531114783
t1_e177pyz,0.8387096774193549,0.7419354838709677,4.258064516129032,4.567099536193328
t1_kcemqfq,0.7441860465116279,0.6046511627906976,5.162790697674419,4.795580673800615
t1_eistt6s,0.7,0.5333333333333333,3.988888888888889,5.737229241208627
t1_h06zpsu,0.7142857142857143,0.5164835164835165,4.538461538461538,5.827397420848222
t1_fp6028h,0.7654320987654321,0.6049382716049383,4.432098765432099,5.796640126341408
t1_ezo6dy6,0.8064516129032258,0.6451612903225806,4.096774193548387,5.534841471677195
t1_dt4apjv,0.8571428571428571,0.7428571428571429,5.228571428571429,4.822000516883151
t1_dvvl8hl,0.8823529411764706,0.7647058823529411,4.176470588235294,4.852168723603279
t1_k4z4r5q,0.8,0.625,3.75,4.903055907333276
t1_gs2ew31,0.8478260869565217,0.7391304347826086,5.260869565217392,5.186392934223817
t1_ib9ew47,0.7586206896551724,0.5689655172413793,3.6724137931034484,5.336176469153599
t1_h0sdou8,0.7755102040816326,0.6326530612244898,3.693877551020408,5.094102190965679
t1_fs2qsva,0.7704918032786885,0.6229508196721312,4.360655737704918,5.379759624867199
t1_h6zhn05,0.6176470588235294,0.4485294117647059,4.786764705882353,6.017132786451526
t1_k3n9eut,0.8627450980392157,0.7254901960784313,4.823529411764706,5.39791553804993
t1_hcyz6ba,0.78125,0.65625,4.5,4.476409765557392
t1_job3c89,0.6333333333333333,0.4,4.8,5.042318879259731
t1_e0tg9pu,0.7339449541284404,0.5871559633027523,4.5504587155963305,6.11420072372055
t1_jp332jo,0.7916666666666666,0.6666666666666666,4.472222222222222,5.655764584655456
t1_g15a92m,0.696969696969697,0.5353535353535354,4.878787878787879,5.87578733791671
t1_gq203ox,0.8461538461538461,0.75,4.6923076923076925,5.339768804637951
t1_gs5eff1,0.7,0.5166666666666667,4.333333333333333,5.169146220500345
t1_k7ari2r,1.0,1.0,6.130434782608695,4.523561956057013
t1_f2p0ooz,0.7608695652173914,0.6739130434782609,4.934782608695652,4.8905311847795385
t1_k6iyggz,0.9090909090909091,0.8181818181818182,4.818181818181818,4.8625759375402735
t1_gtnpq8o,0.6333333333333333,0.48333333333333334,5.366666666666666,5.793102334296284
t1_f7qtt0m,0.9629629629629629,0.9259259259259259,5.666666666666667,4.6808134280893965
t1_guyoo91,0.6705882352941176,0.5176470588235295,4.341176470588235,5.50161141309382
t1_htfcayq,0.8181818181818182,0.6363636363636364,3.8636363636363638,4.095795255000932
t1_gn8mlhg,0.8,0.7142857142857143,5.6571428571428575,4.604582217613528
t1_duaydth,0.75,0.525,5.025,4.803055907333276
t1_gmpumnz,0.7763157894736842,0.6842105263157895,5.105263157894737,5.644318263694547
t1_kamhqia,0.9,0.8,4.56,5.443856189774727
t1_h4apysn,0.9583333333333334,0.9166666666666666,3.75,4.501629167387823
t1_ff99o9f,0.5434782608695652,0.34057971014492755,4.246376811594203,5.847022265549966
t1_dhp6t9f,0.7796610169491526,0.6271186440677966,4.52542372881356,5.382477371322398
t1_g3r3dpt,0.7962962962962963,0.6481481481481481,4.777777777777778,5.296463659530811
t1_hev4kgq,0.7735849056603774,0.6509433962264151,4.283018867924528,6.18406441218824
t1_hrifvl3,0.8571428571428571,0.746031746031746,4.777777777777778,5.659819606039601
t1_etcb0tv,0.7349397590361446,0.5903614457831325,4.409638554216867,5.720045118375841
t1_hialt2c,0.9523809523809523,0.9047619047619048,4.904761904761905,4.297079327540665
t1_hgwknht,0.9117647058823529,0.8235294117647058,4.294117647058823,4.910992253015044
t1_dtgwrn7,0.7311827956989247,0.6344086021505376,4.870967741935484,5.708889915798998
t1_ij6bq2a,0.8372093023255814,0.6744186046511628,4.0,5.10068335935326
t1_eeyang8,0.6470588235294118,0.49411764705882355,5.176470588235294,5.407986048152248
t1_gsyp68f,0.8108108108108109,0.7297297297297297,5.4324324324324325,4.713114771666783
t1_e74aqqv,0.82,0.66,4.62,5.268758439731458
t1_ivc5hrl,0.6923076923076923,0.5274725274725275,4.164835164835165,5.731189865879393
t1_jgumaer,0.6240601503759399,0.5037593984962406,4.56390977443609,5.841605535552676
t1_j0tqiok,0.8541666666666666,0.7083333333333334,4.229166666666667,5.293295834054493
t1_jarvzqh,0.8113207547169812,0.6981132075471698,4.830188679245283,5.284339794104198
t1_hzmpktk,0.9583333333333334,0.9166666666666666,4.75,4.501629167387823
t1_exafi3a,0.7777777777777778,0.6666666666666666,4.6,4.941744485170486
t1_ebsz0y5,0.6111111111111112,0.4351851851851852,3.990740740740741,5.73962138649916
t1_dx7ueh3,0.9259259259259259,0.8518518518518519,4.888888888888889,4.606739354015323
t1_gzvvf3l,0.6703296703296703,0.5054945054945055,3.7252747252747254,5.631152469750157
t1_hkt057l,0.7931034482758621,0.6551724137931034,4.310344827586207,4.375222374437916
t1_gx4hcol,0.9259259259259259,0.8518518518518519,4.481481481481482,4.606739354015323
t1_dz7l1ye,0.8695652173913043,0.782608695652174,4.3478260869565215,4.229871195093384
t1_k2qcyfg,0.96,0.92,8.0,4.5638561897747225
t1_go8x1ow,0.8125,0.71875,5.328125,5.53125
t1_ekunhum,0.7843137254901961,0.6470588235294118,4.333333333333333,5.162621420402872
t1_es5bnnj,0.8780487804878049,0.7804878048780488,4.7317073170731705,5.095237675297021
t1_ekopgwb,0.9032258064516129,0.8064516129032258,4.419354838709677,4.760647923290102
t1_dyo8nnf,0.6956521739130435,0.5652173913043478,4.147826086956521,6.008266790618349
t1_j8f1fly,0.8958333333333334,0.8125,4.229166666666667,5.360902344426087
t1_girxmb4,0.7241379310344828,0.5517241379310345,5.2298850574712645,5.768563789376805
t1_gxwayu7,0.8913043478260869,0.8043478260869565,4.369565217391305,5.289760053836066
t1_gs30rpj,0.8571428571428571,0.7142857142857143,5.476190476190476,4.106603137064474
t1_g67n06b,0.813953488372093,0.6976744186046512,5.441860465116279,4.990104580233179
t1_kd3fb09,0.7954545454545454,0.6363636363636364,4.568181818181818,5.016027641266228
t1_ew1bf92,0.8363636363636363,0.7272727272727273,4.709090909090909,5.40399812257623
t1_hvcu5ab,0.6617647058823529,0.47058823529411764,4.294117647058823,5.186224421909984
t1_id9mpgo,0.7796610169491526,0.6101694915254238,3.9661016949152543,5.395272074748897
t1_erh9gdc,0.6934306569343066,0.5401459854014599,4.781021897810219,6.314089817148416
t1_duqfq38,0.75,0.625,4.65,4.715311532225103
t1_esmq8wg,0.75,0.6166666666666667,4.483333333333333,5.269146220500344
t1_igqo94y,0.8148148148148148,0.6666666666666666,3.6666666666666665,4.356558335416675
t1_ez8w5at,0.7192982456140351,0.47368421052631576,4.298245614035087,5.244999224615146
t1_gogs1rc,0.78125,0.625,4.46875,4.5
t1_f9zhsi0,0.9487179487179487,0.8974358974358975,5.051282051282051,5.182838116298145
t1_h7bz30a,0.765625,0.640625,5.25,5.402114648336087
t1_jwwjw2p,0.5666666666666667,0.36666666666666664,4.433333333333334,5.927219038706481
t1_fkyan4z,0.6904761904761905,0.5,4.833333333333333,4.6717302202432744
t1_f6suzsh,0.8367346938775511,0.7346938775510204,4.448979591836735,5.231957037948607
t1_hixx9nl,0.8648648648648649,0.7567567567567568,5.513513513513513,4.918780730435346
t1_j18y9va,0.7303370786516854,0.5730337078651685,4.797752808988764,5.784612363502058
t1_jj6v4yw,0.6923076923076923,0.5641025641025641,5.435897435897436,4.422543643108319
t1_egy3fu7,0.8367346938775511,0.7551020408163265,5.183673469387755,5.175734844026904
t1_h9ppwmz,0.782608695652174,0.6521739130434783,4.608695652173913,4.969001629875991
t1_dscpgiz,0.8275862068965517,0.7241379310344828,4.344827586206897,4.461092201874919
t1_fb6ec4m,0.84375,0.6875,4.5625,4.6875
t1_jeemv68,0.7428571428571429,0.5857142857142857,5.0,5.503933909647578
t1_g8oq9dq,0.7007874015748031,0.5354330708661418,4.582677165354331,6.246443249713176
t1_j78ao6o,0.7380952380952381,0.5952380952380952,3.9047619047619047,5.756792684859068
t1_jp52rai,0.7647058823529411,0.5882352941176471,5.1568627450980395,5.147819704674176
t1_g6wz4w7,0.8717948717948718,0.7692307692307693,4.948717948717949,5.009635872652928
t1_eqgab08,0.6557377049180327,0.45901639344262296,5.459016393442623,5.0819760668937475
t1_kaah96z,0.8709677419354839,0.7741935483870968,5.096774193548387,4.6717805845106355
t1_frea0zf,0.7391304347826086,0.5942028985507246,5.0144927536231885,5.456067210275936
t1_erblksx,0.75,0.5694444444444444,4.5,5.58291579996328
t1_fj1cioj,0.684931506849315,0.4931506849315068,4.123287671232877,5.425791168320881
t1_dx4en94,0.8048780487804879,0.6341463414634146,4.560975609756097,4.948896211882388
t1_e61czhy,0.7017543859649122,0.49122807017543857,5.087719298245614,5.146584479449585
t1_kefeune,0.8125,0.65625,4.71875,4.601409765557392
t1_iz78ajg,0.7623762376237624,0.6435643564356436,4.772277227722772,6.0033702403021065
t1_f6n29jd,0.9333333333333333,0.8666666666666667,4.933333333333334,4.773557262275186
t1_htw2w80,0.7142857142857143,0.6190476190476191,5.428571428571429,3.5585186130489053
t1_i32gg4z,0.7884615384615384,0.6538461538461539,4.596153846153846,5.1934295647449344
t1_glvs2h2,0.75,0.6574074074074074,4.5,6.02892798370135
t1_hnkego4,0.7368421052631579,0.6052631578947368,4.184210526315789,4.6093837632727865
t1_kane5ay,0.7945205479452054,0.7123287671232876,4.63013698630137,5.604141168439428
t1_f8abql2,0.85,0.75,4.325,4.971928094887364
t1_foybyho,0.9666666666666667,0.9333333333333333,4.866666666666666,4.840223928941852
t1_do2m8ux,0.8095238095238095,0.6984126984126984,4.285714285714286,5.5286344868889605
t1_hjal99w,0.8125,0.65625,5.03125,4.601409765557392
t1_e4qgpkm,0.7346938775510204,0.5816326530612245,5.122448979591836,5.975636471838779
t1_kfkvxtj,0.825,0.7,4.275,4.93418371977919
t1_fkrlwk8,0.8333333333333334,0.7380952380952381,4.857142857142857,4.973040268625504
t1_dy0oy06,0.96875,0.9375,5.9375,4.9375
t1_es7yrid,0.7868852459016393,0.6557377049180327,5.114754098360656,5.4125465101131
t1_gd8cryt,0.9259259259259259,0.8518518518518519,4.444444444444445,4.606739354015323
t1_kdihfml,0.5851063829787234,0.43617021276595747,5.074468085106383,5.317390049885105
t1_d5giixh,0.8421052631578947,0.7368421052631579,4.5,4.892407118592879
t1_ejb19lh,0.8,0.7,5.133333333333334,4.386569246460625
t1_io3854z,0.7831325301204819,0.6987951807228916,4.385542168674699,5.737764094123062
t1_h6erfna,0.6705882352941176,0.5294117647058824,4.894117647058824,5.535992924872676
t1_cjuo15p,0.7241379310344828,0.5689655172413793,4.551724137931035,6.177861572803586
t1_dvpi4lw,0.9615384615384616,0.9230769230769231,4.5,4.623516641218013
t1_gru65a8,0.7333333333333333,0.5666666666666667,4.977777777777778,5.825008513762962
t1_e3igo79,0.7083333333333334,0.5138888888888888,4.583333333333333,5.499582466629947
t1_j33xx4f,0.8297872340425532,0.723404255319149,5.319148936170213,5.15554869205714
t1_k3n9mr3,0.8627450980392157,0.7254901960784313,4.823529411764706,5.39791553804993
t1_h2z1z6r,0.8,0.6875,4.9,5.839063213848726
t1_ixsqpfr,0.7450980392156863,0.5882352941176471,4.411764705882353,5.079000586942274
t1_f5p4ff9,0.7272727272727273,0.5909090909090909,4.833333333333333,5.305683702659013
t1_d315rrf,0.6851851851851852,0.5092592592592593,3.9444444444444446,5.979974682980951
t1_fss38xv,0.8222222222222222,0.7333333333333333,5.311111111111111,5.047408651885229
t1_hteipvy,0.8548387096774194,0.7258064516129032,4.467741935483871,5.6516981248681075
t1_ge2fugq,0.8055555555555556,0.6944444444444444,4.0,4.7045114597155475
t1_e2p70d4,0.9230769230769231,0.8461538461538461,4.230769230769231,4.546593564294937
t1_j2uwrpl,0.9310344827586207,0.8620689655172413,4.655172413793103,4.720049960644814
t1_gxbbolo,0.7848101265822784,0.7088607594936709,4.8734177215189876,5.699041032850301
t1_gejcstt,0.896551724137931,0.7931034482758621,4.655172413793103,4.651084443403434
t1_ebrcze6,0.8,0.6857142857142857,5.114285714285714,4.65057194545458
t1_dxyy1om,0.9629629629629629,0.9259259259259259,4.111111111111111,4.6808134280893965
t1_gvs5t8o,0.7213114754098361,0.5901639344262295,3.8360655737704916,5.209849330168833
t1_gtbm237,0.9655172413793104,0.9310344827586207,5.793103448275862,4.789015477886192
t1_jpq310w,0.8125,0.6875,4.78125,4.577819531114783
t1_h4jdfsy,0.8717948717948718,0.7692307692307693,4.0256410256410255,5.009635872652928
t1_gcn8bwa,0.8620689655172413,0.7931034482758621,4.275862068965517,4.513153408920675
t1_g7pbbcj,0.6794871794871795,0.5,4.512820512820513,5.508104904976474
t1_jp33fb5,0.7916666666666666,0.6666666666666666,4.472222222222222,5.655764584655456
t1_g4cka1q,0.6896551724137931,0.5,4.551724137931035,6.10889605556221
t1_iq3n6gt,0.8260869565217391,0.6956521739130435,4.043478260869565,4.142914673354254
t1_f4i3b9p,0.8695652173913043,0.7608695652173914,4.543478260869565,5.246281792966501
t1_ez5khxn,0.8666666666666667,0.7666666666666667,4.616666666666666,5.615061012203069
t1_hqg9y2v,0.7764705882352941,0.6588235294117647,5.317647058823529,5.825255824909433
t1_g5kqgws,0.896551724137931,0.7931034482758621,4.948275862068965,5.651084443403433
t1_hu8ghob,0.7075471698113207,0.6037735849056604,4.5,5.824236964546011
t1_icanpki,0.8064516129032258,0.6451612903225806,3.903225806451613,4.542748326446118
t1_fo1yl1t,0.8857142857142857,0.8,4.371428571428571,4.8791433740260075
t1_efmlhjv,0.88,0.8,4.68,4.373660689688185
t1_dtam0ro,0.868421052631579,0.7631578947368421,4.947368421052632,4.964904158123496
t1_j39tj1k,0.6708860759493671,0.5189873417721519,4.69620253164557,5.396834666003122
t1_dvbcbco,0.8214285714285714,0.7142857142857143,5.178571428571429,5.378783493486179
t1_ejc4kfl,0.9090909090909091,0.8181818181818182,4.787878787878788,4.8625759375402735
t1_i2wfcci,0.7872340425531915,0.6595744680851063,4.319148936170213,5.036194639409548
t1_hxn1w79,0.7868852459016393,0.639344262295082,5.032786885245901,5.438934058874358
t1_ewl8onp,0.6666666666666666,0.5,4.633333333333334,3.9851744471284114
t1_k4prup6,0.7962962962962963,0.6481481481481481,3.9444444444444446,5.296463659530811
t1_jv2fc45,0.9090909090909091,0.8181818181818182,4.7272727272727275,5.277613436819114
t1_hgnsy9q,0.8333333333333334,0.7083333333333334,5.458333333333333,4.220175521464345
t1_hw5y53n,0.6703296703296703,0.4945054945054945,3.978021978021978,5.647313733343774
t1_hyucqwo,0.8292682926829268,0.6829268292682927,5.780487804878049,4.997676699687266
t1_f77ubvp,0.8484848484848485,0.7575757575757576,4.212121212121212,4.680757755722092
t1_gs51ada,0.7,0.5375,4.9375,5.54361981355623
t1_h02z5id,0.7024793388429752,0.5206611570247934,4.471074380165289,6.191267369362967
t1_i72lfrd,0.7674418604651163,0.6046511627906976,4.116279069767442,4.897081324419227
t1_f8ddjqo,0.9090909090909091,0.8181818181818182,4.606060606060606,4.8625759375402735
t1_gptx4bd,0.6601941747572816,0.5242718446601942,4.786407766990291,5.74199360956047
t1_dy0j7tc,0.8076923076923077,0.6730769230769231,4.653846153846154,5.262845727714874
t1_hc69h31,0.6764705882352942,0.5441176470588235,4.514705882352941,6.151549513933094
t1_gxtmzmy,1.0,1.0,4.578947368421052,4.247927513443583
t1_gsywhss,0.9285714285714286,0.8571428571428571,5.357142857142857,4.664497779200462
t1_ev8xp30,0.9565217391304348,0.9130434782608695,4.956521739130435,4.436605434317882
t1_gxlju1q,0.8392857142857143,0.7321428571428571,5.25,5.436731930947546
t1_ehv2kzu,0.7333333333333333,0.6333333333333333,4.866666666666666,5.1188203870227795
t1_j0npnra,0.7692307692307693,0.6153846153846154,5.1923076923076925,4.18083298720544
t1_ev8t76j,0.75,0.5416666666666666,4.208333333333333,5.053508854797682
t1_g4tfdp0,0.7894736842105263,0.6421052631578947,5.147368421052631,6.095965608239855
t1_g23dook,0.6470588235294118,0.5042016806722689,4.294117647058823,5.893351142072019
t1_gk3qc42,0.896551724137931,0.7931034482758621,4.482758620689655,4.651084443403434
t1_gw5ngm6,0.7777777777777778,0.6481481481481481,4.2592592592592595,5.215639067371547
t1_eau9xjg,0.9032258064516129,0.8064516129032258,4.580645161290323,4.760647923290102
t1_ge4wg4n,0.8837209302325582,0.7906976744186046,5.395348837209302,5.176151091861087
t1_e3ez01l,0.7906976744186046,0.6046511627906976,3.8372093023255816,4.990104580233179
t1_eb2m99c,0.9166666666666666,0.8333333333333334,4.645833333333333,5.4182958340544936
t1_gpsm49h,0.6704545454545454,0.5227272727272727,5.068181818181818,5.5371757607274
t1_izlpvtk,0.8787878787878788,0.7878787878787878,3.878787878787879,4.779094498080775
t1_eqae2yx,0.825,0.725,3.75,4.903055907333276
t1_gyh5dem,0.8775510204081632,0.7755102040816326,5.0,5.354406017540445
t1_igwrma9,0.7171717171717171,0.5656565656565656,4.141414141414141,5.866892544772909
t1_hf6tc7w,0.94,0.88,4.66,5.523856189774728
t1_d1drsnh,0.6054421768707483,0.42857142857142855,4.775510204081633,6.107132488141613
t1_hdqtm4n,0.7333333333333333,0.6,4.177777777777778,4.802529762804033
t1_hejdxsw,0.6460176991150443,0.48672566371681414,4.699115044247788,5.847839997982215
t1_i391a57,0.7692307692307693,0.6,4.046153846153846,5.506832812961887
t1_hrabolz,0.7083333333333334,0.5208333333333334,5.072916666666667,5.872396126173589
t1_gxd8jom,0.7317073170731707,0.5609756097560976,4.158536585365853,5.724938553631167
t1_dy26buk,0.6767676767676768,0.494949494949495,4.0,5.842747499060148
t1_k6ma7cg,0.896551724137931,0.7931034482758621,4.0,4.651084443403434
t1_hk2om0v,0.8571428571428571,0.7428571428571429,3.2857142857142856,4.822000516883151
t1_ezf5dyk,0.875,0.7857142857142857,4.982142857142857,5.5303946541231985
t1_h77send,0.8111111111111111,0.7111111111111111,4.6,6.01708580796077
t1_dw74hjp,0.68,0.4,4.0,3.973660689688184
t1_fmfm4su,0.78125,0.6875,4.265625,5.43180425036562
t1_gl1ivp8,0.8461538461538461,0.7435897435897436,4.897435897435898,4.9389977315718125
t1_hg6qo5v,0.8529411764705882,0.7058823529411765,3.823529411764706,4.793345194191515
t1_gmlp2yb,0.9354838709677419,0.8709677419354839,3.967741935483871,4.825164052322361
t1_ie0vawm,0.8214285714285714,0.7142857142857143,5.214285714285714,4.378783493486177
t1_er6dx3k,0.8529411764705882,0.7352941176470589,3.9705882352941178,4.7711426205984715
t1_eudl1mi,0.8548387096774194,0.7580645161290323,4.661290322580645,5.6194400603519785
t1_iie1ofb,0.7432432432432432,0.581081081081081,4.5,5.611282250676381
t1_i2rj81n,0.9642857142857143,0.9285714285714286,4.964285714285714,4.735926350629034
t1_hi5eww5,0.9393939393939394,0.9090909090909091,5.575757575757576,4.900306619292896
t1_fe5xa6k,0.8169014084507042,0.7323943661971831,4.971830985915493,5.632072647643221
t1_g8iuabj,0.6285714285714286,0.47619047619047616,4.085714285714285,5.601989209435922
t1_e2mi5fm,0.7526881720430108,0.6021505376344086,4.258064516129032,5.955667816414591
t1_jze7b0k,0.76,0.664,5.568,6.264594360728137
t1_h5d40q5,0.7941176470588235,0.6764705882352942,4.9411764705882355,5.582102135712104
t1_gx8dfnm,0.7068965517241379,0.603448275862069,5.586206896551724,5.010373073425328
t1_jfuf2zn,0.7941176470588235,0.6176470588235294,4.411764705882353,4.6534955617749425
t1_ejrsahj,0.7758620689655172,0.6551724137931034,4.0,5.2999718920827394
t1_dt9elm2,0.9333333333333333,0.8666666666666667,4.566666666666666,4.773557262275186
t1_ebi2vx7,0.9615384615384616,0.9230769230769231,4.5,4.623516641218013
t1_ej7rig2,0.6099290780141844,0.46099290780141844,4.148936170212766,5.98647023565203
t1_el49p3j,0.6666666666666666,0.5252525252525253,5.08080808080808,5.597910822721485
t1_glczc7c,0.6197183098591549,0.4225352112676056,3.6901408450704225,6.186591091543358
t1_kdas8gi,0.6283783783783784,0.4864864864864865,4.641891891891892,6.110783136879256
t1_idluzk4,0.8076923076923077,0.6923076923076923,4.269230769230769,4.257756064128516
t1_gcmg97l,0.8928571428571429,0.7857142857142857,5.285714285714286,4.59306920777189
t1_etkzes2,0.64,0.46,4.26,4.604372820753983
t1_ec2zcqa,0.7307692307692307,0.5641025641025641,4.487179487179487,5.62034705244011
t1_itzxs42,0.6962025316455697,0.569620253164557,4.556962025316456,5.385688026493802
t1_jms9dfm,0.6581196581196581,0.5042735042735043,4.487179487179487,5.957816377955119
t1_f8dn3sw,0.7142857142857143,0.564625850340136,4.551020408163265,6.483628936903152
t1_e2kd0gw,0.7096774193548387,0.5591397849462365,4.505376344086022,5.769816068939918
t1_dst39lq,0.7,0.5,4.5,4.931663380285989
t1_k9k5mso,0.8333333333333334,0.75,4.4375,5.136842188131015
t1_ht1oivh,0.7619047619047619,0.6349206349206349,4.26984126984127,5.377685677296469
t1_g4d2mm3,0.6896551724137931,0.5,4.551724137931035,6.10889605556221
t1_ikxuzoe,0.75,0.6363636363636364,4.840909090909091,4.799896391167891
t1_hdry65j,0.717948717948718,0.5384615384615384,5.0,4.631305423879506
t1_ff6n7ag,0.8518518518518519,0.7222222222222222,4.314814814814815,5.4446118076789585
t1_j1dedfj,0.6363636363636364,0.5,4.445454545454545,5.605610487276224
t1_frimgth,0.84375,0.71875,4.53125,4.663909765557392
t1_emtcrts,0.9666666666666667,0.9333333333333333,5.033333333333333,4.840223928941852
t1_h9d7oou,0.8571428571428571,0.7857142857142857,5.892857142857143,4.450212064914748
t1_k18kbo0,0.8032786885245902,0.6229508196721312,5.524590163934426,5.524919509658564
t1_e8e4n3y,0.8695652173913043,0.782608695652174,4.086956521739131,4.229871195093384
t1_jupe166,0.92,0.84,4.56,4.4838561897747224
t1_h7x79cs,0.7692307692307693,0.6025641025641025,4.166666666666667,5.769188596984171
t1_f8fvvst,0.7936507936507936,0.6825396825396826,5.126984126984127,5.449989749708274
t1_gte95yx,0.6875,0.5,4.822916666666667,5.811205470122265
t1_jiwlr64,0.8103448275862069,0.6896551724137931,4.120689655172414,5.418157288156418
t1_dtbufji,0.8679245283018868,0.7735849056603774,4.7924528301886795,5.426033662110366
t1_i3wbj8n,0.6309523809523809,0.38095238095238093,4.821428571428571,5.50218766166963
t1_dssvnhe,0.8108108108108109,0.6756756756756757,5.0,4.77702093319652
t1_j0oqoc1,0.847457627118644,0.7457627118644068,4.1525423728813555,5.53086529508788
t1_hf5tkj3,0.851063829787234,0.7446808510638298,4.276595744680851,5.22459363881962
t1_jsis2tb,0.7666666666666667,0.7,4.566666666666666,4.231401845392172
t1_g4m6sza,0.8857142857142857,0.7714285714285715,4.6571428571428575,4.900711588373535
t1_gi5epn1,0.7843137254901961,0.6470588235294118,4.372549019607843,5.16262142040287
t1_dfumrce,0.8846153846153846,0.7692307692307693,5.596153846153846,5.469670487371864
t1_gze1qn3,0.7065217391304348,0.5760869565217391,4.489130434782608,5.705536075989831
t1_hg0knnu,0.8202247191011236,0.7078651685393258,4.719101123595506,6.054275284850374
t1_gn4a9my,0.6120689655172413,0.43103448275862066,4.767241379310345,5.825665426490887
t1_gnq5t25,0.717391304347826,0.5869565217391305,4.913043478260869,4.789335053647939
t1_dumn2t3,0.9302325581395349,0.8604651162790697,4.790697674418604,5.286729870981167
t1_e3db1q8,0.8536585365853658,0.7317073170731707,4.365853658536586,5.046457187492143
t1_dut2dou,0.9090909090909091,0.8787878787878788,4.575757575757576,4.801969876934213
t1_h0bzyyo,1.0,1.0,5.913043478260869,4.523561956057013
t1_kf4zudh,0.6962025316455697,0.5569620253164557,5.493670886075949,5.502714766972747
t1_eaag5ml,0.6066666666666667,0.4533333333333333,4.406666666666666,6.065201400620368
t1_ewi3drn,0.9393939393939394,0.8787878787878788,4.454545454545454,4.923181998146335
t1_j2a1yv0,0.6956521739130435,0.5,3.9565217391304346,5.791126325782517
t1_hu5ez2a,0.6486486486486487,0.5,4.364864864864865,5.246153196505381
t1_k63z1cv,0.8611111111111112,0.75,4.055555555555555,4.871178126382214
t1_jjcqhut,0.90625,0.8125,4.375,4.8125
t1_gjuqlcb,0.8205128205128205,0.6666666666666666,3.871794871794872,4.907071770088825
t1_hnysrov,0.9117647058823529,0.8235294117647058,5.352941176470588,4.910992253015044
t1_i2jemch,0.8064516129032258,0.6451612903225806,4.387096774193548,4.542748326446118
t1_gvwoirj,0.6907216494845361,0.5154639175257731,4.649484536082475,5.85997018743644
t1_h0b0n30,0.7662337662337663,0.6753246753246753,5.207792207792208,5.607632157549923
t1_jm7zwd0,0.7391304347826086,0.6086956521739131,4.507246376811594,5.409036594365261
t1_gnqb3pm,0.8,0.6833333333333333,4.233333333333333,5.4133965877012376
t1_dxwmmgu,0.8888888888888888,0.8148148148148148,5.333333333333333,4.504706483564824
t1_jp33k4v,0.7916666666666666,0.6666666666666666,4.472222222222222,5.655764584655456
t1_gru6wpa,0.8108108108108109,0.7027027027027027,5.297297297297297,5.745067852431654
t1_j4lsctc,0.8571428571428571,0.746031746031746,4.888888888888889,5.659819606039602
t1_h05jemi,0.7948717948717948,0.6923076923076923,4.948717948717949,4.7977214494095834
t1_ezicc6z,0.7586206896551724,0.6206896551724138,4.4655172413793105,5.265489133462049
t1_i9j8od5,0.5960264900662252,0.423841059602649,4.344370860927152,6.078613942888143
t1_hpou96n,0.8666666666666667,0.7666666666666667,4.033333333333333,4.6150610122030695
t1_fkt5ng2,0.7564102564102564,0.5897435897435898,4.358974358974359,5.733869526443613
t1_e50geae,0.746031746031746,0.5714285714285714,3.8412698412698414,5.38808285240843
t1_hrtpeb6,0.7073170731707317,0.5691056910569106,4.943089430894309,6.1298702209636104
t1_froim3v,0.8541666666666666,0.75,5.083333333333333,5.261842188131015
t1_j6hoxz0,0.6691176470588235,0.5147058823529411,4.786764705882353,6.214763967029299
t1_hzqzx89,0.7727272727272727,0.6666666666666666,3.9545454545454546,5.408030482994823
t1_dg81f6h,0.7962962962962963,0.6666666666666666,4.222222222222222,5.282484261342598
t1_gx3tiqm,0.7431192660550459,0.6146788990825688,4.770642201834862,6.078099178456977
t1_hvau3fr,0.8787878787878788,0.7575757575757576,3.6666666666666665,4.801969876934213
t1_i8p5l14,0.8,0.6888888888888889,3.8444444444444446,5.002964207440785
t1_k4egrf9,0.65,0.525,4.3625,5.263391366286097
t1_gxecbxa,0.8245614035087719,0.7543859649122807,5.368421052631579,5.350262382509879
t1_hrb4wq1,0.9024390243902439,0.8048780487804879,4.2682926829268295,5.16243005339857
t1_hgnnbc1,0.6904761904761905,0.5,4.511904761904762,5.647920696433751
t1_hfx9evz,0.7721518987341772,0.6329113924050633,4.177215189873418,5.768785020246847
t1_hdveh5b,0.9130434782608695,0.8260869565217391,5.869565217391305,4.349648912578752
t1_i7n8om3,0.8260869565217391,0.6811594202898551,4.768115942028985,5.738817572657484
t1_dzpw21t,0.8484848484848485,0.696969696969697,3.757575757575758,4.741363816328152
t1_d375flm,0.8695652173913043,0.7391304347826086,4.478260869565218,4.262692390839622
t1_d01kd3o,0.7605633802816901,0.6056338028169014,4.028169014084507,5.588137218364857
t1_kay9hdx,0.7592592592592593,0.5925925925925926,4.722222222222222,5.192581428522723
t1_e9p6lst,0.8292682926829268,0.6829268292682927,4.902439024390244,4.997676699687266
t1_gxid4jd,0.9107142857142857,0.8214285714285714,5.125,5.62878349348618
t1_jqugkxd,0.6831683168316832,0.5346534653465347,5.297029702970297,5.8401006858895
t1_f60l2vj,0.6436781609195402,0.5057471264367817,4.068965517241379,5.479167962147986
t1_ezf3mf3,0.875,0.7857142857142857,4.982142857142857,5.5303946541231985
t1_e70rwuj,0.6538461538461539,0.4807692307692308,4.4423076923076925,4.849196208400893
t1_jx42ted,0.6412213740458015,0.48854961832061067,4.923664122137405,6.066862914780724
t1_dyh6zk0,0.75,0.6666666666666666,4.472222222222222,4.493132557647858
t1_kfgksr7,0.8157894736842105,0.7105263157894737,4.368421052631579,4.80700942128139
t1_ke66zkr,0.9722222222222222,0.9444444444444444,5.138888888888889,5.114369445886754
t1_j6n8uxn,0.9285714285714286,0.8928571428571429,5.0,4.6375375112660535
t1_gtbn8yr,0.8292682926829268,0.6829268292682927,4.951219512195122,4.997676699687266
t1_ex35709,0.9565217391304348,0.9130434782608695,4.913043478260869,4.436605434317882
t1_h81gdqi,0.7457627118644068,0.6271186440677966,4.6440677966101696,5.18739643904567
t1_fm0n822,0.7619047619047619,0.6428571428571429,3.642857142857143,5.792739708771615
t1_g3kjdpy,0.8837209302325582,0.813953488372093,4.4186046511627906,5.147194987260237
t1_dy5sjng,0.75,0.6388888888888888,4.875,5.48228923749333
t1_ho90o4u,0.8518518518518519,0.7407407407407407,4.037037037037037,4.43063240949075
t1_f0kddf1,0.7619047619047619,0.5714285714285714,5.095238095238095,3.880179922675737
t1_gx53qzu,0.8,0.7066666666666667,4.466666666666667,5.6971613174168585
t1_kbj0kca,0.7478260869565218,0.6260869565217392,4.886956521739131,6.18658189867641
t1_f49k0yo,0.7586206896551724,0.6206896551724138,4.293103448275862,5.254195650150781
t1_f7evkom,0.9473684210526315,0.8947368421052632,5.0,4.142664355548846
t1_gv1ih2a,0.6639344262295082,0.5245901639344263,4.713114754098361,5.928388765405369
t1_elgc8jr,0.92,0.84,5.48,4.4838561897747224
t1_gt2hqjo,0.8023255813953488,0.686046511627907,4.523255813953488,5.948132016576939
t1_gzn7a5i,0.717948717948718,0.6068376068376068,4.47008547008547,6.081641002168912
t1_fjtrkun,0.7294117647058823,0.5764705882352941,4.541176470588235,5.7035085831965295
t1_fgezaei,0.7333333333333333,0.6,4.6,5.555094356989476
t1_hjl0t4f,0.8548387096774194,0.7741935483870968,4.403225806451613,5.575006390962245
t1_hg0l3o7,0.8202247191011236,0.7078651685393258,4.719101123595506,6.054275284850374
t1_dszbrna,0.86,0.74,4.44,5.348758439731457
t1_jgurspo,0.6851851851851852,0.5462962962962963,4.018518518518518,5.896822368246267
t1_i0jh8vn,0.8947368421052632,0.8245614035087719,4.982456140350878,5.595876417597598
t1_gimrykx,0.8260869565217391,0.6956521739130435,4.173913043478261,4.142914673354254
t1_juvl0tw,0.7971014492753623,0.6666666666666666,5.391304347826087,5.611935145089898
t1_ggkf63c,0.6956521739130435,0.5434782608695652,4.739130434782608,5.754767869609188
t1_f5q9f7e,0.76,0.6266666666666667,4.013333333333334,5.622021690438195
t1_f8rl2k6,0.9393939393939394,0.8787878787878788,4.2727272727272725,4.923181998146335
t1_gtaz80l,0.7433628318584071,0.6194690265486725,5.283185840707965,6.0831505330776405
t1_h6x17yh,0.654320987654321,0.4444444444444444,3.950617283950617,5.478437194109096
t1_iiyi6oe,0.9,0.8333333333333334,5.066666666666666,4.681727678869737
t1_hfx8t1p,0.7721518987341772,0.6329113924050633,4.177215189873418,5.768785020246847
t1_exta6a0,0.96,0.92,5.24,4.5638561897747225
t1_de2711z,0.6666666666666666,0.49333333333333335,4.32,5.343958317474549
t1_jwn2hn5,0.9285714285714286,0.8571428571428571,4.928571428571429,4.664497779200462
t1_fojx4yc,0.8292682926829268,0.7317073170731707,4.536585365853658,4.928048578412306
t1_f5rmti5,0.7857142857142857,0.625,4.642857142857143,5.329589073804689
t1_cwebif6,0.875,0.75,4.925,5.071928094887363
t1_hfk1fyt,0.7534246575342466,0.6164383561643836,4.273972602739726,5.588806709826228
t1_ecjhbjz,0.7192982456140351,0.543859649122807,4.807017543859649,5.174823786018651
t1_j7zj9a7,0.8333333333333334,0.7083333333333334,3.9791666666666665,5.220175521464348
t1_is5xw7j,0.765625,0.625,4.15625,5.452819531114784
t1_jpn0c1k,0.7142857142857143,0.5333333333333333,4.276190476190476,6.002294208121702
t1_gt5j6j5,0.6833333333333333,0.525,4.975,6.06388010011911
t1_hnysf8b,0.8461538461538461,0.7692307692307693,5.923076923076923,4.315824333525706
t1_kcncpiq,0.8936170212765957,0.8085106382978723,4.638297872340425,5.325761458014588
t1_ici7loy,0.8405797101449275,0.7246376811594203,5.130434782608695,5.737370247003719
t1_iz727t6,0.7416666666666667,0.6166666666666667,4.25,6.239898095464297
t1_gtludqe,0.6565656565656566,0.494949494949495,5.02020202020202,5.738902297671322
t1_dyp3e6m,0.9,0.8,4.633333333333334,4.706890595608519
t1_i1w3w9c,0.8444444444444444,0.7555555555555555,3.6,5.119522262948263
t1_dydpc83,0.6578947368421053,0.47368421052631576,4.078947368421052,4.418722908066561
t1_iagrkzk,0.7878787878787878,0.696969696969697,2.909090909090909,4.4878932715826885
t1_k4u8bjj,0.813953488372093,0.6744186046511628,4.604651162790698,5.0076601035393065
t1_ebzl00l,0.896551724137931,0.7931034482758621,4.344827586206897,4.651084443403434
t1_e7xn9br,0.72,0.55,5.17,5.977564284943829
t1_h3wkzec,0.8723404255319149,0.7872340425531915,5.659574468085107,5.267146830308982
t1_k2kngnj,0.696078431372549,0.5294117647058824,4.676470588235294,5.900161617136528
t1_hell83p,0.6129032258064516,0.4435483870967742,4.225806451612903,5.856718065310321
t1_gny1lfx,0.7733333333333333,0.64,4.8,5.680559817445704
t1_jtse98m,0.8125,0.65625,4.84375,4.601409765557392
t1_ifeyj61,0.8787878787878788,0.8484848484848485,4.090909090909091,4.692586832254309
t1_gomzx4e,0.5757575757575758,0.36363636363636365,5.2727272727272725,4.912135695825116
t1_i9ftbk6,0.8148148148148148,0.6481481481481481,4.277777777777778,5.370537733604888
t1_gugg67i,0.7169811320754716,0.5849056603773585,5.09433962264151,5.984798757080483
t1_hg0l0tz,0.8202247191011236,0.7078651685393258,4.719101123595506,6.054275284850374
t1_j467bok,0.7682926829268293,0.6585365853658537,4.634146341463414,5.773719041436046
t1_fte757n,0.8181818181818182,0.696969696969697,4.2727272727272725,4.635006998015215
t1_hfk1jxm,0.7534246575342466,0.6164383561643836,4.273972602739726,5.588806709826228
t1_kb0s786,0.7125,0.5625,4.8875,5.5518075889568985
t1_kf88cba,0.6818181818181818,0.5303030303030303,5.0,5.2166791120389036
t1_j75wwee,0.8787878787878788,0.7575757575757576,5.0,4.801969876934212
t1_gzwhjoa,0.7971014492753623,0.6666666666666666,4.7101449275362315,5.628532928100429
t1_il1mxfw,0.59375,0.4375,4.552083333333333,5.430087277381385
t1_dyy7u1z,0.7619047619047619,0.6666666666666666,4.904761904761905,5.350550662303664
t1_gpq6pey,0.7857142857142857,0.6428571428571429,4.880952380952381,4.898153434632013
t1_k2ko8ma,0.696078431372549,0.5294117647058824,4.676470588235294,5.900161617136528
t1_h2juajq,0.7564102564102564,0.6153846153846154,5.653846153846154,5.7035550652051485
t1_i35ht1l,0.6382978723404256,0.5,4.776595744680851,5.455248848271729
t1_evbmxqn,0.7567567567567568,0.6216216216216216,4.648648648648648,4.628108095241737
t1_joi7so1,0.7317073170731707,0.6097560975609756,4.7073170731707314,4.665734249091247
t1_e3n8u6b,0.9210526315789473,0.8421052631578947,4.5,5.090032776601483
t1_e87u4im,0.835820895522388,0.7313432835820896,4.82089552238806,5.67258877289657
t1_gmn5453,0.9629629629629629,0.9259259259259259,4.185185185185185,4.6808134280893965
t1_jn7npig,0.8333333333333334,0.6851851851851852,5.055555555555555,5.407574770641922
t1_inri62x,0.7142857142857143,0.5357142857142857,3.9107142857142856,5.1375375112660535
t1_gxdaz6x,0.6990291262135923,0.5825242718446602,4.368932038834951,5.8336027462903735
t1_ivcmeib,0.7972972972972973,0.7027027027027027,4.445945945945946,5.648510460165076
t1_e5myckn,0.8888888888888888,0.7777777777777778,4.296296296296297,4.532665279941249
t1_dnehbdr,0.8208955223880597,0.7014925373134329,5.164179104477612,5.65549553367677
t1_i9j4jkp,0.9411764705882353,0.8823529411764706,4.088235294117647,4.969815782426808
t1_gcqqfut,0.8222222222222222,0.7111111111111111,4.177777777777778,5.075077818503819
t1_kbtpo43,0.875,0.8125,4.96875,4.6875
t1_ik2z128,0.7222222222222222,0.5370370370370371,4.481481481481482,5.120356715006238
t1_gojbzbr,0.9642857142857143,0.9285714285714286,4.142857142857143,4.735926350629034
t1_k6oi5i0,0.7121212121212122,0.5454545454545454,4.106060606060606,5.354852073838354
t1_hjvzntt,0.6826923076923077,0.49038461538461536,4.9326923076923075,5.9251590404190715
t1_exlxtk5,0.7714285714285715,0.6285714285714286,4.0285714285714285,5.593429088311727
t1_gkxxoay,0.875,0.75,5.125,4.75
t1_j4jcw1z,0.7,0.5166666666666667,4.216666666666667,5.169146220500345
t1_jbafu53,0.7142857142857143,0.580952380952381,4.438095238095238,5.978451413226293
t1_fo5mkln,0.7191011235955056,0.5730337078651685,4.50561797752809,5.752066330330824
t1_e14vx9e,0.9393939393939394,0.9090909090909091,5.151515151515151,4.900306619292896
t1_gn43hmb,0.6336633663366337,0.44554455445544555,5.445544554455446,5.709791186298115
t1_gdwhsjp,0.7444444444444445,0.6111111111111112,4.855555555555555,5.793032507556543
t1_f8gzw4g,0.9666666666666667,0.9333333333333333,4.633333333333334,4.840223928941852
t1_fofxaml,0.8571428571428571,0.7428571428571429,5.114285714285714,4.822000516883151
t1_e9ukj75,0.76,0.5866666666666667,4.8,5.680559817445703
t1_jpmueic,0.8113207547169812,0.7169811320754716,5.037735849056604,5.253969219114824
t1_jzvheuw,0.7741935483870968,0.6774193548387096,4.451612903225806,4.373551149096552
t1_k9pbjdg,0.6376811594202898,0.463768115942029,4.507246376811594,5.12339158067618
t1_g3wdnry,0.7530864197530864,0.5802469135802469,4.6419753086419755,5.784053089197532
t1_gv6j40f,0.8787878787878788,0.7878787878787878,5.303030303030303,4.779094498080775
t1_etlqsfg,0.9411764705882353,0.8823529411764706,4.4411764705882355,4.969815782426808
t1_h2othom,0.7647058823529411,0.5882352941176471,4.529411764705882,4.558051076544456
t1_e5ndxmd,0.7755102040816326,0.5714285714285714,4.612244897959184,5.150324384887383
t1_k7r2p8d,0.696969696969697,0.5151515151515151,4.03030303030303,5.306075089764511
t1_e4ktm1i,0.7941176470588235,0.6764705882352942,4.117647058823529,4.609090414588856
t1_fklk70k,0.7884615384615384,0.6730769230769231,4.230769230769231,5.185922650791796
t1_k7jm7ij,0.8913043478260869,0.782608695652174,6.1521739130434785,5.306170651709184
t1_fi21xdt,0.675,0.4,3.875,4.63418371977919
t1_frearhu,0.7391304347826086,0.5942028985507246,5.0144927536231885,5.456067210275936
t1_gptvybx,0.8863636363636364,0.7727272727272727,5.045454545454546,5.232158891364569
t1_gg2x8e5,0.7721518987341772,0.6075949367088608,4.430379746835443,5.794101475943049
t1_gx3s9gz,0.7610619469026548,0.6637168141592921,5.1415929203539825,6.127799927392834
t1_i6fdyqw,0.8148148148148148,0.691358024691358,4.938271604938271,5.916829478113131
t1_eceugpx,0.7843137254901961,0.6862745098039216,4.490196078431373,5.133017988945481
t1_hctxa0m,0.9354838709677419,0.8709677419354839,4.258064516129032,4.825164052322361
t1_gxf6ukd,0.7468354430379747,0.5822784810126582,4.417721518987341,5.711946729162377
t1_gf6x2th,0.8205128205128205,0.6923076923076923,5.435897435897436,4.875145808605837
t1_fyk95oc,0.8695652173913043,0.7608695652173914,4.456521739130435,5.2462817929665
t1_eaxonx6,0.9117647058823529,0.8235294117647058,3.9411764705882355,4.910992253015044
t1_f5dvkky,0.7272727272727273,0.5454545454545454,3.9545454545454546,4.82306798227366
t1_gs37rdx,0.7159090909090909,0.5454545454545454,5.181818181818182,5.743300368538964
t1_dxbihwe,0.9130434782608695,0.8260869565217391,4.304347826086956,4.349648912578752
t1_jspvj43,0.9259259259259259,0.8518518518518519,4.407407407407407,4.606739354015322
t1_inown2o,0.8541666666666666,0.7291666666666666,5.3125,5.277569011092754
t1_gu8e380,0.75,0.5714285714285714,4.809523809523809,5.8087513512471665
t1_fl932o7,0.6881720430107527,0.6021505376344086,4.43010752688172,5.533892205504933
t1_dgpu8vz,0.7692307692307693,0.6666666666666666,5.076923076923077,4.692596693765741
t1_guzoaa2,0.75,0.59375,4.875,4.3871987351738495
t1_j5llbph,0.72,0.56,4.75,5.945113159965462
t1_eau536z,0.9512195121951219,0.9024390243902439,4.121951219512195,5.259991029008325
t1_gbubl02,0.8611111111111112,0.7222222222222222,4.5,4.892147223664532
t1_k7atoac,1.0,1.0,6.130434782608695,4.523561956057013
t1_ezklioc,0.5394736842105263,0.39473684210526316,4.315789473684211,4.92419910641559
t1_e0neni3,0.8285714285714286,0.6857142857142857,4.942857142857143,4.764857659740294
t1_f698jqa,0.90625,0.8125,5.28125,4.8125
t1_hh8glho,0.7777777777777778,0.6388888888888888,4.583333333333333,4.648955904159992
t1_gjarv7f,0.7222222222222222,0.5555555555555556,4.033333333333333,5.803895907875294
t1_g6of9pt,0.7837837837837838,0.6486486486486487,4.945945945945946,5.682162149295793
t1_e2hnuzb,0.6851851851851852,0.48148148148148145,4.722222222222222,4.969584317782604
t1_is6fx44,0.7936507936507936,0.6507936507936508,4.666666666666667,5.4953032889507085
t1_ewlqjv4,0.7727272727272727,0.5909090909090909,4.113636363636363,4.959431618637296
t1_fcut805,0.75,0.55,4.8,5.360975803905793
t1_g2ybjmq,0.875,0.75,4.875,4.75
t1_e0l2zt6,0.813953488372093,0.6511627906976745,4.5813953488372094,5.036616208140156
t1_eqz3ibj,0.8235294117647058,0.7058823529411765,4.4411764705882355,4.675698135367986
t1_jn2v79k,0.8072289156626506,0.6746987951807228,4.795180722891566,5.927817558108813
t1_e2g8n1d,0.7162162162162162,0.5135135135135135,4.783783783783784,5.540402352056969
t1_e1u236u,0.7247706422018348,0.5596330275229358,4.412844036697248,6.087094132506024
t1_hoh33kk,0.9354838709677419,0.8709677419354839,4.129032258064516,4.825164052322361
t1_hd6eq4e,0.7906976744186046,0.6744186046511628,4.3023255813953485,4.9260374290200755
t1_gzy7v12,0.8072289156626506,0.6626506024096386,4.771084337349397,5.9369125882553595
t1_fm0vcj8,0.7204301075268817,0.5591397849462365,4.763440860215054,5.8534121712067755
t1_dww0zqu,0.7536231884057971,0.5942028985507246,4.202898550724638,5.535919021932847
t1_frzg3ff,0.7966101694915254,0.6440677966101694,4.491525423728813,5.414683041320536
t1_gjkwzr3,0.7558139534883721,0.6627906976744186,4.616279069767442,5.772024492998722
t1_j00yn1x,0.671875,0.5390625,4.21875,5.988406691754969
t1_k9f4xnn,0.78,0.62,4.6,5.148758439731457
t1_jtej679,0.6956521739130435,0.5072463768115942,3.8840579710144927,5.398096195783183
t1_fp9mhw5,0.9375,0.90625,4.375,4.851409765557392
t1_i7p08qh,0.8269230769230769,0.6923076923076923,3.769230769230769,5.325251737288653
t1_gt7tsr9,0.6097560975609756,0.4146341463414634,4.4227642276422765,5.944059221189033
t1_gt74bfj,0.6111111111111112,0.3148148148148148,5.314814814814815,4.907212733444629
t1_jsq8lr5,0.775,0.65,4.2,4.7964393446710165
t1_iqdjrhf,0.8428571428571429,0.7428571428571429,4.385714285714286,5.752646902993538
t1_hayud60,0.8857142857142857,0.7714285714285715,3.914285714285714,4.900711588373535
t1_e36z24u,0.9583333333333334,0.9166666666666666,4.916666666666667,4.501629167387823
t1_hdeovva,0.775,0.65,4.3,4.78418371977919
t1_iim97hn,0.7916666666666666,0.6666666666666666,4.354166666666667,5.095175521464348
t1_gnlp8b9,0.7804878048780488,0.6341463414634146,6.146341463414634,4.830487602802551
t1_h9ynukf,0.8260869565217391,0.6956521739130435,4.021739130434782,5.142914673354252
t1_k5srja1,0.8620689655172413,0.7586206896551724,5.068965517241379,4.556088322639176
t1_ixlhdyb,0.6868686868686869,0.5353535353535354,4.98989898989899,5.798238691418063
t1_imj3m9j,0.8292682926829268,0.7317073170731707,4.121951219512195,4.948896211882388
t1_duzom1l,0.6915887850467289,0.5700934579439252,4.878504672897196,5.868327528782257
t1_ig95wp8,0.8775510204081632,0.7755102040816326,4.938775510204081,5.354406017540444
t1_h8gik8g,0.825,0.7375,4.825,5.8686198135562275
t1_fyjpsbb,0.9230769230769231,0.8461538461538461,4.948717948717949,5.131556065016094
t1_f2q5omz,0.782608695652174,0.6630434782608695,4.695652173913044,5.973244668197341
t1_hfs6ft4,0.7209302325581395,0.5465116279069767,4.6395348837209305,5.732642842441596
t1_gzvvki2,0.6703296703296703,0.5054945054945055,3.7252747252747254,5.631152469750157
t1_dwis2v9,0.8301886792452831,0.7169811320754716,5.132075471698113,5.320191389007784
t1_feka8b4,0.8125,0.6875,4.25,4.577819531114783
t1_ee0zen9,0.7872340425531915,0.6595744680851063,5.191489361702128,5.064811191919047
t1_iic49ld,0.8571428571428571,0.7142857142857143,4.114285714285714,4.843568731230679
t1_f5zfl65,0.6885245901639344,0.5245901639344263,4.213114754098361,5.14754983738555
t1_dxi2lw2,0.7846153846153846,0.6923076923076923,4.246153846153846,5.452836274433783
t1_e22zjhm,0.7796610169491526,0.6271186440677966,4.88135593220339,5.382477371322398
t1_fa0er9k,0.9523809523809523,0.9047619047619048,6.571428571428571,4.297079327540665
t1_gx6cbxa,0.6829268292682927,0.4634146341463415,4.780487804878049,4.63780139475645
t1_f2gddv5,0.9230769230769231,0.8461538461538461,4.653846153846154,4.546593564294937
t1_ic8kv2s,0.7457627118644068,0.5254237288135594,5.610169491525424,5.348579066237653
t1_ergh9jy,0.7777777777777778,0.6481481481481481,5.055555555555555,5.194430789080313
t1_ggiudmc,0.75,0.6428571428571429,4.75,5.070136841430031
t1_f35q1dv,0.65,0.5,4.66,5.681467880199459
t1_gxab53t,0.7777777777777778,0.6666666666666666,4.12962962962963,5.192581428522723
t1_ei9o7aj,0.7407407407407407,0.5555555555555556,4.222222222222222,4.162294909570877
t1_h9dxqrq,0.7282608695652174,0.5978260869565217,4.239130434782608,5.786883287461181
t1_dm3zsyx,0.8536585365853658,0.7804878048780488,5.682926829268292,4.997676699687266
t1_izax2fo,0.7466666666666667,0.5866666666666667,5.306666666666667,5.62722648411237
t1_fbg1di2,0.6929824561403509,0.543859649122807,5.228070175438597,6.027710628710182
t1_ekyxflx,0.9,0.8,5.233333333333333,4.7068905956085185
t1_fbh388o,0.8620689655172413,0.7586206896551724,4.586206896551724,4.556088322639177
t1_kde9akw,0.8235294117647058,0.7450980392156863,5.392156862745098,5.209491215021757
t1_ibdcwbz,0.7303370786516854,0.550561797752809,4.146067415730337,5.852028093839136
t1_iok40pt,0.7254901960784313,0.5686274509803921,3.9607843137254903,5.008223322737632
t1_gt38mql,0.9166666666666666,0.875,4.958333333333333,4.386842188131012
t1_gx5ab26,0.8095238095238095,0.6904761904761905,4.380952380952381,4.94577248225106
t1_fwohu2c,0.7543859649122807,0.6491228070175439,4.9298245614035086,5.168428558358998
t1_gz60v3d,0.8163265306122449,0.6938775510204082,4.204081632653061,5.191140711417995
t1_g5tauf3,0.8780487804878049,0.7804878048780488,4.097560975609756,5.095237675297022
t1_duy8wzv,0.7027027027027027,0.5540540540540541,4.5675675675675675,5.471221061803403
t1_gvtosdi,0.7023809523809523,0.5476190476190477,4.369047619047619,5.591314892836566
t1_ghvaxat,0.78125,0.65625,4.828125,5.445159765557392
t1_ibdro25,0.8913043478260869,0.8043478260869565,5.304347826086956,5.289760053836066
t1_k03lag2,0.8,0.6625,4.5375,5.868619813556228
t1_gxfaf0s,0.75,0.5789473684210527,5.328947368421052,5.675430473912972
t1_jmtqugd,0.8085106382978723,0.7021276595744681,4.574468085106383,5.096934064351534
t1_dxqic5r,0.8604651162790697,0.7674418604651163,5.116279069767442,5.112083940647983
t1_gx5fcgo,0.8,0.7066666666666667,4.466666666666667,5.6971613174168585
t1_iqxubn0,0.8235294117647058,0.6764705882352942,3.5588235294117645,4.712319091186707
t1_ese2a19,0.7441860465116279,0.6046511627906976,4.186046511627907,4.804058068605274
t1_e2s3wrh,0.7714285714285715,0.5428571428571428,4.742857142857143,4.672140159802107
t1_du4jf3a,0.8620689655172413,0.7586206896551724,4.068965517241379,4.556088322639176
t1_jb1z2bv,0.9523809523809523,0.9047619047619048,5.428571428571429,4.297079327540665
t1_dvlqcth,0.6463414634146342,0.4878048780487805,4.829268292682927,5.410897700893203
t1_ezbird4,0.8125,0.6666666666666666,4.895833333333333,5.168295834054492
t1_dygzkq8,0.8,0.7,4.516666666666667,5.389898095464286
t1_hf2v9r5,0.8,0.7,4.133333333333334,4.386569246460625
t1_igfmdu1,0.925,0.85,5.275,5.171928094887363
t1_kdhi7b1,0.8604651162790697,0.7674418604651163,4.906976744186046,5.112083940647983
t1_h3kyfie,0.7321428571428571,0.5535714285714286,4.75,5.1954859487274225
t1_jnj5gn1,0.6582278481012658,0.5189873417721519,3.848101265822785,5.351637951355918
t1_ettuzzy,0.7727272727272727,0.5909090909090909,4.909090909090909,5.555535596532847
t1_dypedvw,0.746031746031746,0.6507936507936508,4.492063492063492,5.2038028448776865
t1_e8p8xs5,0.9444444444444444,0.8888888888888888,3.9166666666666665,5.058813890331199
t1_hyhrrae,0.6896551724137931,0.5862068965517241,4.844827586206897,4.986785736283075
t1_e9mu9iy,0.7941176470588235,0.6470588235294118,3.764705882352941,4.616874605956221
t1_gxtkr3e,0.725,0.6125,5.2,5.511566577095977
t1_h4g0a3y,0.84375,0.6875,4.75,4.6875
t1_f3otibj,0.7368421052631579,0.5614035087719298,3.719298245614035,5.196667864928065
t1_i1i6rcg,0.8536585365853658,0.7317073170731707,4.439024390243903,5.046457187492143
t1_fn84ssf,0.6707317073170732,0.5,5.060975609756097,5.500665876490152
t1_h8eio72,0.8571428571428571,0.7619047619047619,4.595238095238095,5.07065611315193
t1_gkt8j15,0.78125,0.6875,5.03125,4.426108500731241
t1_fs99u6w,0.8666666666666667,0.7666666666666667,4.133333333333334,4.6150610122030695
t1_etxuout,0.7758620689655172,0.603448275862069,4.689655172413793,5.370659227774288
t1_gcr5di2,0.88,0.8,5.48,4.373660689688184
t1_fwisv1v,0.8947368421052632,0.8157894736842105,4.921052631578948,5.017535737070865
t1_du2l4d7,0.8157894736842105,0.6578947368421053,4.5,4.859641000228758
t1_k7635ks,0.7619047619047619,0.6190476190476191,3.642857142857143,4.8122096138120884
t1_d438c0g,0.7375,0.625,4.6875,5.601607433569354
t1_i9c5aaw,0.8490566037735849,0.7169811320754716,4.226415094339623,5.411790501692187
t1_f9kl989,0.803030303030303,0.6515151515151515,4.46969696969697,5.608714005689316
t1_gv52h3s,0.6941176470588235,0.5529411764705883,4.670588235294118,5.579634171279107
t1_h6zqd2g,0.8181818181818182,0.6727272727272727,5.090909090909091,5.381359713524657
t1_dx77lpo,0.9166666666666666,0.8333333333333334,4.958333333333333,4.418295834054489
t1_ggrwrg7,0.8115942028985508,0.6956521739130435,4.898550724637682,5.662801449500433
t1_fwv5z36,0.8333333333333334,0.6666666666666666,4.520833333333333,5.251629167387827
t1_gyvl0jm,0.9333333333333333,0.8666666666666667,4.6,4.773557262275186
t1_ff7b6c3,0.7567567567567568,0.5405405405405406,3.72972972972973,4.702564514219128
t1_id404h8,0.7058823529411765,0.5441176470588235,4.117647058823529,5.355485819032442
t1_dvcvd3x,0.6274509803921569,0.43137254901960786,4.078431372549019,4.708479078074828
t1_hf25e5x,1.0,1.0,5.333333333333333,4.39231742277876
t1_hl51m8k,0.6666666666666666,0.47058823529411764,4.568627450980392,4.892534410386845
t1_kd4yc1l,1.0,1.0,6.0,5.0
t1_feywp3e,0.88,0.76,4.56,4.403856189774722
t1_e0ayvim,0.9534883720930233,0.9069767441860465,6.116279069767442,5.333241498888144
t1_e4ldsg4,0.85,0.7,4.675,5.021928094887364
t1_gxdjmfk,0.7534246575342466,0.589041095890411,5.890410958904109,5.600515654651888
t1_f4s1k76,0.6405228758169934,0.45098039215686275,3.980392156862745,6.299195954234288
t1_dxuaw5q,0.9310344827586207,0.8620689655172413,4.344827586206897,4.720049960644813
t1_gqyt65v,0.7532467532467533,0.5714285714285714,4.181818181818182,5.691920793857366
t1_i1f1hqu,0.8363636363636363,0.7090909090909091,4.8,5.426636531627803
t1_gtjfzbr,0.8055555555555556,0.6805555555555556,5.138888888888889,5.70993311979282
t1_gtndovs,0.6,0.45714285714285713,4.219047619047619,5.534337751838206
t1_hfs6occ,0.7209302325581395,0.5465116279069767,4.6395348837209305,5.732642842441596
t1_k6bxh7x,0.8611111111111112,0.7777777777777778,5.5,4.850209029099895
t1_fdim3ht,0.8372093023255814,0.6976744186046512,4.232558139534884,5.083127836047133
t1_glrxz2u,0.7349397590361446,0.5783132530120482,4.650602409638554,5.703058256517805
t1_dvi1sb9,0.7903225806451613,0.6451612903225806,4.725806451612903,5.478232197413859
t1_e42of0s,1.0,1.0,4.9523809523809526,4.39231742277876
t1_iwaxo8r,0.6310679611650486,0.4174757281553398,3.941747572815534,5.765200983595062
t1_gycivvf,0.7631578947368421,0.6052631578947368,5.105263157894737,4.701746263386654
t1_dz9aqw3,0.8823529411764706,0.7647058823529411,4.382352941176471,4.852168723603279
t1_fq3jd98,0.8333333333333334,0.6904761904761905,4.619047619047619,5.041010577489155
t1_ii1abre,0.7758620689655172,0.6379310344827587,4.896551724137931,5.312987193844179
t1_hf5szod,0.851063829787234,0.7446808510638298,4.276595744680851,5.22459363881962
t1_hc9gxog,0.8333333333333334,0.7083333333333334,4.125,4.220175521464346
t1_kev1fij,0.7307692307692307,0.5641025641025641,4.858974358974359,5.639703142239173
t1_io627nq,0.8571428571428571,0.7959183673469388,4.571428571428571,5.239923558878468
t1_gg2tyhl,0.7887323943661971,0.647887323943662,4.028169014084507,5.655107464874202
t1_gtugwwa,0.8235294117647058,0.7352941176470589,4.029411764705882,4.628355768472785
t1_gs5q57j,0.9583333333333334,0.9166666666666666,5.208333333333333,4.501629167387823
t1_hxwbas0,0.6732673267326733,0.5445544554455446,4.712871287128713,5.758272344241081
t1_fk1uyfa,0.8214285714285714,0.6428571428571429,4.607142857142857,4.450212064914748
t1_hwvdodb,0.6666666666666666,0.5294117647058824,3.843137254901961,4.731248871383263
t1_es8hyiq,0.7037037037037037,0.5555555555555556,4.592592592592593,4.969584317782603
t1_e7kj243,0.7894736842105263,0.631578947368421,4.385964912280702,5.34851035671848
t1_ehbhtjz,0.8717948717948718,0.7692307692307693,5.076923076923077,5.009635872652928
t1_g67swpi,0.6627906976744186,0.5348837209302325,4.988372093023256,5.405006785913406
t1_hkf7gff,0.8148148148148148,0.7037037037037037,4.2592592592592595,4.32859953904025
t1_jn0br6j,0.7227722772277227,0.5544554455445545,4.376237623762377,5.983568260104085
t1_gj5dzhj,0.775,0.6,5.05,4.821928094887363
t1_gvqacic,0.6938775510204082,0.5306122448979592,4.459183673469388,5.840482262677183
t1_h0sa9ak,0.8214285714285714,0.75,3.6785714285714284,4.351823225551767
t1_jxac7m1,0.8679245283018868,0.7924528301886793,5.09433962264151,5.421040029912434
t1_gxierxj,0.7951807228915663,0.6867469879518072,4.975903614457831,5.880827985459534
t1_h8m2ksd,0.8024691358024691,0.7037037037037037,5.283950617283951,5.858127163271607
t1_f7e7hib,0.7407407407407407,0.5740740740740741,4.351851851851852,5.148315511382663
t1_e6biv9y,0.775,0.625,5.3,4.803055907333276
t1_i5mlqng,0.8548387096774194,0.7580645161290323,5.17741935483871,5.6194400603519785
t1_heo0ew1,0.7352941176470589,0.5735294117647058,4.529411764705882,5.423326672739604
t1_i82c4yf,0.6320754716981132,0.49056603773584906,5.349056603773585,5.634711456009875
t1_gxdj28n,0.7090909090909091,0.5272727272727272,4.2727272727272725,5.083822841222833
t1_g00k78y,0.7536231884057971,0.5942028985507246,4.2898550724637685,5.514038224768689
t1_f88zppf,0.8431372549019608,0.7450980392156863,5.666666666666667,5.304682449772215
t1_cledddm,0.7571428571428571,0.6285714285714286,4.242857142857143,5.514718016821343
t1_jo70uxh,0.8367346938775511,0.7551020408163265,4.591836734693878,5.175734844026904
t1_dk42wwt,0.7288135593220338,0.5932203389830508,5.0,5.204676947666922
t1_gte8bhk,0.7857142857142857,0.6632653061224489,4.785714285714286,6.0980854514306175
t1_igo2c28,0.7115384615384616,0.5576923076923077,4.115384615384615,5.003042362247046
t1_e4l98z8,0.8444444444444444,0.7555555555555555,4.822222222222222,5.1005277524533
t1_e1kpkb9,0.9130434782608695,0.8260869565217391,4.434782608695652,4.349648912578752
t1_hgntai6,0.8333333333333334,0.7083333333333334,5.458333333333333,4.220175521464345
t1_ekqm6po,0.92,0.84,4.16,4.4838561897747224
t1_h85c3yl,0.6460176991150443,0.4778761061946903,4.097345132743363,5.84156769853917
t1_i216olh,0.8125,0.625,4.15625,4.625
t1_ho5lm7v,0.8222222222222222,0.6666666666666666,4.866666666666666,5.119522262948263
t1_elgmxbd,0.9230769230769231,0.8717948717948718,5.282051282051282,5.11219997521703
t1_fo0rwub,0.9666666666666667,0.9333333333333333,4.933333333333334,4.840223928941852
t1_f9vl57l,0.8679245283018868,0.7735849056603774,4.622641509433962,5.435283190330613
t1_gqthlr2,0.6309523809523809,0.4523809523809524,4.476190476190476,5.437093244712957
t1_k6iq30w,0.8135593220338984,0.7288135593220338,5.52542372881356,5.387400999380929
t1_izuflvu,0.7391304347826086,0.6086956521739131,4.834782608695652,6.192277742433396
t1_f8dfqmz,0.6836734693877551,0.47959183673469385,4.408163265306122,5.836499002212252
t1_juhu2vo,0.8888888888888888,0.8,4.488888888888889,5.252855596281596
t1_i5qy5qi,0.8913043478260869,0.782608695652174,3.652173913043478,5.306170651709184
t1_e824ci7,0.8125,0.65625,4.75,5.601409765557392
t1_fagzc1e,0.6923076923076923,0.5096153846153846,4.461538461538462,5.949103511531313
t1_huginaf,0.7647058823529411,0.6176470588235294,4.367647058823529,5.535848502951418
t1_d5c5cfi,0.8666666666666667,0.7333333333333333,4.7,4.640223928941852
t1_ihqebwb,0.7016129032258065,0.5403225806451613,4.024193548387097,6.198964532227635
t1_f5jjewk,0.88,0.76,4.32,4.403856189774722
t1_grudkaw,0.6607142857142857,0.4732142857142857,4.9375,5.972676855491847
t1_hg6ky1l,0.8059701492537313,0.7014925373134329,5.029850746268656,5.573260085850994
t1_jw7r4no,0.7959183673469388,0.6326530612244898,4.73469387755102,5.165730252278474
t1_elbg9hh,0.8333333333333334,0.6904761904761905,3.9047619047619047,5.041010577489155
t1_i6suo3w,0.9024390243902439,0.8292682926829268,4.975609756097561,5.1440181631019
t1_gzwheyl,0.7971014492753623,0.6666666666666666,4.7101449275362315,5.628532928100429
t1_h6vqi2p,0.9032258064516129,0.8064516129032258,3.935483870967742,4.760647923290102
t1_e4hwk5m,0.825,0.75,4.25,4.862814895472356
t1_jshmoq4,0.8222222222222222,0.6444444444444445,4.777777777777778,5.136297540774118
t1_e3zmzqb,1.0,1.0,5.814814814814815,4.754887502163471
t1_em4zymp,0.78125,0.6875,3.96875,4.452819531114783
t1_gh89a1x,0.8095238095238095,0.6666666666666666,4.222222222222222,5.560380518634992
t1_gl7nx9t,0.7647058823529411,0.5882352941176471,4.803921568627451,5.157431959491293
t1_fbi2sac,0.8620689655172413,0.7241379310344828,3.8620689655172415,4.582118926162054
t1_dvi5pre,0.9333333333333333,0.8666666666666667,4.666666666666667,4.773557262275186
t1_hc90cxf,0.8285714285714286,0.7142857142857143,4.171428571428572,4.729283016944964
t1_fd6bp9h,0.967741935483871,0.9354838709677419,4.645161290322581,4.889680181354619
t1_evrlebq,0.7674418604651163,0.6046511627906976,4.209302325581396,4.897081324419226
t1_k9mk7ta,0.796875,0.640625,5.3125,5.550704882778696
t1_gzrlwqz,0.8421052631578947,0.7192982456140351,4.684210526315789,5.490613259702862
t1_ff0qevp,1.0,1.0,4.571428571428571,5.129283016944964
t1_ifuoocz,0.9714285714285714,0.9428571428571428,5.257142857142857,5.072140159802107
t1_h1mk18h,0.8913043478260869,0.8043478260869565,4.565217391304348,5.289760053836066
t1_fnprll4,0.9459459459459459,0.8918918918918919,4.1891891891891895,5.101345257520845
t1_e4v4mdb,0.572463768115942,0.391304347826087,4.521739130434782,5.855928787773393
t1_ia1x5em,0.7358490566037735,0.5849056603773585,4.415094339622642,5.088782662470231
t1_gtwe8b6,0.6578947368421053,0.49122807017543857,4.350877192982456,5.903801005735857
t1_e0vvs4n,0.7671232876712328,0.6164383561643836,4.3561643835616435,5.643601230374172
t1_g2c0e26,0.7619047619047619,0.6190476190476191,4.380952380952381,4.8208888513501895
t1_gsk32qb,0.8026315789473685,0.7236842105263158,4.907894736842105,5.706882572933542
t1_e0j0mo5,0.8727272727272727,0.7818181818181819,4.4363636363636365,5.490450622615565
t1_j15yj9u,0.8913043478260869,0.8043478260869565,4.043478260869565,5.289760053836066
t1_gxg6b8i,0.7346938775510204,0.5306122448979592,5.530612244897959,5.027875405295545
t1_i0oe104,0.9259259259259259,0.8518518518518519,5.074074074074074,4.606739354015323
t1_hu7e05r,0.7049180327868853,0.5409836065573771,3.918032786885246,5.217462337491951
t1_dtjgllf,0.9032258064516129,0.8387096774193549,4.161290322580645,4.7362967135428935
t1_jgk4mnd,0.8,0.6,4.84,4.243856189774723
t1_k7gtjrm,0.7,0.5166666666666667,4.633333333333334,5.177316637094894
t1_dxxjz9u,0.651685393258427,0.4943820224719101,4.179775280898877,5.555617527461565
t1_ew74lov,0.8918918918918919,0.8108108108108109,4.378378378378378,4.972834784489399
t1_dyldb78,0.9166666666666666,0.8611111111111112,4.138888888888889,4.982289237493324
t1_elq3yen,0.85,0.7,5.2,4.021928094887362
t1_gnr35ii,0.8666666666666667,0.8,5.0,4.573557262275186
t1_gujynzm,0.7325581395348837,0.6162790697674418,5.313953488372093,5.671685068776737
t1_du941xr,0.8409090909090909,0.75,5.318181818181818,5.078638720860853
t1_fup2kn2,0.6934306569343066,0.5255474452554745,4.751824817518248,6.296758816458199
t1_gbo9rfp,0.8048780487804879,0.6951219512195121,4.439024390243903,5.855585425853084
t1_e9b1wh3,0.7078651685393258,0.550561797752809,4.202247191011236,5.735572723315537
t1_clwcokq,0.8205128205128205,0.6666666666666666,4.205128205128205,4.907071770088825
t1_gmq4b61,0.90625,0.84375,4.34375,4.788909765557392
t1_gyaq91m,0.7555555555555555,0.6,4.355555555555555,4.914075318551896
t1_h89u1bv,0.7073170731707317,0.5609756097560976,3.317073170731707,4.649758101967988
t1_hd23oxk,0.7692307692307693,0.6153846153846154,3.358974358974359,4.731308873363868
t1_fv3707r,0.868421052631579,0.7631578947368421,5.342105263157895,4.964904158123495
t1_ekj9tua,0.8461538461538461,0.7307692307692307,4.923076923076923,5.363713275750191
t1_gs4s5c0,0.7361111111111112,0.6111111111111112,4.236111111111111,5.498195446211756
t1_il6cs4i,0.96,0.92,4.28,4.5638561897747225
t1_gzy73nu,0.6923076923076923,0.5673076923076923,4.5673076923076925,5.848235963495994
t1_jktfxls,0.7564102564102564,0.6410256410256411,4.371794871794871,5.676302539319601
t1_eure0z8,0.8636363636363636,0.7272727272727273,4.818181818181818,5.186704345910022
t1_joi7ulu,0.7317073170731707,0.6097560975609756,4.7073170731707314,4.665734249091247
t1_dlfcfb8,0.7681159420289855,0.6086956521739131,4.971014492753623,5.575844927761303
t1_g4am4y9,0.9090909090909091,0.8181818181818182,4.7272727272727275,4.8625759375402735
t1_ebmyyqt,0.7613636363636364,0.6477272727272727,5.0227272727272725,5.783477715735439
t1_h5ge58t,0.7708333333333334,0.625,3.8958333333333335,5.053508854797681
t1_erl8xcx,0.7710843373493976,0.6506024096385542,5.216867469879518,5.788641425767929
t1_htisd5x,0.84375,0.71875,5.0625,4.663909765557392
t1_gx4jjr2,0.7346938775510204,0.5510204081632653,5.408163265306122,4.995025599694795
t1_gxydqk9,0.90625,0.84375,4.59375,4.788909765557392
t1_gzy6j29,0.9,0.8333333333333334,5.066666666666666,4.681727678869737
t1_dtzkauz,0.9142857142857143,0.8285714285714286,4.6,4.957854445516392
t1_hbqots5,0.7203389830508474,0.5847457627118644,4.771186440677966,6.142946333131799
t1_glpx2fm,0.7692307692307693,0.6153846153846154,5.17948717948718,4.731308873363868
t1_h1bqp5u,0.7263157894736842,0.5894736842105263,3.778947368421053,5.873655971621288
t1_ekvq976,0.7058823529411765,0.5294117647058824,4.279411764705882,5.376219782770926
t1_gxdbb93,0.7916666666666666,0.6458333333333334,4.666666666666667,5.110902344426086
t1_jiq41ie,0.7075471698113207,0.5377358490566038,4.377358490566038,5.975331421442269
t1_jyvvbz9,0.8431372549019608,0.7450980392156863,4.9411764705882355,5.304682449772215
t1_iqd0zw4,0.7424242424242424,0.5909090909090909,4.454545454545454,5.390435642711031
t1_gx7ge0u,0.7303370786516854,0.550561797752809,5.179775280898877,5.847932273877334
t1_ek6j5l2,0.75,0.618421052631579,5.078947368421052,5.568853296674685
t1_dk87iid,0.7941176470588235,0.6470588235294118,3.735294117647059,4.631292988181899
t1_cqcc3il,0.8444444444444444,0.6888888888888889,4.2444444444444445,5.180741985218562
t1_gsieouv,0.6962025316455697,0.4936708860759494,5.113924050632911,5.5706649638619945
t1_k1khyot,0.7555555555555555,0.6222222222222222,4.311111111111111,5.85285559628159
t1_f4wdbvk,0.9411764705882353,0.8823529411764706,5.0588235294117645,4.969815782426809
t1_gdk8bc4,0.6511627906976745,0.4806201550387597,4.093023255813954,6.118525584911058
t1_gvq5opw,0.7625,0.6375,4.5875,5.718619813556228
t1_gr95xon,1.0,1.0,4.3478260869565215,4.523561956057013
t1_eamh3bc,0.9230769230769231,0.8846153846153846,4.5,4.517559429596342
t1_h2z2373,0.8,0.6875,4.9,5.839063213848726
t1_fqlefgu,0.9210526315789473,0.868421052631579,4.368421052631579,5.0701673160182334
t1_k9s8wnp,0.7916666666666666,0.6875,4.583333333333333,5.037782031835942
t1_gk770a9,0.7575757575757576,0.5909090909090909,5.287878787878788,5.4949295359267865
t1_inxupgd,0.6533333333333333,0.4533333333333333,4.1066666666666665,5.3937628173880094
t1_hr0osz7,0.84375,0.6875,4.46875,4.6875
t1_ekh5yq7,0.9,0.82,4.38,5.428758439731458
t1_gzv1yoz,0.648936170212766,0.4148936170212766,4.404255319148936,5.73029158087589
t1_etbkkhn,0.8125,0.7083333333333334,5.416666666666667,5.119034834541987
t1_g5j3z0j,0.6796875,0.5078125,4.7109375,6.147864860830749
t1_hd23o8s,0.7692307692307693,0.6153846153846154,3.358974358974359,4.731308873363868
t1_ihlyzfh,0.8020833333333334,0.6770833333333334,4.760416666666667,6.114968589484038
t1_dso9d57,0.8529411764705882,0.7352941176470589,5.352941176470588,4.7711426205984715
t1_e6c5nf7,0.7142857142857143,0.5384615384615384,5.175824175824176,5.805879222825874
t1_h4auy5p,0.8333333333333334,0.7619047619047619,5.166666666666667,4.955066756669231
t1_etaa75u,0.8378378378378378,0.7567567567567568,4.27027027027027,4.810672622327237
t1_j6b3bma,0.8484848484848485,0.696969696969697,4.0606060606060606,4.741363816328152
t1_jvmey8z,0.7358490566037735,0.6037735849056604,4.867924528301887,5.056040445611558
t1_g7c66qe,0.7777777777777778,0.6507936507936508,4.396825396825397,5.439592574596311
t1_gnqrcge,0.6481481481481481,0.42592592592592593,4.555555555555555,4.935171529821053
t1_ju4re7v,0.8222222222222222,0.7111111111111111,4.466666666666667,5.07507781850382
t1_duld2do,0.7714285714285715,0.6571428571428571,3.9714285714285715,4.514718016821337
t1_e1kv4sz,0.88,0.76,4.72,4.403856189774723
t1_eszo1qx,0.8653846153846154,0.7307692307692307,4.403846153846154,5.431208948910324
t1_hj38gdl,0.7857142857142857,0.6071428571428571,4.321428571428571,4.351823225551767
t1_ffclziw,0.7297297297297297,0.5540540540540541,4.3108108108108105,5.563852858726016
t1_ezldrs8,0.8947368421052632,0.8421052631578947,5.578947368421052,3.9976702764876113
t1_gynp4ml,0.78,0.68,4.1,5.0357287506433925
t1_eao0lp2,0.8333333333333334,0.7333333333333333,4.2,4.5232314287976205
t1_fajd5sf,0.4589285714285714,0.3125,4.271428571428571,7.1795521610439454
t1_gnssiy8,0.5853658536585366,0.43089430894308944,4.520325203252033,5.730746486927029
t1_gnqwjgt,0.6794871794871795,0.5128205128205128,5.487179487179487,5.445533308550369
t1_gyesj2t,0.8478260869565217,0.717391304347826,4.543478260869565,5.202803532096936
t1_gr0va2e,0.7628865979381443,0.6391752577319587,4.927835051546392,5.978627661707853
t1_gt3fd2a,0.7142857142857143,0.5604395604395604,5.087912087912088,5.735939354951142
t1_itrqhx6,0.7222222222222222,0.5555555555555556,4.511111111111111,5.803895907875293
t1_f7bzvwr,0.7666666666666667,0.6666666666666666,4.766666666666667,5.2667843963324055
t1_gvszglg,0.8095238095238095,0.6428571428571429,4.761904761904762,4.993391529870108
t1_e3zcfgq,0.782608695652174,0.6811594202898551,4.318840579710145,5.552516804943378
t1_ffaj0yv,0.8636363636363636,0.7272727272727273,4.340909090909091,5.186704345910023
t1_elzyly8,0.868421052631579,0.7631578947368421,4.842105263157895,4.964904158123496
t1_kcbozh1,0.8163265306122449,0.6938775510204082,4.816326530612245,5.191140711417995
t1_h3jya4e,0.5747126436781609,0.40229885057471265,5.505747126436781,5.2187654100554175
t1_e5w0479,0.9285714285714286,0.8571428571428571,5.214285714285714,4.664497779200463
t1_gxidf0t,0.9107142857142857,0.8214285714285714,5.125,5.62878349348618
t1_e2yu5fw,0.7608695652173914,0.5978260869565217,4.695652173913044,5.973244668197341
t1_gs4245j,0.6907216494845361,0.5979381443298969,5.381443298969073,5.642913652256101
t1_jjrbdje,0.8095238095238095,0.6666666666666666,4.666666666666667,5.5525991694973245
t1_gu2p3zv,0.6637168141592921,0.504424778761062,5.106194690265487,5.941415909794421
t1_g7d3z1s,0.8461538461538461,0.7884615384615384,5.211538461538462,5.272273131477817
t1_gnceete,0.673469387755102,0.4897959183673469,4.6938775510204085,5.81635442618126
t1_e4x2ums,0.8787878787878788,0.7878787878787878,4.121212121212121,4.779094498080775
t1_iqzvon0,0.6666666666666666,0.5447154471544715,4.642276422764228,5.935900379094313
t1_k53hblq,0.8409090909090909,0.7045454545454546,4.409090909090909,5.124093266315398
t1_htef5i7,0.9565217391304348,0.9130434782608695,4.521739130434782,4.436605434317882
t1_gzbcd4b,0.7209302325581395,0.6046511627906976,4.5,5.649590481219875
t1_hobbgss,0.7285714285714285,0.5714285714285714,4.585714285714285,5.422000516883155
t1_d0rprc3,0.9230769230769231,0.8461538461538461,4.076923076923077,4.546593564294937
t1_jtqktnz,0.6779661016949152,0.5084745762711864,4.47457627118644,6.053714765225183
t1_i3ly7xn,0.7903225806451613,0.6451612903225806,4.580645161290323,5.478232197413858
t1_gny2q5a,0.6062992125984252,0.4015748031496063,5.74015748031496,5.9688182027353704
t1_g7hbuhg,0.8125,0.7291666666666666,4.9375,5.110902344426087
t1_feknz16,0.7878787878787878,0.6363636363636364,4.363636363636363,4.574400937409154
t1_j0erf6h,0.8378378378378378,0.7027027027027027,4.108108108108108,4.864726676381291
t1_i6b5zs8,0.6102941176470589,0.4485294117647059,4.801470588235294,5.956532970861921
t1_gs5e91z,0.75,0.625,4.680555555555555,5.522297355843833
t1_ju2n90v,0.8085106382978723,0.7021276595744681,4.914893617021277,5.054380872862172
t1_h00h7j0,0.6973684210526315,0.5526315789473685,4.842105263157895,5.427341619014638
t1_hyg6t1f,0.8928571428571429,0.8214285714285714,4.678571428571429,4.566108939837482
t1_e3l7e35,0.9230769230769231,0.8717948717948718,4.051282051282051,5.11219997521703
t1_hlpg403,0.8421052631578947,0.7192982456140351,3.9298245614035086,5.490613259702862
t1_gtin8vz,0.7142857142857143,0.4857142857142857,4.9714285714285715,5.50071158837354
t1_hfjtqjk,0.7534246575342466,0.6164383561643836,4.273972602739726,5.588806709826228
t1_i6bod7h,0.6842105263157895,0.4473684210526316,5.078947368421052,4.556752184325418
t1_gnz2jyc,0.6923076923076923,0.48717948717948717,5.384615384615385,5.575349937000019
t1_frm26a8,0.8333333333333334,0.75,4.611111111111111,4.736323877152399
t1_f7uwmxo,0.6979166666666666,0.5104166666666666,4.666666666666667,5.8751816102272265
t1_g4r8lu0,0.8095238095238095,0.6904761904761905,4.214285714285714,4.957444505957562
t1_iaxu099,0.7941176470588235,0.6176470588235294,5.029411764705882,4.6534955617749425
t1_gnql7x6,0.8131868131868132,0.7142857142857143,4.989010989010989,6.04625617866024
t1_h4lptfh,0.85,0.75,4.675,4.971928094887363
t1_e20h5nm,0.7857142857142857,0.5952380952380952,4.214285714285714,4.94577248225106
t1_hemu1t5,0.8918918918918919,0.8378378378378378,5.513513513513513,4.939183095358683
t1_jvo6kcj,0.7263157894736842,0.5263157894736842,4.042105263157895,5.9475459717123815
t1_engiv2p,0.5922330097087378,0.44660194174757284,4.854368932038835,5.548632959454703
t1_fegai80,0.9354838709677419,0.8709677419354839,4.387096774193548,4.825164052322361
t1_hbit9ab,0.6829268292682927,0.5121951219512195,4.841463414634147,5.546218772752467
t1_hpuj34d,0.7419354838709677,0.5645161290322581,5.193548387096774,5.355496060729394
t1_i6ezzgc,0.7407407407407407,0.5925925925925926,4.111111111111111,4.134336113194452
t1_h40iw2x,0.8604651162790697,0.7441860465116279,5.511627906976744,5.12963946395411
t1_e9a31kj,0.8461538461538461,0.75,4.634615384615385,5.33976880463795
t1_dup7shv,0.8108108108108109,0.6756756756756757,4.45945945945946,4.7902702574039004
t1_f8pkzec,0.8478260869565217,0.6956521739130435,4.717391304347826,5.219214129970054
t1_iu00ymu,0.6962025316455697,0.569620253164557,4.556962025316456,5.385688026493802
t1_ewn1u80,0.8333333333333334,0.6944444444444444,3.861111111111111,4.815622570826658
t1_heq38kk,0.8,0.7111111111111111,4.133333333333334,4.978088307912702
t1_k0siuha,0.7763157894736842,0.6710526315789473,5.394736842105263,5.680566783459856
t1_gnckzih,0.8,0.6545454545454545,5.0,5.331270849848957
t1_e3r591d,0.7659574468085106,0.574468085106383,4.74468085106383,5.054380872862172
t1_jyits3g,0.7333333333333333,0.5333333333333333,4.133333333333334,4.306890595608519
t1_g0zx9ud,0.7391304347826086,0.5362318840579711,4.217391304347826,5.5235312976970015
t1_j7uxybj,0.8823529411764706,0.7843137254901961,5.1568627450980395,5.4223295085957455
t1_jxgo3fs,0.96,0.92,4.36,4.5638561897747225
t1_g056a36,0.9259259259259259,0.8518518518518519,4.407407407407407,4.606739354015322
t1_dmurcyz,0.7281553398058253,0.5631067961165048,3.941747572815534,6.031316610140859
t1_heaqu0z,0.7733333333333333,0.6266666666666667,4.266666666666667,5.681891357047167
t1_gjeemd8,0.8070175438596491,0.6491228070175439,3.6666666666666665,5.41183738258579
t1_jnrprpx,0.7448979591836735,0.6020408163265306,5.377551020408164,5.954801329186061
t1_g7sd731,0.9142857142857143,0.8285714285714286,5.057142857142857,4.957854445516393
t1_ezq71p1,0.926829268292683,0.8780487804878049,4.097560975609756,5.192798650906777
t1_htgwao7,0.8857142857142857,0.7714285714285715,4.6,4.900711588373535
t1_i7akby3,0.8823529411764706,0.7941176470588235,3.823529411764706,4.829966150010236
t1_je3y3oq,0.7619047619047619,0.6190476190476191,4.333333333333333,4.8122096138120884
t1_czzbb41,0.8846153846153846,0.8076923076923077,4.346153846153846,4.440636352673265
t1_efbdmm3,0.7540983606557377,0.5901639344262295,4.360655737704918,5.355009214960199
t1_kdfxwfi,0.7692307692307693,0.6346153846153846,4.576923076923077,5.131023555171155
t1_k5l4ld1,0.7619047619047619,0.5873015873015873,4.555555555555555,5.445378732955047
t1_hq9whhr,0.6612903225806451,0.5161290322580645,3.8225806451612905,4.927367467169987
t1_jj8pzai,0.6526315789473685,0.47368421052631576,5.136842105263158,5.683131071935921
t1_dvxjxtq,0.7037037037037037,0.5925925925925926,4.567901234567901,5.511215243887535
t1_foateet,0.8571428571428571,0.7380952380952381,4.880952380952381,5.0886296251082035
t1_fgrw5nt,0.7777777777777778,0.6805555555555556,4.388888888888889,5.530493056757485
t1_g2cefyi,0.9032258064516129,0.8387096774193549,4.387096774193548,4.7362967135428935
t1_kfgrt31,0.8372093023255814,0.6976744186046512,4.5813953488372094,5.083127836047134
t1_dlydyod,0.7303370786516854,0.5730337078651685,4.449438202247191,5.784612363502059
t1_g5bgdrb,0.8666666666666667,0.7666666666666667,4.3,4.6150610122030695
t1_hfe1rqa,0.7857142857142857,0.6607142857142857,4.375,5.287365359936826
t1_g2zxe4a,0.7108433734939759,0.5783132530120482,4.301204819277109,5.574995720576953
t1_hd23mrq,0.7692307692307693,0.6153846153846154,3.358974358974359,4.731308873363868
t1_i6dqn7i,0.9473684210526315,0.8947368421052632,4.2631578947368425,4.142664355548846
t1_gxd8rqf,0.7317073170731707,0.5609756097560976,4.158536585365853,5.724938553631167
t1_e4hfeo0,0.8958333333333334,0.8333333333333334,4.770833333333333,5.345175521464349
t1_jdl5d4v,0.9166666666666666,0.8333333333333334,5.208333333333333,4.418295834054489
t1_ik6pkoe,0.92,0.88,4.96,4.453660689688184
t1_dm9s243,0.7166666666666667,0.6166666666666667,4.666666666666667,5.064735178725504
t1_f9zkbk5,0.78125,0.625,5.34375,4.515319531114783
t1_f3uqdls,0.7258064516129032,0.5483870967741935,3.693548387096774,5.309035020064293
t1_k5h7ah6,0.9302325581395349,0.8837209302325582,5.465116279069767,5.26917434767504
t1_gv6gvge,0.7924528301886793,0.6226415094339622,4.320754716981132,5.2843397941041985
t1_gy3l4m4,0.7142857142857143,0.5555555555555556,4.301587301587301,5.262683891616524
t1_fpdnay0,0.8518518518518519,0.7777777777777778,5.018518518518518,5.377766613707907
t1_dx8k3c8,0.8571428571428571,0.7142857142857143,4.428571428571429,4.843568731230678
t1_e84r7ia,0.8064516129032258,0.6129032258064516,4.516129032258065,4.567099536193328
t1_errzw04,0.8235294117647058,0.7352941176470589,4.617647058823529,4.66791394400062
t1_e29o3cr,0.7023809523809523,0.5595238095238095,4.0476190476190474,5.603452392939589
t1_gbusmjf,0.90625,0.8125,4.25,4.8125
t1_e51nsm1,0.7777777777777778,0.6666666666666666,5.277777777777778,5.201659669183334
t1_gu29b1q,0.9583333333333334,0.9166666666666666,4.916666666666667,4.501629167387823
t1_jtqkugn,0.6779661016949152,0.5084745762711864,4.47457627118644,6.053714765225183
t1_gq1z3al,0.8571428571428571,0.7551020408163265,4.591836734693878,5.288179231870311
t1_gy54ry7,0.88,0.76,4.6,4.403856189774723
t1_i5cwjii,0.8070175438596491,0.631578947368421,3.9298245614035086,5.433681461495204
t1_ebyyn0j,0.7931034482758621,0.6551724137931034,4.758620689655173,4.375222374437917
t1_jn0i7yc,0.6976744186046512,0.5658914728682171,4.434108527131783,6.190967274585063
t1_e5spy7t,0.8181818181818182,0.6363636363636364,4.515151515151516,4.680757755722092
t1_gyh2sh5,0.7264150943396226,0.5849056603773585,4.6415094339622645,5.984580949662516
t1_cm0p49j,0.6226415094339622,0.39622641509433965,4.283018867924528,4.80850430450281
t1_gzld7hg,0.782608695652174,0.6086956521739131,4.934782608695652,5.055958151615121
t1_joi7w11,0.7317073170731707,0.6097560975609756,4.7073170731707314,4.665734249091247
t1_fah6rch,1.0,1.0,4.666666666666667,4.906890595608519
t1_hz62oys,0.7868852459016393,0.6721311475409836,5.491803278688525,5.389433239060361
t1_ea1g6cn,0.8571428571428571,0.7755102040816326,4.551020408163265,5.272773364479219
t1_joi7vi8,0.7317073170731707,0.6097560975609756,4.7073170731707314,4.665734249091247
t1_guzlb8x,0.75,0.59375,4.875,4.3871987351738495
t1_dwv9w1g,0.8918918918918919,0.7837837837837838,5.054054054054054,4.993237149412737
t1_gtfbu6q,0.7692307692307693,0.6153846153846154,4.923076923076923,4.1619781796795525
t1_dvmjq2f,0.8571428571428571,0.75,4.928571428571429,4.494680368408909
t1_jarac1v,0.8,0.6888888888888889,4.977777777777778,4.994863585738556
t1_d31pycf,0.7346938775510204,0.6020408163265306,4.673469387755102,5.920668900941711
t1_i6q3pgk,0.7704918032786885,0.5901639344262295,5.639344262295082,5.4345953292597615
t1_errzoqo,0.8235294117647058,0.7352941176470589,4.617647058823529,4.66791394400062
t1_fwgy9zo,0.69,0.56,4.59,5.768018100519995
t1_gxc4p9s,0.765625,0.625,4.640625,5.413909765557392
t1_g28t387,0.7311827956989247,0.5806451612903226,4.559139784946237,5.887232031719961
t1_g4rrkh6,0.8490566037735849,0.7358490566037735,4.113207547169812,5.397547341274009
t1_dtgnvhp,0.6923076923076923,0.5714285714285714,4.593406593406593,5.6025139763788765
t1_irnh8nl,0.8,0.65,4.3125,5.8780559073332705
t1_evxgssx,0.6527777777777778,0.4861111111111111,4.416666666666667,5.259844620396058
t1_kcm73ae,0.9333333333333333,0.8666666666666667,5.2,4.773557262275186
t1_go0rps8,0.896551724137931,0.7931034482758621,4.206896551724138,4.651084443403434
t1_gzvvcpi,0.6703296703296703,0.5054945054945055,3.7252747252747254,5.631152469750157
t1_i56672y,0.8709677419354839,0.7419354838709677,5.32258064516129,4.696131794257844
t1_jrng3ku,0.6981132075471698,0.5849056603773585,4.877358490566038,5.806923729040168
t1_k3rq6kx,0.6744186046511628,0.5503875968992248,4.75968992248062,6.0249284227316275
t1_e3vh3ys,0.9230769230769231,0.8461538461538461,5.6923076923076925,4.546593564294937
t1_hf5sp4h,0.851063829787234,0.7446808510638298,4.276595744680851,5.22459363881962
t1_gxif15f,0.7951807228915663,0.6867469879518072,4.975903614457831,5.880827985459534
t1_ik1dorr,0.7049180327868853,0.5409836065573771,4.229508196721311,5.122799427478552
t1_fbks8mb,0.9375,0.875,5.1875,5.459962500721159
t1_du2p89s,0.7741935483870968,0.6451612903225806,4.645161290322581,5.413716068381601
t1_gs31a3v,0.7362637362637363,0.5824175824175825,4.56043956043956,5.849375442826241
t1_eax2m17,0.9411764705882353,0.8823529411764706,4.970588235294118,4.969815782426808
t1_ft02iga,0.7395833333333334,0.5520833333333334,4.375,5.998872266278552
t1_fai2xjd,0.7878787878787878,0.6666666666666666,4.363636363636363,4.5366702556565315
t1_e9seu4s,0.8620689655172413,0.7931034482758621,5.0344827586206895,4.513153408920675
t1_e1ci2ui,0.8,0.7285714285714285,4.628571428571429,5.521721231045245
t1_efx6wkc,0.8627450980392157,0.7450980392156863,4.333333333333333,5.383113822321235
t1_huuqfco,0.7901234567901234,0.7037037037037037,5.530864197530864,5.748292632997041
t1_gxljajr,0.868421052631579,0.7894736842105263,4.657894736842105,4.932138039759377
t1_csthti6,0.8387096774193549,0.7096774193548387,4.32258064516129,4.607264455478377
t1_e5g2rmk,0.8571428571428571,0.7428571428571429,4.085714285714285,4.822000516883151
t1_iaxv4cj,0.8947368421052632,0.8157894736842105,5.105263157894737,5.017535737070864
t1_ka3tv8u,0.8695652173913043,0.7391304347826086,5.173913043478261,4.262692390839622
t1_gg5z5dm,0.7948717948717948,0.6410256410256411,5.17948717948718,4.823863757323786
t1_feazt7x,0.7241379310344828,0.5172413793103449,4.655172413793103,4.254195650150781
t1_jnkxfr7,0.8857142857142857,0.8285714285714286,5.228571428571429,4.843568731230678
t1_i8wwclf,0.8604651162790697,0.7674418604651163,4.3023255813953485,5.10068335935326
t1_h60mfna,0.7252747252747253,0.5824175824175825,4.406593406593407,5.796486333020671
t1_e6dpyn1,0.8676470588235294,0.7794117647058824,4.264705882352941,5.789453098507838
t1_hgjle59,0.7272727272727273,0.6136363636363636,4.636363636363637,4.669547811769945
t1_ec3nl8c,0.7547169811320755,0.6415094339622641,4.69811320754717,5.064500464775835
t1_g11lfhu,0.7586206896551724,0.603448275862069,3.9655172413793105,5.301693710532908
t1_g4807tk,0.8717948717948718,0.7692307692307693,4.871794871794871,5.009635872652928
t1_em4hx9e,0.7111111111111111,0.5666666666666667,4.6,5.7415665692704385
t1_gagevhn,0.88,0.8,4.86,5.363856189774728
t1_durxzn9,0.7666666666666667,0.65,3.816666666666667,5.3215670042957885
t1_gt3nk2t,0.43661971830985913,0.2112676056338028,4.901408450704225,4.572095450936444
t1_girxjtx,0.7241379310344828,0.5517241379310345,5.2298850574712645,5.768563789376805
t1_iecn2d2,0.8857142857142857,0.8285714285714286,4.171428571428572,4.843568731230678
t1_hemtv1u,0.8918918918918919,0.8378378378378378,5.513513513513513,4.939183095358683
t1_dtq17zk,0.8181818181818182,0.696969696969697,3.8181818181818183,4.62015169511603
t1_e94b9qu,0.9333333333333333,0.8666666666666667,5.3,4.773557262275186
t1_fzm18v6,0.7931034482758621,0.5862068965517241,4.793103448275862,4.444187891679296
t1_g58vr4c,0.8235294117647058,0.7058823529411765,4.686274509803922,5.248706901296266
t1_io421pm,0.7647058823529411,0.6176470588235294,5.529411764705882,4.550266885177091
t1_e98u3jh,0.8163265306122449,0.6938775510204082,4.795918367346939,5.173696773208335
t1_e78v2gl,0.7741935483870968,0.6129032258064516,4.387096774193548,5.445974132897729
t1_gnqw62w,0.7432432432432432,0.6081081081081081,4.9324324324324325,5.563852858726016
t1_kdu45r1,0.8387096774193549,0.7096774193548387,4.419354838709677,4.607264455478377
t1_hqxgwyi,0.90625,0.84375,4.375,4.788909765557392
t1_ixpvp87,0.8,0.68,4.08,4.1834651896016455
t1_jmlounf,0.6981132075471698,0.5471698113207547,4.679245283018868,4.959447700729224
t1_el6s5yk,0.8235294117647058,0.7058823529411765,4.0,4.690116517593664
t1_h35xxsz,0.8571428571428571,0.7142857142857143,4.428571428571429,5.521640636343323
t1_h1u5q24,0.8333333333333334,0.7083333333333334,4.8125,5.2201755214643475
t1_hkxpear,0.9210526315789473,0.868421052631579,5.2894736842105265,5.0701673160182334
t1_jeju736,0.78125,0.59375,4.34375,4.538909765557392
t1_eknlezw,0.7592592592592593,0.6111111111111112,4.555555555555555,5.1853525484197
t1_jny2kzb,0.8571428571428571,0.7380952380952381,4.976190476190476,5.088629625108203
t1_i5mgcat,0.7323943661971831,0.6056338028169014,4.619718309859155,5.399265253094197
t1_gpq935v,0.8571428571428571,0.7551020408163265,4.591836734693878,5.288179231870311
t1_j9563fi,0.803921568627451,0.6666666666666666,5.196078431372549,5.235863332040314
t1_j8ym47s,0.7678571428571429,0.6071428571428571,4.696428571428571,5.280394654123198
t1_g9qat6j,0.8181818181818182,0.75,3.9318181818181817,4.921897881037223
t1_kat9fvt,0.75,0.6428571428571429,5.190476190476191,5.70184123230257
t1_eed5kg5,0.6538461538461539,0.46794871794871795,4.256410256410256,6.375432686950712
t1_e8xqvpo,0.896551724137931,0.7931034482758621,4.0,4.651084443403434
t1_gsigr7k,0.7169811320754716,0.5094339622641509,4.113207547169812,5.09566054882118
t1_di0t906,0.8181818181818182,0.6818181818181818,4.363636363636363,4.061482186720774
t1_jiynhh8,0.7291666666666666,0.5520833333333334,5.5625,5.953408433188964
t1_ek7btyy,0.7551020408163265,0.6122448979591837,4.836734693877551,5.020436058834316
t1_i3jdifr,0.6037735849056604,0.4056603773584906,4.056603773584905,5.680197341110724
t1_h077hhs,0.868421052631579,0.7894736842105263,4.447368421052632,4.945038697540247
t1_jyfq8lc,0.8666666666666667,0.7666666666666667,4.533333333333333,4.61506101220307
t1_hj25w70,0.8666666666666667,0.8,4.933333333333334,4.589898095464288
t1_h51lkav,0.90625,0.8125,4.6875,4.8125
t1_hpu3cwh,0.6956521739130435,0.5108695652173914,4.913043478260869,5.772263961722631
t1_hrvgqf2,0.8333333333333334,0.6944444444444444,3.8055555555555554,4.815622570826658
t1_iozhx9w,0.7536231884057971,0.5652173913043478,4.217391304347826,5.552516804943378
t1_kezh8cu,0.725,0.5,4.45,4.73418371977919
t1_dtepiqx,0.7159090909090909,0.5795454545454546,4.7272727272727275,5.706424090154456
t1_jqq0trs,0.8974358974358975,0.7948717948717948,3.923076923076923,5.0802740137340425
t1_evds4ou,0.6979166666666666,0.5625,5.072916666666667,5.781468459994416
t1_hf2frw4,0.7125,0.525,4.3625,5.6403115322251
t1_i16cmck,0.8571428571428571,0.7380952380952381,4.0476190476190474,5.088629625108203
t1_fal11fh,0.8225806451612904,0.7258064516129032,4.774193548387097,5.508879528541119
t1_fdo749a,0.8979591836734694,0.8367346938775511,5.163265306122449,5.379816476679965
t1_gxkn8fm,0.5847457627118644,0.4406779661016949,5.135593220338983,5.493960982726516
t1_jcxpg2x,0.8529411764705882,0.7352941176470589,4.5,4.7711426205984715
t1_fs05nuj,0.875,0.8125,4.5625,4.6875
t1_fasnjg2,0.723404255319149,0.5319148936170213,4.1063829787234045,4.926721298394085
t1_gse6iar,0.7115384615384616,0.5384615384615384,5.009615384615385,5.966749693873809
t1_hk246c9,0.8181818181818182,0.7090909090909091,4.490909090909091,5.35390925890053
t1_e4tw8nb,0.9,0.825,5.025,5.103055907333277
t1_jrg5bot,0.8913043478260869,0.8260869565217391,4.3478260869565215,5.262692390839619
t1_gv1whi0,0.5954198473282443,0.4198473282442748,3.8931297709923665,5.877606251603853
t1_hkef6r3,0.6808510638297872,0.5212765957446809,4.0638297872340425,5.744599857130634
t1_e7hxvyt,0.8208955223880597,0.7014925373134329,4.313432835820896,5.662812324656964
t1_gtdbqqz,0.7428571428571429,0.6428571428571429,5.5285714285714285,5.450940967582627
t1_ez9y15i,0.9354838709677419,0.8709677419354839,4.935483870967742,4.825164052322361
t1_e31ti6k,0.7916666666666666,0.6041666666666666,5.291666666666667,5.152569011092752
t1_gf7cn6c,0.8269230769230769,0.7115384615384616,5.826923076923077,5.301307266176412
t1_gv5h0eg,0.7619047619047619,0.5952380952380952,3.9523809523809526,4.8505343870129645
t1_k84yznn,0.7358490566037735,0.49056603773584906,3.8867924528301887,5.185375407352567
t1_etcj6rq,1.0,1.0,4.758620689655173,4.857980995127571
t1_hbm3exp,0.6728971962616822,0.514018691588785,4.570093457943925,5.860730248480323
t1_es08sl7,0.7333333333333333,0.6133333333333333,4.773333333333333,5.4998715643217935
t1_e7nttj7,0.9565217391304348,0.9130434782608695,5.521739130434782,4.436605434317882
t1_gxiez56,0.7951807228915663,0.6867469879518072,4.975903614457831,5.880827985459534
t1_jrx3jj7,0.7319587628865979,0.5567010309278351,5.360824742268041,5.954251084629499
t1_ewmyi6c,0.7837837837837838,0.6486486486486487,3.8378378378378377,4.702564514219129
t1_e3ztchc,0.851063829787234,0.723404255319149,4.638297872340425,5.240655075035864
t1_jjhipdx,0.6666666666666666,0.5050505050505051,5.101010101010101,5.701171615918699
t1_h3b7xjd,0.7083333333333334,0.5694444444444444,4.222222222222222,5.388471355518837
t1_dyuh4c2,0.8461538461538461,0.7435897435897436,4.6923076923076925,4.926427859887888
t1_iy2tol6,0.6868686868686869,0.5353535353535354,4.98989898989899,5.798238691418063
t1_gjjcazf,0.735632183908046,0.5862068965517241,4.390804597701149,5.777721622504734
t1_dws65xb,0.8214285714285714,0.7142857142857143,4.357142857142857,4.378783493486177
t1_g1g904u,0.8421052631578947,0.7105263157894737,4.842105263157895,4.912272579176127
t1_h4rlx21,0.8070175438596491,0.7017543859649122,5.017543859649122,5.357110795239058
t1_g6rmy9i,0.6344086021505376,0.5161290322580645,5.075268817204301,5.450607269388923
t1_hloiymj,0.8518518518518519,0.7037037037037037,5.0,4.458591205867174
t1_izwurkf,0.7640449438202247,0.6179775280898876,4.179775280898877,5.915348004214414
t1_gx5f9y8,0.8,0.7066666666666667,4.466666666666667,5.6971613174168585
t1_itd2lii,0.9166666666666666,0.875,5.416666666666667,4.386842188131012
t1_f8t8fdt,0.8,0.675,3.85,4.865311532225103
t1_jsjmumk,0.7674418604651163,0.5813953488372093,4.348837209302325,4.9260374290200755
t1_fqzok7x,0.803030303030303,0.6060606060606061,4.696969696969697,5.650454725419066
t1_jvjv54k,0.8936170212765957,0.7872340425531915,4.297872340425532,5.341822894230832
t1_e22gqyu,0.8666666666666667,0.7666666666666667,4.5,4.61506101220307
t1_gnpz4i9,0.7816091954022989,0.6436781609195402,4.850574712643678,5.934154271636191
t1_h1t0e8i,0.7636363636363637,0.6,4.527272727272727,5.253731531549132
t1_kd2dlk9,0.8,0.7230769230769231,4.6,5.437752428413073
t1_gr8gaov,0.6923076923076923,0.5299145299145299,5.2905982905982905,6.06887380068752
t1_dj3xp37,0.759493670886076,0.620253164556962,4.746835443037975,5.654613501149961
t1_ebyd7ql,0.8518518518518519,0.7037037037037037,4.851851851851852,4.458591205867174
t1_g1dxjc3,0.9583333333333334,0.9166666666666666,5.5,4.501629167387823
t1_dugi06h,0.803030303030303,0.6666666666666666,4.515151515151516,5.597276316262597
t1_iinu4l2,0.7439024390243902,0.573170731707317,4.7560975609756095,5.764513096287714
t1_k764w86,0.7543859649122807,0.631578947368421,5.631578947368421,5.172337655315558
t1_eru1yth,0.8360655737704918,0.7049180327868853,4.557377049180328,5.578118075196868
t1_glg7izv,0.7162162162162162,0.5540540540540541,3.9054054054054053,5.507099737912236
t1_gx0c6c7,0.8064516129032258,0.6129032258064516,3.6129032258064515,4.567099536193328
t1_gxiu3qi,0.6944444444444444,0.5277777777777778,4.527777777777778,5.994341525428112
t1_humw2y6,0.8367346938775511,0.6938775510204082,4.673469387755102,5.272773364479219
t1_hu4l6g3,0.796875,0.65625,4.109375,5.53125
t1_hj6jp6r,0.8571428571428571,0.7142857142857143,4.464285714285714,4.52164063634332
t1_hg6zavs,0.8125,0.6875,4.09375,4.577819531114783
t1_e09ormt,0.8846153846153846,0.7692307692307693,4.961538461538462,4.46967048737186
t1_du6sidh,0.7424242424242424,0.5454545454545454,4.333333333333333,5.483491846500066
t1_ibl3zit,0.8571428571428571,0.7755102040816326,4.571428571428571,5.272773364479219
t1_dundstv,0.8333333333333334,0.7222222222222222,5.0,4.781036112553421
t1_ir28t6k,0.6904761904761905,0.5317460317460317,3.8492063492063493,6.159354129643085
t1_f5grbx3,0.8823529411764706,0.7941176470588235,4.647058823529412,4.829966150010236
t1_gg56ogs,0.8695652173913043,0.7391304347826086,5.173913043478261,4.2626923908396215
t1_h9lf9nx,0.696969696969697,0.5303030303030303,4.333333333333333,5.282808323805574
t1_iud13pj,0.7464788732394366,0.5492957746478874,4.338028169014085,5.593271415218384
t1_e03pyae,0.9411764705882353,0.8823529411764706,3.9411764705882355,4.969815782426808
t1_gq5yx4q,0.78125,0.671875,4.53125,5.441024413893479
t1_h1715uh,0.5945945945945946,0.44594594594594594,4.222972972972973,5.964880244693897
t1_hs8lmfr,0.8166666666666667,0.6666666666666666,4.383333333333334,5.5068905956085175
t1_emhr9fy,0.7619047619047619,0.6666666666666666,4.619047619047619,3.784941827437642
t1_idpf8hk,0.7,0.5428571428571428,4.4714285714285715,5.3788640881881005
t1_dxj1cw8,0.7073170731707317,0.43902439024390244,4.097560975609756,4.753774260662876
t1_gu7tok4,0.7763157894736842,0.6710526315789473,5.5394736842105265,5.653700415302404
t1_h6r21l2,0.7875,0.6375,4.925,5.832935401402811
t1_jrlp1dy,0.6962025316455697,0.5569620253164557,4.569620253164557,5.5063919069151925
t1_k9blpye,0.6261682242990654,0.4953271028037383,4.785046728971962,5.617684913286639
t1_ebdh779,0.78125,0.6458333333333334,4.291666666666667,6.039062792840257
t1_gtzp9bq,0.6555555555555556,0.5111111111111111,4.766666666666667,5.552638373963214
t1_fvk6d98,0.76,0.56,5.16,4.133660689688185
t1_hejwgi9,0.8125,0.75,4.145833333333333,5.053508854797681
t1_dw70t9h,0.8703703703703703,0.7592592592592593,4.407407407407407,5.481648844715997
t1_hmukm38,0.8367346938775511,0.6938775510204082,4.428571428571429,5.272773364479219
t1_ctdh1i8,0.7586206896551724,0.6206896551724138,4.896551724137931,4.28022625367366
t1_e1rr455,0.65625,0.5104166666666666,4.479166666666667,5.631568881603133
t1_k1kesu1,0.7555555555555555,0.6222222222222222,4.311111111111111,5.85285559628159
t1_k9lyhel,0.8070175438596491,0.6666666666666666,4.649122807017544,5.398593742196957
t1_iqltt7y,0.6857142857142857,0.4857142857142857,4.414285714285715,6.355849624534303
t1_if2xrbp,0.75,0.5833333333333334,4.316666666666666,5.3215670042957885
t1_gigzkum,0.7471264367816092,0.5977011494252874,4.390804597701149,5.847835018712894
t1_gnhljqj,0.7117117117117117,0.5945945945945946,5.414414414414415,5.946317078175183
t1_k9odms7,0.6571428571428571,0.4857142857142857,4.695238095238095,5.829542155860583
t1_eq9z1wh,0.5833333333333334,0.4,4.425,5.759369859802234
t1_d8mvxzl,0.868421052631579,0.7631578947368421,3.8421052631578947,4.964904158123496
t1_gt3obj1,0.6159420289855072,0.4855072463768116,4.920289855072464,5.931757725793032
t1_hztt66w,0.6979166666666666,0.5104166666666666,5.229166666666667,5.832205599611884
t1_f4o03ka,0.660377358490566,0.4716981132075472,4.528301886792453,4.887744510922053
t1_ijk3i1e,0.5714285714285714,0.3333333333333333,4.738095238095238,4.3000721137090645
t1_ir3hjki,0.6776859504132231,0.5206611570247934,4.958677685950414,6.0836677825145875
t1_gse7zpq,0.8,0.6333333333333333,4.8,5.481727678869736
t1_gnd6gz9,0.7647058823529411,0.5588235294117647,5.029411764705882,4.594672032363178
t1_jg4yq77,0.78125,0.625,4.03125,4.5
t1_jmt5tq3,0.8611111111111112,0.75,5.847222222222222,5.87117812638222
t1_dsh09qb,0.8,0.6666666666666666,4.488888888888889,5.0306333740593745
t1_jxmh65s,0.7647058823529411,0.6470588235294118,4.735294117647059,4.488506136056213
t1_j1bp6e0,0.7235772357723578,0.5772357723577236,4.617886178861789,6.201916262007518
t1_hao6ou5,0.75,0.625,4.513888888888889,5.49277378613449
t1_jg7db7a,0.7049180327868853,0.5245901639344263,4.934426229508197,5.213123607877353
t1_fe2zute,0.6141732283464567,0.47244094488188976,4.771653543307087,5.864741421425142
t1_hxul00f,0.9130434782608695,0.8695652173913043,5.304347826086956,4.316827716832514
t1_ihun5h9,0.8974358974358975,0.8205128205128205,4.948717948717949,5.060917923934979
t1_ey9r5p7,0.6974789915966386,0.5462184873949579,5.2100840336134455,6.0500335195013815
t1_gyft5rp,0.7142857142857143,0.5857142857142857,5.1,5.3287244452691445
t1_h3l8am1,0.9444444444444444,0.8888888888888888,4.555555555555555,5.058813890331199
t1_hqvnf6t,0.6370967741935484,0.46774193548387094,4.137096774193548,5.93681745620605
t1_gzaupuz,0.7710843373493976,0.6626506024096386,5.036144578313253,5.763341841790702
t1_f7bf4b1,0.6,0.4444444444444444,4.985185185185185,5.918782835995258
t1_f95vb9l,0.7735849056603774,0.6037735849056604,4.716981132075472,5.223111256409169
t1_grue5im,0.6551724137931034,0.49137931034482757,5.017241379310345,5.9241898317241
t1_ha0hcib,0.76,0.6,3.78,5.103465189601649
t1_h0bec05,0.8181818181818182,0.6883116883116883,4.1688311688311686,5.851202125110488
t1_ewuozil,0.8253968253968254,0.6825396825396826,4.365079365079365,5.604108891685206
t1_k1ozw0e,0.8,0.7,5.433333333333334,4.386569246460625
t1_k6fu6c7,0.8392857142857143,0.7142857142857143,5.017857142857143,5.4589660826946265
t1_h7kh7fb,0.8048780487804879,0.6585365853658537,4.7317073170731705,4.918527614374179
t1_eke3jti,0.7578947368421053,0.6526315789473685,4.515789473684211,5.863820894502903
t1_feikhag,0.8484848484848485,0.7272727272727273,4.363636363636363,4.718488437474714
t1_ju2t4co,0.8333333333333334,0.7333333333333333,5.433333333333334,4.506890595608519
t1_dymmea5,0.7358490566037735,0.5943396226415094,4.9245283018867925,6.077036318151007
t1_g67vfcm,0.8518518518518519,0.7407407407407407,4.7407407407407405,4.430632409490749
t1_k4kjfq3,0.7962962962962963,0.6481481481481481,3.9444444444444446,5.296463659530811
t1_ifrr5f5,0.7692307692307693,0.6346153846153846,3.9038461538461537,5.147461112330258
t1_dw9hdh2,0.6615384615384615,0.49230769230769234,4.492307692307692,6.1501825977572695
t1_e1bkh4k,0.8409090909090909,0.7045454545454546,4.431818181818182,5.124093266315398
t1_dzhyz7a,0.7586206896551724,0.6206896551724138,4.224137931034483,5.245743495052968
t1_dv3340h,0.8055555555555556,0.6388888888888888,3.6666666666666665,4.760067015271103
t1_fybr2l3,0.696969696969697,0.3939393939393939,3.8484848484848486,4.438333513297848
t1_gegbt4u,0.8148148148148148,0.6851851851851852,4.722222222222222,5.333500696567848
t1_i9z7vu9,0.8055555555555556,0.6666666666666666,4.555555555555555,4.739097917988785
t1_hghh0q6,0.7755102040816326,0.6122448979591837,3.8979591836734695,5.10950805835677
t1_e20rzvd,0.7169811320754716,0.5471698113207547,4.226415094339623,5.003271927080807
t1_e1pv6xg,0.8857142857142857,0.8,4.942857142857143,4.879143374026008
t1_hgmf3db,0.7547169811320755,0.6415094339622641,4.566037735849057,5.055250936555587
t1_ehjj9bs,0.875,0.7916666666666666,4.208333333333333,4.303508854797679
t1_ecamlc9,0.7884615384615384,0.6538461538461539,4.576923076923077,5.219294525666981
t1_czkhz4v,0.8305084745762712,0.7288135593220338,4.440677966101695,5.4924811848083825
t1_hvcu84w,0.8888888888888888,0.8148148148148148,6.0,4.504706483564823
t1_jhdvbhz,0.7586206896551724,0.5862068965517241,4.655172413793103,4.32316116739216
t1_dvip17b,0.7692307692307693,0.5384615384615384,4.487179487179487,4.823863757323786
t1_dvmjgvq,0.9375,0.90625,4.625,4.851409765557392
t1_gnhqwh5,0.868421052631579,0.7894736842105263,4.631578947368421,4.932138039759377
t1_hdd2vz3,0.8431372549019608,0.7450980392156863,4.2745098039215685,5.287922587570778
t1_gcko7pq,0.8846153846153846,0.8076923076923077,4.576923076923077,5.431208948910325
t1_dxjk30t,0.8333333333333334,0.6666666666666666,4.833333333333333,4.251629167387823
t1_e2mtu1q,0.7582417582417582,0.6043956043956044,4.5054945054945055,5.9377473546940065
t1_ea97y73,0.8571428571428571,0.7380952380952381,4.9523809523809526,5.0886296251082035
t1_e44f9rv,0.967741935483871,0.9354838709677419,5.419354838709677,4.889680181354619
t1_hemdgbr,0.8095238095238095,0.6428571428571429,4.238095238095238,4.993391529870108
t1_is1olxv,0.6171875,0.4375,4.4375,5.985253348052563
t1_ew3lq73,0.8235294117647058,0.6862745098039216,4.7254901960784315,5.289880734043519
t1_k8o8t89,0.7708333333333334,0.625,5.041666666666667,5.035701501208652
t1_h0roe3w,0.7142857142857143,0.6142857142857143,4.714285714285714,5.278584802350188
t1_f9tnhjj,0.7872340425531915,0.6382978723404256,4.425531914893617,5.052256075625792
t1_f76erur,0.7402597402597403,0.5974025974025974,3.8181818181818183,5.626731832706017
t1_gxfah4b,0.75,0.5789473684210527,5.328947368421052,5.675430473912972
t1_e0u6don,0.8867924528301887,0.7924528301886793,4.6415094339622645,5.487262199805395
t1_h4h1hrl,0.875,0.75,5.416666666666667,4.334962500721156
t1_eq9k4hg,0.6423357664233577,0.5036496350364964,4.233576642335766,5.9873904569436345
t1_fnp00sh,0.8974358974358975,0.8205128205128205,4.846153846153846,5.060917923934979
t1_k3wdo4p,0.864406779661017,0.7627118644067796,5.067796610169491,5.577558303599125
t1_famrhlz,0.8,0.6333333333333333,3.8666666666666667,4.481727678869737
t1_h5yc0tw,0.7232142857142857,0.5803571428571429,4.928571428571429,6.105308578458572
t1_j41r2c0,0.68,0.52,4.786666666666667,5.419097944453212
t1_hc76ytm,0.7903225806451613,0.6290322580645161,3.9193548387096775,5.498314657056384
t1_e5lqh3a,0.7936507936507936,0.6666666666666666,5.126984126984127,5.4833209476465266
t1_hua016g,0.7894736842105263,0.6491228070175439,4.842105263157895,5.335266716329645
t1_i7xxll7,0.8461538461538461,0.7307692307692307,4.769230769230769,4.363713275750188
t1_h0zk0qi,0.8048780487804879,0.6585365853658537,4.878048780487805,4.930484321585718
t1_i64w43z,0.8823529411764706,0.803921568627451,5.078431372549019,5.397915538049931
t1_fox3t83,0.8648648648648649,0.7297297297297297,4.5675675675675675,4.939183095358682
t1_ehuugcr,0.8051948051948052,0.6753246753246753,4.8441558441558445,5.815424365342132
t1_hd23n90,0.7692307692307693,0.6153846153846154,3.358974358974359,4.731308873363868
t1_h0vlcik,0.7543859649122807,0.6140350877192983,4.315789473684211,5.215007892254674
t1_gtevc29,0.6581196581196581,0.49572649572649574,4.957264957264957,5.8962630549175525
t1_jsz87sq,0.6515151515151515,0.4696969696969697,4.4393939393939394,5.176451505492636
t1_dszavds,0.7560975609756098,0.5609756097560976,4.390243902439025,4.832923345975962
t1_gzsd93u,0.6705882352941176,0.5058823529411764,5.1647058823529415,5.497511230204446
t1_i112248,0.9354838709677419,0.9032258064516129,4.645161290322581,4.8008128425751515
t1_icdjslh,0.71875,0.6171875,4.8125,6.207811793622987
t1_iswtl4w,0.6851851851851852,0.6111111111111112,4.777777777777778,4.6849905112224075
t1_ivbpmn2,0.6956521739130435,0.4782608695652174,4.072463768115942,5.427081703029558
t1_foau5z3,0.8571428571428571,0.7380952380952381,4.880952380952381,5.0886296251082035
t1_fnd3fq0,0.8023255813953488,0.7209302325581395,4.709302325581396,5.873825510465739
t1_gih48uq,0.8301886792452831,0.7169811320754716,6.169811320754717,5.336318803578981
t1_itefmm2,0.7415730337078652,0.5730337078651685,4.617977528089888,5.847932273877336
t1_d0woq43,0.7058823529411765,0.5490196078431373,4.470588235294118,4.9221378418442345
t1_dy14avn,0.7916666666666666,0.6944444444444444,5.166666666666667,5.627986806877678
t1_i4ctmpx,0.6987951807228916,0.5542168674698795,4.710843373493976,5.5781844254744275
t1_e4kvz2g,0.82,0.7,5.08,5.2287584397314575
t1_e6q5g9q,0.7346938775510204,0.5714285714285714,4.326530612244898,4.969615140555273
t1_kei1abn,0.8717948717948718,0.7692307692307693,5.051282051282051,5.009635872652927
t1_ggxungy,0.7,0.5428571428571428,3.842857142857143,5.381218331564965
t1_f1wppwm,0.7338709677419355,0.6209677419354839,4.879032258064516,6.225134794306962
t1_etuqcuk,0.84375,0.71875,4.6875,4.663909765557392
t1_f48dbz9,0.8846153846153846,0.8076923076923077,5.1923076923076925,4.440636352673264
t1_k9wo5px,0.8275862068965517,0.6896551724137931,4.344827586206897,4.487122805397798
t1_h04ktw9,0.7216494845360825,0.5876288659793815,4.907216494845361,5.8585092652707065
t1_faoc1lh,0.9117647058823529,0.8235294117647058,4.529411764705882,4.910992253015044
t1_gscdclq,0.9130434782608695,0.8695652173913043,4.3478260869565215,4.316827716832514
t1_hcrpxas,0.7446808510638298,0.5851063829787234,4.553191489361702,5.943057538322693
t1_cl8aif1,0.8055555555555556,0.6666666666666666,4.222222222222222,4.725480556997867
