_id,ma_ttr,mtld
t1_f7ju17o,0.9599999999999999,53.94666666666666
t1_k5c5yyz,0.9202256244963732,88.92518084066471
t1_givys64,0.9697336561743344,96.768
t1_joq538t,0.9761904761904762,152.44444444444449
t1_hlk1vci,0.9050051072522974,111.46666666666667
t1_cguw8w8,0.935835351089588,85.3835294117647
t1_fmcunuq,0.9605042016806711,129.43
t1_jolyktt,0.8684719535783362,44.301980198019805
t1_fegajpj,1.0,223.99999999999983
t1_k4a1rz6,0.9463855421686753,171.36000000000007
t1_exd9ccm,0.9319327731092435,103.54400000000003
t1_kb55gnn,0.9806451612903224,74.66666666666667
t1_hsoj4b0,0.9608843537414966,91.63636363636364
t1_e9gbebp,0.99,117.73999999999997
t1_il8cpvx,0.86574074074074,86.73495426095332
t1_gzs5v7g,0.9564393939393936,85.62909090909089
t1_dxeq6v9,0.9935483870967742,63.999999999999986
t1_haja09s,0.9961538461538461,68.59999999999998
t1_j0cxfzk,0.9083333333333335,60.984000000000016
t1_dwjjh4l,0.9681818181818184,89.69333333333331
t1_fnua8i5,0.9356643356643355,78.5575
t1_gteuknx,0.9711538461538461,92.61000000000001
t1_hkwzb2z,0.9723320158102766,109.75999999999998
t1_hn2tsej,0.9080612924716853,66.56882194822649
t1_ho7i6ht,0.9540816326530609,67.2
t1_gsdgupf,0.873931623931623,103.11235955056179
t1_errzsjm,0.9829268292682927,100.0
t1_eoryiia,0.9566666666666666,85.17600000000002
t1_dw850o1,0.9678362573099409,96.86880000000001
t1_i46k0jt,0.9473684210526304,158.18352941176477
t1_gv484ay,0.9180546302465009,97.28740740740741
t1_fgbnl96,0.9700854700854699,81.312
t1_elc14lm,0.9244402985074627,82.0
t1_e4hcygt,0.9724137931034481,134.7733333333333
t1_f17mla9,0.8771612903225822,92.89644866385373
t1_fxi59ad,0.9857142857142858,191.66
t1_dzqz120,0.9414340448823189,133.57166666666666
t1_ewibxb5,0.9777777777777776,90.71999999999997
t1_dt5kqwa,0.9860465116279069,189.28000000000014
t1_hqgw7x2,0.9286195286195279,115.07451611975496
t1_ih5cggk,0.8972602739726023,46.27358490566038
t1_h7hwebn,0.9550865800865783,120.96000000000001
t1_frfd8jq,0.996551724137931,67.38666666666666
t1_gruwcg4,1.0,30.0
t1_g4pcbzj,0.9336057201225733,121.00000000000001
t1_if6rhqz,0.9782608695652174,95.57333333333334
t1_guf2o95,0.9097701149425289,165.76000000000002
t1_foozu8o,0.8856048166392985,76.35656361536846
t1_hbkbe8c,0.9444444444444444,54.216
t1_fkc2fl3,0.8897355445988352,165.21166666666673
t1_j4rr72m,0.9291666666666661,113.56800000000001
t1_ettkcu3,1.0,24.0
t1_hsxp5n6,0.856830601092896,31.605935310412256
t1_gt2ixvs,0.9264555669050041,94.67232027808576
t1_dye3vh7,0.9707317073170731,100.0
t1_e93zmh3,0.9201741654571839,78.86666666666669
t1_gv0dchj,0.8465131798465123,64.21875
t1_ita35vm,0.9301470588235294,85.33909090909091
t1_e713bqm,1.0,196.63000000000005
t1_fj010mi,0.9624999999999999,67.32
t1_ejcjqoo,0.972934472934472,135.52
t1_k4fu291,0.9883720930232558,108.16000000000004
t1_f7xdoof,0.9428571428571431,82.89555555555557
t1_haw5wob,0.9166666666666666,76.23
t1_jafdooe,1.0,269.08000000000027
t1_jlyhvz7,0.9806451612903223,112.00000000000003
t1_grdh47x,1.0,87.39111111111114
t1_dxfd72z,0.8888888888888875,111.4402985074627
t1_hv74k3m,0.9711779448621553,137.19999999999996
t1_fnkauqo,0.9863636363636364,89.69333333333331
t1_in4nr3x,0.9649122807017546,91.46666666666667
t1_exto9ek,0.9916666666666666,152.46000000000015
t1_gnd538h,0.9170792079207924,79.9197256958451
t1_fkhspn4,0.885924369747899,150.7467354943754
t1_cze1q9u,0.9894736842105264,88.36000000000001
t1_crk6588,0.9722222222222222,51.03
t1_gfy7o8r,0.9583333333333331,81.00000000000001
t1_ebsvu2x,0.9278688524590153,69.06645569620252
t1_griwea8,0.9928571428571428,182.06999999999988
t1_gouvjao,0.9861660079051385,87.80799999999999
t1_jrep3bu,0.9823529411764705,73.96000000000002
t1_e1v9o2e,0.9980237154150197,175.61599999999999
t1_he70c7j,0.9332365747460085,78.86666666666669
t1_e4okrcx,0.990909090909091,67.27000000000001
t1_i67vlfz,0.8437158469945355,32.56578947368421
t1_gyledk2,0.9312499999999994,69.05504587155963
t1_gul235z,0.9051383399209479,132.41925925925926
t1_h39odwq,1.0,106.47000000000004
t1_hi2stcl,0.991304347826087,71.68
t1_g0q20p0,0.9699999999999999,53.23499999999999
t1_fvwrhht,0.9967948717948718,92.61000000000001
t1_jolxlod,0.9225146198830395,96.86880000000001
t1_hljxln6,0.9346405228758168,76.88000000000001
t1_ie6r075,0.9067028985507246,116.21647058823534
t1_f6l2mu8,1.0,204.11999999999972
t1_f1ht2tr,0.9576923076923077,68.59999999999998
t1_gx254v2,0.9393939393939376,136.08
t1_foatffs,0.9767441860465113,126.18666666666664
t1_f306zke,0.9818181818181816,70.56000000000003
t1_hfx93pe,0.9596651445966505,119.36842105263158
t1_i2vcy28,1.0,139.23999999999998
t1_erh5gks,1.0,23.0
t1_edmhmlk,0.8524631157789461,68.89208364451082
t1_etfd7p7,0.9425641025641024,71.7919708029197
t1_k9yn8rx,0.9461050724637685,134.43862068965518
t1_dtkech1,0.9499999999999997,57.166666666666686
t1_esd7n6i,0.9966666666666666,104.18800000000005
t1_fvekdpj,0.98,47.320000000000014
t1_ghbm81l,0.99,84.03500000000003
t1_gt6q27h,0.9272605939272596,98.95751746249859
t1_g6gi1h8,0.9416666666666665,50.820000000000014
t1_h87wtx8,0.9640522875816993,97.84727272727277
t1_ectb45o,0.9649923896499231,119.36842105263158
t1_f94mp11,0.9791666666666665,76.23
t1_fwb1jq8,1.0,84.00000000000003
t1_k4vn06v,0.9544334975369457,88.2175
t1_fmfqb04,1.0,67.27000000000001
t1_h8gjvov,0.9543378995433789,133.41176470588238
t1_jm9yzmv,0.9615384615384611,53.760000000000005
t1_h2ggcvf,0.9441860465116277,63.093333333333355
t1_eekqf1z,0.9295967190704022,114.86363636363636
t1_juhpv25,1.0,97.46800000000002
t1_jvf8ybq,0.9014300306435132,82.01801363193768
t1_egn80ro,0.9618421052631575,112.04666666666665
t1_guxwa6q,0.9897435897435898,92.16
t1_j9mvnh9,0.9846153846153846,114.26545454545455
t1_j1r7how,0.9738562091503266,134.54000000000002
t1_k7hckxi,0.8553779069767442,87.59001470445196
t1_guvsq8i,0.8264604810996561,46.36307311028501
t1_f3w9vsy,0.9967948717948717,92.61000000000001
t1_hha7djk,1.0,148.11999999999992
t1_ezjtqhr,0.992,53.94666666666666
t1_guzfax8,1.0,271.0400000000003
t1_g3wep6v,0.9334415584415567,108.0
t1_i3ulmih,0.9926829268292682,87.49999999999999
t1_k6ozaw9,0.9392857142857143,63.88666666666667
t1_j64qd9e,0.8698924731182793,54.97602529199965
t1_dimsxw7,0.9615384615384617,85.74999999999997
t1_fpkooow,0.9399999999999996,47.320000000000014
t1_g8bot9y,0.922745098039216,126.504
t1_j9lecyo,0.976190476190476,84.00000000000003
t1_i0m9kjx,0.9196428571428571,121.0
t1_i6kv90o,0.9899999999999999,117.73999999999997
t1_g6btkwg,0.9246263807667311,91.20375
t1_fc71da5,1.0,22.0
t1_efm5der,0.8949999999999996,101.20261437908496
t1_fnzptkc,0.9909090909090907,98.31500000000003
t1_gd37obs,0.9084967320261438,35.78318584070797
t1_jp2j77o,0.974074074074074,90.71999999999997
t1_da3neaj,0.9514066496163671,134.86666666666665
t1_e1ifbg4,0.9666666666666663,70.56000000000003
t1_hf254sk,1.0,25.0
t1_jzj8p8m,0.9717171717171715,105.87499999999997
t1_itnlw7g,1.0,161.83999999999997
t1_ke13jjy,0.9415614773258539,168.31818181818184
t1_ew6vlnp,0.8810096153846154,110.00747192080716
t1_hemf8zo,0.9549999999999998,78.49333333333335
t1_gzy68vo,0.9615384615384613,107.52000000000001
t1_ere5gum,0.9362637362637372,143.3939393939394
t1_ga1ufgm,1.0,58.86999999999998
t1_grl28v1,0.9791666666666666,117.73999999999997
t1_du0yw8z,0.9444444444444444,94.50000000000003
t1_gbn26ya,0.9727272727272727,67.27000000000001
t1_cl0y0vg,0.9637155297532654,107.54545454545459
t1_j7j0czh,0.9095238095238097,50.40000000000002
t1_jgr95kp,0.9304871373836883,89.16666666666666
t1_f0jypww,0.9962121212121211,104.65777777777781
t1_flgsm9v,0.958064516129032,115.52
t1_e7cqmpz,0.977272727272727,71.5018181818182
t1_fbfxw74,0.9184873949579806,150.23684210526318
t1_ebig900,0.9399999999999998,64.736
t1_gd32gnh,0.9355555555555549,54.0
t1_hf33oy8,1.0,25.0
t1_f3o5wd5,0.9944444444444444,204.11999999999972
t1_iza83ap,0.9399999999999997,77.44000000000003
t1_jyzq581,0.8890804597701165,120.12542087542086
t1_elsfu45,0.9330289193302886,78.4417808219178
t1_fxiyp0w,0.9233333333333331,39.0
t1_griq3xy,0.9681818181818184,89.69333333333331
t1_keojxcq,0.9633418584825224,96.33333333333334
t1_fikkwb1,0.8750882145377543,86.36486486486487
t1_j8eryz9,0.9507389162561576,72.64421052631579
t1_duozdp9,0.9009009009008992,169.5264516129033
t1_k7k0fx9,0.971111111111111,74.22545454545454
t1_hniok1d,0.9846153846153847,85.74999999999997
t1_gw1ctjv,0.9734265734265733,96.68615384615386
t1_kfktpzy,0.9593749999999995,67.24
t1_gaj6ww8,0.934375,94.13600000000001
t1_dm5uui6,0.9589041095890399,110.894
t1_d8wi1ze,0.935960591133005,94.09866666666666
t1_j8muypx,1.0,304.9200000000003
t1_gzq596y,0.9586206896551721,101.08000000000003
t1_ia7hiuv,0.8950495049504955,117.45169082125605
t1_g3wequq,0.9334415584415567,108.0
t1_ea4qpej,1.0,134.7733333333333
t1_irki65k,0.9930232558139533,94.64000000000001
t1_e8roglc,0.9803921568627453,60.005934704830054
t1_diumqsc,0.9625292740046842,102.21866666666665
t1_irao1uy,0.9149333333333336,111.26424158494497
t1_hemfcmg,0.9549999999999998,78.49333333333335
t1_cospxvi,0.9749999999999996,58.83500000000002
t1_ia265k0,0.8592191507552009,64.52158283366644
t1_e88n0wm,0.9718749999999998,117.67000000000004
t1_k3ckwoe,0.972972972972973,65.83111111111113
t1_j1qmyl4,0.9666666666666666,70.87499999999999
t1_hk0ek2m,0.9833333333333334,101.63999999999999
t1_fenuais,0.9033333333333331,123.79588235294119
t1_gv42tb4,0.9208523592085227,56.44518272425249
t1_grjaz1w,0.8813004032258069,123.22377109317682
t1_h4494tl,0.8714565004887584,104.98133333333334
t1_gs46wy7,0.9241379310344832,138.05376344086022
t1_hqqc480,0.9901185770750989,146.34666666666675
t1_k7maqpi,0.9207619047619048,85.74056935332709
t1_cne1uqy,0.8728448275862077,90.18072559811301
t1_iragnul,0.9347300564061237,100.81272727272726
t1_in8bika,0.9711779448621557,137.19999999999996
t1_dufpc5y,1.0,152.46000000000015
t1_gzq4pak,0.97027027027027,53.861818181818194
t1_ikhwfrd,0.9666048237476809,97.46800000000002
t1_ettap1u,0.9416666666666669,123.47999999999988
t1_csxucnv,0.9281716417910447,75.24675569520818
t1_gxdb7kz,0.9845261121856865,90.97200000000002
t1_kceo21o,0.9818181818181819,134.5399999999999
t1_gx8zkdk,0.9545454545454544,70.56000000000003
t1_fmoovsx,0.9178666666666676,166.01200000000003
t1_k95d5rm,0.9241261722080131,134.86666666666665
t1_h87wtx8,0.9640522875816993,97.84727272727277
t1_gjusi7r,0.9631410256410255,138.91500000000002
t1_gt38agz,1.0,156.89333333333346
t1_hr961id,0.9772727272727272,57.73415225601272
t1_gftgf7k,0.9500000000000001,152.46000000000015
t1_e857drl,0.9829268292682924,140.00000000000003
t1_eyeg17e,0.9633333333333333,60.839999999999996
t1_eu4t99b,0.9278499278499269,117.81333333333332
t1_gng5rq1,0.9276437847866418,81.22333333333333
t1_guhw701,0.8865703584804703,73.64265323412405
t1_flpysik,0.9735294117647058,172.57333333333332
t1_hsoyhdj,0.9300699300699299,83.79466666666669
t1_dv7yq7v,0.8964776632302407,82.95120623979685
t1_ddw3mag,0.9315068493150671,90.0
t1_gxd8ipb,0.9379509379509371,107.56869565217394
t1_hwpsf4k,0.9507692307692303,124.82000000000006
t1_jbjl4tp,0.990909090909091,89.69333333333331
t1_etfad80,0.9799999999999999,60.231111111111105
t1_k4u5a44,0.9224999999999998,74.6977777777778
t1_gt75e6t,0.8483333333333342,97.0615049438579
t1_d3lmhld,0.9273182957393487,76.22222222222224
t1_gjw2woq,0.9444444444444443,71.75466666666667
t1_dyg5mfm,0.9629120879120876,107.89333333333332
t1_k692fi5,0.934116809116809,150.08848484848482
t1_fte5n6m,0.9470588235294118,63.09333333333332
t1_i3oxubo,0.914705882352941,57.524444444444434
t1_dx1op4i,0.9213483146067403,76.31591572799333
t1_irkc62e,0.8880000000000002,80.07371794871796
t1_iwknvzx,0.9769230769230769,114.33333333333331
t1_fdabkto,0.9213564213564206,75.0483870967742
t1_jm05rks,0.9862637362637362,80.91999999999999
t1_gt0602z,0.9457364341085259,85.03533458411508
t1_fj4wjxh,0.9696969696969697,82.31999999999998
t1_ew7n1oy,0.9608695652173914,71.68
t1_hh26t4o,0.9652173913043478,71.68
t1_e3nx5r2,0.9806451612903224,112.00000000000003
t1_hsoyhdj,0.9300699300699299,83.79466666666669
t1_fo5in41,0.9500000000000002,87.50000000000006
t1_fp8nde0,0.9379391100702577,85.18222222222224
t1_hf9890p,0.9689655172413791,80.86400000000003
t1_imo4c9w,0.9215053763440855,69.40277777777777
t1_en30ba3,0.9807692307692306,111.13200000000002
t1_htmqlzt,0.9766666666666665,141.9600000000001
t1_gtbad6q,0.9560293137908055,114.54434782608695
t1_ezf3pqa,0.9789227166276343,170.36444444444447
t1_icr08hg,0.959259259259259,131.66222222222225
t1_jyo1gj0,1.0,98.78399999999999
t1_dw2kabp,0.967741935483871,40.36363636363636
t1_el8w0il,0.9153846153846156,43.53972868217055
t1_haqlsml,0.9358585858585848,127.77333333333335
t1_dw8n1vj,0.9763157894736839,77.315
t1_eutc61w,0.9653846153846154,105.41176470588236
t1_dvr2adz,0.9811320754716981,131.44444444444449
t1_k8dy1lx,0.98,107.89333333333332
t1_gtn2zi8,1.0,72.82800000000002
t1_g1rff02,0.8952941176470594,126.0
t1_dw2hjwt,0.9711111111111108,102.06
t1_ec3okwf,0.9594405594405592,83.79466666666669
t1_h1eoqot,0.9738562091503269,71.75466666666667
t1_k0tn9bo,0.9175724637681156,105.2844827586207
t1_eue2c15,0.9899999999999999,96.03999999999998
t1_g8432rk,0.957671957671957,87.37473684210528
t1_jn1u48d,0.943910256410256,69.45750000000001
t1_gf01cpk,0.9636363636363631,123.48000000000002
t1_gd8csxv,0.9944444444444444,113.39999999999996
t1_djf2914,0.9542857142857141,45.08940145985402
t1_dwdn0to,0.9800000000000001,235.4800000000003
t1_k6ogmx6,0.9296296296296295,60.480000000000025
t1_ipmmtxx,0.9584017515051989,145.71454545454546
t1_jsgzc9z,0.9588235294117645,51.77200000000001
t1_dyjns7e,0.9516666666666663,69.45866666666666
t1_dtizfgj,0.9676870748299318,67.2
t1_hg0k062,0.9635627530364369,151.79294117647058
t1_dwjjh4l,0.9681818181818184,89.69333333333331
t1_dtornpc,0.9328063241106719,40.91647721656618
t1_fffe0gl,0.9136363636363637,53.81600000000002
t1_gxbf2xf,0.9307065217391313,134.43862068965518
t1_g3webly,0.9334415584415567,108.0
t1_h8bvxz0,0.9374999999999998,53.54759057971015
t1_e28by3c,0.9165459287163144,159.22421052631583
t1_jgcarps,0.98,104.18800000000005
t1_e52ueby,1.0,101.63999999999999
t1_jtplv1s,0.9688888888888885,68.04
t1_f1p32j3,0.9608127721335268,118.30000000000001
t1_iibmykm,0.9824561403508769,121.18909090909088
t1_e1h2s97,0.9125615763546796,79.60875
t1_e91xukz,0.8952205882352942,96.44600000000001
t1_hhnlviq,0.9928571428571429,364.14000000000027
t1_e1xqf0a,0.9636363636363637,42.0
t1_fm81ueh,0.8504166666666664,74.21780515117581
t1_hshe3jy,0.9177018633540381,148.57684210526318
t1_k4kk4pk,0.9386792452830187,54.01021276595745
t1_i5j4tlg,0.9703153988868274,108.29777777777775
t1_gjd5l3o,0.9594594594594593,98.74666666666666
t1_hfx8wdn,0.9596651445966505,119.36842105263158
t1_go91bgg,0.9809523809523807,84.00000000000003
t1_ismg0qz,0.8952145214521464,76.58777398312282
t1_edekwcj,1.0,85.74999999999997
t1_gtbad6q,0.9560293137908055,114.54434782608695
t1_hya1hh7,1.0,33.0
t1_gv1fbtd,0.973526473526473,125.44000000000001
t1_hfs5gu3,0.9393939393939384,94.0
t1_dnlqq77,0.9486486486486487,98.74666666666666
t1_gd72iut,0.932592592592592,87.21560430107527
t1_i3jkh6q,0.8759057971014492,49.01799882456656
t1_e5883x7,0.970454545454545,87.39111111111114
t1_jpqldw0,0.920266666666668,184.45777777777784
t1_fa9gdrb,1.0,404.3200000000005
t1_ccms1vy,0.8633093525179846,94.41909385113269
t1_hs3qo85,0.9680000000000001,161.83999999999997
t1_fdq3zps,0.9886363636363638,85.62909090909089
t1_hgnsml7,0.9356725146198821,60.92008196721312
t1_ez63m5r,0.9501424501424496,60.67196202531646
t1_h3ipw1d,0.9611528822055138,70.0
t1_ia1vrsn,0.9554730983302414,64.97866666666667
t1_irakjn4,0.8736263736263732,56.726790450928384
t1_cyycd02,0.9743083003952571,79.82545454545456
t1_eq9vh0j,0.9333333333333332,50.40000000000002
t1_jf8eqad,0.8645357686453572,54.98221046823569
t1_ewlig8x,0.9522058823529411,120.55750000000005
t1_hbztejg,0.9466936572199726,107.52000000000001
t1_e8pa361,0.9437939110070256,85.18222222222224
t1_gk43ied,0.9685737308622069,158.41999999999996
t1_hb9ctnd,0.9387096774193544,101.08000000000003
t1_i7ybuop,0.9429223744292227,94.5
t1_fcr6ets,0.9896551724137931,134.7733333333333
t1_ho10pkp,0.9077639751552798,142.0
t1_dwifbci,0.9208333333333325,100.20705882352942
t1_eb7grm3,0.9215456674473067,54.094008381470154
t1_iqu9znh,0.9140316205533587,81.98994252873564
t1_d1ds861,0.8548387096774208,80.82114467408584
t1_gmz4r5q,0.9636363636363635,94.1111111111111
t1_dykzmcq,0.9743589743589741,111.09
t1_ewecszi,1.0,134.5399999999999
t1_injn17m,0.981578947368421,154.63
t1_f7ejtay,0.9933333333333333,70.98
t1_fnkmrk6,0.99020979020979,125.69200000000002
t1_jufuatq,0.9898989898989896,141.16666666666663
t1_iudwola,0.9448621553884717,105.53846153846155
t1_foisejb,0.996551724137931,404.3200000000005
t1_e8u3h53,0.9494614747307363,141.28799999999998
t1_euwqtv2,0.9018377409233519,96.40506329113924
t1_k1stfbm,0.9070305272895464,97.78495121609635
t1_gra2ss8,0.99,117.73999999999997
t1_gevyv05,0.9833024118738403,121.83500000000004
t1_dj1ym0s,0.9187500000000002,43.74999999999999
t1_hqrlwah,0.9958333333333332,152.46000000000015
t1_gz2lp0b,0.9249999999999999,53.0
t1_ez63m5r,0.9501424501424496,60.67196202531646
t1_gv2bc4r,0.9072164948453604,97.90055248618785
t1_eyxyswq,0.9451612903225806,56.000000000000014
t1_h1j25sb,0.9465408805031446,95.57333333333334
t1_hrffqjp,0.9487179487179483,92.16
t1_glbzvgn,0.9791666666666666,101.63999999999999
t1_dwjjh4l,0.9681818181818184,89.69333333333331
t1_gyyic3e,0.8337211383569005,69.89417693169094
t1_hgntud5,0.9428571428571431,63.00000000000002
t1_h9sxlpx,0.9404761904761901,53.161139588100696
t1_gu69iz8,0.9840000000000001,80.91999999999999
t1_esok0c8,0.9705882352941172,103.54400000000003
t1_ekkmtyz,0.976923076923077,171.49999999999994
t1_fz1am3h,0.9219607843137255,92.54859675840314
t1_fwzhhdl,1.0,101.08000000000003
t1_gtn4gii,0.9809523809523807,63.00000000000002
t1_gy422x9,0.9949999999999999,74.6977777777778
t1_k7k0fx9,0.971111111111111,74.22545454545454
t1_hjqyt38,0.9735294117647058,64.715
t1_hq5da3n,0.9759999999999998,53.94666666666666
t1_gxj77yz,0.9008403361344525,114.33333333333336
t1_gtiq4d2,0.976600985221675,117.62333333333333
t1_exeiw7i,1.0,269.08000000000027
t1_j7x4hko,0.9486486486486483,84.64
t1_ek8wt15,0.9302325581395348,84.12444444444442
t1_gxvnl66,0.9488636363636364,83.50363636363637
t1_ezyexrz,0.9151614668856041,89.74193548387098
t1_epupo11,0.9943181818181818,188.38400000000013
t1_j2wpvz6,0.984090909090909,65.54333333333335
t1_k81m5m3,0.942105263157895,54.87999999999999
t1_dwt6p8j,0.8449391171993913,87.29514988389278
t1_itzxr8h,0.8807413376309426,72.81818181818181
t1_kd4kcvv,0.9396551724137929,83.02823529411765
t1_g55ubee,0.9260504201680667,121.81647058823529
t1_gtfa35v,0.9647058823529402,115.04888888888887
t1_grujzu3,0.975308641975308,95.16039289055192
t1_ic7j2oq,0.9373433583959905,54.375
t1_dvf1ikl,0.9297297297297294,49.9309090909091
t1_euwqtv2,0.9018377409233519,96.40506329113924
t1_gxgft0q,0.9272030651340987,108.77103448275861
t1_fz7t183,0.8609625668449181,76.70754129400333
t1_k9bplnr,0.9571428571428573,95.83
t1_gezfcxd,0.9514925373134329,125.51466666666666
t1_e5iazc6,0.8982315648982298,138.29789473684212
t1_ienlb4n,0.9511111111111105,90.72000000000004
t1_gx254v2,0.9393939393939376,136.08
t1_f1f19y9,0.9387978142076495,87.50000000000001
t1_dwgh5on,0.9516129032258065,74.66666666666667
t1_gfblk4x,0.9586466165413534,91.46666666666667
t1_f0z90m4,0.9930069930069928,125.69200000000002
t1_hx89p2d,0.9758812615955473,69.61999999999999
t1_hectlvd,0.8746666666666676,80.02580491888591
t1_e1czhlh,0.9809523809523809,80.00300000000001
t1_k7f1608,0.9405405405405405,65.83111111111113
t1_kcfcp2o,0.9595238095238093,91.03500000000001
t1_f1vhax5,0.9694444444444446,70.87499999999999
t1_jhl3b85,0.9777777777777776,102.06
t1_k2koe9v,0.9002932551319641,114.0
t1_hclw97k,0.9400000000000001,58.86999999999998
t1_ev68xuj,0.9082321187584336,96.0
t1_ite6et7,0.9224999999999994,74.6977777777778
t1_kcdp9ut,0.9378624689312335,117.74000000000002
t1_gypw45d,0.992,80.91999999999999
t1_hqy2014,0.996774193548387,223.99999999999983
t1_hwzs5qo,0.9491758241758237,68.0
t1_jt0xbsl,0.9258064516129031,74.66666666666667
t1_j8p3qxk,0.8888461538461546,58.16058394160584
t1_gra4zs8,0.965432098765433,133.33333333333337
t1_i4kbmt7,0.9779874213836477,143.36
t1_e6ejd31,0.9781249999999999,94.13600000000001
t1_k93qzkh,0.9364197530864199,140.00000000000003
t1_k3n9h8b,0.9907235621521336,139.23999999999998
t1_hua6u8o,0.9794117647058823,73.96000000000002
t1_darvxk2,0.9437499999999996,37.44097222222222
t1_i1sosb7,0.9159978598180833,64.8379971421767
t1_i172ts2,0.9799999999999999,104.18800000000005
t1_h6orttf,0.8954203691045785,51.06349735684995
t1_j9f9mbm,0.9061561561561552,92.7472
t1_dzwa6qd,0.8704600484261503,54.07419005733496
t1_gcgt39z,0.951417004048582,143.36
t1_hcdxpv3,0.9829268292682927,70.00000000000001
t1_gst1qkw,0.9674185463659148,80.70588235294117
t1_gm0aow5,0.8509911141490091,56.36953976732275
t1_h4tpp5x,0.9316526610644248,105.0
t1_e4pddq8,0.8677227722772276,86.19619205298012
t1_ewr96u8,0.9842105263157892,68.72444444444443
t1_g1ky466,0.9812312312312309,128.8155555555556
t1_dxccin8,0.9794871794871793,129.02400000000006
t1_ios3v8d,0.9083820662768021,62.688227887944606
t1_f1hitvx,0.9134615384615384,89.60000000000001
t1_ea9rcqj,0.9516666666666664,69.45866666666666
t1_gkzkp8m,0.9605394605394597,184.85894736842113
t1_gtiahwh,0.960691823899371,81.92000000000002
t1_hn52wjp,0.9702702702702698,74.06
t1_jn0fxsn,0.905270655270654,150.08848484848482
t1_ju2j6vx,0.8711734693877555,78.30342191481617
t1_gxix3rw,0.9889937106918237,114.68800000000002
t1_gk99ztm,0.8977272727272726,51.203125
t1_jnsfllc,0.9344537815126046,86.0
t1_guhw701,0.8865703584804703,73.64265323412405
t1_e7juhfr,0.8508371385083713,37.96931407942238
t1_j9d9jm1,0.9863636363636362,134.5399999999999
t1_i0524al,0.9806451612903223,112.00000000000003
t1_h00h1p5,0.9109243697478989,86.0
t1_ha7j079,0.9259036144578312,69.89408398459173
t1_it6tjwv,0.9805555555555555,94.50000000000003
t1_gmyjkhz,0.9191919191919184,118.96137931034484
t1_ekwd0nm,0.9612590799031475,90.72000000000001
t1_ec1us78,0.9882352941176471,63.09333333333332
t1_iykpe2o,0.9656862745098039,97.84727272727277
t1_f41vcrw,0.9302521008403354,121.81647058823529
t1_iu9at50,0.9342948717948713,69.45750000000001
t1_jeepny7,0.8998144712430429,59.0
t1_gu84izq,0.9343251088534109,132.23722222222221
t1_gnpyxlx,0.9160447761194029,99.09052631578949
t1_hglympu,1.0,95.57333333333334
t1_gxwf4o9,0.947463768115942,131.712
t1_g8q7psj,0.9538461538461538,83.79466666666669
t1_e7eircw,1.0,80.86400000000003
t1_gxbf2xf,0.9307065217391313,134.43862068965518
t1_hgwju1f,0.9379217273954104,107.52000000000001
t1_efw0drs,0.9514695830485296,114.86363636363636
t1_hujpo09,0.9666666666666663,47.320000000000014
t1_fzo408e,0.9958333333333332,152.46000000000015
t1_f3tyaab,0.9091915836101873,125.84320000000004
t1_iv8g2tn,0.9254185692541851,80.10263929618768
t1_go91bgg,0.9809523809523807,84.00000000000003
t1_iolzmy0,0.926829268292684,119.01166666666668
t1_gei6ev1,0.8869215291750495,113.60620794656452
t1_efwgb9v,0.9270833333333334,69.01775147928994
t1_h3cfhxp,0.9758620689655174,134.7733333333333
t1_g5h79kj,1.0,92.16
t1_fprw5dw,0.9336134453781505,78.53472222222223
t1_hf5sueg,0.9690476190476189,104.04000000000003
t1_e5kvyt4,1.0,202.15999999999983
t1_hyg08sp,0.9892857142857141,76.66400000000004
t1_gyaqbpc,0.9555555555555553,68.04
t1_hshro41,0.962529274004684,95.83
t1_ggfa943,1.0,54.87999999999999
t1_hh22syv,0.9714285714285715,84.00000000000003
t1_jfzx9us,0.9814471243042672,88.60727272727276
t1_gx4i5r2,0.975,78.49333333333335
t1_kcocdg6,0.9069512862616306,123.29692307692308
t1_idyc484,0.9335365853658542,109.8569230769231
t1_iduju8u,0.9615384615384618,221.76000000000008
t1_grw98oe,1.0,22.0
t1_hfx9p98,0.9596651445966505,119.36842105263158
t1_hbx8kq2,0.9939393939393939,246.95999999999975
t1_hta3drz,0.9918300653594773,153.76000000000002
t1_gsjh3ub,0.9585434173669461,181.58823529411768
t1_jo46axs,0.9081081081081082,57.155
t1_grzen4v,0.9405270655270649,92.32847856292179
t1_hm1wxte,0.9460188933873136,107.52000000000001
t1_fbgtwb5,0.9210789210789201,112.0
t1_g0mebla,0.9130434782608697,57.34400000000001
t1_eyllw4z,0.8695652173913051,51.04136690647482
t1_hcitqo9,0.9551724137931035,80.86400000000003
t1_erw2a3z,0.9672131147540978,131.24999999999997
t1_esp6lcl,0.9868421052631577,123.70399999999995
t1_inri4xt,0.9150000000000003,58.23280063291139
t1_izf53vf,0.8472931562819195,64.50432134200791
t1_jwcn1br,0.966042154566745,90.1929411764706
t1_f2bgm09,0.9636363636363636,89.69333333333331
t1_ewxivqz,0.9230769230769228,30.71078431372549
t1_j0ixlz8,0.9476190476190474,87.77176470588233
t1_gdb0ixa,0.9666666666666666,102.06
t1_e0n56f5,0.9837837837837835,118.49599999999997
t1_k3n9abp,0.9907235621521336,139.23999999999998
t1_gldgtxl,0.9659090909090909,46.5975125257884
t1_gxeofnp,0.8740740740740736,43.960934390594865
t1_fo5ij1z,0.9500000000000002,87.50000000000006
t1_kbgvmfs,0.9518518518518518,90.71999999999997
t1_ekyq4ns,0.9347426470588235,137.78
t1_ikdqo0j,0.9162414965986392,128.10875000000001
t1_cwz4skq,0.9482758620689655,67.38666666666666
t1_ergp5sn,0.9919999999999999,53.94666666666666
t1_elcq7w6,0.9793103448275863,134.7733333333333
t1_hkryzd8,0.943589743589743,64.512
t1_jovhrg2,0.9472934472934468,81.312
t1_dtexkqz,0.9901960784313723,134.54000000000002
t1_gqgph45,0.989655172413793,134.7733333333333
t1_e16wwap,0.8970152654363166,119.4250003737647
t1_iatpyrc,0.9833333333333331,60.839999999999996
t1_hcrq3xt,0.9530132788559748,116.82758620689654
t1_g0pqejc,0.9033333333333332,46.11749999999999
t1_ipl2bgw,0.9382566585956417,103.68000000000002
t1_gxfan4m,0.9746376811594203,103.98315789473686
t1_f1w8qi9,0.968965517241379,67.38666666666666
t1_e7vs75x,0.9291251384274629,96.79861111111111
t1_hgl5b6x,0.9230769230769229,66.88
t1_gtzfiu5,0.9100000000000003,128.0
t1_fqlnaj3,0.9218750000000001,67.24
t1_gv7008f,0.9806451612903226,74.66666666666667
t1_jhj434n,0.921474358974359,79.38000000000001
t1_h754ktw,0.9666666666666669,126.00000000000004
t1_fzihes8,0.9739130434782609,143.36
t1_gri5mvq,0.9755555555555554,81.64799999999998
t1_gvebcvk,0.9410939691444602,148.12000000000003
t1_gussob7,0.9690522243713733,82.70181818181817
t1_ggf2h4j,0.9527665317138992,111.09
t1_inqo522,0.935449735449735,97.65411764705885
t1_jnavpc8,1.0,68.59999999999998
t1_e3hqrk2,0.9767441860465115,126.18666666666664
t1_g7dp5dp,0.8154455445544564,42.43827160493827
t1_f3y9jqa,0.9676470588235292,73.96000000000002
t1_gzaw7sm,0.9367588932806321,48.89340101522843
t1_eqqnc2u,0.9756756756756757,74.06
t1_hul5v3e,0.8843373493975908,86.48275862068965
t1_dtpnrcq,0.9146853146853143,71.70781914893617
t1_fdlt3z6,0.9467021985343103,97.57481481481483
t1_hobkp4f,0.9743083003952565,175.61599999999999
t1_h5u6f3x,0.9793103448275863,67.38666666666666
t1_gwcyj9j,0.8867208672086724,76.0
t1_hhrjmhi,0.9331325301204828,89.20735785953177
t1_hlbp1yr,0.9439393939393933,118.96137931034484
t1_ifscexz,0.9483333333333333,94.71636363636367
t1_e1m9gsi,0.9757575757575755,141.16666666666663
t1_h0eprkq,0.9565217391304348,51.93023255813953
t1_dytohsf,0.980072463768116,197.56799999999998
t1_dd4b4rr,0.9717171717171715,70.58333333333336
t1_dt39c64,0.8812199036918122,59.993512974051896
t1_gvq0zrl,0.8716329966329962,100.81944444444443
t1_dw4knu8,1.0,404.3200000000005
t1_jkzy69d,0.9310924369747893,53.463870960474885
t1_gny21qm,1.0,121.83500000000004
t1_f2ggdwc,0.965853658536585,63.63636363636365
t1_g074n2j,0.9704545454545452,55.45643478260871
t1_f6p2ig0,0.985185185185185,120.95999999999995
t1_fxlo8oq,0.9101010101010091,78.06756478815302
t1_ix3m10u,0.8767617174696808,65.713624775753
t1_gvjs8go,0.9638047138047137,143.70758620689654
t1_hq539wo,0.9739130434782605,47.78666666666667
t1_e6ia8gj,0.875893769152196,73.0269902521202
t1_gxifawr,0.9368421052631571,141.5326315789474
t1_fbmzdg4,0.9636363636363636,67.27000000000001
t1_emnnyde,1.0,107.63200000000003
t1_ecazut8,0.9588235294117643,73.96000000000002
t1_fbtntoi,0.9428571428571428,60.231111111111105
t1_kbw1isa,0.9632495164410056,60.648
t1_i2r696b,0.9258893280632404,123.28689655172417
t1_jnkwca9,0.9705882352941174,129.42999999999992
t1_irg6dur,0.9487179487179487,93.82153846153845
t1_g3sq3yh,0.9642857142857143,95.83
t1_eylkz22,0.8695652173913051,51.04136690647482
t1_ivhjr4i,0.9519230769230766,92.47999999999999
t1_i8ky0ff,1.0,87.50000000000006
t1_e9mgm6k,1.0,143.36
t1_fbd2ekd,0.9516129032258067,56.000000000000014
t1_eludjjw,0.9825367647058824,192.8919999999999
t1_jdynnh4,0.8951719576719565,99.42904812294076
t1_elg51r9,0.9820512820512818,129.02400000000006
t1_f3zdnhe,0.9958333333333332,76.23
t1_fe1g8qr,0.9636363636363633,65.54333333333335
t1_hsm4zo8,1.0,32.0
t1_i3ulmih,0.9926829268292682,87.49999999999999
t1_hugie6o,0.9766666666666666,69.45866666666666
t1_gdrrqap,0.9618226600985227,78.41555555555556
t1_kfjfxwk,0.9682926829268294,87.49999999999999
t1_ibgivc4,0.9800000000000001,96.03999999999998
t1_gugb4sf,0.9659090909090909,72.45538461538462
t1_et6hm26,0.9336734693877549,72.00000000000003
t1_gyezodr,0.9728682170542627,185.06352941176476
t1_gdspq6i,0.9740259740259741,81.22333333333333
t1_fnwtf78,1.0,152.46000000000015
t1_iq83djh,0.9122807017543852,101.64000000000001
t1_hi4dr1r,0.9758620689655172,134.7733333333333
t1_gbx05sn,0.968253968253968,77.0
t1_gxd9muv,0.8903903903903896,110.41333333333337
t1_etw8esi,0.9980657640232108,113.715
t1_hx89qpm,0.9758812615955473,69.61999999999999
t1_gvlto90,0.9748251748251744,78.5575
t1_k8bth4z,0.9727272727272728,134.5399999999999
t1_e14hdy5,0.946511627906976,68.82909090909091
t1_f9fbjxh,0.9966666666666666,425.8799999999997
t1_ec5aue2,0.9416666666666667,33.859657039711195
t1_fmasfug,0.9814814814814814,60.480000000000025
t1_gbqt43d,0.9919999999999999,107.89333333333332
t1_fxyglgx,1.0,219.52000000000015
t1_fq9b004,0.9324324324324322,65.83111111111113
t1_kdc02kl,0.9705882352941172,64.715
t1_dtexkqz,0.9901960784313723,134.54000000000002
t1_h5s2rnc,0.917391304347826,26.512592592592593
t1_ermfx98,0.9011502516175401,105.9352330032201
t1_dx4ps3s,0.9441287878787878,114.81750000000002
t1_grjb2th,0.8813004032258069,123.22377109317682
t1_f78bbnt,0.9772727272727271,157.30400000000006
t1_h5qrzfg,0.9454390451832899,96.33333333333334
t1_dxnm7cy,0.9729729729729728,84.64
t1_j6zgga6,0.9919999999999999,107.89333333333332
t1_hbkwj3z,0.9499999999999998,94.50000000000003
t1_di84xbb,0.985185185185185,120.95999999999995
t1_exvv9vf,0.9333333333333331,72.57600000000004
t1_gvq7kap,0.9782082324455209,161.28
t1_gx27f7r,0.9637681159420289,103.98315789473686
t1_ivg3ztl,0.9492017416545713,65.36111111111111
t1_fn90sjq,0.922727272727273,32.3175
t1_fo0a1ca,0.937142857142857,90.34666666666668
t1_e4ct5ae,0.9258312020460352,68.81954839794804
t1_etuci3t,0.9685714285714285,90.34666666666668
t1_jdn941e,0.9552609776304882,100.91999999999999
t1_ewp4vwy,0.9378306878306871,205.08923076923085
t1_g6opweo,0.9558823529411765,113.4658823529412
t1_j5cll1c,0.8698924731182793,54.97602529199965
t1_egbvl95,0.972972972972973,74.06
t1_go8j48a,0.9322404371584698,57.61742892459827
t1_i6lhzki,0.9596719070403273,133.00000000000003
t1_gtader8,0.9267080745341617,152.59243243243247
t1_etzv9gc,0.86314791403287,49.902347985007594
t1_h1g7g4t,1.0,174.9999999999999
t1_i8g58mr,0.9857142857142858,191.66
t1_h393hlr,0.8999140893470794,120.0
t1_e0crm5m,0.9693877551020407,143.99999999999997
t1_e62t8x5,0.9516441005802706,129.95999999999995
t1_e9mhtja,0.9547619047619043,91.03500000000001
t1_eylkz22,0.8695652173913051,51.04136690647482
t1_ewtqbr3,0.969565217391304,57.34400000000001
t1_hlr572t,0.8246987951807234,49.38160733549083
t1_gxmfe9r,0.9187192118226603,43.96058623600497
t1_ewk8crg,0.981818181818182,61.74000000000001
t1_ih15q9c,0.9836601307189542,179.38666666666663
t1_j49ap25,0.9214285714285714,66.20727272727274
t1_e3vj5fi,0.9430992736077481,111.6553846153846
t1_jps3i60,0.9789473684210523,81.79139393939391
t1_fcv2or9,0.9080612924716842,58.04166666666667
t1_gnd538h,0.9170792079207924,79.9197256958451
t1_emgr2b2,0.8910984848484849,83.50363636363637
t1_e08rzok,0.9734265734265729,96.68615384615386
t1_hebj7rz,0.9501811594202898,98.78399999999999
t1_g4ckcgs,0.9085399449035804,102.3005780035735
t1_ee7dohn,1.0,252.00000000000009
t1_gzq96bv,0.9510869565217391,68.16177451971689
t1_hbqpseb,0.9164208456243845,150.27444444444444
t1_gxydpzb,0.9499999999999998,106.47000000000004
t1_h1011en,0.9186140209508453,100.81272727272726
t1_ih6a7nz,0.8892225558892215,69.46444671123503
t1_ds5z8j9,0.8789696541990116,101.95844327176782
t1_doj7s7m,0.9317073170731704,33.0552075876879
t1_g0oousw,0.9838383838383837,94.1111111111111
t1_kcazwmx,0.9785714285714283,104.04000000000003
t1_hhnlviq,0.9928571428571429,364.14000000000027
t1_hnuaziw,0.9118421052631571,98.79851851851853
t1_dv0zbe7,0.9952380952380951,126.00000000000004
t1_k1kct8n,0.9014778325123145,114.49
t1_ey2s53w,0.9857142857142858,148.12000000000012
t1_esjt3yz,0.8892580287929119,87.01719197707737
t1_dxbnu39,0.9739130434782609,71.68
t1_j4nk5wn,0.9962962962962962,181.43999999999994
t1_hdsotgi,0.9916666666666667,81.00000000000001
t1_jgy8ud5,0.9607843137254903,57.59789473684211
t1_guaxxa3,0.9122525414660232,82.82943143812709
t1_h0epsj5,0.9565217391304348,51.93023255813953
t1_k7whnlu,0.9412878787878786,58.0
t1_h12ynpk,0.955813953488372,75.71200000000002
t1_dfe7sz8,0.9596719070403273,180.5
t1_j3ihm9g,0.9283333333333332,80.14461538461539
t1_frop3ul,0.9157894736842092,100.71384615384616
t1_fae60ew,0.9814814814814814,72.57600000000004
t1_k2u1o8d,0.9885620915032679,215.2639999999999
t1_ic7j2oq,0.9373433583959905,54.375
t1_fmh0fob,0.9680000000000001,161.83999999999997
t1_jkgttbs,0.9569842738205376,116.0
t1_hf6tel4,1.0,292.69333333333316
t1_etlvzjk,0.9721706864564008,69.61999999999999
t1_k9ctynf,0.8884615384615384,76.04415011037528
t1_f6p2ig0,0.985185185185185,120.95999999999995
t1_i7c8sxa,0.9789473684210526,219.52000000000015
t1_ic5ew02,0.943827160493827,140.00000000000003
t1_e6ndq3c,0.9020251778872461,66.19623382288788
t1_hexc8kn,0.9535783365570597,113.715
t1_h4w3u1k,0.9869565217391304,71.68
t1_j9q5dby,0.8952380952380954,30.0
t1_inoqwei,0.9899999999999999,134.45600000000002
t1_k1kdrvp,0.9014778325123145,114.49
t1_h4n3x6x,0.95,80.72727272727272
t1_epp1dhn,0.8285333333333319,64.69499552876495
t1_kfff2vu,0.9416666666666668,46.63888888888889
t1_f3h7vq0,0.997979797979798,211.74999999999994
t1_e0yv09k,0.9142857142857141,66.66319444444444
t1_g1rff02,0.8952941176470594,126.0
t1_kcdsey5,0.935688405797102,129.95733333333334
t1_gibvp8y,0.9516129032258059,68.88209724284883
t1_hk1dg11,0.8531877063754136,86.61475760329255
t1_dycbyi1,0.9557823129251698,77.53846153846155
t1_e63vihu,0.96021505376344,89.84888888888891
t1_jp5e861,0.9657142857142856,54.208
t1_gb06koo,0.9235294117647056,61.227950928381965
t1_ecam2h5,0.9316473000683523,87.59278592375367
t1_fc9j4j1,0.9642857142857141,92.47999999999999
t1_e6nu9b2,0.96,47.096
t1_f17da3j,0.9399999999999997,30.336206896551722
t1_i16eqz0,0.963636363636363,78.5575
t1_hf8di3h,0.8675726927939317,81.04689750977569
t1_fxi59ad,0.9857142857142858,191.66
t1_jzkelf0,0.9541666666666666,76.23
t1_dvr2adz,0.9811320754716981,131.44444444444449
t1_in8bika,0.9711779448621557,137.19999999999996
t1_ezu00o0,0.9790697674418601,75.71200000000002
t1_dwbtij8,0.9555125725338489,90.97200000000002
t1_ezalvez,0.9529411764705884,189.28000000000014
t1_e7jy268,0.9703703703703704,72.57600000000004
t1_dv5otx8,0.9852941176470589,103.54400000000003
t1_dt90dw3,0.9804195804195803,114.26545454545455
t1_h0q0yr5,0.9430418719211815,159.04777777777778
t1_hejvrjq,0.9461538461538461,49.000000000000014
t1_gjgo1zb,0.9707259953161597,68.01974703557312
t1_ik7t5bu,0.9958333333333332,101.63999999999999
t1_hi4e3fm,0.9758620689655172,134.7733333333333
t1_k85gvsz,0.8858585858585855,60.84002639517345
t1_gf7ah4n,0.9863636363636362,269.08000000000027
t1_fd6xmaj,0.96551724137931,80.86400000000003
t1_fafmsv2,0.9474137931034493,165.76000000000002
t1_gt3fih1,0.9473118279569884,95.13411764705882
t1_gveb47r,1.0,204.11999999999972
t1_fg34xpj,0.9574468085106383,101.07999999999997
t1_f1hmhs0,0.963738920225624,116.7305263157895
t1_fkhd4w1,0.8783882783882778,63.75358471509912
t1_gvsk6mc,0.9419448476052243,78.86666666666669
t1_dxlp6c9,0.9839999999999998,107.89333333333332
t1_gcqpisj,0.9535353535353537,94.1111111111111
t1_h87wtx8,0.9640522875816993,97.84727272727277
t1_dsv14tj,0.9882352941176469,129.42999999999992
t1_fo7nsed,0.9540540540540537,74.06
t1_e5fkcwz,0.940625,52.297777777777796
t1_eyvcgjd,1.0,493.9199999999995
t1_joi7xxk,0.9324999999999999,61.11636363636364
t1_ec1qosp,0.9624999999999999,76.23
t1_dt5u79a,0.9624999999999997,94.13600000000001
t1_e5h8rtr,0.96,117.73999999999997
t1_grzkwj5,0.879018118059615,81.94670911744083
t1_gujyiuq,0.8226495726495724,58.50835434619967
t1_jmloy9v,0.952380952380952,62.99999999999999
t1_e6ob7uf,0.9738751814223504,131.44444444444449
t1_hmfts82,0.9263468013468016,130.23500000000004
t1_f7qr3wp,0.9592592592592594,51.84000000000001
t1_f7eeq9z,0.8876923076923077,67.79907127849286
t1_joqui1t,0.9633333333333332,141.9600000000001
t1_f3oksw3,0.9689655172413794,67.38666666666666
t1_dytohsf,0.980072463768116,197.56799999999998
t1_fzihes8,0.9739130434782609,143.36
t1_idpij56,0.8456774193548395,102.00430909569181
t1_h09y0k2,0.9639999999999996,80.91999999999999
t1_gnqx5wt,0.9641943734015337,119.00000000000003
t1_guxwa6q,0.9897435897435898,92.16
t1_fpnt9n4,0.8178640776699033,58.91279206708121
t1_k8pdb8a,0.9150000000000003,78.49333333333335
t1_fag0j3m,0.9355263157894729,98.0
t1_gbe2sc1,0.9783783783783785,98.74666666666666
t1_j467cj6,0.9466966966966961,115.93400000000001
t1_gjaos23,0.9460317460317454,97.65411764705885
t1_gsj4uzx,0.9545454545454546,134.5399999999999
t1_kbuh3es,0.9864864864864865,98.74666666666666
t1_jxmb30r,0.9777777777777776,94.50000000000003
t1_gnq55t9,0.9564393939393939,108.06352941176469
t1_eucppte,0.9188861985472156,80.64
t1_i4qartn,0.907530454042081,106.0
t1_g498f3s,0.8709333333333331,66.25965665236052
t1_i0rkt48,0.9790209790209787,114.26545454545455
t1_e4qb6q8,0.9398907103825135,131.24999999999997
t1_hdsm0j5,0.9634146341463414,70.00000000000001
t1_gqyi5cr,0.9974999999999999,61.11636363636364
t1_d04d0p0,0.9730392156862737,135.52000000000004
t1_ekirngn,0.9732704402515725,127.43111111111112
t1_jbc6bd9,0.9528846153846153,80.0
t1_i4vc2n9,0.9951923076923077,76.19560122699387
t1_e8xawsr,0.9793103448275862,67.38666666666666
t1_hgxhd41,0.9621212121212118,78.49333333333335
t1_dxdbesq,0.9623655913978488,101.08000000000003
t1_eyogxio,0.973076923076923,114.33333333333331
t1_iai3vcu,0.9709864603481624,82.70181818181817
t1_gsc4lb1,0.9487179487179482,79.0
t1_fmslxpo,0.9692307692307691,96.68615384615386
t1_g7h9ia8,0.9787878787878787,98.78399999999999
t1_en9hms5,0.9468749999999997,78.44666666666666
t1_f1p32j3,0.9608127721335268,118.30000000000001
t1_e2ygu1x,0.9349999999999996,84.03500000000003
t1_d7v7vie,0.9093154551870144,139.6577777777778
t1_j4rr72m,0.9291666666666661,113.56800000000001
t1_havvhok,1.0,95.57333333333334
t1_iu9at50,0.9342948717948713,69.45750000000001
t1_e964bla,0.9743589743589742,63.8784496124031
t1_ia1vrsn,0.9554730983302414,64.97866666666667
t1_i61suxa,1.0,106.47000000000004
t1_f5uzmqh,0.9923273657288998,155.61538461538464
t1_gld9uob,0.9659090909090909,78.65200000000003
t1_f4k1n4y,0.9247311827956992,108.27710843373495
t1_gzykva6,0.927701674277016,98.60869565217392
t1_hta3drz,0.9918300653594773,153.76000000000002
t1_gv1f0u3,0.8903985507246377,59.98440545808967
t1_epf26u6,0.9503205128205127,79.38000000000001
t1_ix34bxa,0.9806451612903223,74.66666666666667
t1_ffzsmk1,0.9607142857142855,127.77333333333341
t1_eatrqrc,0.975146198830409,151.35750000000004
t1_is5xyvz,0.9419354838709678,95.13411764705882
t1_jz3f48q,0.9785714285714284,91.03500000000001
t1_dqfazwe,0.8642857142857142,81.60989324212272
t1_diebn5n,0.9710884353741499,67.2
t1_dyzrrkg,0.9833333333333335,102.06
t1_f21b6dm,0.9730769230769231,85.74999999999997
t1_ea0zrmq,1.0,362.8799999999999
t1_fb1hfiu,0.9536340852130323,91.46666666666667
t1_if234mc,0.8869992441421009,119.04227805487145
t1_e0jv09g,0.9289473684210525,77.315
t1_ebaffwk,0.9391100702576115,85.18222222222224
t1_ir6lwme,0.99,115.76444444444441
t1_i2r696b,0.9258893280632404,123.28689655172417
t1_iok3zl7,0.9803921568627453,64.635
t1_fzzs7c6,0.9357142857142857,99.47466666666665
t1_g5l4pkb,0.9937499999999999,156.89333333333346
t1_j8jbb8i,0.9551820728291305,118.73076923076923
t1_f7zjbj2,0.9789473684210527,51.61454545454546
t1_doj7s7m,0.9317073170731704,33.0552075876879
t1_k0y3o9w,0.8952457695406921,63.37157322249735
t1_i0rkt48,0.9790209790209787,114.26545454545455
t1_hgqq5ml,0.9544159544159542,101.64000000000003
t1_fv369q4,0.982608695652174,71.68
t1_gu8owot,0.9486166007905136,87.80799999999999
t1_hr961id,0.9772727272727272,57.73415225601272
t1_hfpa1dl,0.9230072463768114,88.5
t1_d4132ch,0.8364236728473464,72.72549350503242
t1_fkhdbl1,0.8981481481481479,62.424406715175735
t1_h6vaerj,0.9810810810810812,148.11999999999992
t1_jx5k828,1.0,57.166666666666686
t1_kc4imvp,0.8669037338074692,101.77676422546104
t1_g3zhiwj,0.9132420091324198,46.27358490566038
t1_dyo8qrm,0.8909937888198765,129.67361111111111
t1_i27a5vm,0.9512012012012002,105.39454545454545
t1_ellqsv7,0.9625,61.11636363636364
t1_ecqggdj,0.972307692307692,134.4215384615385
t1_e244e7c,0.9761904761904762,121.37999999999998
t1_dzz28sn,0.9019230769230767,109.52424942263279
t1_hfpadca,0.9230072463768114,88.5
t1_jpv0rmr,0.9741935483870967,89.60000000000001
t1_f5lbv48,0.8982142857142856,70.45538418354533
t1_k055t3y,0.8265027322404367,49.1002480555459
t1_jh1rx92,0.9885714285714284,135.51999999999998
t1_evhmgeg,0.8521068001668749,71.48655913978493
t1_g1bnpt9,0.9548076923076924,105.41176470588236
t1_dvx4jq1,0.959440559440559,96.68615384615386
t1_frfd8jq,0.996551724137931,67.38666666666666
t1_e87k9bo,0.8583333333333333,31.55612008875717
t1_kec4nix,0.9962121212121211,156.9866666666667
t1_jm05rks,0.9862637362637362,80.91999999999999
t1_hpe8lgy,0.9892857142857144,191.66
t1_hfcpljf,0.9619047619047617,47.572580645161295
t1_h8v507t,1.0,161.28000000000014
t1_hpa1oyn,0.9571428571428571,63.00000000000002
t1_f8pldfo,0.8787878787878788,55.341065347298084
t1_f0qna2o,1.0,196.63000000000005
t1_kbx7thu,0.9092896174863389,87.50000000000001
t1_i052bsi,0.9806451612903223,112.00000000000003
t1_i03ho2k,0.9637155297532646,118.30000000000001
t1_cp0b35p,0.9394117647058828,116.48
t1_e60zb6j,0.97,33.030698961937716
t1_e23rtmj,0.9809523809523807,121.37999999999998
t1_icaef4b,0.9732704402515725,95.57333333333334
t1_eyhpcg2,0.9705882352941176,94.64000000000007
t1_geohdws,0.9323529411764705,57.524444444444434
t1_ei9skns,0.97773654916512,97.46800000000002
t1_hwmzqh3,0.9468283582089553,99.09052631578949
t1_eg3z4ln,0.9555555555555555,68.03999999999998
t1_evhmgeg,0.8521068001668749,71.48655913978493
t1_fliybvm,0.9818181818181816,98.78399999999999
t1_h6r168z,0.9495614035087714,142.45411764705887
t1_f7elmp1,0.9500000000000001,67.27000000000001
t1_e6fzelv,0.9709677419354837,74.66666666666667
t1_gszeo44,0.9331797235023052,118.49673362019406
t1_g8q6z1f,0.975609756097561,140.00000000000003
t1_i8i5vpz,0.9526143790849674,89.69333333333331
t1_ezpc6zp,0.9958333333333332,101.63999999999999
t1_j5qa87g,0.9538461538461538,114.26545454545455
t1_d6a1oub,0.9894736842105262,68.72444444444443
t1_e15atoh,0.9716504854368925,137.86402173913046
t1_hfcpljf,0.9619047619047617,47.572580645161295
t1_iar69nc,0.9878787878787877,61.74000000000001
t1_g3qgulc,0.9426573426573421,89.77999999999999
t1_gklwo1a,0.8987411056376561,78.93125282677522
t1_is5cj2w,0.9624999999999998,56.023333333333326
t1_fax8y0n,0.9488888888888884,81.64799999999998
t1_dam0h7s,1.0,67.24
t1_h8ib0fz,0.9761904761904762,126.00000000000004
t1_evmsi5e,0.975,96.03999999999998
t1_fssx3ha,0.9812499999999998,67.24
t1_jw0q45y,0.9248188405797102,103.98315789473686
t1_heaw3yi,0.9501811594202898,98.78399999999999
t1_e7k7x3d,0.9478260869565216,71.68
t1_e9980mh,0.9823529411764703,86.28666666666666
t1_kfgt3z1,0.9571428571428567,54.208
t1_gxq4985,0.9286303630363033,92.14151098675006
t1_jh7fftp,0.9333333333333323,92.22888888888892
t1_dy10ac0,1.0,182.06999999999988
t1_i1bgv3m,0.973076923076923,57.166666666666686
t1_gzy7yec,0.9788011695906427,142.45411764705887
t1_gxljgej,0.9942857142857142,108.416
t1_k6gn3xk,0.9182795698924725,95.13411764705882
t1_es8znqh,0.8228395061728397,38.64734299516908
t1_di0wads,0.9641025641025641,71.68
t1_ix2pt2q,0.9704545454545456,196.63000000000005
t1_ebbp8uq,0.9649999999999999,115.76444444444441
t1_hbvn25n,0.9466666666666655,76.93699999999998
t1_f32w1m5,1.0,76.23
t1_e8tohxa,0.9749999999999996,60.984000000000016
t1_gyzc1dq,0.982456140350877,121.18909090909088
t1_jlvlmw2,0.9655172413793104,80.86400000000003
t1_fbvjw16,0.9059259259259256,63.58268010451662
t1_k764qqg,0.944055944055944,73.93647058823531
t1_e682qpn,0.9309523809523819,129.15304347826088
t1_k1stfbm,0.9070305272895464,97.78495121609635
t1_euyikqc,0.9479166666666659,121.67999999999999
t1_g6or79o,0.9558823529411765,113.4658823529412
t1_jg7d3o4,0.9544159544159541,56.625
t1_k47vk5s,0.9416666666666664,43.56
t1_ienlbii,0.9511111111111105,90.72000000000004
t1_j2d40kh,0.9282352941176469,137.65818181818182
t1_h5u6f3x,0.9793103448275863,67.38666666666666
t1_fab0qyq,0.9799999999999999,54.208
t1_dx4y4g6,0.9852941176470589,64.715
t1_hy7hmzp,0.9375907111756165,69.58823529411767
t1_fja8byl,0.9513513513513514,59.24800000000001
t1_e9eyydp,0.9535714285714286,47.915
t1_eg4y2ig,0.9919999999999999,107.89333333333332
t1_h02yqjb,0.941658472631923,129.68579613590938
t1_gd8csxv,0.9944444444444444,113.39999999999996
t1_e01i5l7,0.9067656765676566,94.63611111111112
t1_h8aqb5n,1.0,30.0
t1_fo1zahf,0.9783783783783785,98.74666666666666
t1_hrwwg46,0.9354838709677418,74.66666666666667
t1_f7pnew3,0.9448275862068967,38.0
t1_ez6pile,0.9420955882352942,113.4658823529412
t1_f6v6ws7,0.9874686716791984,124.72727272727273
t1_gzb9qr4,0.9150165016501653,77.02462720835247
t1_h7uw8da,0.9774193548387093,74.66666666666667
t1_f5rtqj5,0.9799999999999998,107.89333333333332
t1_jbpghpe,0.9024844720496903,114.7482088024565
t1_dripkn6,0.8562925170068026,62.488242819085805
t1_dva0k7n,0.974074074074074,72.57600000000004
t1_ggyqnid,0.9197994987468663,59.64497041420118
t1_gh3j0er,0.9714285714285713,30.75
t1_iktl710,0.9716981132075472,114.68800000000002
t1_ic5ew02,0.943827160493827,140.00000000000003
t1_f8du8u6,0.9657894736842102,123.70399999999995
t1_f7zaqai,0.9727891156462584,168.00000000000006
t1_dzf8dl4,0.9863636363636363,67.27000000000001
t1_dwk9eqm,0.9230769230769229,67.06108808290155
t1_g0m4ir4,0.9130434782608697,57.34400000000001
t1_izxr7qv,0.9791666666666666,101.63999999999999
t1_gny616d,0.9427048634243826,68.76607999208979
t1_g8wgqts,0.9454545454545453,89.69333333333331
t1_ek0xv3u,0.9146567717996287,88.60727272727276
t1_gsk0iw2,0.9684523809523817,99.79540027137043
t1_hcrq3xt,0.9530132788559748,116.82758620689654
t1_gxd9k4u,0.8903903903903896,110.41333333333337
t1_gtbhy8i,0.8786482334869445,78.0
t1_fvwoux8,0.9727272727272726,87.39111111111114
t1_gshqbl4,0.8967040434930327,81.93935004178984
t1_e0gaj1z,0.9806451612903226,112.00000000000003
t1_kbhniqh,0.8935259497057246,65.5357772350398
t1_iv7iuhy,0.9131652661064416,118.73076923076923
t1_hnvwhon,0.9562499999999999,78.44666666666666
t1_eekecxz,0.8937669376693783,110.26342382324535
t1_if6rhqz,0.9782608695652174,95.57333333333334
t1_dzamqar,0.9499999999999998,54.76000000000002
t1_keey40j,0.9365530303030303,75.22056818181818
t1_gvdlzaw,0.9306254493170371,143.49176470588236
t1_ddoajis,0.9911111111111109,81.64799999999998
t1_f3p69fd,0.9378624689312337,92.14434782608696
t1_dwx0ybw,0.9886363636363634,112.36000000000004
t1_gp3kyz5,0.8543478260869556,89.0605741449163
t1_k166z7w,0.9272254710851195,73.0018185766245
t1_ia8j0bo,1.0,134.5399999999999
t1_e24toiu,0.9562500000000002,87.50000000000006
t1_h4mvnxs,0.9440860215053758,101.08000000000003
t1_huxa4i2,0.9458689458689454,49.755089706069484
t1_gmpv419,0.9362745098039207,127.54823529411762
t1_gzq596y,0.9586206896551721,101.08000000000003
t1_huavhzz,0.9935483870967742,89.60000000000001
t1_epito2z,0.9528301886792453,65.73176470588236
t1_f52qybe,0.9042016806722679,72.76130653266333
t1_ih2z2sh,0.9009900990099017,84.91424796984887
t1_e296l4u,0.9414634146341462,54.16666666666667
t1_d2re132,0.9366120218579228,92.6470588235294
t1_fxlo8oq,0.9101010101010091,78.06756478815302
t1_e8pvy3n,0.9842105263157892,73.17333333333337
t1_gsjiq4i,0.9309803921568627,93.23954578226389
t1_dw5qjqx,0.9150000000000003,78.49333333333335
t1_jbythji,0.9838709677419355,447.99999999999966
t1_fd6xjg2,0.96551724137931,80.86400000000003
t1_dsxyg9x,0.9874999999999998,112.04666666666665
t1_hemc05m,0.9951219512195121,100.0
t1_gx3uezp,0.915428571428571,115.09913793103448
t1_hbkkvgd,0.878378378378378,51.939372424546164
t1_gnlufq0,0.831168831168831,32.74230628418832
t1_emzb72i,0.9153846153846151,68.59999999999998
t1_e3fcxxs,0.9760000000000001,80.91999999999999
t1_jevgk97,0.9737373737373736,94.1111111111111
t1_d8wytyc,0.9703703703703704,60.480000000000025
t1_jn1go6w,0.943910256410256,69.45750000000001
t1_e1tdd1z,0.9798319327731085,115.04888888888887
t1_e5qetag,0.9225181598062947,72.0
t1_dy1vjvf,1.0,84.00000000000003
t1_ec2x1qs,0.951573849878935,80.64
t1_dtu9dp4,0.9785714285714286,63.88666666666667
t1_f6p3vx1,0.9818181818181816,164.6400000000001
t1_di84xbb,0.985185185185185,120.95999999999995
t1_iox02zb,0.9336734693877552,84.00000000000003
t1_j965p64,0.9218372280419012,92.41166666666668
t1_gpq8eyl,1.0,164.6400000000001
t1_gn3xrj4,0.9128787878787873,76.35684247490494
t1_fv7gvzm,0.9794117647058823,129.42999999999992
t1_glsosku,0.9594594594594593,65.83111111111113
t1_fotbeh5,0.9578947368421052,88.36000000000001
t1_f36bpgp,0.897025171624714,123.64258064516132
t1_ewuu4g3,0.9717171717171715,141.16666666666663
t1_eziajen,0.9554655870445342,95.22
t1_gvq9h9w,0.9679487179487178,101.0290909090909
t1_jbk7nfr,0.9204639602319796,96.33272727272727
t1_iu0mggv,0.9787878787878785,70.56000000000003
t1_ewecszi,1.0,134.5399999999999
t1_ewprc6d,1.0,161.83999999999997
t1_e4ihl1q,0.9372469635627522,112.19478260869565
t1_e57nrr3,0.8911564625850336,55.5197862748372
t1_hwb68ec,1.0,135.51999999999998
t1_ifnuabf,0.9485294117647053,90.34666666666668
t1_e5k2x9q,0.9730094466936567,148.11999999999998
t1_eh5y6ra,0.914814814814815,103.7037037037037
t1_hf6tpgw,1.0,292.69333333333316
t1_gncjyqa,0.9292929292929278,103.08666666666666
t1_jft50ib,0.9047619047619045,53.510769230769235
t1_dye8b90,1.0,129.42999999999992
t1_fuu7o89,0.9651162790697672,75.71200000000002
t1_jvjntf9,0.8986710963455147,61.7891207470307
t1_fv495ye,0.9272727272727274,40.39858350951374
t1_gsdv5mo,0.9755555555555551,182.30153846153854
t1_iigfe6x,0.9729477611940298,104.59555555555559
t1_f150p3r,0.9379084967320261,76.88000000000001
t1_hbvn25n,0.9466666666666655,76.93699999999998
t1_hzs2hmw,1.0,38.0
t1_goek6a6,0.8752422480620154,105.50679783353598
t1_gzql3y0,0.9406249999999998,67.24
t1_g68hmdg,0.9545454545454546,67.27000000000001
t1_fr06d4w,0.9636363636363633,65.54333333333335
t1_j4ytiu6,0.977272727272727,112.36000000000004
t1_k7zbou2,0.9973684210526316,123.70399999999995
t1_doif3n8,0.9317073170731704,33.0552075876879
t1_gnqrmjp,0.9318095238095234,129.21499999999997
t1_cp9o451,0.9521739130434782,71.68
t1_hazlwi9,0.9638888888888888,63.00000000000002
t1_gy892be,0.9328671328671326,104.74333333333337
t1_e5h8rtr,0.96,117.73999999999997
t1_fqz9ymk,0.9870967741935482,223.99999999999983
t1_f94r7wb,0.9709864603481623,69.17840830449825
t1_hl3jcnk,0.9814814814814815,90.71999999999997
t1_gxd8ipb,0.9379509379509371,107.56869565217394
t1_k2knzoi,0.9002932551319641,114.0
t1_ibau7ta,0.9699999999999999,85.17600000000002
t1_gk0n303,0.9567567567567565,74.06
t1_hl5ru9l,0.9724137931034481,67.38666666666666
t1_hfi4l44,0.9283088235294118,68.79001115448969
t1_gl5eryc,0.9709677419354834,89.60000000000001
t1_gced6yl,0.9090909090909081,88.06457980823463
t1_gxit98k,0.9892857142857142,76.66400000000004
t1_i11t5jp,0.9520000000000002,80.91999999999999
t1_gvjs8go,0.9638047138047137,143.70758620689654
t1_jttyfuc,0.9527845036319612,76.39578947368423
t1_fohe9tw,0.9278846153846154,63.0
t1_hivrsv1,0.9903225806451611,149.33333333333343
t1_dxfx5ri,0.9213075060532688,64.52937931034484
t1_g4rie2s,0.9466666666666665,46.622950819672134
t1_gvqaex1,0.927068723702665,123.43333333333332
t1_gy2ledv,0.9944444444444444,94.50000000000003
t1_g36ncu1,0.975,78.49333333333335
t1_jabimli,1.0,72.57600000000004
t1_gvwmn6w,0.9781250000000001,235.3399999999998
t1_eqj52vl,0.9777777777777774,120.95999999999995
t1_jk42tfn,0.8533765032377437,73.81973562347393
t1_du70bck,0.9454545454545452,67.27000000000001
t1_gjvzibv,0.9333333333333329,72.82800000000002
t1_f8wj0yc,0.9600000000000001,81.64799999999998
t1_gv6kskl,0.9424999999999996,67.22800000000001
t1_febk1y6,0.9820512820512818,64.512
t1_gngtyol,0.9440476190476185,114.77846153846151
t1_eqqnc2u,0.9756756756756757,74.06
t1_e1ey5gf,0.9906250000000001,156.89333333333346
t1_e4zacmb,1.0,64.98000000000002
t1_hnwwjc8,0.98,64.736
t1_h0zkm4a,0.9805555555555555,70.87499999999999
t1_grv8nh7,0.9458128078817725,95.11111111111111
t1_f0218f3,0.9593810444874273,46.36567164179105
t1_gxgwbr6,0.9461474730737359,117.74000000000002
t1_enns0h4,0.9258741258741254,78.5575
t1_g3sqeh2,0.9642857142857143,95.83
t1_e8goh8m,0.9888888888888887,70.87499999999999
t1_dspgjp8,0.9233333333333332,53.23499999999999
t1_jmdvfyh,0.9530132788559748,147.30434782608697
t1_kcfcp2o,0.9595238095238093,91.03500000000001
t1_gt3or1l,0.9592391304347826,86.90181818181819
t1_hgnma38,0.9356725146198821,60.92008196721312
t1_g83gl8d,0.8789473684210528,28.0
t1_hympdkc,0.9789473684210526,123.70399999999995
t1_dtdz6rz,0.970972423802612,107.54545454545459
t1_hfxaqyr,0.9596651445966505,119.36842105263158
t1_goh57nz,0.9671957671957668,110.6746666666667
t1_cvjto0l,0.9794776119402985,144.82461538461538
t1_dw6cz1v,0.9134963768115939,102.8458904109589
t1_hzovtm3,0.8848739495798316,86.0
t1_dwnlhep,0.9049897470950092,66.51387150604924
t1_id3dtoj,0.9729064039408868,88.2175
t1_hfs61xw,0.9393939393939384,94.0
t1_e84gvx0,0.9939393939393939,82.31999999999998
t1_jumi3ii,0.8896198830409352,47.91052524429968
t1_huei40j,0.977891156462585,100.80000000000004
t1_grzjsoy,0.9600000000000001,54.70907103825138
t1_eg4y2ig,0.9919999999999999,107.89333333333332
t1_g3sq3yh,0.9642857142857143,95.83
t1_k6w79lu,0.8922558922558923,148.84
t1_g6opqrt,0.9558823529411765,113.4658823529412
t1_fo64zu2,0.9871794871794872,79.38000000000001
t1_g3kn0vu,0.9513513513513511,84.64
t1_hf33oy8,1.0,25.0
t1_i4q2v88,0.9787581699346402,108.416
t1_fggkf08,0.957764782326185,109.77120000000004
t1_fajf7bn,0.9263157894736843,54.87999999999999
t1_cz5p2k5,0.904891304347826,84.0
t1_fi8qz7n,0.9237958303378859,86.68589527490533
t1_fxtnk9m,0.9053571428571433,61.10691397991543
t1_jt0xbsl,0.9258064516129031,74.66666666666667
t1_e0i1f3n,0.8999999999999997,76.46451554427627
t1_ftp4pwf,0.9795918367346936,100.80000000000004
t1_gt7giae,0.9876847290640396,88.2175
t1_emcerl8,0.9739130434782608,71.68
t1_kf9jb3y,0.948148148148148,38.16
t1_gd8csxv,0.9944444444444444,113.39999999999996
t1_hgnmf10,0.9356725146198821,60.92008196721312
t1_k7imr2k,0.9119415807560138,155.0769230769231
t1_fprwbmo,0.9499072356215214,52.64224137931035
t1_imt5so7,0.965853658536585,100.0
t1_hemfft1,0.9549999999999998,78.49333333333335
t1_gxq6chn,0.9870967741935482,149.33333333333343
t1_gte7ag3,0.9748633879781416,121.15384615384617
t1_ecblbkx,0.9800000000000001,106.47000000000004
t1_e8l4oh6,0.9961538461538461,68.59999999999998
t1_jsq0rd8,0.9531024531024521,123.70400000000002
t1_hmp43v2,0.9157088122605355,86.54411764705883
t1_ds804f1,0.96060606060606,70.56000000000003
t1_hnmn7ce,0.9540816326530609,91.63636363636364
t1_j4nv7rw,1.0,29.0
t1_dxfd95y,0.8888888888888875,111.4402985074627
t1_ds6qrty,0.976600985221675,141.14799999999997
t1_jgcaxki,0.98,104.18800000000005
t1_gm0aow5,0.8509911141490091,56.36953976732275
t1_f82g0y5,0.992578849721707,81.22333333333333
t1_hks81hn,0.9954545454545454,269.08000000000027
t1_g45ol7o,0.9191256830601088,57.87881299734748
t1_he8el7w,0.924242424242424,37.924593301435415
t1_gncdmbt,0.9122536945812801,119.75060496067758
t1_kei0r8d,0.9885714285714284,90.34666666666668
t1_f1i278c,0.9582267689684556,119.00000000000003
t1_gsbfmpv,0.9333333333333333,51.03
t1_jlligan,0.9737373737373736,65.15384615384616
t1_jsulv17,0.9189311594202895,144.39703703703708
t1_kel3t9x,0.9419354838709673,74.66666666666667
t1_e828gs8,0.9477272727272724,98.31500000000003
t1_fo0a1ca,0.937142857142857,90.34666666666668
t1_fcqqn7h,0.9696969696969693,82.31999999999998
t1_g6gskob,0.9370629370629371,89.77999999999999
t1_fomlxd6,0.8994003997335103,114.54434782608695
t1_e1dge6d,0.9356643356643354,54.890423999176704
t1_g3ylbke,0.9391304347826086,25.869731800766285
t1_exqcdsk,0.8837209302325579,92.57486194172287
t1_fpr1afc,0.9437500000000002,35.00000000000001
t1_gyh3fay,0.9418886198547214,72.28800000000001
t1_hyo8vb8,0.9868421052631579,309.2600000000004
t1_fo1y7yd,0.9783783783783785,98.74666666666666
t1_e44cj3r,0.8869047619047615,121.0
t1_gz178t5,0.9054636951833209,122.78212290502793
t1_h02yqjb,0.941658472631923,129.68579613590938
t1_dvqpv8w,0.9717171717171718,77.00000000000003
t1_g7igje2,0.9540816326530611,72.00000000000003
t1_gxidh0i,0.9710884353741496,201.59999999999994
t1_f32c3rv,0.9729206963249515,90.97200000000002
t1_kaab6tv,0.9619047619047617,60.68999999999999
t1_ghav9cv,0.9656249999999998,67.24
t1_jg7d3o4,0.9544159544159541,56.625
t1_j3e006h,0.9283333333333332,80.14461538461539
t1_jmloy9v,0.952380952380952,62.99999999999999
t1_fgmtqhl,0.9818181818181819,67.27000000000001
t1_k055t3y,0.8265027322404367,49.1002480555459
t1_el727kd,0.9425837320574157,120.33333333333333
t1_e7nmyya,0.8970588235294119,48.58789215686275
t1_irzrfko,1.0,104.04000000000003
t1_hnel8u8,0.9944444444444444,51.54545454545455
t1_go1g852,0.9051332033788163,82.27702702702703
t1_j75coaw,0.9513513513513511,46.0
t1_dw2lyid,0.9358585858585852,118.96137931034484
t1_dfm2agq,0.9324324324324312,136.3929411764706
t1_d560jmc,0.927536231884058,84.9495652173913
t1_gh7c2g8,0.9329044117647058,101.52210526315793
t1_ilqjl58,0.9223484848484849,91.85400000000001
t1_go71git,0.76,29.0
t1_ebi747y,0.9851851851851849,72.57600000000004
t1_hf5seci,0.9690476190476189,104.04000000000003
t1_g0k0h04,0.9322404371584692,90.3350954979536
t1_e0mo1dn,0.9852941176470589,103.54400000000003
t1_ekkucm0,0.9500000000000002,101.63999999999999
t1_foc7ppu,0.881066666666666,154.0
t1_gztgvur,0.9901185770750989,219.52000000000015
t1_fpd6k6p,0.9772727272727273,134.5399999999999
t1_hm8y2ci,0.9230769230769228,89.77999999999999
t1_kaw3zj9,0.8606006275212914,67.04458688822382
t1_hd23p3d,0.9297297297297293,52.62400000000001
t1_e0ujkq7,0.9736842105263158,219.52000000000015
t1_ihnc5s6,0.9676870748299319,143.99999999999997
t1_k6uf9yu,0.9851576994434136,74.97538461538464
t1_es98dxq,0.9492753623188406,116.21647058823534
t1_f0n326t,0.935036945812808,110.67794326241136
t1_g36n90z,0.975,78.49333333333335
t1_gkticp9,0.8766803039158386,69.03401758260793
t1_kd3281t,0.85880758807588,88.87782805429865
t1_kejj60o,0.9200561009817677,115.0
t1_g18bny8,1.0,95.57333333333334
t1_jfyjapq,0.9627906976744184,68.82909090909091
t1_hsxp5n6,0.856830601092896,31.605935310412256
t1_flcsmg9,0.8997493734335834,55.41666666666667
t1_fyc2m0k,0.9696969696969697,70.56000000000003
t1_istc1q7,0.9695652173913041,57.34400000000001
t1_ejzgyrf,0.9379217273954109,103.21920000000001
t1_geneqwv,0.9734848484848483,85.62909090909089
t1_dvsuxk3,0.9061054579093437,102.69724770642202
t1_et65xip,0.8759689922480615,57.20424984875983
t1_evuz5ri,1.0,108.416
t1_ecxyg04,0.9019933554817274,72.65646011553395
t1_gc3hq51,0.9559884559884549,117.81333333333332
t1_kde9e1k,0.9615384615384618,72.29232323232323
t1_gujxex1,0.9318181818181824,84.9425670722768
t1_dvghb5p,0.9630541871921187,100.82000000000002
t1_cl7ew45,0.9673202614379082,97.84727272727277
t1_fog84ez,0.9350649350649335,152.7095652173913
t1_jml4kdk,0.9906976744186046,108.16000000000004
t1_gncjyqa,0.9292929292929278,103.08666666666666
t1_fxubwiu,0.974358974358974,87.12
t1_gtdk2uk,0.8308823529411774,75.11842105263159
t1_ez8owhh,0.9664179104477612,110.74823529411768
t1_hxp8ebt,0.976223776223776,125.69200000000002
t1_iui1vok,0.9649999999999999,63.05875000000001
t1_eqh38rn,0.8862433862433848,76.57288650839607
t1_igi2k4x,0.9616666666666661,104.18800000000005
t1_i874xl5,0.982051282051282,80.64000000000003
t1_eb37rl3,0.981081081081081,98.74666666666666
t1_ia265k0,0.8592191507552009,64.52158283366644
t1_j8ig4z9,0.9674418604651162,68.82909090909091
t1_jcut5y8,0.9284511784511782,96.45874183006535
t1_gm3ly35,0.9666666666666667,126.00000000000004
t1_etxu3kc,0.957516339869281,71.75466666666667
t1_jvh571m,0.9600000000000002,58.86999999999998
t1_gk327dk,0.9110459433040078,117.38322580645165
t1_hi5t85f,0.9604651162790697,75.71200000000002
t1_kctgi9r,0.9365079365079362,60.20469798657719
t1_hlpywha,0.9945054945054945,107.89333333333332
t1_e8tohxa,0.9749999999999996,60.984000000000016
t1_ec4vwzg,0.9315789473684212,54.87999999999999
t1_jmiye7s,0.8882666666666668,118.23799638028319
t1_gkqa4yf,0.940131578947368,102.78240000000002
t1_c911sly,0.9733333333333329,91.97263157894739
t1_gngvhgm,0.9564867042707489,138.61750000000004
t1_gzlpldq,0.9594594594594591,118.49599999999997
t1_dz342q6,0.9850000000000003,104.18800000000005
t1_jo70t7i,0.9555125725338488,63.35167164179106
t1_e42kyg1,0.9214285714285718,135.6472727272727
t1_ftbgw5p,0.9683333333333334,104.18800000000005
t1_gu8es2n,0.8162162162162164,22.62492822417027
t1_gr8vb8v,0.954705882352943,104.21517241379311
t1_fdp1fg9,0.996969696969697,246.95999999999975
t1_hfvi2x4,0.9124579124579121,104.31219951923077
t1_fcwp2kr,0.98125,117.67000000000004
t1_gxq6dva,0.9870967741935482,149.33333333333343
t1_dxfjicg,0.9404761904761899,91.63636363636364
t1_k83jz0w,0.9763157894736839,103.0866666666667
t1_hpy4mjn,0.970967741935484,89.60000000000001
t1_e8huxtg,0.9404761904761907,67.2
t1_d1kbwwo,0.86219512195122,104.78889118457302
t1_e9r3b0x,0.9791666666666666,78.49333333333335
t1_dxo2csn,0.9471440750213124,96.33333333333334
t1_gt3st0c,0.9314851485148518,95.38398692810458
t1_hv58nwq,0.9135802469135798,103.7037037037037
t1_fvqt3m8,1.0,24.0
t1_gx5f9fx,0.928030303030303,122.47199999999998
t1_ga1ufgm,1.0,58.86999999999998
t1_gt3fp2x,0.95,91.03500000000001
t1_g7grva3,0.8742897727272727,113.96349554084709
t1_ix8gc7d,0.9186730872124123,82.70761597731897
t1_dzynu5k,0.9346246973365622,111.6553846153846
t1_gte7ag3,0.9748633879781416,121.15384615384617
t1_honhz2u,0.8974066685665435,79.46484079815372
t1_gz175i9,0.9054636951833209,122.78212290502793
t1_gfnj6eo,0.9818181818181817,112.36000000000004
t1_hd23mx8,0.9297297297297293,52.62400000000001
t1_he89xx9,0.9159159159159155,91.0
t1_hf5sueg,0.9690476190476189,104.04000000000003
t1_gb9i1ne,0.9666666666666668,107.52000000000001
t1_esafso6,0.9488304093567246,127.45894736842104
t1_ev4q5wf,0.9916083916083916,125.69200000000002
t1_h4lvv8q,0.9937499999999999,94.13600000000001
t1_i1sa26m,0.9406250000000002,58.83500000000002
t1_kcobm84,0.9069512862616306,123.29692307692308
t1_gxebg2f,0.9952380952380954,114.77846153846151
t1_gt2u7an,0.9104761904761911,106.00079239302696
t1_ekj0eeq,0.8993710691823895,33.40178440836624
t1_f84e0v4,0.9513513513513512,65.83111111111113
t1_gxidb3i,0.9710884353741496,201.59999999999994
t1_iuqzsip,0.887640449438201,75.34533644636015
t1_kbl8inp,0.8906320035858362,69.4474209368535
t1_fd6xmaj,0.96551724137931,80.86400000000003
t1_hgnse9p,0.9356725146198821,60.92008196721312
t1_gz13izl,0.878995433789954,45.0
t1_es98dxq,0.9492753623188406,116.21647058823534
t1_eox4r66,0.9449685534591192,88.22153846153847
t1_ekzqfw6,0.9153908138597902,89.0
t1_go1vbvi,0.9128014842300552,64.97866666666667
t1_hxhlmjg,0.9818181818181819,67.27000000000001
t1_g6btkwg,0.9246263807667311,91.20375
t1_h9yc1r9,0.9782608695652171,95.57333333333334
t1_hg0l9a8,0.973529411764706,86.28666666666666
t1_crsecuj,0.884780534351145,86.24609930732095
t1_dso1u85,0.9309133489461356,90.1929411764706
t1_hi4d9j4,0.9758620689655172,134.7733333333333
t1_gqor6z4,0.934615384615385,163.84000000000003
t1_k1jjkb4,0.934257425742574,114.14930555555554
t1_efm5der,0.8949999999999996,101.20261437908496
t1_gt65znd,0.8790633608815434,82.3040126241691
t1_jil156a,0.8884968242766411,106.59090909090908
t1_g1ir19n,0.9758823529411772,159.39368421052632
t1_gnpwbhb,0.9862068965517239,101.08000000000003
t1_gjus4uo,0.9631410256410255,138.91500000000002
t1_i1n1hm4,0.9743589743589743,80.64000000000003
t1_dzdacuz,0.9329710144927543,155.94880000000003
t1_ik5m9qx,0.8484848484848486,67.3890374331551
t1_gbukho5,0.9420579420579418,125.44000000000001
t1_hebj7rz,0.9501811594202898,98.78399999999999
t1_j9hbvvr,0.9954545454545454,98.31500000000003
t1_eac1hkd,0.9907235621521334,121.83500000000004
t1_jfyjgye,0.9627906976744184,68.82909090909091
t1_gvtptr5,0.8797953964194369,73.59110810380514
t1_f1hmhs0,0.963738920225624,116.7305263157895
t1_eyir0oi,0.96551724137931,44.924444444444454
t1_gscbh2b,0.9535714285714287,78.53263157894737
t1_i874xl5,0.982051282051282,80.64000000000003
t1_e7mq9to,0.9825918762088974,82.70181818181817
t1_dw374sc,0.9041353383458647,102.53456330072274
t1_gr12phj,0.9043809523809527,99.5241935483871
t1_hq93dnc,0.975,78.49333333333335
t1_injf7q6,0.9632495164410055,49.63045161290323
t1_itlxg7p,0.9679999999999999,53.94666666666666
t1_fwv5eov,0.9729206963249516,101.07999999999997
t1_e8ddm5q,0.9269230769230764,128.0
t1_gvq5rqz,0.9170024174053178,110.894
t1_ek2ywfx,0.886990291262137,78.7207565418301
t1_gbe2sc1,0.9783783783783785,98.74666666666666
t1_dzjngn0,0.9526315789473685,73.17333333333337
t1_ie3gq3j,0.975,174.9999999999999
t1_gk3tiht,0.903691813804172,109.0
t1_irtxbf9,0.9386189258312019,96.33333333333334
t1_g7w2pu6,0.891075514874141,88.43674019300663
t1_evuxw4h,0.9363636363636366,44.84666666666666
t1_clob1fe,0.9622222222222219,62.80615384615386
t1_dt044ab,0.9323529411764705,51.77200000000001
t1_dspvru7,0.9472222222222216,63.00000000000002
t1_jlvlmw2,0.9655172413793104,80.86400000000003
t1_jzllltt,0.9034482758620686,38.0
t1_g6s1zrm,0.9062395729062388,150.152
t1_g36ncu1,0.975,78.49333333333335
t1_e66xfi0,0.9954545454545454,53.81600000000002
t1_fed52l4,0.963341858482523,144.50000000000006
t1_f5gwocd,0.9523809523809523,91.63636363636364
t1_f6ppndm,0.9615384615384616,105.41176470588236
t1_gjgo1zb,0.9707259953161597,68.01974703557312
t1_jprpz0x,0.9568181818181817,87.39111111111114
t1_ee6hptk,0.8428160919540222,79.65435634134188
t1_f4yf6qc,0.981578947368421,20.915689149560116
t1_h06pi9d,0.9571428571428572,93.25750000000002
t1_hmz0f2y,0.9753265602322199,147.875
t1_g42zunj,0.9807692307692307,171.49999999999994
t1_i0dmnb4,1.0,286.72
t1_e883cog,0.931174089068825,83.98825174825174
t1_dti8p7y,0.9006428988895384,105.0825702397402
t1_dzmds96,0.9634615384615385,94.3157894736842
t1_fv21p9l,0.939393939393939,78.49333333333335
t1_fdeipbs,0.9738095238095239,66.20727272727274
t1_f3cypbj,0.9187208527648222,101.3276923076923
t1_ftewg90,0.9933333333333334,106.47000000000004
t1_grw98oe,1.0,22.0
t1_hta3drz,0.9918300653594773,153.76000000000002
t1_gikr5s8,0.9749999999999998,117.67000000000004
t1_hfplmnc,0.9523809523809516,98.96320000000001
t1_i4x9bob,0.9290322580645161,56.000000000000014
t1_k6hj02m,0.8998095238095236,106.25313479623824
t1_e6ia8gj,0.875893769152196,73.0269902521202
t1_fi8qz7n,0.9237958303378859,86.68589527490533
t1_ey24zvr,0.9600000000000001,108.416
t1_d80n210,0.9679999999999999,107.89333333333332
t1_fdq3zps,0.9886363636363638,85.62909090909089
t1_g9cyavj,0.9659090909090905,94.192
t1_iibmykm,0.9824561403508769,121.18909090909088
t1_iui1vok,0.9649999999999999,63.05875000000001
t1_ipzauyc,0.8991402116402095,138.0
t1_f5fifnj,0.9645161290322581,63.999999999999986
t1_hf5t4hb,0.9690476190476189,104.04000000000003
t1_f0svg0c,1.0,63.88666666666667
t1_jiq3a2m,0.9755555555555557,68.04
t1_f2u9ls0,0.9720930232558136,75.71200000000002
t1_k15rdjt,0.9204545454545455,72.45538461538462
t1_eh5x2lw,0.914814814814815,103.7037037037037
t1_hemumpw,0.9636363636363635,123.48000000000002
t1_h1zw81r,0.9864864864864865,98.74666666666666
t1_k3boexm,0.8782258064516122,90.86438576178335
t1_d3wpt1f,0.9315448658649406,134.56
t1_kdebbqr,0.9127329192546585,83.07518890127585
t1_fw8gonu,0.964646464646464,137.44888888888886
t1_hbkbe8c,0.9444444444444444,54.216
t1_h9yc5oo,0.9782608695652171,95.57333333333334
t1_fqlnaj3,0.9218750000000001,67.24
t1_gt6dvdh,0.9627906976744184,84.12444444444442
t1_gujnisz,0.8996894409937892,83.7637965166715
t1_g2kw636,0.9285714285714276,103.08666666666666
t1_dzrzb8g,0.9750000000000001,94.50000000000003
t1_hwj7wl1,0.9574999999999999,61.11636363636364
t1_hski6zz,0.9804878048780485,233.33333333333314
t1_i2fop1x,0.9232323232323227,41.8546845124283
t1_efw0drs,0.9514695830485296,114.86363636363636
t1_fvedfcd,0.9177777777777777,74.22545454545454
t1_jrjzkdh,0.8986486486486488,63.29002730046572
t1_e1h0zy9,0.9829931972789111,168.00000000000006
t1_faejhk5,1.0,362.8799999999999
t1_gcga1cd,0.990909090909091,112.36000000000004
t1_ipkdlct,0.9586466165413534,72.21052631578947
t1_gtj4jeh,0.8888888888888871,84.67621825669184
t1_k5lhv4u,0.9833333333333334,152.46000000000015
t1_g05yfv5,0.9833333333333334,86.82333333333335
t1_gxd3zbv,0.8933372296902397,116.17900856793145
t1_g4dxixb,0.9846153846153844,92.16
t1_ht55bo5,0.9038939519469753,105.96599999999998
t1_k81myby,0.9928571428571429,95.83
t1_gs8wgm8,0.9414414414414406,91.87360000000001
t1_hkbn7wp,0.9751838235294118,148.37846153846158
t1_gkz3cf9,0.9571428571428572,90.34666666666668
t1_gqvpjzf,1.0,120.95999999999995
t1_gyfy9o3,0.9581646423751686,88.87200000000003
t1_ebjkudb,0.9466666666666664,70.98
t1_he8n2o9,0.9332365747460085,78.86666666666669
t1_gxef726,0.9167835437120151,86.44737868622249
t1_ftp4pwf,0.9795918367346936,100.80000000000004
t1_hm9v7ew,0.9508196721311477,63.396516129032264
t1_kb7rmop,0.9705882352941174,108.99368421052634
t1_esbfdmm,0.9382022471910103,121.00000000000001
t1_glbv7kn,1.0,269.08000000000027
t1_ectely3,0.874910136592379,84.16262975778547
t1_e3xhzij,1.0,35.0
t1_gu6etka,0.8597030209933442,93.68507774425622
t1_gjw2woq,0.9444444444444443,71.75466666666667
t1_keojxcq,0.9633418584825224,96.33333333333334
t1_geex7jn,0.9404761904761904,100.80000000000004
t1_hhagjqv,0.9082321187584343,112.19478260869565
t1_j1i3asa,0.9530120481927719,121.37999999999998
t1_dyp9yp5,0.9628623188405797,151.97538461538463
t1_g4gn8jp,0.9533333333333336,94.71636363636367
t1_d02ig4q,0.9473067915690865,74.0
t1_gqxrx4v,0.8936341659951648,92.41166666666668
t1_gvq98f5,0.9679487179487178,101.0290909090909
t1_cyjecij,1.0,286.72
t1_ezvfwos,0.9521739130434781,71.68
t1_gtb8z1h,0.9042089985486207,57.90698267074414
t1_gsyxdg2,0.9137224782386086,91.03226244023048
t1_gy974t6,0.9714285714285714,95.83
t1_hm2kviq,0.9700000000000001,70.98
t1_eb8kg9c,0.8774703557312248,50.52591856269789
t1_dtxxenf,1.0,189.28000000000014
t1_jkhl847,0.9099941554646402,170.52800000000005
t1_kalwq0n,0.8929738562091502,98.56
t1_fmfqb04,1.0,67.27000000000001
t1_i7ybuop,0.9429223744292227,94.5
t1_f6xoluu,1.0,161.27999999999994
t1_hnmdjna,0.9875,56.023333333333326
t1_gsypms1,0.9153780068728516,134.4
t1_erkidj3,0.9861660079051383,79.82545454545456
t1_j7adew8,0.9581395348837206,94.64000000000001
t1_fxgzjf4,0.9249249249249247,91.0
t1_k6jr8br,0.9674999999999997,74.6977777777778
t1_fo1y19x,0.9783783783783785,98.74666666666666
t1_jlyonlf,0.9085820895522388,104.59555555555559
t1_eh5x2lw,0.914814814814815,103.7037037037037
t1_f5uzmqh,0.9923273657288998,155.61538461538464
t1_f0p1o62,0.8733052828424503,95.92951015531662
t1_gxidrll,0.9710884353741496,201.59999999999994
t1_focsyf4,0.9663461538461539,137.8461538461539
t1_kagh2v3,0.9072164948453609,78.79729729729729
t1_jp33i3e,0.9645833333333331,106.46999999999998
t1_ja8p06t,0.8844884488448852,125.3129411764706
t1_gvttaco,0.9659090909090904,62.79466666666668
t1_gx3ts6a,0.9193840579710154,139.23999999999998
t1_kbfz7db,0.9709677419354837,89.60000000000001
t1_gcib42a,0.940886699507389,94.09866666666666
t1_jmlqmja,0.9972972972972972,84.64
t1_cxzpuf8,0.9624999999999998,51.71384615384616
t1_eckf9dw,0.976666666666666,115.76444444444441
t1_es8znqh,0.8228395061728397,38.64734299516908
t1_ir6lwme,0.99,115.76444444444441
t1_jhp6nck,1.0,171.49999999999994
t1_j4ytiu6,0.977272727272727,112.36000000000004
t1_jrfma0j,0.8274666666666651,63.71268334771354
t1_jed2439,0.88,28.528455284552848
t1_jps02h7,0.9806451612903224,147.02545454545455
t1_k7k0fx9,0.971111111111111,74.22545454545454
t1_gb0jiyd,0.9666048237476805,88.60727272727276
t1_kc8d495,0.9782608695652174,95.57333333333334
t1_f7hgu94,0.9187192118226605,63.984189723320156
t1_gtac1ez,0.9427501337613687,138.61166666666668
t1_dwgcfzk,0.9159999999999999,40.459999999999994
t1_e399gka,0.9620689655172414,80.86400000000003
t1_efj54fr,0.9778911564625848,91.63636363636364
t1_h449by9,0.8714565004887584,104.98133333333334
t1_j8ym8ul,0.9301994301994296,87.12
t1_fqwpjkz,0.9589041095890403,90.70583333333335
t1_emy2ftc,0.8999999999999998,50.54000000000001
t1_i2rjywd,0.9850000000000001,235.4800000000003
t1_d2dye9q,0.9857142857142855,66.20727272727274
t1_dum7d2m,0.9861111111111112,81.00000000000001
t1_e7b4py7,0.9499999999999996,60.50153846153848
t1_fz31bwt,0.9575471698113203,114.68800000000002
t1_jbabwz3,0.9418886198547212,145.15200000000007
t1_izgweld,0.9611742424242424,81.0
t1_ihsfua1,0.8738508682328897,67.1485012305395
t1_irakgku,0.8736263736263732,56.726790450928384
t1_hlfwh82,0.9521739130434783,95.57333333333334
t1_grzeb38,0.9749999999999994,78.0
t1_ept96pu,0.9566666666666662,106.47000000000004
t1_e2zok2d,0.9239130434782609,89.80363636363639
t1_eidgfk0,0.9716748768472909,74.70777777777778
t1_fo5ioe5,0.9500000000000002,87.50000000000006
t1_gnq5dca,0.8615934627170583,50.44701986754967
t1_f2u9ls0,0.9720930232558136,75.71200000000002
t1_jntyhkd,0.9574999999999996,67.22800000000001
t1_kb75zqy,0.9153846153846155,57.166666666666686
t1_gt2seyp,0.8426252646436138,74.1673403811679
t1_gl44zio,0.9051724137931034,106.39194373401534
t1_fmh0fob,0.9680000000000001,161.83999999999997
t1_k6ntofu,0.9201495073054689,136.45945945945948
t1_jmiosd4,0.9690522243713733,64.98000000000002
t1_jiykl4j,0.8917647058823541,106.08
t1_dxbnu39,0.9739130434782609,71.68
t1_hfwvtpq,0.9319327731092433,103.54400000000003
t1_he6bn4n,0.9332365747460085,78.86666666666669
t1_etn0b69,0.9529411764705875,73.96000000000002
t1_h0ye9qi,0.95625,41.0
t1_hr961id,0.9772727272727272,57.73415225601272
t1_gan0868,0.953846153846154,114.33333333333331
t1_gt74hev,0.9009216589861772,108.80524575282064
t1_gx254v2,0.9393939393939376,136.08
t1_iu9muqj,0.8740458015267175,100.74290951853902
t1_gc26su3,0.9380952380952379,30.0
t1_h318su7,0.974576271186441,111.6553846153846
t1_fljzt9i,0.8811285846438486,116.0
t1_gt3fxpx,0.9293238192320746,88.0713058419244
t1_harqy6m,0.9309523809523813,97.17420814479638
t1_hf254sk,1.0,25.0
t1_gvtptr5,0.8797953964194369,73.59110810380514
t1_fm77oyh,0.983720930232558,63.093333333333355
t1_e5n8kzl,0.9609756097560973,116.66666666666669
t1_cjo20mz,0.9624697336561746,72.28800000000001
t1_eflzkl3,0.9486215538847114,124.72727272727273
t1_e89lu01,0.9190476190476189,63.00000000000002
t1_h1r6rek,1.0,152.46000000000015
t1_ds2aqxf,0.9559999999999998,161.83999999999997
t1_exfcuka,0.9833333333333333,70.98
t1_gzfgt65,0.9738562091503267,103.25333333333334
t1_ikhrlnu,0.9559748427672957,114.68800000000002
t1_hgdtk8u,0.9515151515151514,94.1111111111111
t1_j6i85t6,0.8408521303258149,55.98532159325807
t1_dxbfss4,0.9319327731092433,108.99368421052634
t1_k4vn06v,0.9544334975369457,88.2175
t1_kanb5fh,0.9496503496503489,104.74333333333337
t1_dflctcf,0.9837092731829575,105.53846153846155
t1_f09c3oc,0.9739130434782608,95.57333333333334
t1_k26rhnv,0.9839901477832516,128.31636363636363
t1_e7b5gu4,0.9437499999999999,78.44666666666666
t1_fc71da5,1.0,22.0
t1_ey5lll2,0.9692307692307688,85.74999999999997
t1_iahxfuq,0.8330773169482856,63.73103154305201
t1_g85z8sl,0.9857142857142859,126.00000000000004
t1_gjn25g8,0.9434343434343433,70.58333333333336
t1_gsihpsd,0.9047619047619037,67.4353448275862
t1_fo64zu2,0.9871794871794872,79.38000000000001
t1_fc4m35f,0.914814814814815,51.84000000000001
t1_fkasum1,0.9503205128205127,74.088
t1_d2odas9,0.9914285714285713,77.44000000000003
t1_igad9lf,0.8991803278688534,88.6614714769088
t1_fvpox2v,0.9930232558139533,68.82909090909091
t1_eevt1h1,0.990909090909091,134.5399999999999
t1_dwr2hul,0.9919871794871796,158.75999999999993
t1_dwkdz1y,0.9884615384615383,114.33333333333331
t1_dyg5mfm,0.9629120879120876,107.89333333333332
t1_harqy6m,0.9309523809523813,97.17420814479638
t1_ipmmtxx,0.9584017515051989,145.71454545454546
t1_dimsxw7,0.9615384615384617,85.74999999999997
t1_jd4e1rk,0.9833333333333333,145.65600000000003
t1_fdlf58l,0.9148148148148144,45.36000000000001
t1_ibr3h5a,0.9790209790209791,73.93647058823531
t1_hgvmqv5,0.981264637002342,68.83240223463687
t1_j8muypx,1.0,304.9200000000003
t1_et51gb7,1.0,134.7733333333333
t1_gra4zs8,0.965432098765433,133.33333333333337
t1_f76px00,0.9606060606060602,123.48000000000002
t1_ezaowcf,0.9529411764705884,189.28000000000014
t1_gboo7yh,0.9655172413793099,101.08000000000003
t1_gx32dqr,0.9566433566433561,78.5575
t1_g3qutf6,0.9520833333333323,106.46999999999998
t1_dx73xym,0.9318983768525053,114.9659090909091
t1_hqg51cm,0.9560975609756096,87.49999999999999
t1_e3g2hoq,0.9857142857142858,148.12000000000012
t1_d1z72ut,1.0,104.04000000000003
t1_dtiyukh,0.9549632352941176,101.52210526315793
t1_f7mhfqg,1.0,126.00000000000004
t1_hx89t3m,0.9758812615955473,69.61999999999999
t1_ji5zu3o,0.9232026143790849,62.0
t1_jgjssv9,0.9387096774193548,44.800000000000004
t1_ecqh23r,0.9977272727272727,157.30400000000006
t1_ex6ypyb,0.9613970588235294,91.85333333333332
t1_jy114yn,0.9321428571428573,54.76000000000002
t1_fz2nnut,0.8827448367754823,63.914266068326576
t1_gmr24ws,0.9857142857142858,148.12000000000012
t1_dzus7a9,0.8884615384615385,35.0
t1_gvwmn6w,0.9781250000000001,235.3399999999998
t1_jifup35,0.9758812615955473,74.97538461538464
t1_fpt23gw,1.0,126.00000000000004
t1_dfm2agq,0.9324324324324312,136.3929411764706
t1_h06pi9d,0.9571428571428572,93.25750000000002
t1_k5jqdng,0.8800546448087432,87.71585420644726
t1_dpzhppp,0.9899999999999999,141.9600000000001
t1_h8ogbzf,0.9386189258312014,91.95454545454547
t1_jfjyadp,0.9555555555555556,84.70000000000003
t1_gisxy30,0.986742424242424,104.65777777777781
t1_jumir45,0.8896198830409352,47.91052524429968
t1_e40u5hk,0.8401735068401732,62.02959697732997
t1_gv28ztq,0.9387096774193547,89.60000000000001
t1_jgu3je5,0.9289387564282382,76.02697745168217
t1_i6ez2cw,0.9621212121212115,120.96000000000001
t1_g3w6y6w,0.943209876543211,100.0
t1_dicooxf,0.9838709677419355,149.33333333333343
t1_cxcwsmw,0.959259259259259,90.71999999999997
t1_dp8dh7l,0.9576923076923074,114.33333333333331
t1_ffvb5pr,0.9674418604651162,84.12444444444442
t1_gxoevwy,0.9456521739130435,109.76
t1_ir19bs6,0.9674999999999999,74.6977777777778
t1_fqcjsnr,0.9601328903654471,131.0866666666667
t1_epiu9zy,0.9528301886792453,65.73176470588236
t1_gtgrxs3,0.8703007518796995,111.90603052590829
t1_hy1qqxs,0.9580419580419578,125.69200000000002
t1_g4am6if,0.9285714285714283,104.04000000000003
t1_howxfds,0.9848901098901095,129.472
t1_hoo8yfv,0.9651162790697672,108.16000000000004
t1_hg0kkuj,0.9635627530364369,151.79294117647058
t1_hoo8yfv,0.9651162790697672,108.16000000000004
t1_hg0l84c,0.9635627530364369,151.79294117647058
t1_hlc3hbc,0.9414141414141408,94.1111111111111
t1_gc8g0tz,0.9476190476190477,84.00000000000003
t1_eg7vw9d,0.9833333333333331,141.9600000000001
t1_k3rq183,0.8795081967213108,97.34572269905806
t1_eu5tt7g,0.990909090909091,134.5399999999999
t1_hf6t852,1.0,292.69333333333316
t1_g0pb1bn,0.9709677419354835,85.12
t1_jed1bk6,0.88,28.528455284552848
t1_fnwt7z6,1.0,152.46000000000015
t1_k2d17jz,0.9393656716417911,89.65333333333334
t1_jikjg3s,0.9307692307692308,85.33333333333336
t1_e2fgubo,0.9514285714285712,90.34666666666668
t1_k7ifxz9,0.921052631578947,72.78260869565217
t1_ele3v9o,0.9454545454545453,112.36000000000004
t1_gvq5mg0,0.9170024174053178,110.894
t1_gxklosu,0.9600437876299929,118.73037037037037
t1_f9b2zh8,0.9527777777777773,63.00000000000002
t1_emksy92,0.9555125725338489,49.31115107913669
t1_gufpuie,0.890860215053763,138.28846153846155
t1_ibj6t6i,0.996969696969697,70.56000000000003
t1_gu8ea7e,0.9355921855921853,156.9210810810811
t1_hm254zx,0.992,53.94666666666666
t1_dzh0psp,0.9838709677419355,63.999999999999986
t1_fb689r5,0.8457912457912449,65.21311475409836
t1_gyrc8hk,0.9103703703703697,107.72363636363639
t1_dy74uqc,0.9393472906403939,168.40352941176468
t1_jraxqgr,0.9479999999999997,80.91999999999999
t1_gbys40f,0.9939393939393938,120.99999999999997
t1_e390jy4,0.943609022556391,70.0
t1_icqh4om,0.8597904915390809,40.29659949622166
t1_exiixvj,0.9499072356215212,69.61999999999999
t1_jsh4nf1,0.9322580645161291,49.77777777777779
t1_h7cx44m,0.9707259953161597,85.18222222222224
t1_h9yc46m,0.9782608695652171,95.57333333333334
t1_jayge8u,0.9029209621993126,120.0
t1_eur5zb8,0.9772727272727271,67.27000000000001
t1_hjyjayu,0.9700000000000001,78.49333333333335
t1_ibtsakd,0.9741935483870966,223.99999999999983
t1_ew5o3zf,0.9658119658119652,101.64000000000003
t1_g4w3kop,0.962121212121212,104.65777777777781
t1_jf8ewsk,0.8645357686453572,54.98221046823569
t1_gkzii57,0.9600399600399592,175.61599999999999
t1_fn90sjq,0.922727272727273,32.3175
t1_fzvie0m,0.9822134387351776,146.34666666666675
t1_hvdbhzd,0.9366666666666665,74.42
t1_gxc6pm7,0.9383808587348398,142.36526315789476
t1_ea8qooq,0.9523809523809522,66.20727272727274
t1_euqbtx8,0.9949999999999999,117.73999999999997
t1_dsu6gea,0.9697336561743345,85.3835294117647
t1_k2kncfb,0.9002932551319641,114.0
t1_hgnn0ca,0.9356725146198821,60.92008196721312
t1_gtqa1c4,0.9954545454545454,89.69333333333331
t1_jdijyir,0.9789473684210523,103.0866666666667
t1_gg1xctq,0.9833333333333333,81.00000000000001
t1_di0tf0w,0.9049180327868848,75.0
t1_hmkdoaj,0.9165019762845847,83.92368434612345
t1_dvmxtkp,0.9272030651340987,139.3791304347826
t1_gnzeau1,0.9546052631578938,81.44594594594594
t1_gti8t2s,0.9217273954116046,79.14606741573034
t1_jyv5s36,0.9723320158102768,97.56444444444445
t1_kc4rnom,0.9402985074626866,94.13600000000001
t1_gjusi7r,0.9631410256410255,138.91500000000002
t1_jgd1w5c,0.8990036231884062,54.71220930232558
t1_hr8hp7k,0.9307692307692309,68.59999999999998
t1_kfr3rpg,0.9384615384615385,94.3157894736842
t1_ghx9iix,0.8936063936063926,97.95317725752508
t1_girn761,0.9588592800374012,168.31818181818184
t1_jkzy8y0,0.9310924369747893,53.463870960474885
t1_k41y1w0,0.8552380952380965,66.67092457420925
t1_dv5ircm,0.9281462585034005,109.95985401459855
t1_gthr1lw,0.9840348330914366,131.44444444444449
t1_eryh0q0,0.8940493468795353,57.80968184939346
t1_hympdkc,0.9789473684210526,123.70399999999995
t1_hlk1vci,0.9050051072522974,111.46666666666667
t1_dwvwcc1,0.9720930232558136,94.64000000000001
t1_fdozq1x,0.9678571428571426,95.83
t1_du0xjc4,0.9624999999999997,84.03500000000003
t1_h7q6cnw,0.9131920710868069,88.36592178770951
t1_glsosku,0.9594594594594593,65.83111111111113
t1_f6p3ul1,0.9128205128205118,102.79294117647058
t1_i3vrtci,0.9613152804642165,90.97200000000002
t1_kei3mp6,0.9961538461538461,171.49999999999994
t1_j0mm67k,0.9476190476190474,87.77176470588233
t1_gru6jor,0.9529411764705891,121.13919999999999
t1_e83mhq9,0.9505327245053267,88.01943162496966
t1_dy393qs,0.9777777777777774,94.50000000000003
t1_eqmd4u2,0.976315789473684,103.0866666666667
t1_dvr2adz,0.9811320754716981,131.44444444444449
t1_hru767g,0.989655172413793,80.86400000000003
t1_fwa4gqt,0.9513157894736832,149.3955555555556
t1_jh57d37,0.9772727272727273,134.5399999999999
t1_fed41tf,0.963341858482523,144.50000000000006
t1_guhjius,1.0,76.23
t1_gxdbfon,0.9845261121856865,90.97200000000002
t1_gthr1lw,0.9840348330914366,131.44444444444449
t1_grux0lh,0.96875,100.20705882352942
t1_fdt05co,0.9523809523809523,50.40000000000002
t1_exagppq,1.0,74.22545454545454
t1_cwkcalg,0.9683794466403157,79.82545454545456
t1_k6u773a,0.9411764705882353,85.33909090909091
t1_dqlmrfp,1.0,72.57600000000004
t1_hzw41mn,0.9888888888888887,113.39999999999996
t1_d560jmc,0.927536231884058,84.9495652173913
t1_eyelvev,0.9014300306435129,116.82758620689654
t1_diebx8y,0.975862068965517,57.76
t1_dzofg1a,0.9344827586206894,80.86400000000003
t1_gbsfufc,0.9771241830065357,119.59111111111113
t1_iv7fmry,0.9234567901234572,112.00000000000001
t1_ivaf0yr,0.8266625615763543,63.70113438045375
t1_gxljkuk,0.9942857142857142,108.416
t1_hvaeb40,0.984375,156.89333333333346
t1_eutiq8t,0.9101960784313728,89.4110342019544
t1_h17bkg7,0.9318518518518513,103.04
t1_hl44mw5,0.9335038363171351,87.95652173913044
t1_e09yucu,0.9799999999999999,106.47000000000004
t1_inm8hm3,0.9150000000000003,58.23280063291139
t1_hhtd880,0.9369047619047618,165.79111111111106
t1_gxd9iny,0.8903903903903896,110.41333333333337
t1_erojsmh,0.9568181818181816,60.50153846153848
t1_f5x3kqq,0.9352941176470586,39.76311942959002
t1_huihxt7,1.0,141.9600000000001
t1_ino5ury,0.9430992736077484,69.00302059496568
t1_iukf0bt,0.982608695652174,71.68
t1_gny9w6i,0.9761029411764706,96.44600000000001
t1_euffflx,0.9031007751937982,288.7118181818182
t1_ekzj0w3,0.9850000000000001,117.73999999999997
t1_hn52wjp,0.9702702702702698,74.06
t1_dv52oyg,0.8190967741935495,72.98165172845479
t1_e60zb6j,0.97,33.030698961937716
t1_e4xcv8h,0.9216171617161716,116.25
t1_ialtcxq,0.9468749999999997,44.034000000000006
t1_fsxo0dp,0.9846153846153847,342.9999999999999
t1_kak50al,0.910059960026648,105.38080000000002
t1_gxd9muv,0.8903903903903896,110.41333333333337
t1_gw2t76k,0.8308270676691729,63.133557800224466
t1_j468enl,0.9466966966966961,115.93400000000001
t1_jnkwca9,0.9705882352941174,129.42999999999992
t1_cguw8w8,0.935835351089588,85.3835294117647
t1_hya1hh7,1.0,33.0
t1_hg0kqc9,0.9635627530364369,151.79294117647058
t1_gvdyqti,0.9755434782608695,116.21647058823534
t1_fnpdxah,1.0,28.0
t1_kde6dk3,0.8978494623655908,85.12
t1_gxwf4o9,0.947463768115942,131.712
t1_enhapvn,0.9572649572649568,81.312
t1_ex53tdk,0.9666666666666667,120.95999999999995
t1_inbwxt1,0.973170731707317,116.66666666666669
t1_j5ucj88,0.9573770491803275,61.007462686567166
t1_fv21p9l,0.939393939393939,78.49333333333335
t1_gvdk1rj,0.8909803921568631,84.42105263157896
t1_h87wuuf,0.9640522875816993,97.84727272727277
t1_i93tc96,0.9920948616600791,109.75999999999998
t1_ezu2gtr,0.9790697674418601,75.71200000000002
t1_fwzhhdl,1.0,101.08000000000003
t1_gjusp8f,0.9631410256410255,138.91500000000002
t1_gkxith8,0.9523529411764715,95.80093293159246
t1_ffurfu0,0.9724999999999996,84.03500000000003
t1_gvdybd6,0.8630283574103795,34.75006819421713
t1_exiozm7,0.9363636363636361,67.27000000000001
t1_gxbc5d7,0.8888496824276639,116.03753351206436
t1_kfkui6e,0.9593749999999995,67.24
t1_e3f3qay,0.971428571428571,91.03500000000001
t1_fvy5ilb,0.91799709724238,150.15875000000005
t1_jlgd7c0,0.9731707317073167,70.00000000000001
t1_gyl5nvu,0.9454901960784311,153.28551724137935
t1_johr9g7,1.0,383.32000000000085
t1_k81m5m3,0.942105263157895,54.87999999999999
t1_emy97tj,0.9734848484848486,94.192
t1_e43isyj,0.9095238095238094,50.40000000000002
t1_j98wv86,0.9820261437908498,97.84727272727277
t1_dk4f13q,0.9956521739130434,57.34400000000001
t1_jbid49b,0.8803827751196177,57.38813229571984
t1_h9ybqe7,0.9782608695652171,95.57333333333334
t1_k9lz1kz,0.9740259740259736,81.22333333333333
t1_h5nxa6r,0.9307692307692309,131.072
t1_hfszr26,0.9577205882352942,101.52210526315793
t1_imwd43s,0.978378378378378,84.64
t1_g1gtskh,0.991891891891892,296.24000000000024
t1_fvvwmd7,0.8676323676323664,82.55337004982954
t1_jeh92lw,0.931428571428571,54.208
t1_hqqc480,0.9901185770750989,146.34666666666675
t1_gxljv68,0.9532967032967031,129.472
t1_e2tgn2x,0.9756756756756755,98.74666666666666
t1_itnlw7g,1.0,161.83999999999997
t1_ecqu4ne,0.9744186046511625,108.16000000000004
t1_j5sxio3,0.9158249158249159,108.85344827586206
t1_gqurlxb,0.8687500000000001,43.74999999999999
t1_ijn6u4f,0.8960113960113949,93.6340032400718
t1_gxd8kq4,0.9379509379509371,107.56869565217394
t1_k9bplnr,0.9571428571428573,95.83
t1_dl1jd31,0.9014005602240881,68.40794678173319
t1_h5w43gd,0.9829545454545455,134.56
t1_immj2qa,0.9343749999999994,64.82432432432432
t1_e0qho6h,0.9586206896551722,57.76
t1_geasb34,0.977272727272727,44.84666666666666
t1_gbe2sc1,0.9783783783783785,98.74666666666666
t1_jiykl4j,0.8917647058823541,106.08
t1_etbyfam,0.9666182873730044,107.54545454545459
t1_ebmj8s4,0.9522727272727273,54.589999999999996
t1_fyqgpgd,0.9818181818181816,493.9199999999995
t1_kc0ct8j,0.9823529411764708,94.64000000000007
t1_hadbv5m,0.9972222222222222,141.74999999999997
t1_iwx22z4,1.0,252.37333333333328
t1_f0nkl9e,0.9529411764705882,47.749545454545455
t1_dwjes1m,0.9575757575757576,94.1111111111111
t1_ivl20c7,0.9519230769230769,94.3157894736842
t1_i04pj4v,0.9062233589087804,112.38888888888889
t1_g4rvc89,0.9923076923076922,171.49999999999994
t1_ii89k89,0.9398601398601395,96.68615384615386
t1_k1stfbm,0.9070305272895464,97.78495121609635
t1_heawbke,0.9501811594202898,98.78399999999999
t1_dzs76tc,0.9699999999999998,56.023333333333326
t1_f15yxil,0.925,29.0
t1_eya796u,0.9434782608695653,57.34400000000001
t1_e4j7j75,0.939487179487179,124.82000000000006
t1_gyh4731,0.9430107526881716,65.61748633879782
t1_iun9i9t,0.9423076923076918,57.166666666666686
t1_ejflalz,0.9316816816816808,110.41333333333337
t1_j8pkpz4,0.9818181818181816,164.6400000000001
t1_gnlf1w7,0.9128048780487806,114.25120000000001
t1_ib9fbnv,0.9622641509433956,67.46352941176471
t1_jgmt9vw,0.8856209150326794,48.36
t1_gzq4qbj,0.97027027027027,53.861818181818194
t1_ef7tvwt,0.9059523809523808,114.25076923076924
t1_el8w0il,0.9153846153846156,43.53972868217055
t1_gd3a1im,0.9084967320261438,35.78318584070797
t1_fo5in41,0.9500000000000002,87.50000000000006
t1_g9t3m81,0.9935483870967742,149.33333333333343
t1_e8l4oh6,0.9961538461538461,68.59999999999998
t1_f7avfmg,0.937566137566137,87.37473684210528
t1_ja7zgep,0.9156010230179024,66.80171277997366
t1_dk957s4,0.9818181818181816,112.36000000000004
t1_f8e75di,0.9136363636363638,157.02079712418077
t1_h6g00li,0.9952380952380951,252.00000000000009
t1_kb88zba,0.9646739130434783,116.21647058823534
t1_gq4m4c7,0.9722222222222224,89.69333333333331
t1_g5l4pkb,0.9937499999999999,156.89333333333346
t1_g6wzgf1,0.9271284271284264,107.56869565217394
t1_gruwcg4,1.0,30.0
t1_kefz79c,0.9545454545454547,44.84666666666666
t1_i0slrpz,0.9784946236559139,101.08000000000003
t1_hfpavwq,0.9230072463768114,88.5
t1_hxsn67q,1.0,23.0
t1_eo9w9jc,0.9257759784075567,56.7231330472103
t1_gsih0dt,1.0,112.36000000000004
t1_guorbi1,0.9448529411764706,120.55750000000005
t1_duz6xqn,0.9364705882352942,91.25490196078431
t1_e2momt5,0.9560975609756095,53.846153846153854
t1_heaw6an,0.9501811594202898,98.78399999999999
t1_dp0t655,0.9937106918238992,67.96982767109799
t1_itq73rp,0.9538461538461538,57.166666666666686
t1_eclxulv,0.9432432432432432,84.64
t1_jed2439,0.88,28.528455284552848
t1_jnkwca9,0.9705882352941174,129.42999999999992
t1_htwwxhl,0.9849999999999998,84.03500000000003
t1_glu1ikf,0.9322660098522163,94.09866666666666
t1_i6p1fbq,0.9505882352941187,137.65818181818182
t1_gg5vpo2,0.9911764705882353,86.28666666666666
t1_hh1czm0,0.9445812807881766,74.28842105263159
t1_j43ifsc,0.9180327868852456,85.18222222222224
t1_jfuqite,0.8681904761904773,68.42320408379179
t1_iktl5wg,0.9716981132075472,114.68800000000002
t1_j8fn3kf,0.9826086956521738,143.36
t1_hwfmek6,0.8956521739130432,71.68
t1_f3118lb,1.0,171.49999999999994
t1_h9sxlpx,0.9404761904761901,53.161139588100696
t1_iirj3g5,0.8808808808808792,116.21723300970874
t1_kdel1wj,0.9891891891891892,148.11999999999992
t1_ged5j24,0.933255269320843,109.52000000000004
t1_iw57k97,0.9328947368421042,116.9182608695652
t1_e33d68o,0.9559748427672954,104.26181818181819
t1_frcvsos,0.9428571428571427,66.20727272727274
t1_idbazpy,0.9566433566433564,67.0
t1_fy84d9p,0.9247311827956987,115.52
t1_hgnt2hn,0.9428571428571431,63.00000000000002
t1_dgjhaqp,0.9600000000000002,58.86999999999998
t1_ih5cggk,0.8972602739726023,46.27358490566038
t1_inl9da7,0.8612500000000002,69.60122404520035
t1_erqer2k,0.8959025470653368,76.66804285487441
t1_gnd641q,0.8801169590643271,87.74902813299232
t1_ctsjmpi,0.9666666666666665,82.31999999999998
t1_eih6xa2,0.9616666666666667,130.23499999999999
t1_fvvcpfe,0.9366666666666665,69.45866666666666
t1_fz4d5af,0.9666666666666668,64.512
t1_k9mnjkj,0.9342857142857144,77.44000000000003
t1_gffegod,0.9952380952380951,182.06999999999988
t1_el2xr0g,0.9280487804878054,150.3305263157895
t1_kd9reh7,0.9729206963249516,75.81000000000002
t1_dsqdn6h,0.9145850120870256,82.78491620111731
t1_k9bcleb,0.9794117647058823,103.54400000000003
t1_gtoga4n,0.8804347826086957,63.28950159066808
t1_ivr5p1o,0.9784075573549256,78.41647058823531
t1_iktl809,0.9716981132075472,114.68800000000002
t1_fthhmax,1.0,224.0933333333335
t1_dw8ojqz,0.9743083003952565,87.80799999999999
t1_d1kbwwo,0.86219512195122,104.78889118457302
t1_cxcwsmw,0.959259259259259,90.71999999999997
t1_kema2f1,0.9363636363636357,78.65200000000003
t1_jizifs5,0.9710024855012421,111.54315789473688
t1_gdm8c9x,0.9888888888888887,51.03
t1_h75nq68,0.8863387978142064,87.21351766513057
t1_floiprs,0.9705882352941171,134.54000000000002
t1_ds6snwt,0.871777476255086,94.83610719046499
t1_hov10ip,0.9048543689320389,145.68129032258065
t1_hkyfi2n,0.9523809523809524,124.72727272727273
t1_hfap2ba,0.9655172413793103,101.08000000000003
t1_kf54yml,0.9545454545454546,123.48000000000002
t1_hwyxi2a,1.0,129.42999999999992
t1_ejjbjc4,0.9594594594594593,53.861818181818194
t1_kddshbs,0.8917647058823519,94.2621722846442
t1_evhmgeg,0.8521068001668749,71.48655913978493
t1_ihuuj43,0.9888888888888889,141.74999999999997
t1_e9sorvo,0.9656249999999996,94.13600000000001
t1_ggs1834,0.9277777777777779,102.06
t1_gvtomez,0.8999999999999995,94.79680000000002
t1_ite66co,0.9224999999999994,74.6977777777778
t1_elr4ex7,0.9482758620689653,108.57538461538464
t1_hexc4is,0.9535783365570597,113.715
t1_he7jxk8,0.9332365747460085,78.86666666666669
t1_e2z8h1j,0.9496268656716418,99.09052631578949
t1_fe5qry9,0.8485221674876854,91.02896859083192
t1_dtqffjs,0.980952380952381,126.00000000000004
t1_dvo5d24,0.9651162790697673,63.093333333333355
t1_emntjd4,0.9878048780487805,100.0
t1_hd839q5,0.9636363636363633,49.391999999999996
t1_e69rpxk,0.9703703703703704,72.57600000000004
t1_hya1hh7,1.0,33.0
t1_hru9mlm,0.9806451612903225,89.60000000000001
t1_dzksc2z,0.9468749999999999,52.297777777777796
t1_ibdbhxh,0.9577380952380958,123.77166666666668
t1_gtu3dvo,0.915833333333333,128.36727272727273
t1_e6p4ziz,0.9571428571428571,80.91999999999999
t1_fyc7n4p,0.975,47.068000000000005
t1_e6t9p6s,0.9384615384615381,80.64000000000003
t1_gdckh2h,0.9980237154150197,146.34666666666675
t1_i3p8qqq,0.9694444444444444,81.00000000000001
t1_hu00gb8,0.9565217391304348,95.57333333333334
t1_h3dit84,0.9777777777777779,60.480000000000025
t1_itp1zb2,0.9806451612903222,134.7733333333333
t1_h7uw8da,0.9774193548387093,74.66666666666667
t1_gx4gv0j,0.9218559218559219,137.1379834710744
t1_iok3xl9,0.9803921568627453,64.635
t1_f5ug1nd,0.9384615384615383,64.512
t1_fupt4t6,0.9663865546218476,118.73076923076923
t1_inqk54o,0.9775641025641023,101.0290909090909
t1_j9fa68n,0.9464285714285714,42.59111111111112
t1_e73ov2k,0.9500000000000001,67.27000000000001
t1_kddshbs,0.8917647058823519,94.2621722846442
t1_e2t5fxj,0.9423076923076916,59.0918845500849
t1_g41pjf0,0.8447115384615385,80.5
t1_e4np516,0.9518207282913151,162.4736842105263
t1_etxu3kc,0.957516339869281,71.75466666666667
t1_esiinbd,0.8803294573643411,144.1897233201581
t1_h5f1psu,1.0,95.83
t1_evxsz0z,0.7939042089985483,48.75600688356387
t1_hi4egj3,0.9758620689655172,134.7733333333333
t1_j46883y,0.9466966966966961,115.93400000000001
t1_h4vlhff,0.9642857142857137,80.91999999999999
t1_fbdy1vi,0.8344125809435706,33.83333333333333
t1_g3gjzxu,0.9573283858998146,121.83500000000004
t1_fdhc0dy,0.9538461538461539,92.16
t1_gru6jor,0.9529411764705891,121.13919999999999
t1_e4ryc34,0.9666666666666667,60.839999999999996
t1_dipklew,0.9814814814814815,110.88000000000004
t1_k5u6uie,0.9194117647058826,75.73889859637897
t1_jjkrax5,0.9341463414634155,124.18608695652176
t1_hhn0cfg,0.9785714285714286,54.76000000000002
t1_dzeehd7,0.9269195189639221,121.53806451612903
t1_e4dmtmf,0.9005681818181818,102.06000000000002
t1_gt3fp2x,0.95,91.03500000000001
t1_gnhr7ae,0.9594594594594593,98.74666666666666
t1_gy4k4ra,0.9170024174053171,84.699941618015
t1_foatypi,0.9767441860465113,126.18666666666664
t1_he8nxcy,0.9362745098039217,76.88000000000001
t1_i0q5up8,0.9531249999999998,47.068000000000005
t1_ibu5a2r,0.9377777777777777,56.31826999790048
t1_ixi3hzd,0.9740384615384615,119.46666666666667
t1_ite6et7,0.9224999999999994,74.6977777777778
t1_ez4re1h,0.9368421052631579,36.586666666666666
t1_gcqjde6,0.853814644137226,70.73382188548007
t1_gvsk57y,0.9419448476052243,78.86666666666669
t1_f32c3rv,0.9729206963249515,90.97200000000002
t1_f5ug1nd,0.9384615384615383,64.512
t1_hucdnig,0.9782608695652174,47.78666666666667
t1_gvkc1bv,0.9450617283950624,127.2727272727273
t1_hksl8el,0.9649068322981367,156.8311111111111
t1_hf33oy8,1.0,25.0
t1_fy3ymut,0.969767441860465,53.04
t1_hbd5c7a,0.9785714285714284,63.88666666666667
t1_gk52mrr,0.980952380952381,50.40000000000002
t1_g31deyc,0.8869918699186987,93.08390275514387
t1_gtia97x,0.9616956077630229,147.30434782608697
t1_k6z1u6l,0.9614814814814806,182.30153846153854
t1_gxdb9ek,0.9845261121856865,90.97200000000002
t1_g2xkt0z,0.976470588235294,37.80679207920793
t1_f33xdmc,0.9567307692307693,112.00000000000003
t1_ehj956t,0.9312770562770548,120.96000000000001
t1_dub46ko,0.9296052631578938,83.33795962902347
t1_i6stg4n,0.8732323232323239,57.449380165289256
t1_jgojurx,0.976190476190476,66.20727272727274
t1_kb7mn67,0.9617283950617285,112.00000000000001
t1_cjvgu50,0.9079555966697508,117.74000000000001
t1_gncesez,0.9760000000000001,107.89333333333332
t1_hbbacus,0.9774193548387098,89.60000000000001
t1_gxifdus,0.9368421052631571,141.5326315789474
t1_hshg48k,1.0,94.64000000000007
t1_figaaqf,0.9234449760765543,120.33333333333333
t1_ek0lmjc,0.9727272727272727,269.08000000000027
t1_isrq6y9,0.9245283018867921,64.0
t1_ibu4g2y,0.9377777777777777,56.31826999790048
t1_f7fz7kg,0.9500000000000006,116.5248
t1_fwoh6py,0.9199507389162556,128.31636363636363
t1_gzq4te7,0.97027027027027,53.861818181818194
t1_dvxoi49,1.0,252.00000000000009
t1_ewe9ooa,0.9485714285714284,49.28
t1_ieimagk,0.9444444444444444,90.71999999999997
t1_hfpb04f,0.9230072463768114,88.5
t1_h87wvoy,0.9640522875816993,97.84727272727277
t1_gny16id,0.9948849104859334,119.00000000000003
t1_e75ax0b,0.9525691699604742,146.34666666666675
t1_e0kuksd,1.0,323.67999999999995
t1_gt7hdko,0.9649122807017542,114.33333333333337
t1_hf5t4hb,0.9690476190476189,104.04000000000003
t1_dz7h5l6,0.9189928845101248,128.2288
t1_icp4j92,0.9138461538461534,51.800626206506905
t1_gxidh0i,0.9710884353741496,201.59999999999994
t1_dxabi0m,0.8586538461538461,67.05662464056624
t1_fl1r4a3,0.9263157894736843,35.952
t1_gd32gnh,0.9355555555555549,54.0
t1_ivr5p1o,0.9784075573549256,78.41647058823531
t1_jttyfuc,0.9527845036319612,76.39578947368423
t1_iu0mggv,0.9787878787878785,70.56000000000003
t1_k0257rj,0.989010989010989,117.70181818181821
t1_gxljsy9,0.9532967032967031,129.472
t1_e9lzdhn,0.9070718877849213,125.58612975391499
t1_fxljrfy,0.9707317073170731,70.00000000000001
t1_gvcazr1,0.9578947368421052,109.76000000000008
t1_i724qx9,0.988,161.83999999999997
t1_fqzo4j8,0.9678030303030303,188.38400000000013
t1_ga87avx,0.925824175824175,34.0
t1_kbuh3es,0.9864864864864865,98.74666666666666
t1_dyt04ua,0.9477272727272723,60.50153846153848
t1_gg15cpi,0.9552058111380146,103.68000000000002
t1_jtpnx3z,0.9617647058823529,57.524444444444434
t1_e8ylrnc,0.9583333333333329,81.00000000000001
t1_dzcpmo6,0.8887867647058824,69.69052378993557
t1_hpvccw6,0.9894736842105264,219.52000000000015
t1_eb8kg9c,0.8774703557312248,50.52591856269789
t1_hnmn7ce,0.9540816326530609,91.63636363636364
t1_hwmp6s6,1.0,68.59999999999998
t1_ez8ecp5,0.9259796806966614,65.0
t1_ibhs1ur,0.8820058997050128,100.20472598054118
t1_geb8hpf,0.9883720930232557,126.18666666666664
t1_eyelvev,0.9014300306435129,116.82758620689654
t1_k3oqyuw,0.9545454545454534,155.52000000000004
t1_hfpapjt,0.9230072463768114,88.5
t1_e2e7g3s,1.0,454.86
t1_ducu5l7,0.9764705882352942,63.09333333333332
t1_i9qi47w,0.9091397849462369,110.42241362568215
t1_e0i5dra,0.9555555555555556,94.1111111111111
t1_elm8mdl,0.9034926470588235,50.053494798099265
t1_e2uwyee,0.9827044025157233,76.45866666666667
t1_jxrnz3n,0.9291747888239108,99.0
t1_grjaz1w,0.8813004032258069,123.22377109317682
t1_jtx49ya,0.96,51.71384615384616
t1_clzliob,0.8992852501624413,82.27702702702703
t1_kcapsc7,0.9303703703703695,103.04
t1_dyjp3rd,0.9761904761904759,63.6
t1_gxix3rw,0.9889937106918237,114.68800000000002
t1_foegint,0.9282407407407398,190.44
t1_j3e006h,0.9283333333333332,80.14461538461539
t1_g3w7xm9,0.9334415584415567,108.0
t1_fyq4fpl,0.9758812615955469,88.60727272727276
t1_hgnt2hn,0.9428571428571431,63.00000000000002
t1_gcvdbo9,1.0,103.54400000000003
t1_eme5rgn,0.9224137931034482,71.0
t1_hzfper7,0.967741935483871,89.60000000000001
t1_f2ozspc,0.935353535353535,70.58333333333336
t1_h08ea3z,0.9206963249516437,90.97200000000002
t1_gouvjao,0.9861660079051385,87.80799999999999
t1_ek41p3d,0.9296296296296289,98.74666666666666
t1_k9odjtu,0.9187925170068028,90.36412833397759
t1_gt2sxuq,0.9038939519469753,89.57217391304349
t1_gd3ir0j,0.9862068965517239,404.3200000000005
t1_h1shmks,0.9909090909090907,70.56000000000003
t1_i6ljgev,0.9840000000000001,80.91999999999999
t1_dm2wm6j,0.9583333333333334,94.50000000000003
t1_gvq9e48,0.9679487179487178,101.0290909090909
t1_g37otor,0.9658536585365854,100.0
t1_e7p842y,0.9415954415954412,57.31578947368421
t1_hx89t3m,0.9758812615955473,69.61999999999999
t1_ec4pxh9,0.9428815004262568,82.26745718050066
t1_ifjp9lf,1.0,235.4800000000003
t1_htn3jda,0.9688888888888886,68.04
t1_i9vxe9d,0.9833333333333333,80.91999999999999
t1_e17924d,0.8991596638655449,114.33333333333336
t1_j0cnnp7,0.9919999999999999,161.83999999999997
t1_cybrizc,0.981481481481481,101.64000000000003
t1_gznrzjf,0.9041666666666665,38.115
t1_cybrizc,0.981481481481481,101.64000000000003
t1_kcgzql6,0.9689655172413791,44.924444444444454
t1_f0218f3,0.9593810444874273,46.36567164179105
t1_ij4fuqp,0.9433663366336636,132.5757575757576
t1_ect7ayw,0.9204639602319794,96.33272727272727
t1_f3qr25q,0.9083333333333333,36.817407407407416
t1_dzvj2vr,0.9223484848484845,62.79466666666668
t1_gxd35fh,0.9555555555555555,68.03999999999998
t1_j4zhiju,0.9705882352941176,64.715
t1_k82ugn8,0.9767779390420901,169.00000000000009
t1_hkeao58,0.9486940298507462,104.59555555555559
t1_gd9z3wr,0.9757575757575758,70.56000000000003
t1_hitm9p3,0.9766666666666666,85.17600000000002
t1_fp4h3ej,0.9216524216524211,66.88
t1_gse8juk,0.9837209302325579,189.28000000000014
t1_e2t5fxj,0.9423076923076916,59.0918845500849
t1_gfwz4mi,0.8785425101214573,53.76338350161936
t1_ebzmmaw,0.9924999999999999,84.03500000000003
t1_h1tg3wt,0.8785452118785443,87.47401352018534
t1_gt6dvdh,0.9627906976744184,84.12444444444442
t1_gfnleie,0.9818181818181817,112.36000000000004
t1_gv1mgk9,0.9148148148148146,40.32
t1_dt4t1ml,0.9481005885500254,133.06720000000004
t1_hfe1wom,0.9572649572649569,93.82153846153845
t1_gyu8ads,0.9875,156.89333333333346
t1_ic06veq,0.9455205811138018,111.6553846153846
t1_hl5ru9l,0.9724137931034481,67.38666666666666
t1_g56n3w6,0.9507575757575754,78.49333333333335
t1_jn0fxsn,0.905270655270654,150.08848484848482
t1_gbe2sc1,0.9783783783783785,98.74666666666666
t1_eg4y2ig,0.9919999999999999,107.89333333333332
t1_eyhkmkj,0.996551724137931,101.08000000000003
t1_eto156w,0.9907235621521336,108.29777777777775
t1_hdqjgw1,0.9578947368421055,109.76000000000008
t1_di0vy6l,0.9666666666666668,76.23
t1_jcvgzkr,0.9393939393939394,72.76829268292684
t1_hvqizd2,0.919327731092436,115.04888888888887
t1_f5qp1ad,0.9644230769230769,112.00000000000003
t1_gkz3cf9,0.9571428571428572,90.34666666666668
t1_hkv9nar,0.9749999999999996,117.67000000000004
t1_ibu4yx1,0.9377777777777777,56.31826999790048
t1_i50pmy9,0.9799999999999999,104.18800000000005
t1_e8judcl,0.9666666666666666,94.71636363636367
t1_fj010mi,0.9624999999999999,67.32
t1_ent1zji,0.9919871794871793,138.91500000000002
t1_gwwobbm,0.9657142857142856,135.51999999999998
t1_j19nj2i,0.9824999999999999,112.04666666666665
t1_e7bhf0t,0.9465408805031448,95.57333333333334
t1_is6pamy,0.9695652173913041,95.57333333333334
t1_e33d68o,0.9559748427672954,104.26181818181819
t1_dxdsm6n,0.9207161125319685,101.14999999999999
t1_ih6a7nz,0.8892225558892215,69.46444671123503
t1_kbb8e3m,0.9290322580645158,40.0
t1_gx5o5i9,0.9575471698113207,61.32363636363637
t1_hho13kk,0.9056732740943261,76.55339805825243
t1_f8ab8h3,0.9942857142857142,77.44000000000003
t1_f8ny68y,0.937142857142857,49.28
t1_jb45k7v,1.0,148.12000000000012
t1_dp8dh7l,0.9576923076923074,114.33333333333331
t1_hwy7my4,0.9814814814814815,90.71999999999997
t1_ifw6cn9,0.9827586206896551,202.15999999999983
t1_hemfjw1,0.9549999999999998,78.49333333333335
t1_kcjp882,0.9664473684210522,79.52337858220211
t1_fra4703,0.964516129032257,80.864
t1_k3n9rfl,0.9907235621521336,139.23999999999998
t1_ewsqhqj,0.9642857142857143,76.66400000000004
t1_eygquor,0.9625850340136055,112.0
t1_gvqaex1,0.927068723702665,123.43333333333332
t1_hr8hp7k,0.9307692307692309,68.59999999999998
t1_jzi1ivp,0.9055158324821235,66.81726907630522
t1_e5zc8p5,0.8976982097186698,63.78646623985216
t1_fzp0p9m,0.8910984848484849,110.86731015736507
t1_k6srlu5,0.9485714285714283,90.34666666666668
t1_hfx9c9i,0.9596651445966505,119.36842105263158
t1_joy5ola,0.9199011997177133,143.64800000000002
t1_e5en1c2,0.9565217391304348,123.64258064516132
t1_ffxu798,0.9966666666666666,173.6466666666667
t1_jgszjzu,0.9031620553359675,127.68999999999998
t1_ivr5p1o,0.9784075573549256,78.41647058823531
t1_f91clcn,1.0,140.00000000000003
t1_icap1jx,0.9375,72.45538461538462
t1_htw601j,0.9261796042617955,94.5
t1_i9egktz,0.9230769230769229,56.193548387096776
t1_gv56lq2,0.9500988142292484,143.0128
t1_fnc9n35,0.9411764705882348,86.28666666666666
t1_gb9jml8,0.9888888888888887,136.07999999999996
t1_eyxe2yx,0.9432989690721639,155.0769230769231
t1_gq5mf1h,0.8769651401230345,57.828908842475116
t1_fnea3zc,0.8888888888888884,60.10270602706028
t1_j9d9jm1,0.9863636363636362,134.5399999999999
t1_g9mg19q,1.0,286.72
t1_f8bkb06,0.8498156218571891,93.02459016393442
t1_e6qm69x,0.9090909090909093,38.440000000000005
t1_fo65h4j,0.9937499999999999,156.89333333333346
t1_ecus7r6,0.9376470588235293,108.16
t1_jsq82qe,0.9692307692307691,114.33333333333331
t1_frr1rwm,0.9562500000000002,174.9999999999999
t1_euqn7bc,0.8686079545454546,97.08855849566102
t1_ewedxhu,0.9384615384615385,89.60000000000001
t1_ezgjbzb,0.9291125541125524,163.29599999999996
t1_f822hul,1.0,252.00000000000009
t1_ejvea52,0.9752747252747248,107.89333333333332
t1_iwvixl0,0.9958333333333332,101.63999999999999
t1_h19q0ru,0.9886363636363636,78.65200000000003
t1_ip42x9c,0.9229559748427673,39.31914893617022
t1_j08g5oh,0.9795454545454543,112.36000000000004
t1_ifr6v1u,0.9356884057971014,89.80363636363639
t1_h2wz8xv,0.9924242424242425,85.62909090909089
t1_ih7yvjn,0.9122807017543857,117.29454545454549
t1_focsvx5,0.9663461538461539,137.8461538461539
t1_j98wv86,0.9820261437908498,97.84727272727277
t1_ekfrsnp,0.9201923076923076,80.72727272727272
t1_g3koa1r,0.9527777777777775,113.39999999999996
t1_jd3ywaq,0.9804195804195802,157.115
t1_euide1o,0.9724999999999999,96.03999999999998
t1_jss4kby,1.0,127.77333333333341
t1_k5oanm7,0.9287356321839089,115.67909356725147
t1_gs7tgq9,0.9336057201225729,110.0
t1_k2knpq5,0.9002932551319641,114.0
t1_e4kvdzg,0.9888888888888887,120.95999999999995
t1_e2zxhza,0.9820512820512818,38.19283866575902
t1_gz13izl,0.878995433789954,45.0
t1_h3kimjf,0.8838785735337458,76.57061587929755
t1_dzvp6zl,0.8216666666666668,48.95938328912467
t1_keznacg,0.9593749999999993,89.65894736842105
t1_keip4y9,0.9395424836601308,82.79384615384615
t1_hi4dgd0,0.9758620689655172,134.7733333333333
t1_gwkki6v,0.985,96.03999999999998
t1_j625c6v,0.975,78.44666666666666
t1_hzjpqhu,0.935222672064777,63.541139240506325
t1_jp0qary,1.0,50.820000000000014
t1_hd6rrad,0.9636363636363633,49.391999999999996
t1_hnv01yp,0.9571428571428571,31.233050847457633
t1_ect7ayw,0.9204639602319794,96.33272727272727
t1_fsxo0dp,0.9846153846153847,342.9999999999999
t1_ij6ryxf,0.900080580177276,100.81272727272726
t1_fo0rpjx,1.0,404.3200000000005
t1_gtnnh0o,0.8952380952380949,34.990233693756544
t1_dvflssh,0.9004417261297987,109.45468775410635
t1_gj969dh,0.9913043478260868,143.36
t1_h0q3v62,0.9884615384615383,114.33333333333331
t1_em9h6f2,0.9291044776119403,99.09052631578949
t1_gj26k66,0.860504201680672,43.0
t1_f8qwsad,0.9151515151515152,42.0
t1_hx3hcf2,0.996,107.89333333333332
t1_keby79n,0.9799999999999998,112.04666666666665
t1_h7jhsqx,0.9159891598915996,88.32432432432432
t1_golnx6v,0.8810663021189318,82.5
t1_e1aen2x,1.0,447.99999999999966
t1_jsxdnq0,0.9024590163934414,110.90369413110268
t1_ev68xuj,0.9082321187584336,96.0
t1_dnwomd1,0.9242871189773826,174.5122580645162
t1_e6c2jhu,0.9380952380952378,73.0
t1_g36na53,0.975,78.49333333333335
t1_k764qqg,0.944055944055944,73.93647058823531
t1_itubiuf,0.9035897435897429,109.21750000000003
t1_fe5zdhc,0.963157894736842,103.0866666666667
t1_gngtyol,0.9440476190476185,114.77846153846151
t1_gnlpnji,0.976,97.91999999999999
t1_glehu5u,0.9857142857142857,95.83
t1_e1vgie7,0.990909090909091,89.69333333333331
t1_d0yhv7g,0.9562499999999999,94.13600000000001
t1_hexc4is,0.9535783365570597,113.715
t1_hi3pox8,0.9586206896551723,57.76
t1_iw57k97,0.9328947368421042,116.9182608695652
t1_e33ujje,0.8769230769230769,64.5360824742268
t1_gd8cvpw,1.0,171.49999999999994
t1_fkd52kw,0.9874999999999998,50.820000000000014
t1_idyc484,0.9335365853658542,109.8569230769231
t1_ewx339g,1.0,85.17600000000002
t1_hsxybax,0.9829931972789115,112.0
t1_gi59e36,0.9383333333333331,72.43113555483664
t1_k2u1gsc,0.9885620915032679,215.2639999999999
t1_e1g6fl8,0.9661016949152542,76.39578947368423
t1_g68hk6c,0.9545454545454546,67.27000000000001
t1_g75d9ew,0.9551912568306004,143.18181818181824
t1_hf24xvp,1.0,25.0
t1_ggxv2da,0.8999999999999995,76.0
t1_i8guyy2,0.9079903147699762,57.82677165354331
t1_k3gi8t5,0.9818181818181818,123.48000000000002
t1_isv9jgi,1.0,89.69333333333331
t1_jvpp0tk,0.8754295532646048,134.4
t1_dyg9max,0.9550000000000001,168.07000000000005
t1_hlspzii,0.9645522388059702,85.57818181818182
t1_g83huxi,0.9870129870129871,81.22333333333333
t1_dxyt4o8,0.9866666666666665,163.29600000000008
t1_hugie6o,0.9766666666666666,69.45866666666666
t1_dtymwhf,0.9916666666666667,81.00000000000001
t1_iz9cuto,0.9617647058823526,103.54400000000003
t1_h9z3t8s,0.9678571428571426,95.83
t1_eq0zdn4,0.9608127721335259,65.36111111111111
t1_heifwpb,0.9755555555555552,74.22545454545454
t1_f9o2n2f,1.0,235.4800000000003
t1_ec3okf0,0.9594405594405592,83.79466666666669
t1_ilqenqi,0.9223484848484849,91.85400000000001
t1_h0xvcsl,0.9330011074197113,100.52479338842976
t1_f8t6on2,0.9201923076923076,94.3157894736842
t1_eb8hy44,0.9000000000000001,48.53
t1_irakjn4,0.8736263736263732,56.726790450928384
t1_k81m5m3,0.942105263157895,54.87999999999999
t1_f9gvfje,0.9464285714285712,95.83
t1_cn0alyi,0.9823529411764703,73.96000000000002
t1_ccms1vy,0.8633093525179846,94.41909385113269
t1_gtayyve,0.9975609756097561,140.00000000000003
t1_f46r0ke,0.9406906906906898,77.81159420289855
t1_hgvfb6v,0.9784075573549254,83.3175
t1_f6ppndm,0.9615384615384616,105.41176470588236
t1_iqpe92y,0.9432432432432432,59.24800000000001
t1_gy2ledv,0.9944444444444444,94.50000000000003
t1_guaxxa3,0.9122525414660232,82.82943143812709
t1_e3bxdog,0.9866666666666667,85.17600000000002
t1_hm7dh22,0.9474885844748847,113.40000000000002
t1_jyo1gj0,1.0,98.78399999999999
t1_fomlxd6,0.8994003997335103,114.54434782608695
t1_e1rbnjn,0.9781250000000001,156.89333333333346
t1_gzq4vfp,0.97027027027027,53.861818181818194
t1_exi10rb,0.9483870967741932,56.000000000000014
t1_f6te6z0,0.9666666666666662,81.00000000000001
t1_ico0hd2,0.9411764705882358,104.0
t1_g5h55j5,0.9168674698795185,73.00234037359829
t1_icr08hg,0.959259259259259,131.66222222222225
t1_gsk02yd,0.9737373737373733,77.00000000000003
t1_gvdx7ga,0.9458333333333334,76.23
t1_ijxzvoa,0.9380952380952382,87.77176470588233
t1_egmykdu,0.957142857142857,135.51999999999998
t1_jyg6by4,0.8907859078590793,135.6206896551724
t1_k2tbru2,0.9564102564102563,64.512
t1_f1hu9ni,0.9232323232323222,90.2910447761194
t1_gpf0ghz,0.9203795379537953,125.3129411764706
t1_d0yhv7g,0.9562499999999999,94.13600000000001
t1_f4qciha,0.9198879551820724,118.73076923076923
t1_gx537x5,0.928030303030303,122.47199999999998
t1_gp2n00d,0.9416666666666664,81.00000000000001
t1_dxifhqv,0.9647495361781078,81.22333333333333
t1_hf33oy8,1.0,25.0
t1_darvxk2,0.9437499999999996,37.44097222222222
t1_gvdi21s,0.9401315789473677,85.10526315789474
t1_e132r4w,0.9755555555555552,102.06
t1_glle6xm,0.9343434343434336,107.56869565217394
t1_iz8se15,0.9611742424242424,81.0
t1_k95p8ng,0.982857142857143,67.76000000000002
t1_dsirz4y,1.0,90.71999999999997
t1_g8ixhoe,0.980952380952381,63.00000000000002
t1_e9v4c82,0.9496268656716418,74.27542188805347
t1_guk6ipm,0.8904761904761911,72.47425645342312
t1_ju2vv31,0.9749999999999998,60.984000000000016
t1_ieimagk,0.9444444444444444,90.71999999999997
t1_h00h043,0.9109243697478989,86.0
t1_hwgruhs,0.9037433155080197,169.8991304347826
t1_gaf0ucg,0.977124183006536,119.59111111111113
t1_gzzcusu,0.9033069734004313,112.2
t1_g9j8n8k,0.9122536945812812,150.67684210526318
t1_djvnqvj,0.9599999999999996,60.231111111111105
t1_fqwpjkz,0.9589041095890403,90.70583333333335
t1_kfktpzy,0.9593749999999995,67.24
t1_gxday7l,0.9046391752577319,85.79236977256053
t1_dxc4p7u,0.941823899371069,95.57333333333334
t1_ek9wesh,0.9692307692307691,129.02400000000006
t1_ia3rbx5,0.90713587487781,82.43681917211329
t1_e9td9kv,1.0,404.3200000000005
t1_gsdejed,0.9489898989898984,89.44660194174757
t1_f2mnqrq,0.967236467236467,121.96800000000003
t1_jtolbew,0.9535201640464787,101.08
t1_j7x4hko,0.9486486486486483,84.64
t1_gxidcwu,0.9710884353741496,201.59999999999994
t1_ia9jf2r,0.9795918367346941,74.97538461538464
t1_gtf9yun,0.9749999999999999,84.03500000000003
t1_h6ofutl,0.9813953488372094,94.64000000000001
t1_gtrm2vt,0.8919191919191901,101.7622739018088
t1_gvdlzaw,0.9306254493170371,143.49176470588236
t1_hd6rrad,0.9636363636363633,49.391999999999996
t1_e5en1c2,0.9565217391304348,123.64258064516132
t1_gyh41f9,0.9430107526881716,65.61748633879782
t1_d2u51tg,0.9809523809523807,84.00000000000003
t1_f9ewl9c,0.8366666666666667,36.830585365853665
t1_gs5dysi,0.8876436781609199,120.51821841716352
t1_d2ttxsg,0.9671957671957669,103.75750000000002
t1_gubwecn,0.8675746160533181,73.77357320099256
t1_gxdax65,0.9046391752577319,85.79236977256053
t1_depbj99,0.8792766373411536,96.94161290322583
t1_grzfge0,0.8839603960396043,67.36911355871055
t1_eq37w0l,0.8823529411764703,74.92890995260663
t1_e9jw2l4,1.0,129.02400000000006
t1_iun9i9t,0.9423076923076918,57.166666666666686
t1_gei4yi9,0.9962962962962962,120.95999999999995
t1_f9sl6jt,0.9454545454545453,67.27000000000001
t1_dum7d2m,0.9861111111111112,81.00000000000001
t1_gxisupo,0.9842105263157896,47.28923076923077
t1_k3rtfut,1.0,53.94666666666666
t1_flgxmof,0.9471153846153846,99.55555555555559
t1_h9z3t8s,0.9678571428571426,95.83
t1_jmlqmja,0.9972972972972972,84.64
t1_g53pgss,0.9701257861635222,114.68800000000002
t1_ijls5cu,0.9952380952380951,104.04000000000003
t1_k4pr2up,0.9386792452830187,54.01021276595745
t1_g3rn5r2,0.9810606060606059,85.62909090909089
t1_gik8tpd,0.9472222222222219,81.00000000000001
t1_k9odjtu,0.9187925170068028,90.36412833397759
t1_gxdb9ek,0.9845261121856865,90.97200000000002
t1_g3ko9od,0.9527777777777775,113.39999999999996
t1_k7pfrpl,0.9480181936322276,124.74000000000002
t1_f6t85gx,0.8793838085873475,84.71033925328845
t1_efj54fr,0.9778911564625848,91.63636363636364
t1_g8nwdtp,0.9666666666666668,98.78399999999999
t1_f7azevv,0.9951219512195121,77.77777777777776
t1_ewv5e8m,0.9731182795698924,124.40615384615387
t1_hwzd1zp,0.9823529411764708,86.28666666666666
t1_hfa3htz,1.0,25.0
t1_f2u9ls0,0.9720930232558136,75.71200000000002
t1_es8wbep,0.9549999999999997,80.14461538461539
t1_h0l71h9,0.8755411255411243,108.0
t1_hfx91b9,0.9596651445966505,119.36842105263158
t1_ev0ee8c,0.9966666666666666,70.98
t1_ig99ol8,0.9870967741935485,44.800000000000004
t1_i052bsi,0.9806451612903223,112.00000000000003
t1_foatj40,0.9767441860465113,126.18666666666664
t1_k166z7w,0.9272254710851195,73.0018185766245
t1_gzv1xk3,0.9134199134199131,60.71717132779524
t1_evl9eot,0.9464480874316936,87.50000000000001
t1_dbf2b7d,0.8975609756097571,70.66436092752323
t1_d1ds861,0.8548387096774208,80.82114467408584
t1_hu7naqd,0.9566666666666663,69.45866666666666
t1_e6ia8gj,0.875893769152196,73.0269902521202
t1_ells7xm,1.0,145.65600000000003
t1_flcsmg9,0.8997493734335834,55.41666666666667
t1_k743mfj,0.9777777777777774,63.60245901639345
t1_dintv4j,0.9467040673211788,185.15
t1_fc02m1f,0.9441699604743078,127.68999999999998
t1_iukezeh,0.982608695652174,71.68
t1_i79u1wg,0.9702702702702705,53.861818181818194
t1_fz5j53s,0.9795597484276729,88.22153846153847
t1_grukyb1,0.8962376237623766,82.42771257462826
t1_iw0iolc,0.9810810810810808,74.06
t1_jeepuxp,0.9640522875816995,82.79384615384615
t1_jsgzibj,0.9588235294117645,51.77200000000001
t1_gug6bdw,0.9057539682539676,92.83191489361704
t1_ian88oz,0.9647058823529411,63.09333333333332
t1_gny4zi7,0.9676470588235294,129.42999999999992
t1_k0o6veq,0.9250136836343729,128.2288
t1_kand8m4,0.9406906906906896,128.8155555555556
t1_gqzmgnv,0.9824561403508768,111.09
t1_edswhw6,0.9499072356215208,69.61999999999999
t1_ez63m5r,0.9501424501424496,60.67196202531646
t1_ghu5art,0.9565217391304348,131.712
t1_dd4b4rr,0.9717171717171715,70.58333333333336
t1_hdz2sqj,1.0,129.02400000000006
t1_hs3vsam,0.873400673400673,86.35384849947907
t1_gt756te,0.8912213740458015,137.09594952681388
t1_jk42tfn,0.8533765032377437,73.81973562347393
t1_k1yyhc1,0.9812312312312309,165.62000000000003
t1_flgsm9v,0.958064516129032,115.52
t1_ev7wzaj,0.9720930232558137,94.64000000000001
t1_gkgqlji,0.9538043478260869,84.0
t1_gt3q6lb,0.9707317073170739,150.3305263157895
t1_dt46oz1,0.9843749999999998,78.44666666666666
t1_j10yz0d,0.954545454545454,79.82545454545456
t1_hrkgcrg,0.9644444444444442,81.64799999999998
t1_j3rbdq8,0.962162162162162,59.24800000000001
t1_gycc31z,0.955813953488372,126.18666666666664
t1_di0vy6l,0.9666666666666668,76.23
t1_dvlx3dq,0.9976744186046511,108.16000000000004
t1_h8gifqf,0.9543378995433789,133.41176470588238
t1_jes6arx,0.8903654485049822,85.98607412871104
t1_f5pu9wg,0.9423076923076918,111.13200000000002
t1_gk0wp82,0.978125,117.67000000000004
t1_fees8h5,0.9358024691358031,107.69230769230771
t1_eahlbx7,0.9874999999999998,76.23
t1_kfg52a2,0.9904761904761903,252.00000000000009
t1_i7vfp1o,0.9591503267973858,82.79384615384615
t1_enn2wiz,0.956815114709851,78.41647058823531
t1_fotcryx,0.9578947368421052,88.36000000000001
t1_ew09vdr,0.9204301075268808,95.13411764705882
t1_djgvr8a,0.8797202797202798,40.675715579150975
t1_e854lr4,0.9829268292682924,140.00000000000003
t1_frheowo,0.9736842105263158,109.76000000000008
t1_gsdwbbj,0.9365591397849471,111.56971853769008
t1_hfju03f,0.9310661764705882,78.58491263713937
t1_ey1cjd2,0.9642857142857141,63.88666666666667
t1_fdmqcgq,0.9338235294117647,120.55750000000005
t1_gxklosu,0.9600437876299929,118.73037037037037
t1_jcatyda,0.9874999999999999,94.13600000000001
t1_e9odppu,1.0,95.57333333333334
t1_du163mv,0.9825367647058824,192.8919999999999
t1_jltelr0,0.9729206963249515,82.70181818181817
t1_e0aehjj,0.9302536231884058,98.78399999999999
t1_eg1pqs6,0.9074074074074076,60.480000000000025
t1_ino8f1z,0.9430992736077484,69.00302059496568
t1_jn1u48d,0.943910256410256,69.45750000000001
t1_grvjyj7,0.9624505928853755,146.34666666666675
t1_dx38kva,0.9699248120300752,98.00000000000003
t1_f3xwhyd,0.9258241758241758,92.47999999999999
t1_jlfnclp,0.9779411764705882,107.16222222222223
t1_g23dhr4,0.8881578947368427,86.45430254376173
t1_go71git,0.76,29.0
t1_gs55cnq,0.9063568010936428,78.50694444444444
t1_h0ye9qi,0.95625,41.0
t1_hcdxpv3,0.9829268292682927,70.00000000000001
t1_j002bsk,0.9791666666666666,76.23
t1_gyh6dv3,0.9782608695652175,109.75999999999998
t1_i8i5vpz,0.9526143790849674,89.69333333333331
t1_gny0jbj,0.9221209610604797,76.69194312796208
t1_dvw8pdm,0.940220922677062,101.64000000000001
t1_ibv3pep,0.9761904761904762,126.00000000000004
t1_eh5y6ra,0.914814814814815,103.7037037037037
t1_e2u0yph,0.9782608695652171,87.80799999999999
t1_irvf0ob,0.9147485080988915,75.67606790799562
t1_i3vlil7,0.9212121212121211,55.0
t1_hc4lr6p,0.9234615384615386,158.19034482758624
t1_dm5uz1p,0.9589041095890399,110.894
t1_djs9x3q,0.9574468085106386,82.70181818181817
t1_hfxaqyr,0.9596651445966505,119.36842105263158
t1_kcrb15b,0.9723320158102766,109.75999999999998
t1_gywws4t,0.887830687830687,54.562913907284766
t1_kaz40x0,0.9716666666666665,69.45866666666666
t1_h0wfkos,0.9949999999999999,235.4800000000003
t1_h8gj5be,0.9543378995433789,133.41176470588238
t1_j80o8fg,0.9888888888888889,102.06
t1_gy4jmlt,0.973426573426573,104.74333333333337
t1_jm2ypn7,0.9067307692307692,89.60000000000001
t1_hgx3fz3,0.9131578947368418,68.72444444444443
t1_kddn6te,0.9461538461538459,38.37433155080214
t1_fs8ojbh,0.9458955223880597,62.95789417651443
t1_ijn6u4f,0.8960113960113949,93.6340032400718
t1_fe1g8qr,0.9636363636363633,65.54333333333335
t1_jgmt9vw,0.8856209150326794,48.36
t1_joifrnt,0.9333333333333331,86.82333333333335
t1_fjm07ou,0.9193121693121677,127.97093023255813
t1_eb5gedq,0.9828571428571427,135.51999999999998
t1_e3sq8d6,0.9144554455445539,98.67583526320777
t1_gekp8sd,0.8452574525745244,55.462441490826265
t1_hqk9tm9,0.9203539823008836,125.23818713450294
t1_gny0jbj,0.9221209610604797,76.69194312796208
t1_gd9z3wr,0.9757575757575758,70.56000000000003
t1_gsk17c6,0.9176342525399124,115.97706422018348
t1_fb824gi,1.0,25.0
t1_dvu9owh,0.9879999999999999,107.89333333333332
t1_ggxv2da,0.8999999999999995,76.0
t1_h2x12xt,0.9101307189542485,35.32052139037433
t1_iui1vok,0.9649999999999999,63.05875000000001
t1_ib5pqnx,0.8860028860028848,85.19850187265916
t1_eok9nmo,0.9867424242424242,104.65777777777781
t1_e36943k,1.0,141.74999999999997
t1_g9ig1tf,0.9332096474953617,121.83500000000004
t1_dvtvbii,0.9874999999999999,117.67000000000004
t1_i0abqp1,0.9750000000000001,117.67000000000004
t1_gc3hq51,0.9559884559884549,117.81333333333332
t1_dwei893,0.9714285714285712,126.00000000000004
t1_k1kcjjw,0.9014778325123145,114.49
t1_gxh8dm5,0.8505079825834541,21.666666666666668
t1_e11z26u,0.9756097560975608,100.0
t1_er9vnvz,1.0,404.3200000000005
t1_gv56hfd,0.9500988142292484,143.0128
t1_hhj181y,0.9576923076923075,49.000000000000014
t1_e177pyz,0.9653846153846153,68.59999999999998
t1_kcemqfq,0.9595238095238091,66.20727272727274
t1_eistt6s,0.9382716049382709,92.5880829015544
t1_h06zpsu,0.9451219512195127,86.26264591439688
t1_fp6028h,0.9330289193302883,108.00000000000004
t1_ezo6dy6,0.9624060150375938,114.33333333333337
t1_dt4apjv,0.9677419354838708,89.60000000000001
t1_dvvl8hl,0.9571428571428572,108.416
t1_k4z4r5q,0.9944444444444444,70.87499999999999
t1_gs2ew31,0.9822222222222221,116.64
t1_ib9ew47,0.9622641509433956,67.46352941176471
t1_h0sdou8,0.9595959595959594,70.58333333333336
t1_fs2qsva,0.9642857142857147,93.25750000000002
t1_h6zhn05,0.8733870967741942,71.88043478260869
t1_jumir45,0.8896198830409352,47.91052524429968
t1_k3n9eut,0.9907235621521336,139.23999999999998
t1_hcyz6ba,0.9499999999999998,38.11111111111112
t1_gk43ied,0.9685737308622069,158.41999999999996
t1_job3c89,0.9608391608391605,48.73921568627451
t1_e0tg9pu,0.9453465346534655,141.1290322580645
t1_jp332jo,0.9645833333333331,106.46999999999998
t1_g15a92m,0.9179487179487178,130.0
t1_gq203ox,0.9858490566037739,143.36
t1_gs5eff1,0.9384328358208955,89.65333333333334
t1_k7ari2r,1.0,26.0
t1_f2p0ooz,0.935353535353535,70.58333333333336
t1_k6iyggz,0.9888888888888887,120.95999999999995
t1_gtnpq8o,0.8330026455026445,79.44031336287165
t1_h5s2rnc,0.917391304347826,26.512592592592593
t1_kb55gnn,0.9806451612903224,74.66666666666667
t1_f7qtt0m,1.0,252.00000000000009
t1_guyoo91,0.8991228070175429,65.4948180561953
t1_htfcayq,0.9428571428571431,63.00000000000002
t1_gn8mlhg,0.9272727272727271,70.56000000000003
t1_duaydth,0.9617647058823531,40.750197530864206
t1_gmpumnz,0.9362745098039207,127.54823529411762
t1_hya1hh7,1.0,33.0
t1_kamhqia,0.9825834542815676,147.875
t1_h4apysn,0.9818181818181816,269.08000000000027
t1_h1r6rek,1.0,152.46000000000015
t1_ff99o9f,0.8273172905525835,78.92753623188406
t1_dhp6t9f,0.95014245014245,93.82153846153845
t1_jvf8ybq,0.9014300306435132,82.01801363193768
t1_g3r3dpt,0.9481132075471697,81.92000000000002
t1_hev4kgq,0.9599834983498352,179.38666666666663
t1_hrifvl3,0.9709677419354832,101.08000000000003
t1_etcb0tv,0.9399460188933864,112.19478260869565
t1_hialt2c,0.9636363636363637,134.5399999999999
t1_hgwknht,0.9838709677419355,112.00000000000003
t1_dtgwrn7,0.9113300492610826,114.49
t1_ij6bq2a,0.9697674418604652,84.12444444444442
t1_eeyang8,0.8692771084337352,61.90195764680065
t1_gsyp68f,0.9366666666666666,60.839999999999996
t1_e74aqqv,0.9825918762088973,90.97200000000002
t1_ivc5hrl,0.9322368421052627,73.1319282969706
t1_e09yucu,0.9799999999999999,106.47000000000004
t1_jgumaer,0.8221311475409838,43.14965343415249
t1_j0tqiok,0.9621212121212118,104.65777777777781
t1_iigfe6x,0.9729477611940298,104.59555555555559
t1_i2vcy28,1.0,139.23999999999998
t1_jarvzqh,0.9640522875816995,89.69333333333331
t1_hzmpktk,0.9611111111111111,204.11999999999972
t1_exafi3a,1.0,74.22545454545454
t1_ebsz0y5,0.8684615384615388,78.11537623174463
t1_hd839q5,0.9636363636363633,49.391999999999996
t1_dx7ueh3,0.972,161.83999999999997
t1_gzvvf3l,0.9205236091631606,86.59104552876765
t1_hkt057l,0.9318181818181818,44.84666666666666
t1_gx4hcol,0.9869565217391305,143.36
t1_dz7l1ye,0.9499999999999998,57.166666666666686
t1_k2qcyfg,0.9700000000000001,235.4800000000003
t1_go8x1ow,0.9588377723970944,120.96000000000005
t1_ekunhum,0.9554655870445338,88.87200000000003
t1_es5bnnj,0.9864864864864865,74.06
t1_ekopgwb,0.9652173913043477,95.57333333333334
t1_dyo8nnf,0.9053724053724059,152.79157894736846
t1_j8f1fly,0.980392156862745,179.38666666666663
t1_girxmb4,0.9152046783625728,82.13153656387665
t1_gxwayu7,0.9924242424242422,156.9866666666667
t1_gs30rpj,0.9062500000000001,35.00000000000001
t1_ewp4vwy,0.9378306878306871,205.08923076923085
t1_gd8cvpw,1.0,171.49999999999994
t1_g67n06b,0.964102564102564,80.64000000000003
t1_kd3fb09,0.9452380952380948,72.82800000000002
t1_ew1bf92,0.98886827458256,108.29777777777775
t1_hvcu5ab,0.8892307692307686,43.91019417475728
t1_id9mpgo,0.9767779390420896,91.00000000000003
t1_erh9gdc,0.9307359307359294,165.0
t1_duqfq38,0.9611111111111109,56.70000000000001
t1_h02yqjb,0.941658472631923,129.68579613590938
t1_esmq8wg,0.9615384615384613,71.9288888888889
t1_igqo94y,0.8730769230769231,49.000000000000014
t1_ez8w5at,0.9358974358974352,56.434782608695656
t1_gogs1rc,0.9680000000000001,40.459999999999994
t1_f9zhsi0,0.9971428571428571,271.0400000000003
t1_h7bz30a,0.9358353510895883,80.64
t1_jwwjw2p,0.8211849957374254,71.27341084291672
t1_fkyan4z,0.9523809523809522,46.965189873417714
t1_f6suzsh,0.9404934687953553,91.00000000000003
t1_itnlw7g,1.0,161.83999999999997
t1_hixx9nl,0.9871794871794872,71.68
t1_hta3drz,0.9918300653594773,153.76000000000002
t1_j18y9va,0.9163898117386473,81.29661016949153
t1_jj6v4yw,0.9230769230769226,47.6541935483871
t1_fn90sjq,0.922727272727273,32.3175
t1_egy3fu7,0.9727891156462585,126.00000000000004
t1_h9ppwmz,0.95,78.65200000000003
t1_dscpgiz,0.9928571428571429,63.88666666666667
t1_fb6ec4m,0.9655172413793105,80.86400000000003
t1_jeemv68,0.9427083333333326,73.29829716193657
t1_g8oq9dq,0.8948275862068974,148.79414634146343
t1_j78ao6o,0.9393939393939387,98.14598540145985
t1_jp52rai,0.9795918367346939,74.97538461538464
t1_g6wz4w7,0.9945945945945945,118.49599999999997
t1_eqgab08,0.8907103825136609,44.33489304812834
t1_kaah96z,0.9962962962962962,72.57600000000004
t1_frea0zf,0.9292279411764706,96.44600000000001
t1_erblksx,0.9602319801159894,100.91999999999999
t1_fj1cioj,0.9074074074074072,63.77188847658208
t1_dx4en94,0.9861111111111112,70.87499999999999
t1_e61czhy,0.9738562091503268,62.0
t1_kefeune,0.9783783783783785,65.83111111111113
t1_iz78ajg,0.9315448658649408,104.73673479499567
t1_f6n29jd,0.9666666666666668,152.46000000000015
t1_htw2w80,0.9588235294117647,32.346846846846844
t1_i32gg4z,0.9840348330914366,91.00000000000003
t1_glvs2h2,0.9028571428571425,166.40999999999997
t1_hnkego4,0.9333333333333329,49.391999999999996
t1_kane5ay,0.9406906906906896,128.8155555555556
t1_hnmdjna,0.9875,56.023333333333326
t1_hk1dg11,0.8531877063754136,86.61475760329255
t1_hujpo09,0.9666666666666663,47.320000000000014
t1_f8abql2,0.9685714285714283,90.34666666666668
t1_foybyho,1.0,425.8799999999997
t1_do2m8ux,0.9458128078817731,117.62333333333333
t1_hjal99w,0.9451612903225803,63.999999999999986
t1_e4qgpkm,0.9555669050051067,121.00000000000001
t1_kfkvxtj,0.9593749999999995,67.24
t1_fkrlwk8,0.9488372093023248,108.16000000000004
t1_e4kvdzg,0.9888888888888887,120.95999999999995
t1_dy0oy06,0.9903225806451613,223.99999999999983
t1_es7yrid,0.9711538461538458,92.47999999999999
t1_f3y9jqa,0.9676470588235292,73.96000000000002
t1_gd8cryt,1.0,171.49999999999994
t1_kdihfml,0.8728915662650599,48.43975903614458
t1_d5giixh,0.9911764705882352,86.28666666666666
t1_ejb19lh,0.9159999999999999,41.50240310077518
t1_io3854z,0.8999999999999996,124.73263157894735
t1_h6erfna,0.9295967190704024,78.96131484794275
t1_cjuo15p,0.9265932599265917,154.56823529411764
t1_dvpi4lw,1.0,134.5399999999999
t1_gru65a8,0.9545957918050932,116.52148148148146
t1_e3igo79,0.9365808823529411,83.43304347826087
t1_j33xx4f,0.9790697674418601,94.64000000000001
t1_k3n9mr3,0.9907235621521336,139.23999999999998
t1_h2z1z6r,0.957427536231884,123.48000000000002
t1_ixsqpfr,0.9642857142857139,72.00000000000003
t1_f5p4ff9,0.939784946236559,89.84888888888891
t1_f78bbnt,0.9772727272727271,157.30400000000006
t1_d315rrf,0.9264455782312924,103.8125
t1_h00h1p5,0.9109243697478989,86.0
t1_fss38xv,0.9809523809523807,91.03500000000001
t1_hteipvy,0.9818401937046005,145.15200000000007
t1_ge2fugq,0.9777777777777776,81.00000000000001
t1_dxfd72z,0.8888888888888875,111.4402985074627
t1_e2p70d4,0.9250000000000002,63.88666666666667
t1_j2uwrpl,0.9838709677419353,112.00000000000003
t1_gxbbolo,0.9504201680672261,115.04888888888887
t1_gejcstt,0.9730769230769233,114.33333333333331
t1_ebrcze6,0.9774193548387096,63.999999999999986
t1_dxyy1om,0.9636363636363637,269.08000000000027
t1_gvs5t8o,0.9461152882205509,76.22222222222224
t1_jolyktt,0.8684719535783362,44.301980198019805
t1_gtbm237,0.9839999999999999,323.67999999999995
t1_cyycd02,0.9743083003952571,79.82545454545456
t1_jpq310w,0.9821428571428571,63.88666666666667
t1_h4jdfsy,0.9783783783783783,118.49599999999997
t1_gcn8bwa,0.9333333333333335,60.984000000000016
t1_g7pbbcj,0.8966450216450208,73.55419277996768
t1_jp33fb5,0.9645833333333331,106.46999999999998
t1_g4cka1q,0.9085399449035804,102.3005780035735
t1_iq3n6gt,0.9772727272727273,38.440000000000005
t1_f4i3b9p,1.0,100.80000000000004
t1_gscbh2b,0.9535714285714287,78.53263157894737
t1_ez5khxn,0.9519125683060111,131.24999999999997
t1_hqg9y2v,0.9447368421052624,128.05333333333334
t1_g5kqgws,0.9734265734265732,157.115
t1_dsxyg9x,0.9874999999999998,112.04666666666665
t1_hu8ghob,0.8831521739130439,85.32933914306463
t1_icanpki,0.9322580645161289,38.846592816381346
t1_fo1yl1t,0.9783783783783785,98.74666666666666
t1_efmlhjv,0.9263157894736844,73.17333333333337
t1_dtam0ro,0.9692307692307688,107.52000000000001
t1_j39tj1k,0.8888888888888888,82.86255924170615
t1_dvbcbco,0.976600985221675,108.57538461538464
t1_ejc4kfl,0.9923076923076923,114.33333333333331
t1_i2wfcci,0.9621212121212118,85.62909090909089
t1_hujpo09,0.9666666666666663,47.320000000000014
t1_hxn1w79,0.9587912087912082,92.47999999999999
t1_fss38xv,0.9809523809523807,91.03500000000001
t1_g5h79kj,1.0,92.16
t1_hov10ip,0.9048543689320389,145.68129032258065
t1_h7q6cnw,0.9131920710868069,88.36592178770951
t1_ewl8onp,0.8888888888888887,29.771626297577853
t1_k4prup6,0.9386792452830187,54.01021276595745
t1_jv2fc45,0.9975609756097561,116.66666666666669
t1_hgnsy9q,0.9428571428571431,63.00000000000002
t1_hw5y53n,0.9131767109295196,110.0
t1_hyucqwo,0.9666666666666668,80.64000000000003
t1_f77ubvp,0.9933333333333334,70.98
t1_gs51ada,0.9422222222222217,98.74666666666666
t1_is6pamy,0.9695652173913041,95.57333333333334
t1_h02z5id,0.941658472631923,129.68579613590938
t1_i72lfrd,0.9656565656565657,60.50000000000001
t1_f8ddjqo,0.959375,67.24
t1_gptx4bd,0.8888339920948612,68.01681042070058
t1_iibmykm,0.9824561403508769,121.18909090909088
t1_dy0j7tc,0.974025974025974,81.22333333333333
t1_e4dmtmf,0.9005681818181818,102.06000000000002
t1_icanpki,0.9322580645161289,38.846592816381346
t1_hc69h31,0.9016129032258072,117.32616635505892
t1_gxtmzmy,0.994736842105263,73.17333333333337
t1_gsywhss,0.9571428571428572,126.00000000000004
t1_ev8xp30,0.9800000000000001,235.4800000000003
t1_jp2j77o,0.974074074074074,90.71999999999997
t1_gxlju1q,0.9532967032967031,129.472
t1_ehv2kzu,0.90521978021978,72.08000000000001
t1_j0npnra,0.98,60.839999999999996
t1_ev8t76j,0.9782608695652172,73.17333333333333
t1_g4tfdp0,0.9547058823529417,131.6730434782609
t1_g23dook,0.8881578947368427,86.45430254376173
t1_gk3qc42,0.9499999999999995,95.83
t1_gw2t76k,0.8308270676691729,63.133557800224466
t1_gw5ngm6,0.9709724238026125,91.00000000000003
t1_h0q3v62,0.9884615384615383,114.33333333333331
t1_eau9xjg,0.9666666666666663,101.63999999999999
t1_ge4wg4n,0.9923076923076923,129.02400000000006
t1_e3ez01l,0.9674418604651163,75.71200000000002
t1_eb2m99c,1.0,189.28000000000014
t1_gpsm49h,0.8981481481481493,62.10821322351865
t1_izlpvtk,0.9896551724137931,101.08000000000003
t1_gyledk2,0.9312499999999994,69.05504587155963
t1_eqae2yx,0.9527777777777775,81.00000000000001
t1_gyh5dem,0.9750000000000003,130.23499999999999
t1_igwrma9,0.928146258503402,136.64933333333337
t1_hf6tc7w,1.0,292.69333333333316
t1_gy892be,0.9328671328671326,104.74333333333337
t1_hta3drz,0.9918300653594773,153.76000000000002
t1_d1drsnh,0.8548387096774208,80.82114467408584
t1_hdqtm4n,0.9302325581395348,58.24
t1_hejdxsw,0.8913725490196088,91.86776452719808
t1_i391a57,0.969892473118279,101.08000000000003
t1_gv56lq2,0.9500988142292484,143.0128
t1_hrabolz,0.9652661064425757,91.1842105263158
t1_iktl5wg,0.9716981132075472,114.68800000000002
t1_gxd8jom,0.9379509379509371,107.56869565217394
t1_dy26buk,0.8706796116504862,86.59544383346427
t1_k6ma7cg,0.9590909090909091,89.69333333333331
t1_hk2om0v,0.9617647058823531,47.49655325443787
t1_ezf5dyk,0.9789227166276343,170.36444444444447
t1_h77send,0.961176470588236,151.42400000000004
t1_dw74hjp,0.9777777777777776,33.272727272727266
t1_hemumpw,0.9636363636363635,123.48000000000002
t1_fmfm4su,0.9428571428571428,87.77176470588233
t1_gl1ivp8,0.9727272727272728,82.31999999999998
t1_hg6qo5v,0.9838709677419353,89.60000000000001
t1_gmlp2yb,1.0,134.7733333333333
t1_ie0vawm,0.9100000000000001,47.096
t1_er6dx3k,0.9878787878787879,56.529973190348514
t1_eudl1mi,0.9550072568940492,118.30000000000001
t1_iie1ofb,0.9540692989524568,110.894
t1_i2rj81n,0.9869565217391305,286.72
t1_hi5eww5,0.9878787878787879,164.6400000000001
t1_di0tf0w,0.9049180327868848,75.0
t1_hm7dh22,0.9474885844748847,113.40000000000002
t1_fe5xa6k,0.934356351236146,144.50000000000006
t1_g8iuabj,0.8637500000000005,68.17745891586951
t1_e2mi5fm,0.942528735632182,128.2288
t1_jze7b0k,0.9088823336610928,154.568
t1_h5d40q5,0.9566137566137565,110.6746666666667
t1_gcib42a,0.940886699507389,94.09866666666666
t1_gx8dfnm,0.9132867132867125,73.93647058823531
t1_djf2914,0.9542857142857141,45.08940145985402
t1_jfuf2zn,0.9416666666666662,51.54545454545455
t1_ejrsahj,0.9689608636977054,102.54461538461543
t1_dt9elm2,0.9535714285714286,127.77333333333341
t1_ebi2vx7,0.97,117.73999999999997
t1_ej7rig2,0.8396372483963712,72.48474959206729
t1_el49p3j,0.8193027210884353,53.561926605504595
t1_glczc7c,0.8817460317460305,118.47582783830276
t1_kdas8gi,0.8623832308042824,87.84144717372004
t1_hg0l84c,0.9635627530364369,151.79294117647058
t1_fo64zu2,0.9871794871794872,79.38000000000001
t1_idluzk4,0.915384615384615,57.166666666666686
t1_e2uwyee,0.9827044025157233,76.45866666666667
t1_gcmg97l,0.9761904761904758,84.00000000000003
t1_hrffqjp,0.9487179487179483,92.16
t1_etkzes2,0.8767676767676761,35.81395348837209
t1_fotbeh5,0.9578947368421052,88.36000000000001
t1_ec2zcqa,0.9414473684210518,116.9182608695652
t1_itzxs42,0.8807413376309426,72.81818181818181
t1_jms9dfm,0.9105616605616601,104.59808612440192
t1_f8dn3sw,0.9312099093120982,169.0
t1_e2kd0gw,0.9171717171717167,111.0
t1_dst39lq,0.9416666666666664,54.00458715596331
t1_ijls5cu,0.9952380952380951,104.04000000000003
t1_jttyfuc,0.9527845036319612,76.39578947368423
t1_k9k5mso,0.918333333333333,115.76444444444441
t1_ht1oivh,0.9571428571428567,87.77176470588233
t1_g4d2mm3,0.9085399449035804,102.3005780035735
t1_ikxuzoe,0.9209302325581391,48.76288288288289
t1_hdry65j,0.924242424242424,37.924593301435415
t1_ff6n7ag,0.9599358974358976,123.47999999999998
t1_j1dedfj,0.8403921568627442,65.61414790996784
t1_frimgth,0.9862068965517239,80.86400000000003
t1_emtcrts,1.0,304.9200000000003
t1_h9d7oou,0.9458333333333333,76.23
t1_k18kbo0,0.9919871794871796,92.61000000000001
t1_h7cx44m,0.9707259953161597,85.18222222222224
t1_e8e4n3y,0.9461538461538459,85.74999999999997
t1_jupe166,1.0,102.06
t1_hn52wjp,0.9702702702702698,74.06
t1_h7x79cs,0.9617224880382764,140.38888888888889
t1_h0xvcsl,0.9330011074197113,100.52479338842976
t1_f8fvvst,0.953125,120.55750000000005
t1_gbe2sc1,0.9783783783783785,98.74666666666666
t1_gte95yx,0.876976284584979,67.32629885628091
t1_jiwlr64,0.9797619047619048,87.77176470588233
t1_gyh6dv3,0.9782608695652175,109.75999999999998
t1_dtbufji,0.981132075471698,104.26181818181819
t1_i3wbj8n,0.8940740740740741,40.523809523809526
t1_dssvnhe,0.9774193548387097,63.999999999999986
t1_j0oqoc1,0.9811320754716979,127.43111111111112
t1_hf5tkj3,0.9690476190476189,104.04000000000003
t1_jsis2tb,0.8961538461538461,42.875000000000014
t1_g4m6sza,0.9548387096774189,112.00000000000003
t1_gi5epn1,0.940705128205128,76.675562403698
t1_dfumrce,0.9977777777777778,116.64
t1_gze1qn3,0.889328063241106,104.92265876152834
t1_hg0knnu,0.9635627530364369,151.79294117647058
t1_gn4a9my,0.8828011611030467,84.08137129107075
t1_gnq5t25,0.937908496732026,62.0
t1_dumn2t3,0.985,134.45600000000002
t1_e3db1q8,0.9833333333333333,91.03500000000001
t1_j1dedfj,0.8403921568627442,65.61414790996784
t1_dut2dou,0.9900000000000001,106.47000000000004
t1_h0bzyyo,1.0,29.0
t1_kf4zudh,0.9298245614035079,74.03614058355438
t1_eaag5ml,0.8355903512484129,88.88864345114345
t1_ewi3drn,1.0,212.93999999999986
t1_j2a1yv0,0.9119047619047623,86.63347457627118
t1_h5s2rnc,0.917391304347826,26.512592592592593
t1_hu5ez2a,0.9502899751449867,44.294117647058826
t1_k63z1cv,0.965853658536585,100.0
t1_jjcqhut,0.9791666666666666,101.63999999999999
t1_gjuqlcb,0.9382352941176472,50.03187722419929
t1_iv7fmry,0.9234567901234572,112.00000000000001
t1_hnysrov,0.9733333333333334,141.9600000000001
t1_i2jemch,0.9866666666666666,42.58800000000001
t1_gvwoirj,0.8851258581235709,74.62303771201732
t1_h0b0n30,0.9193840579710145,109.76
t1_j2a1yv0,0.9119047619047623,86.63347457627118
t1_hsm4zo8,1.0,32.0
t1_igad9lf,0.8991803278688534,88.6614714769088
t1_ivc5hrl,0.9322368421052627,73.1319282969706
t1_jm7zwd0,0.9067307692307692,89.60000000000001
t1_gnqb3pm,0.9538461538461539,112.00000000000003
t1_dxwmmgu,0.9857142857142857,63.00000000000002
t1_jp33k4v,0.9645833333333331,106.46999999999998
t1_hi5eww5,0.9878787878787879,164.6400000000001
t1_gru6wpa,0.9719202898550725,131.712
t1_j4lsctc,0.9731182795698915,147.02545454545455
t1_h05jemi,0.9787878787878787,61.74000000000001
t1_ezicc6z,0.9554655870445342,95.22
t1_girn761,0.9588592800374012,168.31818181818184
t1_i9j8od5,0.8547699214365864,87.76726519337016
t1_hpou96n,0.9633333333333328,85.17600000000002
t1_gncdmbt,0.9122536945812801,119.75060496067758
t1_fkt5ng2,0.9508460918614015,105.61333333333334
t1_e50geae,0.9237288135593218,63.086783625731
t1_h87wuuf,0.9640522875816993,97.84727272727277
t1_gsdgupf,0.873931623931623,103.11235955056179
t1_jgcaxki,0.98,104.18800000000005
t1_hrtpeb6,0.8938053097345113,127.49337748344371
t1_froim3v,0.9881422924901184,97.56444444444445
t1_j6hoxz0,0.9263440860215063,142.71774193548387
t1_h7hwebn,0.9550865800865783,120.96000000000001
t1_hzqzx89,0.9301587301587299,103.75750000000002
t1_et6hm26,0.9336734693877549,72.00000000000003
t1_ibu5a2r,0.9377777777777777,56.31826999790048
t1_dg81f6h,0.9697802197802192,99.59384615384617
t1_gx3tiqm,0.9313131313131299,178.58206896551724
t1_hvau3fr,0.975,76.66400000000004
t1_i8p5l14,1.0,81.64799999999998
t1_k4egrf9,0.8810663021189332,57.48445273631842
t1_gxecbxa,0.9519906323185011,102.21866666666665
t1_hrb4wq1,1.0,168.07000000000005
t1_hgnnbc1,0.9356725146198821,60.92008196721312
t1_hfx9evz,0.9596651445966505,119.36842105263158
t1_hdveh5b,0.9812500000000001,87.50000000000006
t1_jxrnz3n,0.9291747888239108,99.0
t1_i7n8om3,0.9606557377049176,121.15384615384617
t1_dzpw21t,0.9857142857142857,76.66400000000004
t1_d375flm,0.9450000000000003,58.86999999999998
t1_d01kd3o,0.9588235294117637,108.99368421052634
t1_kay9hdx,0.9636591478696745,80.70588235294117
t1_e9p6lst,0.9837837837837835,74.06
t1_gxid4jd,0.9710884353741496,201.59999999999994
t1_jqugkxd,0.9288949275362327,103.5392156862745
t1_f60l2vj,0.9064983637213643,80.36926795049202
t1_ezf3mf3,0.9789227166276343,170.36444444444447
t1_e70rwuj,0.9515151515151514,43.485498366013076
t1_htwwxhl,0.9849999999999998,84.03500000000003
t1_jx42ted,0.8898869892784699,88.92758311149632
t1_dyh6zk0,0.9424242424242423,54.88
t1_kfgksr7,0.9624999999999997,58.83500000000002
t1_ke66zkr,0.9935483870967742,447.99999999999966
t1_j6n8uxn,0.9909090909090907,89.69333333333331
t1_gtbn8yr,0.9717948717948716,92.16
t1_ex35709,0.9764705882352942,189.28000000000014
t1_h81gdqi,0.9323899371069183,76.45866666666667
t1_fm0n822,0.9579268292682929,119.01166666666668
t1_g3kjdpy,0.9883720930232558,151.42400000000004
t1_dy5sjng,0.9085144927536232,83.52683146067415
t1_fzp0p9m,0.8910984848484849,110.86731015736507
t1_ho90o4u,0.9304347826086957,71.68
t1_f0kddf1,0.9421052631578947,36.586666666666666
t1_gx53qzu,0.928030303030303,122.47199999999998
t1_kbj0kca,0.9205607476635509,152.46
t1_f49k0yo,0.9654088050314462,76.45866666666667
t1_f7evkom,0.9846153846153847,135.52000000000015
t1_gv1ih2a,0.8870073891625609,105.4511911822855
t1_elgc8jr,0.9800000000000001,117.73999999999997
t1_gt2hqjo,0.9441176470588252,144.21333333333337
t1_gzn7a5i,0.9221059113300489,150.67684210526318
t1_fjtrkun,0.9060626249167218,109.77166666666668
t1_fgezaei,0.957427536231884,84.0
t1_hjl0t4f,0.9573934837092731,124.72727272727273
t1_hg0l3o7,0.9635627530364369,151.79294117647058
t1_dszbrna,0.9622222222222219,116.64
t1_gny21qm,1.0,121.83500000000004
t1_jgurspo,0.8999999999999996,70.35192643746905
t1_jms9dfm,0.9105616605616601,104.59808612440192
t1_i0jh8vn,1.0,173.6466666666667
t1_gimrykx,0.9800000000000001,58.86999999999998
t1_juvl0tw,0.9182692307692307,112.00000000000003
t1_ggkf63c,0.9200875752599883,98.53481012658227
t1_f5q9f7e,0.9443996776792902,110.894
t1_f8rl2k6,1.0,181.43999999999994
t1_gtaz80l,0.9043809523809532,131.064
t1_h6x17yh,0.9331325301204821,84.35294117647058
t1_iiyi6oe,0.9724137931034483,134.7733333333333
t1_j1r7how,0.9738562091503266,134.54000000000002
t1_hfx8t1p,0.9596651445966505,119.36842105263158
t1_exta6a0,0.9679999999999996,80.91999999999999
t1_de2711z,0.9113384484228471,38.828976977670074
t1_eutiq8t,0.9101960784313728,89.4110342019544
t1_jwn2hn5,1.0,120.95999999999995
t1_fojx4yc,0.9729729729729726,84.64
t1_f5rmti5,0.9217687074829933,64.51870324189528
t1_cwebif6,0.9805555555555555,94.50000000000003
t1_hfk1fyt,0.9310661764705882,78.58491263713937
t1_dytohsf,0.980072463768116,197.56799999999998
t1_f4k1n4y,0.9247311827956992,108.27710843373495
t1_ecjhbjz,0.9791666666666662,69.45750000000001
t1_j7zj9a7,0.9866666666666665,102.06
t1_is5xw7j,0.9419354838709678,95.13411764705882
t1_jpn0c1k,0.8964521452145213,138.88000000000002
t1_faejhk5,1.0,362.8799999999999
t1_gt5j6j5,0.9068965517241384,102.78137428819065
t1_hlpywha,0.9945054945054945,107.89333333333332
t1_hnysf8b,0.9200000000000003,47.096
t1_g0pb1bn,0.9709677419354835,85.12
t1_hujpo09,0.9666666666666663,47.320000000000014
t1_kcncpiq,0.9813953488372094,151.42400000000004
t1_ici7loy,0.9832089552238806,156.89333333333332
t1_iz727t6,0.9222676797194617,126.75383898868931
t1_gtludqe,0.9129166666666658,106.57371794871796
t1_dyp3e6m,0.9826086956521737,95.57333333333334
t1_i1w3w9c,0.9571428571428572,64.87292168674699
t1_f17mla9,0.8771612903225822,92.89644866385373
t1_dydpc83,0.8783783783783782,33.111111111111114
t1_iagrkzk,0.9454545454545451,61.74000000000001
t1_k4u8bjj,0.9641025641025641,71.68
t1_ebzl00l,0.9839999999999998,64.736
t1_e7xn9br,0.9409900990099014,115.11075949367088
t1_e33d68o,0.9559748427672954,104.26181818181819
t1_h3wkzec,0.970454545454545,112.36000000000004
t1_k2kngnj,0.9002932551319641,114.0
t1_e8goh8m,0.9888888888888887,70.87499999999999
t1_hell83p,0.8538251366120211,72.78025936599424
t1_gny1lfx,0.9641943734015337,119.00000000000003
t1_jtse98m,1.0,60.480000000000025
t1_ifeyj61,0.9499999999999997,60.839999999999996
t1_gomzx4e,0.922916666666666,44.56732968327674
t1_i9ftbk6,0.9339622641509434,95.57333333333334
t1_gugg67i,0.8958333333333333,102.64633663366337
t1_hg0l0tz,0.9635627530364369,151.79294117647058
t1_gzy7yec,0.9788011695906427,142.45411764705887
t1_j467bok,0.9466966966966961,115.93400000000001
t1_fte757n,0.9970588235294118,73.96000000000002
t1_dam0h7s,1.0,67.24
t1_hfk1jxm,0.9310661764705882,78.58491263713937
t1_kb0s786,0.9269406392694055,90.36000000000001
t1_kf88cba,0.9064039408866988,58.616279069767444
t1_g1ky466,0.9812312312312309,128.8155555555556
t1_j75wwee,0.9935483870967741,112.00000000000003
t1_gzwhjoa,0.9453551912568301,112.50000000000003
t1_il1mxfw,0.866133866133865,58.61645746164575
t1_ef7tvwt,0.9059523809523808,114.25076923076924
t1_dytohsf,0.980072463768116,197.56799999999998
t1_dyy7u1z,0.938709677419354,71.52135989879822
t1_gpq6pey,0.9860465116279068,84.12444444444442
t1_k2ko8ma,0.9002932551319641,114.0
t1_h2juajq,0.9317738791422993,124.74000000000002
t1_i35ht1l,0.8879870129870127,54.90158172231986
t1_evbmxqn,0.9742857142857141,60.231111111111105
t1_joi7so1,0.9324999999999999,61.11636363636364
t1_e3n8u6b,0.982758620689655,134.7733333333333
t1_e87u4im,0.9510233918128649,186.28615384615387
t1_gmn5453,1.0,269.08000000000027
t1_jn7npig,0.9772727272727272,104.65777777777781
t1_inri62x,0.9150000000000003,58.23280063291139
t1_gxdaz6x,0.9046391752577319,85.79236977256053
t1_ivcmeib,0.9043560606060606,108.06352941176469
t1_e5myckn,1.0,80.91999999999999
t1_hgnsml7,0.9356725146198821,60.92008196721312
t1_id3dtoj,0.9729064039408868,88.2175
t1_jhj434n,0.921474358974359,79.38000000000001
t1_hua6u8o,0.9794117647058823,73.96000000000002
t1_dnehbdr,0.9843749999999993,141.96
t1_i9j4jkp,0.9733333333333333,212.93999999999986
t1_gcqqfut,0.9535353535353537,94.1111111111111
t1_kbtpo43,0.9689655172413794,80.86400000000003
t1_ik2z128,0.9671179883945836,60.648
t1_gojbzbr,1.0,181.43999999999994
t1_k6oi5i0,0.9440860215053756,76.0
t1_hjvzntt,0.930841924398625,120.0
t1_exlxtk5,0.9336538461538462,105.41176470588236
t1_gkxxoay,0.9499999999999997,70.98
t1_j4jcw1z,0.9496487119437939,67.57638888888889
t1_jbafu53,0.9110824742268042,99.86832740213522
t1_fo5mkln,0.9211822660098516,123.29692307692308
t1_eqqnc2u,0.9756756756756757,74.06
t1_eeyang8,0.8692771084337352,61.90195764680065
t1_e14vx9e,0.9838709677419353,149.33333333333343
t1_gn43hmb,0.903714565004887,67.07692307692308
t1_e16wwap,0.8970152654363166,119.4250003737647
t1_gimrykx,0.9800000000000001,58.86999999999998
t1_gdwhsjp,0.8709382151029753,98.40889830508473
t1_f8gzw4g,1.0,362.8799999999999
t1_fofxaml,0.9741935483870964,89.60000000000001
t1_izf53vf,0.8472931562819195,64.50432134200791
t1_e9ukj75,0.9419822723609982,105.61333333333334
t1_jpmueic,0.9584980237154149,87.80799999999999
t1_jzvheuw,0.8925925925925924,51.84000000000001
t1_k9pbjdg,0.8843283582089553,44.05783652364484
t1_g3wdnry,0.9334415584415567,108.0
t1_gv6j40f,1.0,98.78399999999999
t1_etlqsfg,1.0,141.9600000000001
t1_h2othom,0.9324324324324325,74.06
t1_e5ndxmd,0.9755555555555555,68.04
t1_k7r2p8d,0.9613970588235294,83.43304347826087
t1_e4ktm1i,0.9586206896551722,57.76
t1_fklk70k,0.9636363636363635,77.00000000000003
t1_k7jm7ij,0.9975609756097561,116.66666666666669
t1_fi21xdt,0.9833333333333331,45.0
t1_frearhu,0.9292279411764706,96.44600000000001
t1_gptvybx,0.9649999999999999,112.04666666666665
t1_dxbnu39,0.9739130434782609,71.68
t1_gg2x8e5,0.9504201680672261,108.99368421052634
t1_gx3s9gz,0.8900343642611683,144.00000000000006
t1_i6fdyqw,0.9494614747307367,132.4575
t1_eceugpx,0.9313543599257885,81.22333333333333
t1_hctxa0m,1.0,143.36
t1_gxf6ukd,0.9490106544901062,108.00000000000004
t1_gf6x2th,0.9736842105263158,88.36000000000001
t1_fyk95oc,0.9878048780487804,116.66666666666669
t1_eaxonx6,0.9793103448275859,134.7733333333333
t1_f5dvkky,0.9634146341463411,50.0
t1_gs37rdx,0.9401315789473677,98.0
t1_dxbihwe,0.9850000000000001,117.73999999999997
t1_jspvj43,0.9909090909090907,89.69333333333331
t1_inown2o,0.9492017416545713,91.00000000000003
t1_gu8e380,0.9487654320987663,116.66666666666669
t1_fl932o7,0.8651685393258428,76.04060913705584
t1_dgpu8vz,0.92258064516129,44.800000000000004
t1_guzoaa2,0.9148148148148146,40.32
t1_j5llbph,0.9336384439359267,120.32129032258067
t1_eau536z,1.0,224.0933333333335
t1_gbubl02,0.9911764705882352,103.54400000000003
t1_foybyho,1.0,425.8799999999997
t1_k7atoac,1.0,26.0
t1_ezklioc,0.9135194307608091,51.64750692520776
t1_ect7ayw,0.9204639602319794,96.33272727272727
t1_e0neni3,0.975,55.214535679374386
t1_f698jqa,0.9769230769230766,114.33333333333331
t1_hh8glho,0.9699999999999999,53.23499999999999
t1_gjarv7f,0.904255319148937,114.12615384615384
t1_g6of9pt,0.9542910447761194,110.74823529411768
t1_e2hnuzb,0.9266666666666667,61.0
t1_is6fx44,0.979569892473118,107.8186666666667
t1_ewlqjv4,0.9512195121951218,63.63636363636365
t1_fcut805,0.8882438316400578,78.86666666666669
t1_g2ybjmq,0.9687499999999996,94.13600000000001
t1_e0l2zt6,0.9906976744186047,84.12444444444442
t1_eqz3ibj,0.9814814814814815,60.480000000000025
t1_jn2v79k,0.9822222222222217,148.12
t1_e2g8n1d,0.919791666666666,61.55504587155963
t1_e1u236u,0.9457225017972685,147.84
t1_gsyp68f,0.9366666666666666,60.839999999999996
t1_hoh33kk,0.9714285714285715,95.83
t1_hd6eq4e,0.9615384615384613,64.512
t1_ducu5l7,0.9764705882352942,63.09333333333332
t1_gzy7v12,0.9788011695906427,142.45411764705887
t1_fm0vcj8,0.9208132691278749,109.0
t1_dww0zqu,0.9439153439153439,92.22888888888892
t1_frzg3ff,0.9566433566433562,89.77999999999999
t1_gs7tgq9,0.9336057201225729,110.0
t1_gjkwzr3,0.8957317073170735,124.18608695652176
t1_j00yn1x,0.873290322580646,108.42283072546232
t1_ivaf0yr,0.8266625615763543,63.70113438045375
t1_k9f4xnn,0.9540816326530611,91.63636363636364
t1_jtej679,0.9488636363636364,81.0
t1_fp9mhw5,0.9884615384615386,171.49999999999994
t1_i7p08qh,0.9624183006535948,97.84727272727277
t1_gt7tsr9,0.8798136645962732,86.56164708555542
t1_gt74bfj,0.962121212121212,58.0
t1_jsq8lr5,0.9702702702702702,65.83111111111113
t1_iqdjrhf,0.9519230769230769,119.46666666666667
t1_hayud60,1.0,85.17600000000002
t1_e36z24u,1.0,143.36
t1_hdeovva,0.976190476190476,72.82800000000002
t1_iim97hn,0.9443413729128012,88.60727272727276
t1_gnlp8b9,0.9428571428571427,51.0
t1_h9ynukf,0.975609756097561,87.49999999999999
t1_k5srja1,0.9545454545454546,67.27000000000001
t1_ixlhdyb,0.9186730872124123,82.70761597731897
t1_grzjsoy,0.9600000000000001,54.70907103825138
t1_imj3m9j,0.9594594594594589,74.06
t1_duzom1l,0.9025641025641029,98.9213224523959
t1_ig95wp8,1.0,146.34666666666675
t1_h8gik8g,0.9543378995433789,133.41176470588238
t1_fyjpsbb,1.0,215.04000000000002
t1_f2q5omz,0.9277777777777764,143.745
t1_hfs6ft4,0.9393939393939384,94.0
t1_gzvvki2,0.9205236091631606,86.59104552876765
t1_dwis2v9,0.9580419580419577,104.74333333333337
t1_feka8b4,0.9879999999999999,53.94666666666666
t1_ee0zen9,0.92022792022792,87.12
t1_iic49ld,0.9677419354838708,89.60000000000001
t1_ia1vrsn,0.9554730983302414,64.97866666666667
t1_f5zfl65,0.8916256157635467,44.21509009009009
t1_dxi2lw2,0.9285714285714287,103.68000000000002
t1_e22zjhm,0.9481132075471693,88.22153846153847
t1_fa0er9k,0.9928571428571429,148.12000000000012
t1_gx6cbxa,0.9763157894736839,47.0
t1_f2gddv5,0.9249999999999999,101.63999999999999
t1_ic8kv2s,0.9311740890688255,69.0
t1_ergh9jy,0.9332365747460084,78.86666666666669
t1_ggiudmc,0.9131054131054127,54.297872340425535
t1_f35q1dv,0.8906030855539984,77.34184611135309
t1_gxab53t,0.9548872180451132,91.46666666666667
t1_e43isyj,0.9095238095238094,50.40000000000002
t1_ei9o7aj,0.8642857142857142,32.131578947368425
t1_h9dxqrq,0.9226890756302513,110.25
t1_dm3zsyx,0.9809523809523807,91.03500000000001
t1_izax2fo,0.9611742424242424,81.0
t1_fbg1di2,0.915824915824915,136.0
t1_ekyxflx,0.9666666666666665,101.63999999999999
t1_fbh388o,0.9962962962962962,72.57600000000004
t1_hympdkc,0.9789473684210526,123.70399999999995
t1_kde9akw,0.9615384615384618,72.29232323232323
t1_gzb9qr4,0.9150165016501653,77.02462720835247
t1_i724qx9,0.988,161.83999999999997
t1_ibdcwbz,0.9290935672514609,100.90500000000002
t1_iok40pt,0.9803921568627453,64.635
t1_gt38mql,0.9590909090909091,134.5399999999999
t1_gx5ab26,0.9589743589743588,64.512
t1_fwohu2c,0.938461538461538,73.93647058823531
t1_gz60v3d,0.9717171717171719,94.1111111111111
t1_g5tauf3,0.9542857142857141,90.34666666666668
t1_duy8wzv,0.9160447761194029,75.21192052980132
t1_gvtosdi,0.8999999999999995,94.79680000000002
t1_ghvaxat,0.9568151147098513,95.22
t1_ibdro25,0.9737373737373736,141.16666666666663
t1_gomzx4e,0.922916666666666,44.56732968327674
t1_k03lag2,0.9586942038640897,146.36222222222221
t1_gxfaf0s,0.9746376811594203,103.98315789473686
t1_jmtqugd,0.9575757575757573,84.70000000000003
t1_dxqic5r,0.962790697674418,75.71200000000002
t1_gx5fcgo,0.928030303030303,122.47199999999998
t1_iqxubn0,0.9500000000000001,63.88666666666667
t1_ese2a19,0.9613152804642161,82.70181818181817
t1_e2s3wrh,0.9533333333333328,53.23499999999999
t1_du4jf3a,0.9520000000000001,80.91999999999999
t1_jb1z2bv,0.9944444444444444,102.06
t1_dvlqcth,0.8918128654970746,61.89185728163915
t1_ezbird4,0.9010025062656644,44.487092391304344
t1_dygzkq8,0.9601139601139593,101.64000000000003
t1_hf2v9r5,0.9392857142857142,54.76000000000002
t1_h6orttf,0.8954203691045785,51.06349735684995
t1_gfnj6eo,0.9818181818181817,112.36000000000004
t1_igfmdu1,0.9945945945945945,197.49333333333348
t1_jrfma0j,0.8274666666666651,63.71268334771354
t1_kdhi7b1,0.9868421052631577,103.0866666666667
t1_h3kyfie,0.9444444444444436,63.54619266055046
t1_jnj5gn1,0.8791423001949313,69.63068138896583
t1_ettuzzy,0.9386909693454836,100.91999999999999
t1_dypedvw,0.9145199063231844,90.1929411764706
t1_e8p8xs5,0.9636363636363636,123.48000000000002
t1_hyhrrae,0.8825174825174821,45.49807445442876
t1_e9mu9iy,0.9758620689655173,57.76
t1_gxtkr3e,0.9048706240487057,103.0909090909091
t1_h4g0a3y,0.9892857142857141,76.66400000000004
t1_f3otibj,0.9300373134328358,83.7890909090909
t1_i1i6rcg,0.9848484848484849,82.31999999999998
t1_fe1g8qr,0.9636363636363633,65.54333333333335
t1_jw0q45y,0.9248188405797102,103.98315789473686
t1_fn84ssf,0.9125925925925916,55.04982817869416
t1_h8eio72,0.9769230769230768,92.16
t1_gkt8j15,0.9413793103448275,57.76
t1_ibj6t6i,0.996969696969697,70.56000000000003
t1_fs99u6w,0.996551724137931,67.38666666666666
t1_gv2bc4r,0.9072164948453604,97.90055248618785
t1_etxuout,0.957516339869281,71.75466666666667
t1_iic49ld,0.9677419354838708,89.60000000000001
t1_gcr5di2,0.9611111111111111,68.03999999999998
t1_fwisv1v,0.9762845849802373,125.44000000000001
t1_du2l4d7,0.9804878048780487,70.00000000000001
t1_k7635ks,0.9526315789473682,47.326224286662246
t1_d438c0g,0.8980263157894723,98.0
t1_i9c5aaw,0.9960474308300394,109.75999999999998
t1_f9kl989,0.9697336561743345,111.6553846153846
t1_gv52h3s,0.9253086419753092,93.01675977653632
t1_ig95wp8,1.0,146.34666666666675
t1_h6zqd2g,0.9825834542815669,107.54545454545459
t1_dx77lpo,0.9526315789473685,109.76000000000008
t1_ggrwrg7,0.9673507462686567,117.67000000000004
t1_fwv5z36,0.9729206963249516,101.07999999999997
t1_gyvl0jm,0.9903225806451614,223.99999999999983
t1_ff7b6c3,0.9657142857142856,49.28
t1_id404h8,0.9124999999999995,66.88446797453554
t1_i0abqp1,0.9750000000000001,117.67000000000004
t1_dvcvd3x,0.9449999999999997,42.97387005649718
t1_hf25e5x,1.0,25.0
t1_gvtomez,0.8999999999999995,94.79680000000002
t1_hl51m8k,0.902757619738751,52.1031746031746
t1_kd4yc1l,1.0,181.43999999999994
t1_feywp3e,0.95,78.49333333333335
t1_e0ayvim,0.9926829268292682,349.9999999999998
t1_hkwzb2z,0.9723320158102766,109.75999999999998
t1_e4ldsg4,0.9771428571428569,77.44000000000003
t1_gxdjmfk,0.9598880597014925,94.13600000000001
t1_f4s1k76,0.8832582582582589,117.97527982733524
t1_dxuaw5q,0.9606060606060604,164.6400000000001
t1_gqyt65v,0.9430147058823529,101.52210526315793
t1_i1f1hqu,0.9783333333333337,115.76444444444441
t1_gtjfzbr,0.9430970149253731,125.51466666666666
t1_gtndovs,0.8524659863945576,52.9282245751045
t1_hfs6occ,0.9393939393939384,94.0
t1_k6bxh7x,0.9484848484848485,98.78399999999999
t1_gnlpnji,0.976,97.91999999999999
t1_fdim3ht,0.9800000000000001,67.76000000000002
t1_glrxz2u,0.9298245614035081,110.07818181818183
t1_dvi1sb9,0.929824561403509,98.00000000000003
t1_e42of0s,1.0,152.46000000000015
t1_iwaxo8r,0.8764044943820215,59.559446254071666
t1_gycivvf,0.9457142857142852,60.231111111111105
t1_dz9aqw3,0.9677419354838707,63.999999999999986
t1_heaw3yi,0.9501811594202898,98.78399999999999
t1_gz13izl,0.878995433789954,45.0
t1_fq3jd98,0.972972972972973,84.64
t1_ii1abre,0.9462989840348329,84.50000000000001
t1_hf5szod,0.9690476190476189,104.04000000000003
t1_hc9gxog,0.9391304347826086,40.96000000000001
t1_e8roglc,0.9803921568627453,60.005934704830054
t1_kev1fij,0.9246575342465744,82.14520958083833
t1_io627nq,0.9818181818181816,87.39111111111114
t1_gg2tyhl,0.9219219219219212,100.81217391304348
t1_gtugwwa,0.981578947368421,61.85200000000001
t1_gs5q57j,1.0,219.52000000000015
t1_hxwbas0,0.8915384615384614,117.40397350993376
t1_i5j4tlg,0.9703153988868274,108.29777777777775
t1_fk1uyfa,0.9791666666666666,50.820000000000014
t1_h3cfhxp,0.9758620689655174,134.7733333333333
t1_hwvdodb,0.8557312252964423,37.70773296956263
t1_es8hyiq,0.9006993006993005,57.84699453551913
t1_e7kj243,0.9616666666666663,74.42
t1_gny16id,0.9948849104859334,119.00000000000003
t1_ehbhtjz,0.9709677419354839,89.60000000000001
t1_g67swpi,0.8803827751196172,50.76985232528497
t1_hkf7gff,0.9625,50.820000000000014
t1_g36n90z,0.975,78.49333333333335
t1_jn0br6j,0.9259259259259259,107.04901960784314
t1_gj5dzhj,0.9720930232558137,68.82909090909091
t1_fyk95oc,0.9878048780487804,116.66666666666669
t1_gvqacic,0.927068723702665,123.43333333333332
t1_h0sa9ak,0.956,64.736
t1_jxac7m1,0.9922630560928432,113.715
t1_gxierxj,0.9368421052631571,141.5326315789474
t1_h8m2ksd,0.9580983078162766,123.21555555555554
t1_f7e7hib,0.9738562091503266,64.635
t1_e6biv9y,0.9578947368421048,51.67801169590643
t1_i5mlqng,0.9692118226600982,128.31636363636363
t1_heo0ew1,0.9347426470588235,63.724043715846996
t1_i82c4yf,0.8767182130584192,68.63473397389933
t1_gxdj28n,0.9516666666666665,65.11750000000002
t1_g00k78y,0.9374999999999993,89.65894736842105
t1_f4yf6qc,0.981578947368421,20.915689149560116
t1_f88zppf,0.971153846153846,123.47999999999998
t1_cledddm,0.9519906323185016,90.1929411764706
t1_jo70uxh,0.9555125725338488,63.35167164179106
t1_dk42wwt,0.9367681498829038,80.69894736842105
t1_gte8bhk,0.9731062303899609,146.85481481481486
t1_igo2c28,0.9493464052287582,71.75466666666667
t1_e4l98z8,0.9818181818181816,112.36000000000004
t1_e1kpkb9,1.0,76.23
t1_h4n3x6x,0.95,80.72727272727272
t1_hgntai6,0.9428571428571431,63.00000000000002
t1_ekqm6po,0.9636363636363637,134.5399999999999
t1_h85c3yl,0.8725247524752481,70.81868634108122
t1_i216olh,0.9533333333333334,53.23499999999999
t1_ho5lm7v,0.9666666666666668,71.68
t1_elgmxbd,0.9828571428571427,180.69333333333321
t1_fo0rwub,1.0,404.3200000000005
t1_f9vl57l,0.9829931972789117,143.99999999999997
t1_gqthlr2,0.9093937375083264,72.16796183356286
t1_k6iq30w,0.9734265734265736,114.26545454545455
t1_izuflvu,0.9356578001437813,147.84
t1_f8dfqmz,0.9279891304347835,118.1430303030303
t1_fm81ueh,0.8504166666666664,74.21780515117581
t1_juhu2vo,0.9976744186046511,108.16000000000004
t1_k83jz0w,0.9763157894736839,103.0866666666667
t1_i5qy5qi,0.9777777777777774,136.07999999999996
t1_hhj181y,0.9576923076923075,49.000000000000014
t1_e824ci7,0.965591397849462,101.08000000000003
t1_fagzc1e,0.9299828178694153,120.0
t1_huginaf,0.9432692307692307,71.15035188739604
t1_dxuaw5q,0.9606060606060604,164.6400000000001
t1_d5c5cfi,0.9708333333333332,60.984000000000016
t1_ihqebwb,0.9039408866995078,144.9066666666667
t1_f5jjewk,1.0,63.00000000000002
t1_grudkaw,0.8644660194174766,86.25512014634884
t1_hg6ky1l,0.9655913978494618,124.40615384615387
t1_jw7r4no,0.9664031620553359,79.82545454545456
t1_gjkwzr3,0.8957317073170735,124.18608695652176
t1_elbg9hh,0.9497098646034813,82.70181818181817
t1_f8t6on2,0.9201923076923076,94.3157894736842
t1_e8e4n3y,0.9461538461538459,85.74999999999997
t1_i6suo3w,0.9750000000000001,113.39999999999996
t1_gzwheyl,0.9453551912568301,112.50000000000003
t1_h6vqi2p,0.9810810810810812,148.11999999999992
t1_e4hwk5m,0.9441860465116274,75.71200000000002
t1_jshmoq4,0.9666666666666668,71.68
t1_e3zmzqb,1.0,34.0
t1_em4zymp,0.92258064516129,63.999999999999986
t1_gh89a1x,0.9797570850202425,111.09
t1_gl7nx9t,0.9676767676767672,70.58333333333336
t1_fbi2sac,0.9880000000000001,80.91999999999999
t1_dvi5pre,0.9678571428571426,191.66
t1_hc90cxf,0.9424242424242419,70.56000000000003
t1_fd6bp9h,0.9906249999999999,117.67000000000004
t1_evrlebq,0.9891891891891891,49.37333333333333
t1_k9mk7ta,0.9806295399515741,111.6553846153846
t1_kbx7thu,0.9092896174863389,87.50000000000001
t1_gzrlwqz,0.9729064039408868,117.62333333333333
t1_ff0qevp,1.0,42.0
t1_fliybvm,0.9818181818181816,98.78399999999999
t1_ifuoocz,1.0,447.99999999999966
t1_h1mk18h,0.9714285714285712,121.37999999999998
t1_fnprll4,0.975,84.03500000000003
t1_gy4jmlt,0.973426573426573,104.74333333333337
t1_e4v4mdb,0.8530076888285821,68.27716186252772
t1_i0m9kjx,0.9196428571428571,121.0
t1_ia1x5em,0.9554730983302414,64.97866666666667
t1_gtwe8b6,0.8994174757281558,92.28784034734392
t1_ei9o7aj,0.8642857142857142,32.131578947368425
t1_j0ixlz8,0.9476190476190474,87.77176470588233
t1_e0vvs4n,0.9428571428571421,103.54400000000003
t1_g2c0e26,0.9729729729729728,53.861818181818194
t1_gsk32qb,0.9385542168674704,138.72
t1_e0j0mo5,0.9775641025641026,138.91500000000002
t1_j15yj9u,0.9693877551020406,126.00000000000004
t1_ffurfu0,0.9724999999999996,84.03500000000003
t1_gxg6b8i,0.9664031620553359,53.419085735267124
t1_i0oe104,0.9849999999999998,78.49333333333335
t1_hu7e05r,0.9203778677462883,62.7043795620438
t1_dtjgllf,0.9724137931034481,80.86400000000003
t1_jgk4mnd,0.9157894736842108,43.903999999999996
t1_k7gtjrm,0.9285714285714287,76.664
t1_dxxjz9u,0.8758934372969454,54.90065590031935
t1_ew74lov,0.9756756756756755,148.11999999999992
t1_dyldb78,0.9857142857142855,135.51999999999998
t1_elq3yen,0.9611111111111111,68.03999999999998
t1_gnr35ii,0.9440000000000001,80.91999999999999
t1_gujynzm,0.9427501337613685,109.94466666666668
t1_du941xr,1.0,77.77777777777776
t1_fup2kn2,0.9122666666666667,140.1842105263158
t1_gbo9rfp,0.9334415584415577,171.8905263157895
t1_e9b1wh3,0.8975308641975313,84.5679012345679
t1_clwcokq,0.9875,67.24
t1_gmq4b61,0.988888888888889,120.95999999999995
t1_gyaq91m,0.9555555555555553,68.04
t1_h89u1bv,0.9428571428571424,51.510000000000005
t1_hd23oxk,0.9297297297297293,52.62400000000001
t1_fv3707r,0.9749999999999999,113.39999999999996
t1_j1qmyl4,0.9666666666666666,70.87499999999999
t1_ekj9tua,0.9693877551020408,112.0
t1_gs4s5c0,0.9369747899159658,72.42322259797095
t1_il6cs4i,0.9692307692307692,171.49999999999994
t1_gzy73nu,0.8994708994708981,92.96287894411219
t1_jktfxls,0.937147461724415,110.894
t1_eure0z8,0.9299242424242423,104.65777777777781
t1_joi7ulu,0.9324999999999999,61.11636363636364
t1_dlfcfb8,0.9354497354497349,97.65411764705885
t1_g4am4y9,0.9285714285714283,104.04000000000003
t1_ebmyyqt,0.9209876543209886,116.66666666666669
t1_fl1r4a3,0.9263157894736843,35.952
t1_h5ge58t,0.952614379084967,71.75466666666667
t1_g3webly,0.9334415584415567,108.0
t1_erl8xcx,0.9407407407407397,112.85333333333334
t1_htisd5x,0.9805555555555556,81.00000000000001
t1_gx4jjr2,0.9711111111111108,56.16
t1_gd8cryt,1.0,171.49999999999994
t1_gxydqk9,0.9499999999999998,106.47000000000004
t1_gzy6j29,1.0,134.7733333333333
t1_h02yqjb,0.941658472631923,129.68579613590938
t1_em9h6f2,0.9291044776119403,99.09052631578949
t1_dtzkauz,1.0,141.9600000000001
t1_hbqots5,0.9164208456243845,150.27444444444444
t1_glpx2fm,0.9599999999999999,45.60667981591058
t1_h1bqp5u,0.8994117647058827,108.16
t1_ekvq976,0.8878676470588235,66.09730973913611
t1_gxdbb93,0.9845261121856865,90.97200000000002
t1_jiq41ie,0.9203846153846152,116.61209964412812
t1_jyvvbz9,0.9861660079051383,87.80799999999999
t1_hljxln6,0.9346405228758168,76.88000000000001
t1_iqd0zw4,0.9552083333333323,94.64000000000003
t1_gx7ge0u,0.9256097560975614,109.8569230769231
t1_ek6j5l2,0.9365942028985508,103.98315789473686
t1_ejjbjc4,0.9594594594594593,53.861818181818194
t1_e9mgm6k,1.0,143.36
t1_h19q0ru,0.9886363636363636,78.65200000000003
t1_fe1g8qr,0.9636363636363633,65.54333333333335
t1_dk87iid,0.9636363636363632,70.56000000000003
t1_hmp43v2,0.9157088122605355,86.54411764705883
t1_d5c5cfi,0.9708333333333332,60.984000000000016
t1_gny0jbj,0.9221209610604797,76.69194312796208
t1_hemfft1,0.9549999999999998,78.49333333333335
t1_cqcc3il,0.9627906976744186,108.16000000000004
t1_gsieouv,0.9529411764705878,86.0
t1_e854lr4,0.9829268292682924,140.00000000000003
t1_dfumrce,0.9977777777777778,116.64
t1_jbythji,0.9838709677419355,447.99999999999966
t1_k1khyot,0.9014778325123145,114.49
t1_gr8vb8v,0.954705882352943,104.21517241379311
t1_f4wdbvk,0.9566666666666666,141.9600000000001
t1_gxfan4m,0.9746376811594203,103.98315789473686
t1_gf01cpk,0.9636363636363631,123.48000000000002
t1_gdk8bc4,0.8696969696969695,77.68536121673004
t1_gvq5opw,0.9170024174053178,110.894
t1_gr95xon,0.9666666666666666,126.00000000000004
t1_eamh3bc,0.9799999999999998,117.73999999999997
t1_hnmn7ce,0.9540816326530609,91.63636363636364
t1_h2z2373,0.957427536231884,123.48000000000002
t1_fqlefgu,0.9888888888888887,189.00000000000006
t1_k9s8wnp,0.9414141414141414,77.00000000000003
t1_gk770a9,0.9554924242424242,102.06000000000002
t1_inxupgd,0.9461538461538461,71.37931034482759
t1_gnqrmjp,0.9318095238095234,129.21499999999997
t1_hr0osz7,0.9962962962962962,72.57600000000004
t1_ekh5yq7,0.9941972920696326,181.9439999999999
t1_ivr5p1o,0.9784075573549256,78.41647058823531
t1_gzv1yoz,0.9134199134199131,60.71717132779524
t1_etbkkhn,0.9671179883945838,82.70181818181817
t1_hnv01yp,0.9571428571428571,31.233050847457633
t1_g5j3z0j,0.8875473484848485,115.838583031752
t1_hd23o8s,0.9297297297297293,52.62400000000001
t1_ihlyzfh,0.9515398550724644,177.21454545454552
t1_gxbf2xf,0.9307065217391313,134.43862068965518
t1_dso9d57,0.9864864864864863,98.74666666666666
t1_e6c5nf7,0.9519168291098109,78.9255587808418
t1_h4auy5p,0.9309523809523805,91.03500000000001
t1_etaa75u,0.9675675675675675,84.64
t1_j6b3bma,0.9874999999999998,94.13600000000001
t1_jvmey8z,0.9493464052287582,71.75466666666667
t1_g7c66qe,0.934523809523809,93.25750000000002
t1_i6fdyqw,0.9494614747307367,132.4575
t1_gnqrcge,0.9521044992743103,57.54587155963303
t1_ju4re7v,0.976923076923077,80.64000000000003
t1_duld2do,0.9096774193548385,56.000000000000014
t1_e1kv4sz,1.0,51.84000000000001
t1_eszo1qx,0.9959595959595958,120.99999999999997
t1_fl932o7,0.8651685393258428,76.04060913705584
t1_hteipvy,0.9818401937046005,145.15200000000007
t1_gejcstt,0.9730769230769233,114.33333333333331
t1_jikjg3s,0.9307692307692308,85.33333333333336
t1_hj38gdl,0.982142857142857,63.88666666666667
t1_ffclziw,0.9504201680672261,90.03826086956522
t1_ezldrs8,0.9866666666666667,80.63999999999997
t1_gynp4ml,0.9264990328820115,63.45120849210669
t1_eao0lp2,0.9159999999999997,53.94666666666666
t1_grzkwj5,0.879018118059615,81.94670911744083
t1_f32c3rv,0.9729206963249515,90.97200000000002
t1_gxdaz6x,0.9046391752577319,85.79236977256053
t1_fajd5sf,0.8308294209702642,107.83476326660312
t1_gnssiy8,0.8345407128368597,56.47417153996101
t1_gny0jbj,0.9221209610604797,76.69194312796208
t1_gnqwjgt,0.9221209610604797,76.69194312796208
t1_hf9890p,0.9689655172413791,80.86400000000003
t1_gyesj2t,0.9729206963249516,90.97200000000002
t1_gxierxj,0.9368421052631571,141.5326315789474
t1_gr0va2e,0.8939393939393925,132.6876923076923
t1_gt3fd2a,0.9218590398365675,78.6306404620469
t1_itrqhx6,0.9393939393939388,130.6368
t1_kbhniqh,0.8935259497057246,65.5357772350398
t1_i2rjywd,0.9850000000000001,235.4800000000003
t1_f7bzvwr,0.9201741654571842,84.50000000000001
t1_gvszglg,0.9657894736842104,68.72444444444443
t1_e3zcfgq,0.9284420289855072,103.98315789473686
t1_ffaj0yv,1.0,121.37999999999998
t1_elzyly8,1.0,118.49599999999997
t1_g6opqrt,0.9558823529411765,113.4658823529412
t1_kcbozh1,0.9644444444444441,68.04
t1_ic5ew02,0.943827160493827,140.00000000000003
t1_h3jya4e,0.8769736842105258,57.53468489641877
t1_dyo8qrm,0.8909937888198765,129.67361111111111
t1_e5w0479,0.9739130434782607,143.36
t1_gxidf0t,0.9710884353741496,201.59999999999994
t1_e2yu5fw,0.946373850868232,147.30434782608697
t1_gs4245j,0.9053442028985498,108.6645569620253
t1_eyllw4z,0.8695652173913051,51.04136690647482
t1_fnkauqo,0.9863636363636364,89.69333333333331
t1_jjrbdje,0.9344729344729343,87.12
t1_gu2p3zv,0.8976430976430967,98.09696433834364
t1_g7d3z1s,0.953333333333333,115.76444444444441
t1_gzy73nu,0.8994708994708981,92.96287894411219
t1_gnceete,0.9106230847803868,85.34074605451937
t1_dzz28sn,0.9019230769230767,109.52424942263279
t1_e4x2ums,0.9928571428571429,95.83
t1_jm7zwd0,0.9067307692307692,89.60000000000001
t1_iqzvon0,0.8671423717295259,58.194583677680896
t1_k53hblq,0.9749999999999999,61.11636363636364
t1_fzo408e,0.9958333333333332,152.46000000000015
t1_htef5i7,0.9636363636363634,134.5399999999999
t1_gzbcd4b,0.9041176470588248,76.80294659300185
t1_hobbgss,0.9015873015873013,79.05333333333334
t1_d0rprc3,0.9961538461538461,114.33333333333331
t1_jtqktnz,0.9208998548621191,131.0
t1_i3ly7xn,0.9125615763546805,78.41555555555556
t1_gny2q5a,0.9096080910240212,82.8738773916439
t1_g7hbuhg,0.9516441005802704,101.07999999999997
t1_feknz16,0.9515151515151514,61.74000000000001
t1_j0erf6h,0.9749999999999996,94.50000000000003
t1_i6b5zs8,0.8610666666666664,90.00881844058715
t1_gs5e91z,0.9375,103.98315789473686
t1_g3wep6v,0.9334415584415567,108.0
t1_e8pvy3n,0.9842105263157892,73.17333333333337
t1_ju2n90v,0.9636363636363634,87.39111111111114
t1_h00h7j0,0.9109243697478989,86.0
t1_hyg6t1f,0.9866666666666665,85.17600000000002
t1_iu0mggv,0.9787878787878785,70.56000000000003
t1_e3l7e35,0.9794871794871792,161.27999999999994
t1_hlpg403,0.9689542483660132,119.59111111111113
t1_gtin8vz,0.9364583333333331,85.17600000000002
t1_hfjtqjk,0.9310661764705882,78.58491263713937
t1_i6bod7h,0.9333333333333331,36.67005076142132
t1_j4nk5wn,0.9962962962962962,181.43999999999994
t1_gnz2jyc,0.9147640791476399,73.49633251833741
t1_h5w43gd,0.9829545454545455,134.56
t1_frm26a8,0.9433333333333332,70.98
t1_f7uwmxo,0.9066205533596828,113.0
t1_g4r8lu0,0.9621621621621622,74.06
t1_iaxu099,0.9333333333333332,60.839999999999996
t1_gnql7x6,0.9475108225108211,192.11294117647057
t1_h1zw81r,0.9864864864864865,98.74666666666666
t1_ite66co,0.9224999999999994,74.6977777777778
t1_h4lptfh,0.9484848484848484,82.31999999999998
t1_di0wads,0.9641025641025641,71.68
t1_e20h5nm,0.9449999999999997,61.11636363636364
t1_gx254v2,0.9393939393939376,136.08
t1_hemu1t5,0.9636363636363635,123.48000000000002
t1_jvo6kcj,0.9242718446601942,89.8056027164686
t1_engiv2p,0.7541337167505392,33.34375
t1_fegai80,1.0,223.99999999999983
t1_hbit9ab,0.878378378378378,51.939372424546164
t1_hpuj34d,0.917675544794189,76.39578947368423
t1_i6ezzgc,0.9520000000000002,46.239999999999995
t1_h40iw2x,0.9974358974358974,92.16
t1_e9a31kj,0.963836477987421,114.68800000000002
t1_dup7shv,0.9187500000000001,52.297777777777796
t1_f8pkzec,0.9775641025641022,101.0290909090909
t1_iu00ymu,0.8807413376309426,72.81818181818181
t1_ewn1u80,0.9838709677419355,63.999999999999986
t1_heq38kk,0.9414634146341461,77.77777777777776
t1_k0siuha,0.9597099113618045,116.7305263157895
t1_gnckzih,0.9727564102564099,85.48615384615384
t1_f8pkzec,0.9775641025641022,101.0290909090909
t1_e3r591d,0.9640151515151509,85.62909090909089
t1_gxifdus,0.9368421052631571,141.5326315789474
t1_g23dhr4,0.8881578947368427,86.45430254376173
t1_jyits3g,0.9500000000000002,38.115
t1_g0zx9ud,0.9337199668599828,79.44791666666666
t1_j7uxybj,0.9676767676767677,141.16666666666663
t1_du163mv,0.9825367647058824,192.8919999999999
t1_jxgo3fs,1.0,126.00000000000004
t1_g056a36,0.9571428571428571,126.00000000000004
t1_dmurcyz,0.8741176470588238,102.79558011049724
t1_heaqu0z,0.9501811594202898,98.78399999999999
t1_gjeemd8,0.9613583138173302,109.52000000000004
t1_jnrprpx,0.9437070938215106,119.77875
t1_g7sd731,0.9866666666666665,141.9600000000001
t1_gsk0iw2,0.9684523809523817,99.79540027137043
t1_ezq71p1,0.9617647058823526,172.57333333333332
t1_d2odas9,0.9914285714285713,77.44000000000003
t1_htgwao7,0.9647058823529411,129.42999999999992
t1_i7akby3,0.9853658536585364,100.0
t1_fofxaml,0.9741935483870964,89.60000000000001
t1_je3y3oq,0.9388888888888887,56.70000000000001
t1_hh22syv,0.9714285714285715,84.00000000000003
t1_czzbb41,0.9791666666666666,76.23
t1_efbdmm3,0.9384236453201974,94.09866666666666
t1_ic5ew02,0.943827160493827,140.00000000000003
t1_kdfxwfi,0.9615384615384609,81.312
t1_k5l4ld1,0.9182795698924724,89.84888888888891
t1_hq9whhr,0.8677419354838709,49.52601156069365
t1_jj8pzai,0.9126506024096389,54.06576806878922
t1_dvxjxtq,0.9113504556752274,62.04359693684131
t1_e2zok2d,0.9239130434782609,89.80363636363639
t1_hf5szod,0.9690476190476189,104.04000000000003
t1_foateet,0.9767441860465113,126.18666666666664
t1_fgrw5nt,0.9301470588235294,107.16222222222223
t1_g2cefyi,0.9714285714285712,95.83
t1_kfgrt31,0.9714285714285712,80.91999999999999
t1_dlydyod,0.9359756097560981,103.39407407407407
t1_jbc6bd9,0.9528846153846153,80.0
t1_k9f4xnn,0.9540816326530611,91.63636363636364
t1_g5bgdrb,0.9866666666666667,85.17600000000002
t1_hfe1rqa,0.9572649572649569,93.82153846153845
t1_g2zxe4a,0.8980679546968685,97.28740740740741
t1_hd23mrq,0.9297297297297293,52.62400000000001
t1_i6dqn7i,1.0,219.52000000000015
t1_gxd8rqf,0.9379509379509371,107.56869565217394
t1_e4hfeo0,0.954415954415954,101.64000000000003
t1_jdl5d4v,0.9823529411764708,94.64000000000007
t1_f4k1n4y,0.9247311827956992,108.27710843373495
t1_ik6pkoe,0.9789473684210526,109.76000000000008
t1_dm9s243,0.8763736263736259,68.0
t1_g074n2j,0.9704545454545452,55.45643478260871
t1_f9zkbk5,0.988888888888889,51.84000000000001
t1_f3uqdls,0.9543325526932088,80.69894736842105
t1_gtfa35v,0.9647058823529402,115.04888888888887
t1_k5h7ah6,1.0,188.38400000000013
t1_gv6gvge,0.9782608695652171,79.82545454545456
t1_gy3l4m4,0.9461358313817332,74.0
t1_fpdnay0,0.9379391100702575,127.77333333333334
t1_ewe9ooa,0.9485714285714284,49.28
t1_dx8k3c8,0.9857142857142857,76.66400000000004
t1_e84r7ia,0.971428571428571,54.76000000000002
t1_errzw04,0.9769230769230768,92.16
t1_e29o3cr,0.9218372280419012,69.16903572800615
t1_kak50al,0.910059960026648,105.38080000000002
t1_gbusmjf,0.9928571428571428,127.77333333333341
t1_fgbnl96,0.9700854700854699,81.312
t1_e51nsm1,0.9419448476052248,91.00000000000003
t1_ez8ecp5,0.9259796806966614,65.0
t1_go1g852,0.9051332033788163,82.27702702702703
t1_hgntud5,0.9428571428571431,63.00000000000002
t1_dzf8dl4,0.9863636363636363,67.27000000000001
t1_gu29b1q,1.0,252.00000000000009
t1_jtqkugn,0.9208998548621191,131.0
t1_gq1z3al,0.9846938775510207,143.99999999999997
t1_gy54ry7,0.9749999999999999,78.49333333333335
t1_i5cwjii,0.9521044992743105,98.58333333333333
t1_ebyyn0j,0.9363636363636364,44.84666666666666
t1_jn0i7yc,0.8784461152882204,98.62980085348507
t1_e5spy7t,0.9266666666666663,70.98
t1_gyh2sh5,0.9135011441647596,127.76400000000002
t1_cm0p49j,0.9812925170068023,52.64705882352941
t1_gzld7hg,0.954545454545454,71.5018181818182
t1_joi7w11,0.9324999999999999,61.11636363636364
t1_fah6rch,0.9874999999999999,304.9200000000003
t1_gsjiq4i,0.9309803921568627,93.23954578226389
t1_hz62oys,0.9547619047619048,99.47466666666665
t1_ea1g6cn,0.9664031620553359,109.75999999999998
t1_joi7vi8,0.9324999999999999,61.11636363636364
t1_guzlb8x,0.9148148148148146,40.32
t1_hqgw7x2,0.9286195286195279,115.07451611975496
t1_dwv9w1g,0.9972972972972972,148.11999999999992
t1_gtfbu6q,0.9849999999999998,39.24666666666668
t1_dvmjq2f,0.9952380952380951,63.00000000000002
t1_cp9o451,0.9521739130434782,71.68
t1_inown2o,0.9492017416545713,91.00000000000003
t1_jarac1v,0.9325581395348835,75.71200000000002
t1_d31pycf,0.923371647509578,97.44977137176939
t1_i6q3pgk,0.9202185792349722,75.0
t1_jn0i7yc,0.8784461152882204,98.62980085348507
t1_errzoqo,0.9769230769230768,92.16
t1_gdwhsjp,0.8709382151029753,98.40889830508473
t1_fwgy9zo,0.8812316715542509,95.0
t1_gxc4p9s,0.919576719576719,97.65411764705885
t1_g28t387,0.8942414174972307,108.4855172413793
t1_g4rrkh6,0.983660130718954,119.59111111111113
t1_dtgnvhp,0.8788235294117648,83.08415841584159
t1_gugg67i,0.8958333333333333,102.64633663366337
t1_irnh8nl,0.9767267267267262,122.03578947368419
t1_g75d9ew,0.9551912568306004,143.18181818181824
t1_evxgssx,0.85,56.493688639551195
t1_kcm73ae,1.0,143.36
t1_go0rps8,1.0,107.89333333333332
t1_gzvvcpi,0.9205236091631606,86.59104552876765
t1_i56672y,0.9785714285714285,95.83
t1_jrng3ku,0.8758241758241762,132.6
t1_k3rq6kx,0.8795081967213108,97.34572269905806
t1_jxmb30r,0.9777777777777776,94.50000000000003
t1_e3vh3ys,0.9549999999999998,117.73999999999997
t1_hf5sp4h,0.9690476190476189,104.04000000000003
t1_gxif15f,0.9368421052631571,141.5326315789474
t1_hjal99w,0.9451612903225803,63.999999999999986
t1_ik1dorr,0.9139784946236554,65.61748633879782
t1_fbks8mb,0.9767891682785298,303.2399999999997
t1_du2p89s,0.9622132253711196,95.22
t1_h3kyfie,0.9444444444444436,63.54619266055046
t1_gs31a3v,0.9427710843373502,83.93511870845205
t1_dqfazwe,0.8642857142857142,81.60989324212272
t1_eax2m17,0.9714285714285713,191.66
t1_inoqwei,0.9899999999999999,134.45600000000002
t1_cqcc3il,0.9627906976744186,108.16000000000004
t1_ft02iga,0.968531468531468,125.44000000000001
t1_fai2xjd,0.9413793103448275,50.54000000000001
t1_e9seu4s,0.9666666666666667,63.00000000000002
t1_e1ci2ui,0.9254385964912273,142.45411764705887
t1_efx6wkc,0.9695512820512822,101.0290909090909
t1_huuqfco,0.9152439024390246,129.83090909090913
t1_gxljajr,0.9942857142857142,108.416
t1_csthti6,0.9781250000000001,67.24
t1_e5g2rmk,0.9806451612903225,89.60000000000001
t1_iaxv4cj,0.9611111111111109,113.39999999999996
t1_gbx05sn,0.968253968253968,77.0
t1_ka3tv8u,0.9705882352941176,33.579431279620856
t1_gs8wgm8,0.9414414414414406,91.87360000000001
t1_gc8g0tz,0.9476190476190477,84.00000000000003
t1_gg5z5dm,0.973529411764706,64.715
t1_feazt7x,0.8625000000000002,31.049303278688527
t1_jnkxfr7,0.9705882352941174,129.42999999999992
t1_gx254v2,0.9393939393939376,136.08
t1_harqy6m,0.9309523809523813,97.17420814479638
t1_i8wwclf,0.9555125725338489,113.715
t1_fo64zu2,0.9871794871794872,79.38000000000001
t1_h60mfna,0.885057471264367,95.65828938471941
t1_gs2ew31,0.9822222222222221,116.64
t1_e6dpyn1,0.9364102564102554,145.6233333333333
t1_hgjle59,0.8800000000000001,38.52825366610265
t1_ec3nl8c,0.9594405594405592,83.79466666666669
t1_e8goh8m,0.9888888888888887,70.87499999999999
t1_g11lfhu,0.9686609686609681,76.23
t1_gxd3zbv,0.8933372296902397,116.17900856793145
t1_g4807tk,0.9813953488372094,151.42400000000004
t1_em4hx9e,0.9160493827160501,103.7037037037037
t1_gagevhn,0.977124183006536,119.59111111111113
t1_dmurcyz,0.8741176470588238,102.79558011049724
t1_durxzn9,0.9421182266009848,88.2175
t1_gt3nk2t,0.7679012345679012,21.574074074074073
t1_girxjtx,0.9152046783625728,82.13153656387665
t1_gs46wy7,0.9241379310344832,138.05376344086022
t1_iecn2d2,0.9966666666666666,70.98
t1_hemtv1u,0.9636363636363635,123.48000000000002
t1_hk2om0v,0.9617647058823531,47.49655325443787
t1_dtq17zk,0.9699999999999999,70.98
t1_heawbke,0.9501811594202898,98.78399999999999
t1_e94b9qu,0.9933333333333333,212.93999999999986
t1_fzm18v6,0.9363636363636364,44.84666666666666
t1_ia9jf2r,0.9795918367346941,74.97538461538464
t1_g58vr4c,0.964444444444444,90.72000000000004
t1_hn52wjp,0.9702702702702698,74.06
t1_io421pm,0.9413793103448275,50.54000000000001
t1_e98u3jh,0.9640151515151515,94.192
t1_e78v2gl,0.9297619047619047,58.42207080531318
t1_gnqw62w,0.9448529411764706,91.85333333333332
t1_kdu45r1,0.9159999999999998,64.736
t1_hqxgwyi,0.9749999999999996,127.77333333333341
t1_ixpvp87,0.964,37.884508118433615
t1_jmlounf,0.952380952380952,62.99999999999999
t1_el6s5yk,0.9473684210526315,61.85200000000001
t1_h3kimjf,0.8838785735337458,76.57061587929755
t1_h35xxsz,0.9858490566037738,143.36
t1_h1u5q24,0.9857142857142855,80.91999999999999
t1_hkxpear,0.9833333333333331,242.75999999999996
t1_jeju736,0.9206896551724139,50.54000000000001
t1_gbx05sn,0.968253968253968,77.0
t1_eqqnc2u,0.9756756756756757,74.06
t1_eknlezw,0.9580419580419575,78.5575
t1_jny2kzb,0.9829268292682927,116.66666666666669
t1_i5mgcat,0.9503676470588235,91.85333333333332
t1_gpq935v,0.9846938775510207,143.99999999999997
t1_j9563fi,0.9663461538461534,92.61000000000001
t1_j8ym47s,0.9301994301994296,87.12
t1_g9qat6j,0.9422222222222221,74.22545454545454
t1_kat9fvt,0.9373493975903621,126.65739130434785
t1_eed5kg5,0.8443768996960489,92.57595452923485
t1_e8xqvpo,0.988888888888889,72.57600000000004
t1_gsigr7k,0.9517625231910947,59.958749999999995
t1_idluzk4,0.915384615384615,57.166666666666686
t1_di0t906,0.9789473684210527,54.87999999999999
t1_jiynhh8,0.8980978260869575,88.22339651618638
t1_ek7btyy,0.9566666666666667,69.45866666666666
t1_i3jdifr,0.832044673539519,57.74774774774775
t1_h077hhs,0.9571428571428572,90.34666666666668
t1_jyfq8lc,0.9680000000000001,80.91999999999999
t1_hj25w70,0.9680000000000001,80.91999999999999
t1_h51lkav,0.9551724137931035,101.08000000000003
t1_harqy6m,0.9309523809523813,97.17420814479638
t1_hpu3cwh,0.9396456256921358,106.0
t1_hrvgqf2,0.9606060606060602,82.31999999999998
t1_iozhx9w,0.9393939393939394,102.06000000000002
t1_kezh8cu,0.9384615384615383,41.90862944162437
t1_dtepiqx,0.9047619047619047,73.78784403669725
t1_kfg52a2,0.9904761904761903,252.00000000000009
t1_jqq0trs,0.9499999999999997,94.50000000000003
t1_evds4ou,0.9214586255259477,115.0
t1_gng5rq1,0.9276437847866418,81.22333333333333
t1_j19nj2i,0.9824999999999999,112.04666666666665
t1_h9yc1r9,0.9782608695652171,95.57333333333334
t1_h5s2rnc,0.917391304347826,26.512592592592593
t1_gx4i5r2,0.975,78.49333333333335
t1_hf2frw4,0.8949579831932766,73.25940503432494
t1_i16cmck,0.9829268292682927,116.66666666666669
t1_foybyho,1.0,425.8799999999997
t1_fal11fh,0.9862433862433857,150.91999999999996
t1_fdo749a,0.9787581699346406,179.38666666666663
t1_gxkn8fm,0.8220606826801523,46.666666666666664
t1_grudkaw,0.8644660194174766,86.25512014634884
t1_jcxpg2x,1.0,76.66400000000004
t1_dsxyg9x,0.9874999999999998,112.04666666666665
t1_fs05nuj,0.9620689655172413,101.08000000000003
t1_fasnjg2,0.9325581395348835,30.781239617556942
t1_k4u8bjj,0.9641025641025641,71.68
t1_gse6iar,0.9268707482993199,99.69718309859155
t1_jp33k4v,0.9645833333333331,106.46999999999998
t1_hk246c9,0.9754901960784313,97.84727272727277
t1_e4tw8nb,0.9710526315789473,123.70399999999995
t1_jrg5bot,0.9858585858585859,169.39999999999998
t1_gv1whi0,0.8296492779251406,64.02263273737911
t1_hkef6r3,0.8888235294117647,61.21419975932612
t1_e7hxvyt,0.9569230769230764,145.6233333333333
t1_gtdbqqz,0.9596153846153846,99.55555555555559
t1_ez9y15i,1.0,112.00000000000003
t1_e31ti6k,0.9709864603481626,82.70181818181817
t1_gf7cn6c,0.9685534591194968,104.26181818181819
t1_gv5h0eg,1.0,70.00000000000001
t1_k84yznn,0.9642857142857144,72.00000000000003
t1_etcj6rq,1.0,342.9999999999999
t1_kdu45r1,0.9159999999999998,64.736
t1_j965p64,0.9218372280419012,92.41166666666668
t1_j9f9mbm,0.9061561561561552,92.7472
t1_hbm3exp,0.8627946127946129,81.0163244192621
t1_gfwz4mi,0.8785425101214573,53.76338350161936
t1_h0zkm4a,0.9805555555555555,70.87499999999999
t1_fnkauqo,0.9863636363636364,89.69333333333331
t1_es08sl7,0.8993421052631568,84.09851851851853
t1_e7nttj7,1.0,204.11999999999972
t1_gxiez56,0.9368421052631571,141.5326315789474
t1_jrx3jj7,0.9312770562770559,120.96000000000001
t1_ewmyi6c,0.927272727272727,49.047419354838716
t1_e3ztchc,0.9888888888888887,102.06
t1_gra2ss8,0.99,117.73999999999997
t1_ita35vm,0.9301470588235294,85.33909090909091
t1_jjhipdx,0.8606825619448338,64.35953209590102
t1_h3b7xjd,0.9176136363636364,72.15206755837679
t1_dyuh4c2,0.95,73.96000000000002
t1_iy2tol6,0.9186730872124123,82.70761597731897
t1_gjjcazf,0.93037037037037,103.04
t1_dws65xb,0.9695652173913042,47.78666666666667
t1_g1g904u,0.9709677419354839,74.66666666666667
t1_h4rlx21,0.9678321678321677,104.74333333333337
t1_hadbv5m,0.9972222222222222,141.74999999999997
t1_g6rmy9i,0.903529411764706,57.5977556928403
t1_hloiymj,0.9923076923076923,85.74999999999997
t1_izwurkf,0.9493975903614468,116.5248
t1_fdq3zps,0.9886363636363638,85.62909090909089
t1_k7k0fx9,0.971111111111111,74.22545454545454
t1_gx5f9y8,0.928030303030303,122.47199999999998
t1_cledddm,0.9519906323185016,90.1929411764706
t1_itd2lii,0.958823529411765,94.64000000000007
t1_f8t8fdt,0.9368421052631579,77.315
t1_h077hhs,0.9571428571428572,90.34666666666668
t1_jsjmumk,0.97,67.22800000000001
t1_gzy6j29,1.0,134.7733333333333
t1_fqzok7x,0.9674185463659143,105.53846153846155
t1_jvjv54k,0.9982993197278911,126.00000000000004
t1_e22gqyu,0.9777777777777777,90.71999999999997
t1_gnpz4i9,0.9601190476190476,118.8208
t1_kfkvxtj,0.9593749999999995,67.24
t1_h1t0e8i,0.9680696661828732,84.50000000000001
t1_e60zb6j,0.97,33.030698961937716
t1_kd2dlk9,0.9169776119402985,117.67000000000004
t1_gr8gaov,0.9161538461538459,111.15789473684211
t1_dj3xp37,0.9316816816816808,110.41333333333337
t1_gv56hfd,0.9500988142292484,143.0128
t1_e8roglc,0.9803921568627453,60.005934704830054
t1_ghbm81l,0.99,84.03500000000003
t1_fc71da5,1.0,22.0
t1_i2rj81n,0.9869565217391305,286.72
t1_ialtcxq,0.9468749999999997,44.034000000000006
t1_ebyd7ql,0.9904761904761903,63.00000000000002
t1_g1dxjc3,1.0,219.52000000000015
t1_gz175i9,0.9054636951833209,122.78212290502793
t1_dugi06h,0.9440476190476185,114.77846153846151
t1_iinu4l2,0.9460188933873138,107.52000000000001
t1_kb75zqy,0.9153846153846155,57.166666666666686
t1_efj54fr,0.9778911564625848,91.63636363636364
t1_k764w86,0.944055944055944,73.93647058823531
t1_i27a5vm,0.9512012012012002,105.39454545454545
t1_foisejb,0.996551724137931,404.3200000000005
t1_eru1yth,0.9941451990632317,127.77333333333334
t1_glg7izv,0.907608695652174,76.33576642335767
t1_gx0c6c7,0.9807692307692307,42.875000000000014
t1_gxiu3qi,0.9185354691075518,86.626047068209
t1_humw2y6,0.9940711462450593,109.75999999999998
t1_hu4l6g3,0.9660421545667447,109.52000000000004
t1_hzfper7,0.967741935483871,89.60000000000001
t1_hj6jp6r,1.0,63.00000000000002
t1_hg6zavs,0.9857142857142857,54.76000000000002
t1_e09ormt,0.9464285714285713,76.66400000000004
t1_du6sidh,0.9515738498789343,85.3835294117647
t1_ibl3zit,0.9666048237476802,97.46800000000002
t1_dundstv,0.9874999999999998,78.44666666666666
t1_clzliob,0.8992852501624413,82.27702702702703
t1_dyg5mfm,0.9629120879120876,107.89333333333332
t1_e8pa361,0.9437939110070256,85.18222222222224
t1_ir28t6k,0.8757901390644748,125.21126760563381
t1_f5grbx3,0.9655172413793103,101.08000000000003
t1_gg56ogs,0.9695652173913044,47.78666666666667
t1_h9lf9nx,0.9291666666666664,64.40233607520565
t1_iud13pj,0.9477611940298507,104.59555555555559
t1_e03pyae,0.9800000000000001,88.57570312500005
t1_gq5yx4q,0.9639344262295073,92.6470588235294
t1_h1715uh,0.8348530901722373,81.21941598829233
t1_hs8lmfr,0.959016393442623,117.94461538461542
t1_emhr9fy,0.8666666666666668,40.82399999999999
t1_h3dit84,0.9777777777777779,60.480000000000025
t1_idpf8hk,0.9242546333601926,81.63245033112582
t1_engiv2p,0.7541337167505392,33.34375
t1_gf7cn6c,0.9685534591194968,104.26181818181819
t1_fvekdpj,0.98,47.320000000000014
t1_dxj1cw8,0.9717948717948713,53.760000000000005
t1_h85c3yl,0.8725247524752481,70.81868634108122
t1_flpysik,0.9735294117647058,172.57333333333332
t1_hl51m8k,0.902757619738751,52.1031746031746
t1_gu7tok4,0.9309309309309299,115.93400000000001
t1_h6r21l2,0.9466374269005842,134.53999999999996
t1_jrlp1dy,0.8986486486486488,63.29002730046572
t1_k9blpye,0.857425742574258,73.71971365638767
t1_ebdh779,0.9367361610352262,147.84
t1_fz1am3h,0.9219607843137255,92.54859675840314
t1_gtzp9bq,0.9002801120448165,71.81034482758622
t1_fvk6d98,0.9333333333333336,42.000000000000014
t1_hejwgi9,0.9477756286266923,69.97846153846153
t1_dw70t9h,0.9746031746031738,118.58000000000004
t1_hmukm38,0.9690522243713731,101.07999999999997
t1_hf6t852,1.0,292.69333333333316
t1_ctdh1i8,0.9133333333333332,60.839999999999996
t1_e1rr455,0.8946053946053941,76.36763550667715
t1_k1kesu1,0.9014778325123145,114.49
t1_k9lyhel,0.9740259740259736,81.22333333333333
t1_iqltt7y,0.8857463524130181,167.0
t1_ivr5p1o,0.9784075573549256,78.41647058823531
t1_if2xrbp,0.9478021978021971,68.07157894736842
t1_gigzkum,0.910365853658536,109.8569230769231
t1_gnhljqj,0.9004166666666669,132.37875000000003
t1_k9odms7,0.9187925170068028,90.36412833397759
t1_et51gb7,1.0,134.7733333333333
t1_eq9z1wh,0.8260244428468724,51.68987892426813
t1_iy2tol6,0.9186730872124123,82.70761597731897
t1_j6n8uxn,0.9909090909090907,89.69333333333331
t1_d8mvxzl,0.9636363636363636,98.78399999999999
t1_f6l2mu8,1.0,204.11999999999972
t1_kc4rnom,0.9402985074626866,94.13600000000001
t1_gt3obj1,0.8628875968992248,91.1063368633192
t1_hztt66w,0.9322128851540612,90.08522727272727
t1_f4o03ka,0.8679245283018865,46.355599214145386
t1_glpx2fm,0.9599999999999999,45.60667981591058
t1_ijk3i1e,0.9374999999999997,31.05364806866953
t1_ir3hjki,0.902688486265342,107.69397289116989
t1_gse7zpq,0.9889937106918238,95.57333333333334
t1_gnd6gz9,0.9388888888888888,63.00000000000002
t1_etcb0tv,0.9399460188933864,112.19478260869565
t1_jg4yq77,0.9653846153846154,49.000000000000014
t1_jmt5tq3,0.9917279411764706,175.35636363636368
t1_dsh09qb,0.9824999999999999,74.6977777777778
t1_jxmh65s,0.9666666666666662,47.320000000000014
t1_j1bp6e0,0.9177955665024624,150.67684210526318
t1_gnd6gz9,0.9388888888888888,63.00000000000002
t1_hao6ou5,0.9449735449735444,87.37473684210528
t1_jg7db7a,0.9544159544159541,56.625
t1_fe2zute,0.8577749683944372,71.53993304638928
t1_fj4wjxh,0.9696969696969697,82.31999999999998
t1_kezh8cu,0.9384615384615383,41.90862944162437
t1_hg0kqc9,0.9635627530364369,151.79294117647058
t1_hxul00f,0.9625,76.23
t1_ihun5h9,0.9888888888888889,141.74999999999997
t1_ey9r5p7,0.8780025284450058,92.60179359224705
t1_gyft5rp,0.9164021164021159,58.69742729306488
t1_gxljgej,0.9942857142857142,108.416
t1_h3l8am1,0.9896551724137931,202.15999999999983
t1_h2wz8xv,0.9924242424242425,85.62909090909089
t1_g2kw636,0.9285714285714276,103.08666666666666
t1_hqvnf6t,0.865384615384615,84.07459593866557
t1_gzaupuz,0.9415204678362563,130.68
t1_f7bf4b1,0.8441151325163866,66.13547904191617
t1_gny616d,0.9427048634243826,68.76607999208979
t1_f95vb9l,0.9509803921568626,76.88000000000001
t1_i391a57,0.969892473118279,101.08000000000003
t1_h6r168z,0.9495614035087714,142.45411764705887
t1_grue5im,0.8698777857656352,59.5378590078329
t1_ha0hcib,0.962264150943396,91.00000000000003
t1_h0bec05,0.9334795321637416,127.45894736842104
t1_ewuozil,0.967857142857143,124.34333333333336
t1_k1ozw0e,0.9260869565217391,40.96000000000001
t1_k6fu6c7,0.9934640522875815,119.59111111111113
t1_h7kh7fb,0.9805555555555555,70.87499999999999
t1_eke3jti,0.9255610290093034,128.2288
t1_feikhag,0.9575757575757575,82.31999999999998
t1_hksl8el,0.9649068322981367,156.8311111111111
t1_ju2t4co,0.9749999999999998,60.984000000000016
t1_dymmea5,0.9706632653061216,146.41000000000003
t1_ez6pile,0.9420955882352942,113.4658823529412
t1_ejflalz,0.9316816816816808,110.41333333333337
t1_g67vfcm,0.9545454545454546,67.27000000000001
t1_k4kjfq3,0.9386792452830187,54.01021276595745
t1_ifrr5f5,0.9393939393939394,60.50000000000001
t1_dw9hdh2,0.8971361776738747,101.71297653958945
t1_e1bkh4k,0.9888682745825603,139.23999999999998
t1_dzhyz7a,0.9272727272727266,73.93647058823531
t1_dv3340h,0.9794117647058821,64.715
t1_fybr2l3,0.8586206896551722,31.09090909090909
t1_gegbt4u,0.9806576402321081,82.70181818181817
t1_i9z7vu9,0.973529411764706,64.715
t1_hghh0q6,0.9924242424242422,78.49333333333335
t1_e20rzvd,0.9412587412587412,83.79466666666669
t1_e1pv6xg,0.9733333333333332,85.17600000000002
t1_hgmf3db,0.9330065359477127,67.27000000000001
t1_gezfcxd,0.9514925373134329,125.51466666666666
t1_ehjj9bs,0.9730769230769227,68.59999999999998
t1_ecamlc9,0.9787234042553189,82.70181818181817
t1_ew1bf92,0.98886827458256,108.29777777777775
t1_czkhz4v,0.9892037786774627,111.09
t1_hvcu84w,0.9956521739130434,95.57333333333334
t1_jhdvbhz,0.9695652173913044,40.96000000000001
t1_dvip17b,0.9743589743589742,48.81230769230769
t1_dvmjgvq,0.99,106.47000000000004
t1_gnhqwh5,0.9594594594594593,98.74666666666666
t1_hdd2vz3,0.9777365491651201,108.29777777777775
t1_gcko7pq,0.9800569800569798,152.46
t1_dxjk30t,0.9555555555555557,40.82399999999999
t1_hfwvtpq,0.9319327731092433,103.54400000000003
t1_e2mtu1q,0.9377705627705608,136.08
t1_ea97y73,0.9605263157894733,88.36000000000001
t1_e44f9rv,0.9916666666666667,304.9200000000003
t1_hemdgbr,0.9658536585365852,58.33333333333334
t1_is1olxv,0.867864387134164,73.5
t1_hc69h31,0.9016129032258072,117.32616635505892
t1_ew3lq73,0.9791666666666666,104.65777777777781
t1_f2mnqrq,0.967236467236467,121.96800000000003
t1_hgnma38,0.9356725146198821,60.92008196721312
t1_k8o8t89,0.9616161616161615,70.58333333333336
t1_gx5f9fx,0.928030303030303,122.47199999999998
t1_gcqqfut,0.9535353535353537,94.1111111111111
t1_h0roe3w,0.9242424242424242,91.85400000000001
t1_igqo94y,0.8730769230769231,49.000000000000014
t1_f9tnhjj,0.9696969696969696,77.00000000000003
t1_f76erur,0.9281716417910447,89.65333333333334
t1_cne1uqy,0.8728448275862077,90.18072559811301
t1_gxfah4b,0.9746376811594203,103.98315789473686
t1_gkxxoay,0.9499999999999997,70.98
t1_figaaqf,0.9234449760765543,120.33333333333333
t1_e0u6don,0.9948979591836735,168.00000000000006
t1_h4h1hrl,0.9777777777777776,68.03999999999998
t1_eq9k4hg,0.8477119279819966,91.40411558669003
t1_fnp00sh,0.9842105263157892,123.70399999999995
t1_k3wdo4p,0.9904761904761907,135.6472727272727
t1_famrhlz,0.9666666666666667,51.84000000000001
t1_h5yc0tw,0.9307692307692309,131.072
t1_j41r2c0,0.9317988064791126,72.25
t1_hc76ytm,0.9797619047619048,106.58000000000003
t1_e5lqh3a,0.9622132253711195,88.87200000000003
t1_hl3jcnk,0.9814814814814815,90.71999999999997
t1_hua016g,0.962237762237762,96.68615384615386
t1_i7xxll7,0.9636363636363637,67.27000000000001
t1_h0zk0qi,0.9805555555555555,70.87499999999999
t1_ducu5l7,0.9764705882352942,63.09333333333332
t1_i64w43z,0.9866666666666666,130.23499999999999
t1_fox3t83,0.9692307692307688,92.16
t1_ehuugcr,0.9265432098765432,133.33333333333337
t1_hd23n90,0.9297297297297293,52.62400000000001
t1_h0vlcik,0.9267759562841525,69.06645569620252
t1_gtevc29,0.8583850931677022,76.69659801891238
t1_e2z8h1j,0.9496268656716418,99.09052631578949
t1_jsz87sq,0.9408602150537629,61.60606060606061
t1_dszavds,0.9542857142857141,41.42672985781991
t1_gzsd93u,0.8657035848047077,71.38862158647595
t1_gugb4sf,0.9659090909090909,72.45538461538462
t1_i112248,1.0,171.49999999999994
t1_icdjslh,0.8919413919413921,144.57600000000002
t1_iswtl4w,0.865,33.90487421383648
t1_et51gb7,1.0,134.7733333333333
t1_ivbpmn2,0.9234488315874291,89.0
t1_foau5z3,0.9767441860465113,126.18666666666664
t1_fnd3fq0,0.9325236167341426,129.024
t1_gih48uq,0.9685534591194966,95.57333333333334
t1_itefmm2,0.8960043787629984,85.29275905118602
t1_d0woq43,0.9258741258741252,43.13042406311638
t1_dy14avn,0.9538461538461529,116.49866666666668
t1_i4ctmpx,0.9261790840738203,80.3395061728395
t1_e4kvz2g,0.9666666666666662,81.64799999999998
t1_e6q5g9q,0.9313725490196079,76.88000000000001
t1_gouvjao,0.9861660079051385,87.80799999999999
t1_kei1abn,0.9885714285714284,90.34666666666668
t1_ggxungy,0.8999999999999995,76.0
t1_f1wppwm,0.9021739130434793,161.312
t1_etuqcuk,0.9538461538461539,57.166666666666686
t1_f48dbz9,0.9833333333333335,68.03999999999998
t1_k9wo5px,0.9952380952380951,50.40000000000002
t1_h04ktw9,0.9075630252100827,72.86789823804386
t1_e62t8x5,0.9516441005802706,129.95999999999995
t1_faoc1lh,0.970967741935484,112.00000000000003
t1_gscdclq,0.9454545454545457,89.69333333333331
t1_hcrpxas,0.9530132788559748,116.82758620689654
t1_cl8aif1,0.984375,67.24
