_id,neg,neu,pos,compound,emotion_fear,emotion_anger,emotion_anticipation,emotion_trust,emotion_surprise,emotion_sadness,emotion_joy,emotion_disgust
t1_f7ju17o,0.0,0.799,0.201,0.743,0.0,0.0,0.0,1.0,0.0,0.0,0.0,0.0
t1_k5c5yyz,0.072,0.874,0.053,-0.2023,0.1,0.05,0.2,0.15,0.15,0.05,0.1,0.0
t1_givys64,0.034,0.908,0.058,0.2263,0.0,0.1,0.1,0.2,0.0,0.1,0.1,0.0
t1_joq538t,0.171,0.693,0.136,-0.7243,0.13333333333333333,0.16666666666666666,0.03333333333333333,0.03333333333333333,0.0,0.13333333333333333,0.03333333333333333,0.16666666666666666
t1_hlk1vci,0.0,0.857,0.143,0.9081,0.02702702702702703,0.05405405405405406,0.10810810810810811,0.13513513513513514,0.10810810810810811,0.13513513513513514,0.10810810810810811,0.05405405405405406
t1_cguw8w8,0.033,0.783,0.184,0.9118,0.038461538461538464,0.07692307692307693,0.038461538461538464,0.2692307692307692,0.038461538461538464,0.038461538461538464,0.15384615384615385,0.0
t1_fmcunuq,0.073,0.868,0.058,-0.1177,0.25,0.0,0.125,0.125,0.0,0.0,0.0,0.0
t1_jolyktt,0.113,0.851,0.036,-0.6369,0.16666666666666666,0.08333333333333333,0.08333333333333333,0.0,0.0,0.16666666666666666,0.0,0.0
t1_fegajpj,0.075,0.752,0.173,0.532,0.2,0.0,0.0,0.4,0.0,0.0,0.0,0.0
t1_k4a1rz6,0.113,0.824,0.063,-0.782,0.19047619047619047,0.07142857142857142,0.023809523809523808,0.09523809523809523,0.023809523809523808,0.09523809523809523,0.047619047619047616,0.09523809523809523
t1_exd9ccm,0.165,0.771,0.065,-0.9209,0.2222222222222222,0.1111111111111111,0.16666666666666666,0.05555555555555555,0.0,0.1111111111111111,0.05555555555555555,0.0
t1_kb55gnn,0.286,0.714,0.0,-0.9485,0.2222222222222222,0.2222222222222222,0.0,0.0,0.0,0.2222222222222222,0.0,0.1111111111111111
t1_hsoj4b0,0.082,0.752,0.165,0.6946,0.1,0.1,0.0,0.0,0.0,0.1,0.0,0.1
t1_e9gbebp,0.0,1.0,0.0,0.0,0.0,0.0,0.0,0.0,0.0,0.0,0.0,0.0
t1_il8cpvx,0.123,0.852,0.025,-0.9386,0.13043478260869565,0.17391304347826086,0.0,0.17391304347826086,0.08695652173913043,0.08695652173913043,0.0,0.0
t1_gzs5v7g,0.061,0.939,0.0,-0.4364,0.1111111111111111,0.0,0.1111111111111111,0.2222222222222222,0.0,0.1111111111111111,0.1111111111111111,0.0
t1_dxeq6v9,0.0,0.952,0.048,0.2168,0.0,0.0,0.0,0.5,0.0,0.0,0.0,0.0
t1_haja09s,0.287,0.713,0.0,-0.9169,0.4,0.2,0.0,0.0,0.0,0.0,0.0,0.0
t1_j0cxfzk,0.144,0.856,0.0,-0.6369,0.0,0.2,0.0,0.0,0.0,0.0,0.0,0.2
t1_dwjjh4l,0.097,0.745,0.158,0.2732,0.14285714285714285,0.0,0.2857142857142857,0.14285714285714285,0.0,0.14285714285714285,0.0,0.0
t1_fnua8i5,0.0,0.964,0.036,0.3612,0.14285714285714285,0.07142857142857142,0.0,0.14285714285714285,0.07142857142857142,0.07142857142857142,0.0,0.0
t1_gteuknx,0.069,0.931,0.0,-0.5994,0.07692307692307693,0.0,0.07692307692307693,0.38461538461538464,0.0,0.07692307692307693,0.07692307692307693,0.0
t1_hkwzb2z,0.114,0.886,0.0,-0.7893,0.13333333333333333,0.2,0.0,0.13333333333333333,0.0,0.06666666666666667,0.0,0.06666666666666667
t1_hn2tsej,0.278,0.51,0.213,-0.9463,0.19298245614035087,0.19298245614035087,0.05263157894736842,0.017543859649122806,0.05263157894736842,0.15789473684210525,0.017543859649122806,0.07017543859649122
t1_ho7i6ht,0.096,0.827,0.077,-0.0602,0.3,0.0,0.2,0.1,0.1,0.0,0.1,0.0
t1_gsdgupf,0.05,0.727,0.224,0.9756,0.05555555555555555,0.05555555555555555,0.027777777777777776,0.2222222222222222,0.05555555555555555,0.05555555555555555,0.1111111111111111,0.027777777777777776
t1_errzsjm,0.091,0.856,0.053,-0.2747,0.0,0.0,0.1111111111111111,0.1111111111111111,0.0,0.1111111111111111,0.1111111111111111,0.0
t1_eoryiia,0.081,0.877,0.043,-0.3818,0.25,0.0,0.0,0.0,0.0,0.25,0.0,0.0
t1_dw850o1,0.058,0.921,0.021,-0.3605,0.13043478260869565,0.08695652173913043,0.043478260869565216,0.2608695652173913,0.0,0.0,0.043478260869565216,0.043478260869565216
t1_i46k0jt,0.072,0.862,0.066,-0.1628,0.1111111111111111,0.1111111111111111,0.1111111111111111,0.05555555555555555,0.0,0.0,0.0,0.05555555555555555
t1_gv484ay,0.049,0.951,0.0,-0.6249,0.0,0.14285714285714285,0.09523809523809523,0.2857142857142857,0.0,0.09523809523809523,0.0,0.09523809523809523
t1_fgbnl96,0.0,0.92,0.08,0.6956,0.15,0.15,0.05,0.05,0.1,0.05,0.05,0.05
t1_elc14lm,0.049,0.691,0.26,0.9691,0.1111111111111111,0.2222222222222222,0.1111111111111111,0.1111111111111111,0.0,0.1111111111111111,0.0,0.0
t1_e4hcygt,0.093,0.81,0.098,0.0516,0.16666666666666666,0.0,0.0,0.3333333333333333,0.0,0.0,0.0,0.0
t1_f17mla9,0.084,0.831,0.085,0.0516,0.10526315789473684,0.10526315789473684,0.0,0.21052631578947367,0.05263157894736842,0.15789473684210525,0.0,0.0
t1_fxi59ad,0.119,0.743,0.138,0.2124,0.375,0.125,0.0,0.0,0.0,0.125,0.0,0.0
t1_dzqz120,0.074,0.721,0.205,0.9344,0.13636363636363635,0.0,0.09090909090909091,0.13636363636363635,0.0,0.09090909090909091,0.0,0.045454545454545456
t1_ewibxb5,0.187,0.813,0.0,-0.7645,0.1875,0.0,0.0625,0.125,0.0625,0.1875,0.0625,0.0625
t1_dt5kqwa,0.106,0.706,0.188,0.4404,0.05263157894736842,0.10526315789473684,0.05263157894736842,0.15789473684210525,0.10526315789473684,0.05263157894736842,0.10526315789473684,0.05263157894736842
t1_hqgw7x2,0.056,0.868,0.077,0.6249,0.07692307692307693,0.19230769230769232,0.15384615384615385,0.11538461538461539,0.0,0.0,0.11538461538461539,0.07692307692307693
t1_ih5cggk,0.024,0.976,0.0,-0.296,0.125,0.0,0.041666666666666664,0.0,0.041666666666666664,0.125,0.041666666666666664,0.0
t1_h7hwebn,0.011,0.82,0.169,0.9607,0.029411764705882353,0.029411764705882353,0.20588235294117646,0.11764705882352941,0.08823529411764706,0.058823529411764705,0.08823529411764706,0.029411764705882353
t1_frfd8jq,0.054,0.78,0.166,0.6808,0.14285714285714285,0.14285714285714285,0.0,0.14285714285714285,0.0,0.14285714285714285,0.0,0.0
t1_gruwcg4,0.0,1.0,0.0,0.0,0.0,0.0,0.125,0.375,0.0,0.0,0.0,0.0
t1_g4pcbzj,0.047,0.815,0.138,0.8442,0.07692307692307693,0.0,0.07692307692307693,0.07692307692307693,0.07692307692307693,0.23076923076923078,0.0,0.0
t1_if6rhqz,0.0,0.749,0.251,0.886,0.14285714285714285,0.14285714285714285,0.0,0.14285714285714285,0.0,0.14285714285714285,0.14285714285714285,0.0
t1_guf2o95,0.147,0.781,0.072,-0.9217,0.14814814814814814,0.07407407407407407,0.07407407407407407,0.18518518518518517,0.07407407407407407,0.07407407407407407,0.037037037037037035,0.0
t1_foozu8o,0.107,0.827,0.066,-0.217,0.14893617021276595,0.0851063829787234,0.1276595744680851,0.0851063829787234,0.0851063829787234,0.1276595744680851,0.02127659574468085,0.0425531914893617
t1_hbkbe8c,0.182,0.818,0.0,-0.9022,0.2222222222222222,0.2222222222222222,0.0,0.1111111111111111,0.0,0.0,0.0,0.0
t1_fkc2fl3,0.053,0.93,0.017,-0.5423,0.041666666666666664,0.125,0.08333333333333333,0.08333333333333333,0.041666666666666664,0.08333333333333333,0.08333333333333333,0.041666666666666664
t1_j4rr72m,0.146,0.828,0.027,-0.8807,0.0,0.0,0.0,0.0,0.0,0.0,0.0,0.0
t1_ettkcu3,0.053,0.84,0.107,0.3384,0.2222222222222222,0.1111111111111111,0.1111111111111111,0.2222222222222222,0.0,0.0,0.0,0.0
t1_hsxp5n6,0.015,0.921,0.064,0.6908,0.0,0.0,0.19047619047619047,0.14285714285714285,0.047619047619047616,0.0,0.14285714285714285,0.047619047619047616
t1_gt2ixvs,0.092,0.865,0.042,-0.6249,0.09523809523809523,0.047619047619047616,0.0,0.09523809523809523,0.09523809523809523,0.09523809523809523,0.0,0.0
t1_dye3vh7,0.044,0.851,0.105,0.5245,0.0,0.0,0.125,0.25,0.125,0.0,0.125,0.0
t1_e93zmh3,0.0,0.963,0.037,0.3612,0.2,0.1,0.1,0.1,0.1,0.0,0.1,0.0
t1_gv0dchj,0.0,0.974,0.026,0.4019,0.2,0.2,0.06666666666666667,0.06666666666666667,0.0,0.13333333333333333,0.0,0.13333333333333333
t1_ita35vm,0.132,0.868,0.0,-0.875,0.25,0.0,0.0,0.0,0.0,0.0,0.0,0.0
t1_e713bqm,0.079,0.791,0.13,0.6105,0.07692307692307693,0.07692307692307693,0.23076923076923078,0.15384615384615385,0.07692307692307693,0.0,0.15384615384615385,0.0
t1_fj010mi,0.069,0.881,0.051,-0.1684,0.0,0.0,1.0,0.0,0.0,0.0,0.0,0.0
t1_ejcjqoo,0.066,0.848,0.086,0.1082,0.1,0.1,0.1,0.0,0.2,0.1,0.0,0.0
t1_k4fu291,0.116,0.784,0.1,0.0,0.25,0.16666666666666666,0.0,0.0,0.08333333333333333,0.0,0.0,0.0
t1_f7xdoof,0.038,0.872,0.09,0.6199,0.1111111111111111,0.1111111111111111,0.1111111111111111,0.0,0.0,0.1111111111111111,0.0,0.0
t1_haw5wob,0.177,0.823,0.0,-0.7707,0.25,0.0,0.0,0.0,0.0,0.0,0.0,0.0
t1_jafdooe,0.114,0.85,0.035,-0.5719,0.25,0.25,0.0,0.0,0.0,0.0,0.0,0.25
t1_jlyhvz7,0.0,0.782,0.218,0.8519,0.0,0.0,0.3333333333333333,0.0,0.0,0.0,0.0,0.0
t1_grdh47x,0.128,0.648,0.224,0.7552,0.07692307692307693,0.07692307692307693,0.0,0.3076923076923077,0.0,0.0,0.07692307692307693,0.0
t1_dxfd72z,0.107,0.863,0.03,-0.868,0.03571428571428571,0.07142857142857142,0.0,0.14285714285714285,0.07142857142857142,0.14285714285714285,0.0,0.0
t1_hv74k3m,0.159,0.818,0.024,-0.8729,0.15,0.2,0.0,0.05,0.05,0.15,0.05,0.05
t1_fnkauqo,0.064,0.845,0.09,0.2263,0.2857142857142857,0.0,0.07142857142857142,0.14285714285714285,0.07142857142857142,0.07142857142857142,0.14285714285714285,0.0
t1_in4nr3x,0.0,0.847,0.153,0.872,0.0,0.0,0.11764705882352941,0.29411764705882354,0.0,0.0,0.17647058823529413,0.0
t1_exto9ek,0.0,1.0,0.0,0.0,0.0,0.0,0.0,0.0,0.0,0.0,0.0,0.0
t1_gnd538h,0.064,0.843,0.092,0.2617,0.2,0.05,0.15,0.2,0.0,0.0,0.0,0.0
t1_fkhspn4,0.065,0.81,0.125,0.9164,0.027777777777777776,0.05555555555555555,0.19444444444444445,0.1111111111111111,0.08333333333333333,0.05555555555555555,0.08333333333333333,0.0
t1_cze1q9u,0.175,0.777,0.047,-0.796,0.2,0.13333333333333333,0.0,0.0,0.0,0.2,0.0,0.06666666666666667
t1_crk6588,0.0,1.0,0.0,0.0,0.0,0.0,0.0,0.0,0.0,0.0,0.0,0.0
t1_gfy7o8r,0.059,0.869,0.073,0.1761,0.0,0.0,0.0,0.0,0.0,0.0,0.0,0.0
t1_ebsvu2x,0.148,0.821,0.031,-0.8672,0.0,0.25,0.0,0.0,0.0,0.08333333333333333,0.0,0.16666666666666666
t1_griwea8,0.108,0.795,0.097,0.1027,0.1111111111111111,0.1111111111111111,0.1111111111111111,0.2222222222222222,0.0,0.0,0.0,0.0
t1_gouvjao,0.041,0.908,0.051,-0.1027,0.09090909090909091,0.09090909090909091,0.0,0.2727272727272727,0.0,0.0,0.0,0.0
t1_jrep3bu,0.138,0.752,0.111,-0.0931,0.1,0.1,0.1,0.1,0.1,0.0,0.1,0.0
t1_e1v9o2e,0.09,0.799,0.111,0.3352,0.2,0.1,0.2,0.0,0.1,0.1,0.0,0.0
t1_he70c7j,0.041,0.816,0.143,0.7783,0.1111111111111111,0.0,0.2222222222222222,0.1111111111111111,0.0,0.1111111111111111,0.1111111111111111,0.0
t1_e4okrcx,0.167,0.833,0.0,-0.6369,1.0,0.0,0.0,0.0,0.0,0.0,0.0,0.0
t1_i67vlfz,0.031,0.809,0.16,0.8779,0.0,0.0,0.16666666666666666,0.5,0.0,0.0,0.0,0.0
t1_gyledk2,0.123,0.808,0.069,-0.5719,0.0,0.0,0.0,0.14285714285714285,0.0,0.14285714285714285,0.0,0.0
t1_gul235z,0.054,0.927,0.02,-0.6369,0.12,0.08,0.04,0.12,0.08,0.12,0.04,0.04
t1_h39odwq,0.097,0.712,0.191,0.6545,0.15384615384615385,0.23076923076923078,0.0,0.0,0.0,0.15384615384615385,0.0,0.07692307692307693
t1_hi2stcl,0.296,0.576,0.128,-0.8218,0.05263157894736842,0.15789473684210525,0.05263157894736842,0.10526315789473684,0.0,0.10526315789473684,0.05263157894736842,0.15789473684210525
t1_g0q20p0,0.176,0.757,0.067,-0.743,0.17647058823529413,0.17647058823529413,0.058823529411764705,0.0,0.058823529411764705,0.11764705882352941,0.0,0.17647058823529413
t1_fvwrhht,0.041,0.764,0.195,0.8514,0.0,0.0,0.16666666666666666,0.16666666666666666,0.0,0.0,0.0,0.0
t1_jolxlod,0.21,0.768,0.022,-0.9682,0.045454545454545456,0.13636363636363635,0.045454545454545456,0.22727272727272727,0.09090909090909091,0.09090909090909091,0.045454545454545456,0.045454545454545456
t1_hljxln6,0.0,0.868,0.132,0.8464,0.09090909090909091,0.0,0.2727272727272727,0.09090909090909091,0.09090909090909091,0.0,0.09090909090909091,0.0
t1_ie6r075,0.172,0.776,0.052,-0.891,0.2222222222222222,0.2222222222222222,0.0,0.0,0.027777777777777776,0.08333333333333333,0.0,0.1111111111111111
t1_f6l2mu8,0.221,0.611,0.168,-0.4426,0.18181818181818182,0.18181818181818182,0.09090909090909091,0.0,0.09090909090909091,0.09090909090909091,0.0,0.09090909090909091
t1_f1ht2tr,0.0,0.936,0.064,0.34,0.2727272727272727,0.09090909090909091,0.0,0.0,0.0,0.09090909090909091,0.0,0.09090909090909091
t1_gx254v2,0.117,0.85,0.033,-0.8555,0.075,0.1,0.125,0.125,0.075,0.025,0.1,0.025
t1_foatffs,0.056,0.944,0.0,-0.4567,0.0,0.16666666666666666,0.0,0.16666666666666666,0.0,0.0,0.0,0.0
t1_f306zke,0.189,0.763,0.048,-0.7902,0.16666666666666666,0.16666666666666666,0.0,0.0,0.0,0.16666666666666666,0.0,0.0
t1_hfx93pe,0.07,0.93,0.0,-0.6783,0.2,0.06666666666666667,0.13333333333333333,0.06666666666666667,0.06666666666666667,0.06666666666666667,0.06666666666666667,0.06666666666666667
t1_i2vcy28,0.0,1.0,0.0,0.0,0.1111111111111111,0.0,0.1111111111111111,0.1111111111111111,0.0,0.1111111111111111,0.0,0.0
t1_erh5gks,0.115,0.59,0.295,0.6705,0.2,0.0,0.0,0.2,0.1,0.0,0.2,0.0
t1_edmhmlk,0.108,0.701,0.191,0.9314,0.046153846153846156,0.03076923076923077,0.12307692307692308,0.13846153846153847,0.1076923076923077,0.046153846153846156,0.2,0.015384615384615385
t1_etfd7p7,0.083,0.797,0.121,0.0644,0.125,0.125,0.08333333333333333,0.041666666666666664,0.0,0.125,0.08333333333333333,0.125
t1_k9yn8rx,0.144,0.82,0.036,-0.9051,0.19444444444444445,0.08333333333333333,0.027777777777777776,0.1111111111111111,0.05555555555555555,0.08333333333333333,0.05555555555555555,0.08333333333333333
t1_dtkech1,0.297,0.645,0.058,-0.9022,0.09090909090909091,0.18181818181818182,0.0,0.09090909090909091,0.0,0.09090909090909091,0.0,0.09090909090909091
t1_esd7n6i,0.0,0.956,0.044,0.4019,0.15789473684210525,0.05263157894736842,0.15789473684210525,0.05263157894736842,0.05263157894736842,0.05263157894736842,0.05263157894736842,0.0
t1_fvekdpj,0.162,0.733,0.105,-0.3231,0.0,0.0,0.0,0.0,0.0,0.0,0.0,0.0
t1_ghbm81l,0.059,0.817,0.124,0.5727,0.0,0.0,0.3333333333333333,0.0,0.0,0.0,0.0,0.0
t1_gt6q27h,0.027,0.8,0.173,0.9657,0.0,0.0,0.045454545454545456,0.3181818181818182,0.0,0.045454545454545456,0.13636363636363635,0.0
t1_g6gi1h8,0.137,0.765,0.098,-0.3612,0.08333333333333333,0.16666666666666666,0.08333333333333333,0.08333333333333333,0.08333333333333333,0.0,0.0,0.08333333333333333
t1_h87wtx8,0.038,0.922,0.04,0.0258,0.5,0.0,0.0,0.0,0.0,0.0,0.0,0.0
t1_ectb45o,0.094,0.756,0.149,0.7845,0.16666666666666666,0.16666666666666666,0.05555555555555555,0.0,0.0,0.16666666666666666,0.0,0.16666666666666666
t1_f94mp11,0.179,0.721,0.1,-0.6046,0.25,0.16666666666666666,0.16666666666666666,0.0,0.08333333333333333,0.0,0.08333333333333333,0.0
t1_fwb1jq8,0.0,1.0,0.0,0.0,0.0,0.0,0.0,0.3333333333333333,0.0,0.0,0.0,0.0
t1_k4vn06v,0.047,0.885,0.068,0.1531,0.0,0.0,0.0,0.2222222222222222,0.0,0.1111111111111111,0.0,0.0
t1_fmfqb04,0.142,0.81,0.048,-0.4997,0.0,0.0,0.0,0.0,0.0,0.0,0.0,0.0
t1_h8gjvov,0.08,0.855,0.065,-0.3597,0.1875,0.125,0.0625,0.0625,0.0625,0.0625,0.0625,0.0
t1_jm9yzmv,0.089,0.856,0.055,-0.422,0.0,0.0,0.25,0.0,0.0,0.0,0.0,0.0
t1_h2ggcvf,0.082,0.885,0.033,-0.4287,0.0,0.0,0.3333333333333333,0.3333333333333333,0.0,0.0,0.0,0.0
t1_eekqf1z,0.027,0.922,0.05,0.0772,0.13333333333333333,0.0,0.06666666666666667,0.13333333333333333,0.06666666666666667,0.0,0.06666666666666667,0.06666666666666667
t1_juhpv25,0.072,0.892,0.037,-0.296,0.1111111111111111,0.1111111111111111,0.0,0.05555555555555555,0.05555555555555555,0.16666666666666666,0.05555555555555555,0.0
t1_jvf8ybq,0.023,0.822,0.154,0.9274,0.043478260869565216,0.0,0.13043478260869565,0.21739130434782608,0.0,0.0,0.08695652173913043,0.043478260869565216
t1_egn80ro,0.07,0.792,0.138,0.8096,0.06666666666666667,0.13333333333333333,0.2,0.26666666666666666,0.0,0.0,0.0,0.06666666666666667
t1_guxwa6q,0.133,0.788,0.079,-0.5991,0.16666666666666666,0.16666666666666666,0.0,0.16666666666666666,0.0,0.16666666666666666,0.0,0.0
t1_j9mvnh9,0.225,0.674,0.101,-0.8832,0.16129032258064516,0.12903225806451613,0.03225806451612903,0.06451612903225806,0.03225806451612903,0.0967741935483871,0.06451612903225806,0.06451612903225806
t1_j1r7how,0.031,0.833,0.136,0.7351,0.125,0.0,0.125,0.0,0.0,0.125,0.125,0.0
t1_k7hckxi,0.0,0.917,0.083,0.9186,0.045454545454545456,0.0,0.045454545454545456,0.3181818181818182,0.0,0.0,0.09090909090909091,0.0
t1_guvsq8i,0.131,0.826,0.043,-0.8876,0.0967741935483871,0.0,0.03225806451612903,0.22580645161290322,0.06451612903225806,0.03225806451612903,0.06451612903225806,0.0967741935483871
t1_f3w9vsy,0.0,0.879,0.121,0.7906,0.1,0.0,0.3,0.2,0.0,0.0,0.1,0.0
t1_hha7djk,0.032,0.905,0.063,0.128,0.0,0.0,0.0,0.0,0.0,0.0,0.0,0.0
t1_ezjtqhr,0.062,0.937,0.0,-0.296,0.09090909090909091,0.09090909090909091,0.09090909090909091,0.09090909090909091,0.09090909090909091,0.09090909090909091,0.09090909090909091,0.09090909090909091
t1_guzfax8,0.113,0.759,0.128,-0.2406,0.0,0.0,0.125,0.25,0.0,0.0,0.125,0.0
t1_g3wep6v,0.058,0.921,0.021,-0.6298,0.07142857142857142,0.07142857142857142,0.14285714285714285,0.14285714285714285,0.07142857142857142,0.07142857142857142,0.07142857142857142,0.07142857142857142
t1_i3ulmih,0.028,0.972,0.0,-0.1027,0.3333333333333333,0.0,0.0,0.0,0.0,0.0,0.0,0.0
t1_k6ozaw9,0.049,0.951,0.0,-0.2263,0.0,0.0,0.2,0.2,0.0,0.0,0.0,0.0
t1_j64qd9e,0.103,0.805,0.091,-0.4588,0.06666666666666667,0.2,0.06666666666666667,0.13333333333333333,0.0,0.06666666666666667,0.13333333333333333,0.0
t1_dimsxw7,0.058,0.82,0.122,0.3434,0.0,0.0,0.0,0.0,0.0,0.0,0.0,0.0
t1_fpkooow,0.096,0.726,0.178,0.5903,0.23076923076923078,0.0,0.23076923076923078,0.07692307692307693,0.07692307692307693,0.0,0.15384615384615385,0.0
t1_g8bot9y,0.04,0.893,0.066,0.1272,0.19047619047619047,0.14285714285714285,0.047619047619047616,0.0,0.047619047619047616,0.19047619047619047,0.0,0.14285714285714285
t1_j9lecyo,0.092,0.757,0.151,0.2924,1.0,0.0,0.0,0.0,0.0,0.0,0.0,0.0
t1_i0m9kjx,0.159,0.683,0.159,-0.6152,0.18181818181818182,0.06818181818181818,0.06818181818181818,0.09090909090909091,0.06818181818181818,0.06818181818181818,0.045454545454545456,0.045454545454545456
t1_i6kv90o,0.0,0.938,0.062,0.2023,0.14285714285714285,0.14285714285714285,0.2857142857142857,0.14285714285714285,0.0,0.0,0.0,0.0
t1_g6btkwg,0.0,0.945,0.055,0.6705,0.0,0.0,0.2222222222222222,0.16666666666666666,0.0,0.05555555555555555,0.05555555555555555,0.0
t1_fc71da5,0.255,0.745,0.0,-0.802,0.2,0.2,0.0,0.2,0.0,0.0,0.0,0.0
t1_efm5der,0.042,0.823,0.136,0.9001,0.08823529411764706,0.0,0.11764705882352941,0.23529411764705882,0.058823529411764705,0.0,0.11764705882352941,0.0
t1_fnzptkc,0.029,0.847,0.124,0.6486,0.0,0.0,0.0,0.2857142857142857,0.0,0.0,0.14285714285714285,0.0
t1_gd37obs,0.0,0.844,0.156,0.9022,0.0,0.2,0.0,0.2,0.0,0.0,0.2,0.0
t1_jp2j77o,0.155,0.779,0.066,-0.6956,0.25,0.0,0.0,0.0,0.0,0.5,0.0,0.0
t1_da3neaj,0.017,0.938,0.046,0.3737,0.0,0.0,0.1111111111111111,0.3333333333333333,0.0,0.0,0.0,0.0
t1_e1ifbg4,0.078,0.922,0.0,-0.5267,0.16666666666666666,0.16666666666666666,0.0,0.0,0.0,0.16666666666666666,0.0,0.16666666666666666
t1_hf254sk,0.175,0.825,0.0,-0.6249,0.0,0.0,1.0,0.0,0.0,0.0,0.0,0.0
t1_jzj8p8m,0.025,0.743,0.232,0.9428,0.14285714285714285,0.0,0.07142857142857142,0.21428571428571427,0.07142857142857142,0.0,0.07142857142857142,0.07142857142857142
t1_itnlw7g,0.0,1.0,0.0,0.0,0.0,0.0,0.4,0.0,0.2,0.2,0.0,0.0
t1_ke13jjy,0.033,0.952,0.015,-0.3071,0.15384615384615385,0.11538461538461539,0.07692307692307693,0.15384615384615385,0.0,0.038461538461538464,0.0,0.038461538461538464
t1_ew6vlnp,0.083,0.773,0.145,0.8965,0.07692307692307693,0.038461538461538464,0.19230769230769232,0.11538461538461539,0.0,0.07692307692307693,0.07692307692307693,0.038461538461538464
t1_hemf8zo,0.177,0.823,0.0,-0.6992,0.0,0.0,0.0,0.3333333333333333,0.0,0.0,0.3333333333333333,0.0
t1_gzy68vo,0.082,0.779,0.139,0.4939,0.125,0.125,0.0625,0.0,0.0625,0.0625,0.0625,0.0625
t1_ere5gum,0.035,0.759,0.206,0.9821,0.043478260869565216,0.043478260869565216,0.13043478260869565,0.21739130434782608,0.08695652173913043,0.0,0.13043478260869565,0.0
t1_ga1ufgm,0.0,1.0,0.0,0.0,0.0,0.0,0.25,0.0,0.25,0.0,0.0,0.0
t1_grl28v1,0.142,0.768,0.09,-0.5423,0.18181818181818182,0.045454545454545456,0.22727272727272727,0.09090909090909091,0.045454545454545456,0.045454545454545456,0.09090909090909091,0.0
t1_du0yw8z,0.148,0.817,0.035,-0.6873,0.16666666666666666,0.1111111111111111,0.05555555555555555,0.05555555555555555,0.05555555555555555,0.1111111111111111,0.05555555555555555,0.05555555555555555
t1_gbn26ya,0.037,0.815,0.148,0.5687,0.0,0.0,0.09090909090909091,0.2727272727272727,0.0,0.0,0.18181818181818182,0.0
t1_cl0y0vg,0.207,0.707,0.085,-0.8807,0.29411764705882354,0.11764705882352941,0.058823529411764705,0.058823529411764705,0.0,0.058823529411764705,0.058823529411764705,0.058823529411764705
t1_j7j0czh,0.0,0.896,0.104,0.5574,0.0,0.0,0.0,1.0,0.0,0.0,0.0,0.0
t1_jgr95kp,0.141,0.763,0.095,-0.7883,0.13513513513513514,0.10810810810810811,0.0,0.1891891891891892,0.0,0.13513513513513514,0.0,0.05405405405405406
t1_f0jypww,0.024,0.943,0.033,0.1376,0.0,0.0,0.0,0.2,0.0,0.0,0.0,0.2
t1_flgsm9v,0.041,0.878,0.082,0.3182,0.14285714285714285,0.0,0.0,0.2857142857142857,0.0,0.14285714285714285,0.0,0.0
t1_e7cqmpz,0.096,0.856,0.048,-0.4215,0.23076923076923078,0.0,0.07692307692307693,0.23076923076923078,0.0,0.15384615384615385,0.0,0.0
t1_fbfxw74,0.119,0.749,0.132,0.7557,0.14285714285714285,0.07142857142857142,0.10714285714285714,0.03571428571428571,0.03571428571428571,0.07142857142857142,0.07142857142857142,0.10714285714285714
t1_ebig900,0.0,0.922,0.078,0.4215,0.1111111111111111,0.1111111111111111,0.0,0.3333333333333333,0.0,0.0,0.0,0.0
t1_gd32gnh,0.037,0.809,0.154,0.7512,0.125,0.125,0.0625,0.0,0.1875,0.125,0.0625,0.0
t1_hf33oy8,0.175,0.825,0.0,-0.6249,0.0,0.0,1.0,0.0,0.0,0.0,0.0,0.0
t1_f3o5wd5,0.0,0.716,0.284,0.872,0.0,0.0,0.0,0.0,0.0,0.0,0.0,0.0
t1_iza83ap,0.04,0.888,0.072,0.3612,0.3,0.1,0.1,0.2,0.0,0.0,0.0,0.0
t1_jyzq581,0.0,0.928,0.072,0.886,0.0,0.0,0.10714285714285714,0.2857142857142857,0.07142857142857142,0.0,0.07142857142857142,0.0
t1_elsfu45,0.03,0.945,0.025,-0.128,0.21428571428571427,0.07142857142857142,0.0,0.07142857142857142,0.0,0.21428571428571427,0.0,0.0
t1_fxiyp0w,0.069,0.931,0.0,-0.4215,0.16666666666666666,0.16666666666666666,0.16666666666666666,0.0,0.16666666666666666,0.0,0.0,0.0
t1_griq3xy,0.046,0.86,0.094,0.4118,0.0,0.0,0.1111111111111111,0.2222222222222222,0.0,0.1111111111111111,0.2222222222222222,0.0
t1_keojxcq,0.027,0.776,0.197,0.9419,0.0,0.038461538461538464,0.19230769230769232,0.19230769230769232,0.0,0.0,0.15384615384615385,0.038461538461538464
t1_fikkwb1,0.036,0.888,0.076,0.7003,0.1111111111111111,0.0,0.0,0.2222222222222222,0.0,0.1111111111111111,0.1111111111111111,0.0
t1_j8eryz9,0.109,0.64,0.251,0.9061,0.05263157894736842,0.02631578947368421,0.23684210526315788,0.18421052631578946,0.05263157894736842,0.0,0.13157894736842105,0.0
t1_duozdp9,0.068,0.909,0.022,-0.6997,0.23809523809523808,0.047619047619047616,0.0,0.0,0.0,0.23809523809523808,0.0,0.0
t1_k7k0fx9,0.0,0.936,0.064,0.5719,0.0,0.0,0.0,0.16666666666666666,0.0,0.0,0.16666666666666666,0.0
t1_hniok1d,0.0,1.0,0.0,0.0,0.0,0.0,0.6666666666666666,0.0,0.3333333333333333,0.0,0.0,0.0
t1_gw1ctjv,0.068,0.908,0.024,-0.4767,0.0,0.1111111111111111,0.3333333333333333,0.0,0.2222222222222222,0.0,0.0,0.0
t1_kfktpzy,0.159,0.808,0.033,-0.8139,0.13333333333333333,0.06666666666666667,0.06666666666666667,0.13333333333333333,0.0,0.06666666666666667,0.06666666666666667,0.0
t1_gaj6ww8,0.113,0.803,0.085,-0.3182,0.09090909090909091,0.09090909090909091,0.18181818181818182,0.0,0.09090909090909091,0.09090909090909091,0.0,0.0
t1_dm5uui6,0.119,0.82,0.061,-0.6798,0.16666666666666666,0.05555555555555555,0.05555555555555555,0.05555555555555555,0.2222222222222222,0.05555555555555555,0.0,0.05555555555555555
t1_d8wi1ze,0.039,0.866,0.094,0.7351,0.11764705882352941,0.058823529411764705,0.11764705882352941,0.11764705882352941,0.058823529411764705,0.0,0.11764705882352941,0.0
t1_j8muypx,0.066,0.883,0.051,-0.128,0.1111111111111111,0.1111111111111111,0.1111111111111111,0.1111111111111111,0.0,0.2222222222222222,0.0,0.0
t1_gzq596y,0.0,0.876,0.124,0.6249,0.25,0.0,0.0,0.0,0.0,0.25,0.0,0.0
t1_ia7hiuv,0.065,0.774,0.161,0.9043,0.12903225806451613,0.0,0.0967741935483871,0.16129032258064516,0.06451612903225806,0.03225806451612903,0.0967741935483871,0.03225806451612903
t1_g3wequq,0.058,0.921,0.021,-0.6298,0.07142857142857142,0.07142857142857142,0.14285714285714285,0.14285714285714285,0.07142857142857142,0.07142857142857142,0.07142857142857142,0.07142857142857142
t1_ea4qpej,0.126,0.828,0.046,-0.6708,0.0,0.0,0.0,0.0,0.0,0.0,0.0,0.0
t1_irki65k,0.086,0.877,0.037,-0.4234,0.0,0.0,0.16666666666666666,0.16666666666666666,0.16666666666666666,0.0,0.16666666666666666,0.16666666666666666
t1_e8roglc,0.171,0.777,0.051,-0.7681,0.13636363636363635,0.09090909090909091,0.045454545454545456,0.13636363636363635,0.045454545454545456,0.045454545454545456,0.045454545454545456,0.13636363636363635
t1_diumqsc,0.107,0.821,0.071,-0.6124,0.1111111111111111,0.1111111111111111,0.05555555555555555,0.05555555555555555,0.0,0.16666666666666666,0.0,0.1111111111111111
t1_irao1uy,0.101,0.882,0.017,-0.9217,0.13157894736842105,0.02631578947368421,0.07894736842105263,0.05263157894736842,0.05263157894736842,0.15789473684210525,0.02631578947368421,0.05263157894736842
t1_hemfcmg,0.177,0.823,0.0,-0.6992,0.0,0.0,0.0,0.3333333333333333,0.0,0.0,0.3333333333333333,0.0
t1_cospxvi,0.065,0.935,0.0,-0.4215,0.0,0.0,0.16666666666666666,0.3333333333333333,0.0,0.16666666666666666,0.0,0.0
t1_ia265k0,0.148,0.753,0.099,-0.8895,0.23333333333333334,0.15,0.0,0.15,0.0,0.03333333333333333,0.0,0.03333333333333333
t1_e88n0wm,0.076,0.871,0.054,-0.25,0.5,0.0,0.0,0.0,0.0,0.0,0.0,0.0
t1_k3ckwoe,0.0,0.816,0.184,0.8655,0.0,0.0,0.2727272727272727,0.18181818181818182,0.09090909090909091,0.0,0.18181818181818182,0.0
t1_j1qmyl4,0.0,0.892,0.108,0.6249,0.2222222222222222,0.2222222222222222,0.0,0.0,0.4444444444444444,0.0,0.0,0.0
t1_hk0ek2m,0.0,1.0,0.0,0.0,0.14285714285714285,0.14285714285714285,0.0,0.14285714285714285,0.14285714285714285,0.14285714285714285,0.0,0.14285714285714285
t1_fenuais,0.093,0.777,0.13,0.4903,0.10714285714285714,0.03571428571428571,0.0,0.17857142857142858,0.0,0.03571428571428571,0.10714285714285714,0.03571428571428571
t1_gv42tb4,0.0,0.956,0.044,0.6369,0.0,0.0,0.0,0.0,0.0,0.5,0.0,0.0
t1_grjaz1w,0.025,0.861,0.114,0.9077,0.0,0.038461538461538464,0.23076923076923078,0.23076923076923078,0.07692307692307693,0.038461538461538464,0.07692307692307693,0.0
t1_h4494tl,0.034,0.842,0.123,0.9093,0.125,0.0,0.125,0.125,0.0,0.20833333333333334,0.08333333333333333,0.041666666666666664
t1_gs46wy7,0.074,0.782,0.144,0.9091,0.14285714285714285,0.03571428571428571,0.03571428571428571,0.17857142857142858,0.07142857142857142,0.03571428571428571,0.03571428571428571,0.03571428571428571
t1_hqqc480,0.0,0.794,0.206,0.9288,0.09090909090909091,0.0,0.0,0.2727272727272727,0.0,0.0,0.09090909090909091,0.0
t1_k7maqpi,0.052,0.933,0.015,-0.5994,0.1,0.15,0.1,0.2,0.0,0.05,0.0,0.05
t1_cne1uqy,0.029,0.875,0.095,0.8402,0.058823529411764705,0.058823529411764705,0.058823529411764705,0.17647058823529413,0.029411764705882353,0.058823529411764705,0.08823529411764706,0.0
t1_iragnul,0.073,0.927,0.0,-0.7845,0.25,0.03571428571428571,0.10714285714285714,0.0,0.10714285714285714,0.10714285714285714,0.03571428571428571,0.03571428571428571
t1_in8bika,0.11,0.714,0.176,0.6999,0.08333333333333333,0.08333333333333333,0.08333333333333333,0.16666666666666666,0.08333333333333333,0.08333333333333333,0.08333333333333333,0.0
t1_dufpc5y,0.143,0.655,0.201,0.3387,0.0,0.0,0.0,0.25,0.25,0.0,0.0,0.0
t1_gzq4pak,0.195,0.805,0.0,-0.8858,0.0,0.0,0.0,0.0,0.0,0.25,0.0,0.25
t1_ikhwfrd,0.047,0.782,0.17,0.8091,0.0625,0.125,0.125,0.125,0.125,0.0,0.125,0.0
t1_ettap1u,0.117,0.755,0.128,0.0754,0.25,0.0,0.25,0.0,0.0,0.25,0.0,0.0
t1_csxucnv,0.15,0.769,0.081,-0.765,0.12121212121212122,0.0,0.09090909090909091,0.15151515151515152,0.0,0.030303030303030304,0.030303030303030304,0.06060606060606061
t1_gxdb7kz,0.177,0.56,0.263,0.7999,0.12121212121212122,0.09090909090909091,0.030303030303030304,0.12121212121212122,0.0,0.12121212121212122,0.06060606060606061,0.12121212121212122
t1_kceo21o,0.0,1.0,0.0,0.0,0.0,0.0,0.0,0.0,0.0,0.0,0.0,0.0
t1_gx8zkdk,0.179,0.666,0.155,-0.3204,0.16666666666666666,0.16666666666666666,0.0,0.16666666666666666,0.0,0.16666666666666666,0.0,0.16666666666666666
t1_fmoovsx,0.069,0.792,0.139,0.9118,0.1388888888888889,0.05555555555555555,0.1111111111111111,0.1388888888888889,0.027777777777777776,0.1388888888888889,0.08333333333333333,0.027777777777777776
t1_k95d5rm,0.075,0.854,0.071,-0.3269,0.15384615384615385,0.038461538461538464,0.11538461538461539,0.15384615384615385,0.07692307692307693,0.038461538461538464,0.07692307692307693,0.07692307692307693
t1_h87wtx8,0.038,0.922,0.04,0.0258,0.5,0.0,0.0,0.0,0.0,0.0,0.0,0.0
t1_gjusi7r,0.075,0.925,0.0,-0.6124,0.16666666666666666,0.08333333333333333,0.08333333333333333,0.16666666666666666,0.0,0.0,0.0,0.0
t1_gt38agz,0.041,0.959,0.0,-0.2263,0.07692307692307693,0.07692307692307693,0.07692307692307693,0.07692307692307693,0.15384615384615385,0.07692307692307693,0.07692307692307693,0.07692307692307693
t1_hr961id,0.106,0.82,0.074,-0.4587,0.16666666666666666,0.0,0.16666666666666666,0.16666666666666666,0.0,0.0,0.16666666666666666,0.0
t1_gftgf7k,0.069,0.931,0.0,-0.3182,0.5,0.0,0.0,0.0,0.0,0.5,0.0,0.0
t1_e857drl,0.0,0.799,0.201,0.8834,0.0,0.0,0.08333333333333333,0.16666666666666666,0.08333333333333333,0.08333333333333333,0.08333333333333333,0.08333333333333333
t1_eyeg17e,0.0,0.911,0.089,0.3818,0.0,0.0,0.0,0.5,0.0,0.0,0.0,0.0
t1_eu4t99b,0.209,0.676,0.115,-0.8844,0.12121212121212122,0.15151515151515152,0.09090909090909091,0.030303030303030304,0.09090909090909091,0.12121212121212122,0.030303030303030304,0.06060606060606061
t1_gng5rq1,0.091,0.791,0.119,0.2263,0.125,0.0,0.125,0.125,0.125,0.0,0.125,0.0
t1_guhw701,0.049,0.842,0.109,0.6597,0.08,0.08,0.12,0.04,0.0,0.08,0.04,0.08
t1_flpysik,0.184,0.716,0.1,-0.6652,0.14285714285714285,0.14285714285714285,0.14285714285714285,0.14285714285714285,0.0,0.0,0.0,0.0
t1_hsoyhdj,0.07,0.93,0.0,-0.5859,0.19047619047619047,0.09523809523809523,0.14285714285714285,0.14285714285714285,0.0,0.09523809523809523,0.0,0.047619047619047616
t1_dv7yq7v,0.121,0.814,0.065,-0.743,0.16666666666666666,0.041666666666666664,0.041666666666666664,0.125,0.0,0.16666666666666666,0.0,0.041666666666666664
t1_ddw3mag,0.031,0.903,0.065,0.5106,0.15789473684210525,0.05263157894736842,0.10526315789473684,0.2631578947368421,0.0,0.0,0.0,0.0
t1_gxd8ipb,0.0,0.859,0.141,0.9277,0.0,0.05555555555555555,0.16666666666666666,0.16666666666666666,0.0,0.05555555555555555,0.1111111111111111,0.0
t1_hwpsf4k,0.052,0.948,0.0,-0.5267,0.0,0.0,0.18181818181818182,0.36363636363636365,0.0,0.0,0.0,0.0
t1_jbjl4tp,0.107,0.754,0.139,0.2732,0.0,0.25,0.0,0.0,0.25,0.0,0.0,0.0
t1_etfad80,0.053,0.947,0.0,-0.34,0.0,0.16666666666666666,0.16666666666666666,0.16666666666666666,0.16666666666666666,0.0,0.16666666666666666,0.0
t1_k4u5a44,0.227,0.719,0.054,-0.8957,0.14285714285714285,0.14285714285714285,0.0,0.14285714285714285,0.0,0.14285714285714285,0.0,0.07142857142857142
t1_gt75e6t,0.106,0.779,0.115,-0.4098,0.1875,0.125,0.125,0.1875,0.0,0.0,0.0,0.0
t1_d3lmhld,0.196,0.726,0.078,-0.9001,0.0,0.0,0.0,0.3076923076923077,0.0,0.23076923076923078,0.0,0.0
t1_gjw2woq,0.11,0.855,0.035,-0.7078,0.0,0.0,0.5,0.0,0.0,0.0,0.0,0.0
t1_dyg5mfm,0.033,0.923,0.044,0.2023,0.22727272727272727,0.0,0.0,0.13636363636363635,0.0,0.18181818181818182,0.045454545454545456,0.0
t1_k692fi5,0.047,0.953,0.0,-0.765,0.1875,0.10416666666666667,0.0625,0.08333333333333333,0.020833333333333332,0.125,0.020833333333333332,0.0
t1_fte5n6m,0.082,0.701,0.216,0.6597,0.0,0.0,0.0,0.0,0.0,0.0,0.0,0.0
t1_i3oxubo,0.208,0.741,0.051,-0.8658,0.15384615384615385,0.15384615384615385,0.23076923076923078,0.07692307692307693,0.0,0.07692307692307693,0.07692307692307693,0.07692307692307693
t1_dx1op4i,0.036,0.804,0.16,0.9422,0.10526315789473684,0.05263157894736842,0.15789473684210525,0.05263157894736842,0.15789473684210525,0.15789473684210525,0.10526315789473684,0.0
t1_irkc62e,0.024,0.95,0.026,-0.2023,0.2,0.0,0.0,0.25,0.0,0.0,0.0,0.05
t1_iwknvzx,0.0,0.894,0.106,0.4215,0.16666666666666666,0.0,0.0,0.3333333333333333,0.0,0.16666666666666666,0.0,0.0
t1_fdabkto,0.187,0.76,0.053,-0.9601,0.125,0.125,0.125,0.05,0.125,0.1,0.05,0.1
t1_jm05rks,0.155,0.719,0.126,-0.3384,0.07692307692307693,0.0,0.38461538461538464,0.07692307692307693,0.07692307692307693,0.07692307692307693,0.07692307692307693,0.0
t1_gt0602z,0.0,0.969,0.031,0.5499,0.045454545454545456,0.11363636363636363,0.09090909090909091,0.13636363636363635,0.09090909090909091,0.11363636363636363,0.09090909090909091,0.045454545454545456
t1_fj4wjxh,0.24,0.76,0.0,-0.9062,0.1,0.2,0.1,0.0,0.0,0.1,0.0,0.1
t1_ew7n1oy,0.244,0.756,0.0,-0.8271,0.1875,0.0625,0.0,0.0625,0.0625,0.1875,0.0625,0.125
t1_hh26t4o,0.062,0.863,0.075,0.128,0.05,0.1,0.1,0.15,0.1,0.1,0.15,0.0
t1_e3nx5r2,0.0,1.0,0.0,0.0,0.0,0.0,0.0,0.0,0.0,0.0,0.0,0.0
t1_hsoyhdj,0.07,0.93,0.0,-0.5859,0.19047619047619047,0.09523809523809523,0.14285714285714285,0.14285714285714285,0.0,0.09523809523809523,0.0,0.047619047619047616
t1_fo5in41,0.265,0.461,0.275,0.1091,0.16666666666666666,0.16666666666666666,0.0,0.0,0.0,0.16666666666666666,0.16666666666666666,0.0
t1_fp8nde0,0.15,0.737,0.113,-0.5168,0.14285714285714285,0.14285714285714285,0.0,0.14285714285714285,0.0,0.14285714285714285,0.0,0.14285714285714285
t1_hf9890p,0.0,1.0,0.0,0.0,0.0,0.1,0.1,0.0,0.1,0.1,0.1,0.1
t1_imo4c9w,0.029,0.939,0.032,0.0516,0.11764705882352941,0.058823529411764705,0.058823529411764705,0.058823529411764705,0.058823529411764705,0.058823529411764705,0.058823529411764705,0.11764705882352941
t1_en30ba3,0.0,0.964,0.036,0.3274,0.0,0.0,0.14285714285714285,0.2857142857142857,0.0,0.0,0.0,0.14285714285714285
t1_htmqlzt,0.084,0.916,0.0,-0.3612,0.0,0.0,0.1111111111111111,0.2222222222222222,0.0,0.1111111111111111,0.1111111111111111,0.0
t1_gtbad6q,0.0,0.782,0.218,0.9712,0.05,0.0,0.05,0.3,0.0,0.0,0.15,0.0
t1_ezf3pqa,0.112,0.733,0.155,0.4206,0.07692307692307693,0.0,0.0,0.07692307692307693,0.0,0.15384615384615385,0.07692307692307693,0.15384615384615385
t1_icr08hg,0.091,0.863,0.046,-0.6839,0.14814814814814814,0.07407407407407407,0.07407407407407407,0.18518518518518517,0.0,0.14814814814814814,0.0,0.1111111111111111
t1_jyo1gj0,0.068,0.787,0.145,0.5574,0.0,0.0,0.0,0.0,0.0,0.0,0.25,0.0
t1_dw2kabp,0.0,0.813,0.187,0.8176,0.16666666666666666,0.16666666666666666,0.0,0.16666666666666666,0.16666666666666666,0.16666666666666666,0.0,0.0
t1_el8w0il,0.216,0.784,0.0,-0.8442,0.42857142857142855,0.0,0.14285714285714285,0.0,0.0,0.14285714285714285,0.0,0.0
t1_haqlsml,0.083,0.9,0.016,-0.7873,0.16666666666666666,0.0,0.0,0.25,0.0,0.0,0.0,0.0
t1_dw8n1vj,0.394,0.559,0.047,-0.9554,0.25,0.0,0.0,0.0,0.25,0.125,0.0,0.0
t1_eutc61w,0.163,0.715,0.122,-0.4343,0.18181818181818182,0.15151515151515152,0.030303030303030304,0.0,0.030303030303030304,0.15151515151515152,0.030303030303030304,0.12121212121212122
t1_dvr2adz,0.025,0.9,0.075,0.5233,0.07142857142857142,0.14285714285714285,0.0,0.21428571428571427,0.0,0.07142857142857142,0.07142857142857142,0.07142857142857142
t1_k8dy1lx,0.062,0.873,0.065,0.0276,0.0,0.3333333333333333,0.0,0.6666666666666666,0.0,0.0,0.0,0.0
t1_gtn2zi8,0.155,0.724,0.121,-0.6486,0.0,0.2,0.1,0.1,0.0,0.0,0.0,0.0
t1_g1rff02,0.103,0.792,0.105,0.0966,0.14285714285714285,0.07142857142857142,0.10714285714285714,0.10714285714285714,0.07142857142857142,0.03571428571428571,0.10714285714285714,0.03571428571428571
t1_dw2hjwt,0.109,0.803,0.088,-0.3164,0.0,0.0,0.0,0.0,0.0,0.0,0.0,0.0
t1_ec3okwf,0.056,0.816,0.128,0.5106,0.1,0.2,0.0,0.0,0.1,0.1,0.0,0.1
t1_h1eoqot,0.0,0.826,0.174,0.8807,0.1111111111111111,0.0,0.1111111111111111,0.2222222222222222,0.1111111111111111,0.0,0.0,0.0
t1_k0tn9bo,0.093,0.775,0.131,0.8074,0.17391304347826086,0.13043478260869565,0.08695652173913043,0.17391304347826086,0.043478260869565216,0.0,0.08695652173913043,0.0
t1_eue2c15,0.066,0.847,0.087,0.0258,0.125,0.125,0.0,0.0,0.0,0.125,0.0,0.0
t1_g8432rk,0.075,0.864,0.061,-0.2716,0.0,0.13333333333333333,0.13333333333333333,0.26666666666666666,0.0,0.06666666666666667,0.0,0.06666666666666667
t1_jn1u48d,0.114,0.771,0.114,0.2484,0.21428571428571427,0.21428571428571427,0.0,0.0,0.0,0.21428571428571427,0.0,0.0
t1_gf01cpk,0.258,0.639,0.103,-0.8497,0.08333333333333333,0.08333333333333333,0.16666666666666666,0.08333333333333333,0.0,0.08333333333333333,0.0,0.16666666666666666
t1_gd8csxv,0.19,0.766,0.044,-0.8221,0.10526315789473684,0.10526315789473684,0.15789473684210525,0.0,0.05263157894736842,0.15789473684210525,0.05263157894736842,0.05263157894736842
t1_djf2914,0.0,0.884,0.116,0.6597,0.0,0.0,0.0,0.0,0.0,0.5,0.0,0.0
t1_dwdn0to,0.102,0.741,0.157,0.228,0.11764705882352941,0.0,0.058823529411764705,0.11764705882352941,0.058823529411764705,0.11764705882352941,0.058823529411764705,0.058823529411764705
t1_k6ogmx6,0.088,0.86,0.051,-0.3818,0.2,0.1,0.0,0.0,0.1,0.2,0.0,0.0
t1_ipmmtxx,0.031,0.925,0.045,0.1513,0.08333333333333333,0.05555555555555555,0.1388888888888889,0.1111111111111111,0.05555555555555555,0.1111111111111111,0.08333333333333333,0.05555555555555555
t1_jsgzc9z,0.116,0.802,0.082,-0.1779,0.42857142857142855,0.0,0.0,0.0,0.0,0.14285714285714285,0.0,0.0
t1_dyjns7e,0.157,0.803,0.039,-0.8426,0.1,0.0,0.1,0.1,0.0,0.1,0.15,0.1
t1_dtizfgj,0.0,0.902,0.098,0.6486,0.0,0.25,0.25,0.25,0.0,0.0,0.0,0.0
t1_hg0k062,0.02,0.89,0.09,0.7351,0.125,0.0,0.0,0.25,0.0,0.0,0.0,0.0
t1_dwjjh4l,0.097,0.745,0.158,0.2732,0.14285714285714285,0.0,0.2857142857142857,0.14285714285714285,0.0,0.14285714285714285,0.0,0.0
t1_dtornpc,0.041,0.823,0.136,0.719,0.0,0.0,0.1,0.2,0.0,0.0,0.2,0.0
t1_fffe0gl,0.068,0.873,0.059,-0.0772,0.0,0.0,0.0,0.0,0.0,0.0,0.0,0.0
t1_gxbf2xf,0.024,0.793,0.183,0.9601,0.0,0.0,0.09090909090909091,0.09090909090909091,0.0,0.0,0.09090909090909091,0.0
t1_g3webly,0.058,0.921,0.021,-0.6298,0.07142857142857142,0.07142857142857142,0.14285714285714285,0.14285714285714285,0.07142857142857142,0.07142857142857142,0.07142857142857142,0.07142857142857142
t1_h8bvxz0,0.0,0.854,0.146,0.8779,0.0,0.0,0.21428571428571427,0.21428571428571427,0.14285714285714285,0.0,0.21428571428571427,0.0
t1_e28by3c,0.091,0.776,0.133,0.6382,0.21212121212121213,0.030303030303030304,0.0,0.12121212121212122,0.030303030303030304,0.12121212121212122,0.0,0.09090909090909091
t1_jgcarps,0.178,0.66,0.162,-0.3058,0.1875,0.125,0.125,0.125,0.0,0.0,0.0625,0.0
t1_e52ueby,0.122,0.878,0.0,-0.5106,0.0,0.0,0.0,0.3333333333333333,0.0,0.0,0.0,0.0
t1_jtplv1s,0.0,1.0,0.0,0.0,0.2,0.0,0.2,0.0,0.0,0.0,0.0,0.0
t1_f1p32j3,0.059,0.901,0.04,-0.0772,0.125,0.0,0.0625,0.25,0.0625,0.0625,0.0625,0.0
t1_iibmykm,0.081,0.76,0.158,0.644,0.03571428571428571,0.07142857142857142,0.14285714285714285,0.10714285714285714,0.03571428571428571,0.07142857142857142,0.07142857142857142,0.03571428571428571
t1_e1h2s97,0.18,0.758,0.062,-0.8591,0.2727272727272727,0.0,0.18181818181818182,0.09090909090909091,0.0,0.0,0.0,0.0
t1_e91xukz,0.067,0.847,0.086,0.1779,0.18181818181818182,0.18181818181818182,0.09090909090909091,0.09090909090909091,0.09090909090909091,0.0,0.09090909090909091,0.0
t1_hhnlviq,0.122,0.742,0.137,0.224,0.06666666666666667,0.0,0.06666666666666667,0.06666666666666667,0.06666666666666667,0.2,0.06666666666666667,0.13333333333333333
t1_e1xqf0a,0.028,0.838,0.135,0.6929,0.0,0.6666666666666666,0.0,0.0,0.0,0.0,0.0,0.0
t1_fm81ueh,0.024,0.833,0.143,0.9259,0.06896551724137931,0.10344827586206896,0.13793103448275862,0.20689655172413793,0.0,0.06896551724137931,0.034482758620689655,0.0
t1_hshe3jy,0.043,0.798,0.159,0.9349,0.07407407407407407,0.037037037037037035,0.2222222222222222,0.1111111111111111,0.07407407407407407,0.037037037037037035,0.07407407407407407,0.037037037037037035
t1_k4kk4pk,0.203,0.745,0.052,-0.8885,0.16666666666666666,0.16666666666666666,0.08333333333333333,0.0,0.0,0.16666666666666666,0.08333333333333333,0.08333333333333333
t1_i5j4tlg,0.076,0.839,0.086,0.1454,0.0,0.0,0.0,0.16666666666666666,0.0,0.16666666666666666,0.0,0.0
t1_gjd5l3o,0.051,0.707,0.242,0.8957,0.3333333333333333,0.0,0.3333333333333333,0.0,0.0,0.0,0.0,0.0
t1_hfx8wdn,0.07,0.93,0.0,-0.6783,0.2,0.06666666666666667,0.13333333333333333,0.06666666666666667,0.06666666666666667,0.06666666666666667,0.06666666666666667,0.06666666666666667
t1_go91bgg,0.117,0.798,0.085,-0.2748,0.0,0.0,0.0,0.0,0.0,0.0,0.0,0.0
t1_ismg0qz,0.013,0.937,0.05,0.5868,0.13043478260869565,0.043478260869565216,0.13043478260869565,0.08695652173913043,0.043478260869565216,0.08695652173913043,0.043478260869565216,0.08695652173913043
t1_edekwcj,0.0,0.917,0.083,0.4728,0.0,0.0,0.3333333333333333,0.3333333333333333,0.0,0.0,0.0,0.0
t1_gtbad6q,0.0,0.782,0.218,0.9712,0.05,0.0,0.05,0.3,0.0,0.0,0.15,0.0
t1_hya1hh7,0.0,0.829,0.171,0.7506,0.2,0.1,0.1,0.1,0.0,0.1,0.0,0.1
t1_gv1fbtd,0.0,0.903,0.097,0.8689,0.09090909090909091,0.045454545454545456,0.09090909090909091,0.2727272727272727,0.0,0.045454545454545456,0.09090909090909091,0.0
t1_hfs5gu3,0.031,0.924,0.046,0.128,0.25,0.0,0.125,0.25,0.0,0.125,0.0,0.0
t1_dnlqq77,0.0,0.805,0.195,0.8803,0.0,0.0,0.0,0.4,0.0,0.0,0.0,0.0
t1_gd72iut,0.053,0.896,0.051,0.2023,0.07142857142857142,0.14285714285714285,0.0,0.07142857142857142,0.07142857142857142,0.0,0.0,0.07142857142857142
t1_i3jkh6q,0.0,0.805,0.195,0.9371,0.05555555555555555,0.05555555555555555,0.16666666666666666,0.2222222222222222,0.05555555555555555,0.05555555555555555,0.05555555555555555,0.0
t1_e5883x7,0.141,0.813,0.046,-0.7096,0.0,0.25,0.0,0.0,0.25,0.0,0.0,0.0
t1_jpqldw0,0.106,0.776,0.118,-0.6196,0.03571428571428571,0.03571428571428571,0.14285714285714285,0.10714285714285714,0.07142857142857142,0.03571428571428571,0.10714285714285714,0.03571428571428571
t1_fa9gdrb,0.197,0.803,0.0,-0.8225,0.15384615384615385,0.15384615384615385,0.0,0.07692307692307693,0.0,0.07692307692307693,0.0,0.23076923076923078
t1_ccms1vy,0.013,0.843,0.144,0.9673,0.02702702702702703,0.02702702702702703,0.13513513513513514,0.21621621621621623,0.05405405405405406,0.02702702702702703,0.10810810810810811,0.0
t1_hs3qo85,0.0,0.798,0.202,0.7269,0.0,0.0,0.5,0.0,0.0,0.0,0.0,0.0
t1_fdq3zps,0.0,0.842,0.158,0.8591,0.0,0.0,0.1,0.1,0.1,0.1,0.1,0.1
t1_hgnsml7,0.023,0.936,0.042,0.2023,0.0,0.0,0.25,0.0,0.0,0.125,0.0,0.125
t1_ez63m5r,0.175,0.72,0.105,-0.6584,0.0,0.15384615384615385,0.15384615384615385,0.07692307692307693,0.23076923076923078,0.0,0.07692307692307693,0.07692307692307693
t1_h3ipw1d,0.0,0.934,0.066,0.5859,0.07142857142857142,0.07142857142857142,0.07142857142857142,0.2857142857142857,0.07142857142857142,0.0,0.07142857142857142,0.0
t1_ia1vrsn,0.048,0.826,0.126,0.6369,0.13333333333333333,0.0,0.13333333333333333,0.26666666666666666,0.06666666666666667,0.06666666666666667,0.06666666666666667,0.06666666666666667
t1_irakjn4,0.204,0.796,0.0,-0.9313,0.15384615384615385,0.23076923076923078,0.07692307692307693,0.15384615384615385,0.0,0.0,0.0,0.0
t1_cyycd02,0.039,0.928,0.034,-0.0781,0.0,0.0,0.14285714285714285,0.14285714285714285,0.0,0.0,0.14285714285714285,0.0
t1_eq9vh0j,0.302,0.698,0.0,-0.8825,0.18181818181818182,0.09090909090909091,0.09090909090909091,0.09090909090909091,0.09090909090909091,0.18181818181818182,0.0,0.09090909090909091
t1_jf8eqad,0.051,0.949,0.0,-0.6124,0.23076923076923078,0.07692307692307693,0.23076923076923078,0.07692307692307693,0.07692307692307693,0.0,0.0,0.0
t1_ewlig8x,0.071,0.837,0.092,0.4512,0.4,0.0,0.0,0.0,0.2,0.0,0.0,0.0
t1_hbztejg,0.024,0.924,0.051,0.3818,0.07692307692307693,0.07692307692307693,0.07692307692307693,0.15384615384615385,0.0,0.07692307692307693,0.0,0.07692307692307693
t1_e8pa361,0.132,0.78,0.088,-0.6775,0.13636363636363635,0.13636363636363635,0.0,0.09090909090909091,0.045454545454545456,0.13636363636363635,0.045454545454545456,0.09090909090909091
t1_gk43ied,0.0,0.916,0.084,0.7717,0.0,0.0,0.21428571428571427,0.2857142857142857,0.0,0.0,0.07142857142857142,0.0
t1_hb9ctnd,0.087,0.846,0.067,-0.1796,0.07692307692307693,0.07692307692307693,0.07692307692307693,0.23076923076923078,0.07692307692307693,0.0,0.15384615384615385,0.0
t1_i7ybuop,0.0,0.923,0.077,0.743,0.0,0.0,0.42857142857142855,0.14285714285714285,0.2857142857142857,0.0,0.0,0.0
t1_fcr6ets,0.229,0.721,0.05,-0.8008,0.1111111111111111,0.2222222222222222,0.0,0.0,0.0,0.1111111111111111,0.0,0.1111111111111111
t1_ho10pkp,0.066,0.934,0.0,-0.8271,0.043478260869565216,0.13043478260869565,0.043478260869565216,0.08695652173913043,0.0,0.08695652173913043,0.043478260869565216,0.0
t1_dwifbci,0.203,0.685,0.112,-0.8957,0.3125,0.125,0.0625,0.0625,0.0,0.125,0.0,0.0625
t1_eb7grm3,0.03,0.97,0.0,-0.3182,0.25,0.0,0.5,0.0,0.0,0.0,0.0,0.0
t1_iqu9znh,0.066,0.691,0.243,0.967,0.1111111111111111,0.0,0.1111111111111111,0.19444444444444445,0.05555555555555555,0.05555555555555555,0.1388888888888889,0.0
t1_d1ds861,0.045,0.831,0.124,0.8705,0.038461538461538464,0.07692307692307693,0.23076923076923078,0.15384615384615385,0.038461538461538464,0.07692307692307693,0.07692307692307693,0.0
t1_gmz4r5q,0.091,0.826,0.083,-0.1431,0.14285714285714285,0.0,0.0,0.0,0.0,0.2857142857142857,0.0,0.0
t1_dykzmcq,0.138,0.741,0.121,-0.34,0.15384615384615385,0.07692307692307693,0.15384615384615385,0.07692307692307693,0.07692307692307693,0.07692307692307693,0.0,0.07692307692307693
t1_ewecszi,0.0,0.915,0.085,0.4019,0.1,0.0,0.2,0.3,0.1,0.0,0.0,0.0
t1_injn17m,0.074,0.926,0.0,-0.3632,0.0,0.0,0.0,0.5,0.0,0.0,0.0,0.0
t1_f7ejtay,0.0,0.858,0.142,0.7269,0.07692307692307693,0.07692307692307693,0.07692307692307693,0.15384615384615385,0.15384615384615385,0.0,0.15384615384615385,0.07692307692307693
t1_fnkmrk6,0.03,0.767,0.202,0.9186,0.07692307692307693,0.07692307692307693,0.07692307692307693,0.15384615384615385,0.0,0.07692307692307693,0.07692307692307693,0.0
t1_jufuatq,0.0,1.0,0.0,0.0,0.1111111111111111,0.1111111111111111,0.3333333333333333,0.0,0.0,0.0,0.0,0.1111111111111111
t1_iudwola,0.085,0.823,0.092,-0.1027,0.058823529411764705,0.0,0.11764705882352941,0.23529411764705882,0.058823529411764705,0.058823529411764705,0.058823529411764705,0.0
t1_foisejb,0.467,0.464,0.07,-0.975,0.17391304347826086,0.17391304347826086,0.0,0.043478260869565216,0.0,0.17391304347826086,0.043478260869565216,0.043478260869565216
t1_e8u3h53,0.124,0.823,0.054,-0.7115,0.26666666666666666,0.26666666666666666,0.0,0.0,0.06666666666666667,0.06666666666666667,0.0,0.06666666666666667
t1_euwqtv2,0.063,0.938,0.0,-0.7003,0.0,0.1,0.0,0.2,0.05,0.1,0.05,0.0
t1_k1stfbm,0.034,0.86,0.107,0.8885,0.05,0.05,0.15,0.1,0.1,0.0,0.1,0.0
t1_gra2ss8,0.272,0.728,0.0,-0.8658,0.0,0.0,0.0,0.16666666666666666,0.16666666666666666,0.16666666666666666,0.16666666666666666,0.0
t1_gevyv05,0.281,0.719,0.0,-0.9701,0.09090909090909091,0.18181818181818182,0.18181818181818182,0.0,0.0,0.0,0.09090909090909091,0.0
t1_dj1ym0s,0.28,0.474,0.246,-0.0753,0.0,0.14285714285714285,0.0,0.0,0.0,0.14285714285714285,0.0,0.14285714285714285
t1_hqrlwah,0.062,0.938,0.0,-0.2732,0.17647058823529413,0.17647058823529413,0.058823529411764705,0.058823529411764705,0.11764705882352941,0.11764705882352941,0.058823529411764705,0.0
t1_gz2lp0b,0.144,0.802,0.054,-0.7579,0.07142857142857142,0.07142857142857142,0.07142857142857142,0.14285714285714285,0.0,0.07142857142857142,0.0,0.07142857142857142
t1_ez63m5r,0.175,0.72,0.105,-0.6584,0.0,0.15384615384615385,0.15384615384615385,0.07692307692307693,0.23076923076923078,0.0,0.07692307692307693,0.07692307692307693
t1_gv2bc4r,0.098,0.84,0.062,-0.5994,0.15,0.15,0.15,0.1,0.0,0.05,0.05,0.05
t1_eyxyswq,0.074,0.878,0.048,-0.2732,0.25,0.08333333333333333,0.08333333333333333,0.0,0.0,0.0,0.08333333333333333,0.0
t1_h1j25sb,0.104,0.865,0.031,-0.6757,0.3333333333333333,0.0,0.0,0.3333333333333333,0.0,0.0,0.0,0.0
t1_hrffqjp,0.044,0.857,0.098,0.4265,0.13333333333333333,0.06666666666666667,0.13333333333333333,0.06666666666666667,0.06666666666666667,0.13333333333333333,0.06666666666666667,0.06666666666666667
t1_glbzvgn,0.0,0.839,0.161,0.745,0.0,0.0,0.16666666666666666,0.16666666666666666,0.0,0.0,0.0,0.0
t1_dwjjh4l,0.097,0.745,0.158,0.2732,0.14285714285714285,0.0,0.2857142857142857,0.14285714285714285,0.0,0.14285714285714285,0.0,0.0
t1_gyyic3e,0.058,0.91,0.031,-0.7474,0.09523809523809523,0.047619047619047616,0.19047619047619047,0.19047619047619047,0.047619047619047616,0.09523809523809523,0.047619047619047616,0.0
t1_hgntud5,0.149,0.851,0.0,-0.5994,0.16666666666666666,0.16666666666666666,0.0,0.0,0.0,0.16666666666666666,0.0,0.16666666666666666
t1_h9sxlpx,0.15,0.617,0.233,0.6876,0.21428571428571427,0.0,0.07142857142857142,0.07142857142857142,0.0,0.14285714285714285,0.07142857142857142,0.07142857142857142
t1_gu69iz8,0.091,0.843,0.066,-0.2415,0.0,0.0,1.0,0.0,0.0,0.0,0.0,0.0
t1_esok0c8,0.058,0.884,0.058,0.0,0.0,0.0,0.0,0.0,0.0,0.0,0.0,0.0
t1_ekkmtyz,0.342,0.474,0.184,-0.8641,0.1875,0.125,0.0625,0.0,0.0625,0.0625,0.0625,0.1875
t1_fz1am3h,0.013,0.92,0.066,0.7024,0.15789473684210525,0.10526315789473684,0.05263157894736842,0.10526315789473684,0.0,0.05263157894736842,0.0,0.05263157894736842
t1_fwzhhdl,0.167,0.833,0.0,-0.7208,0.16666666666666666,0.0,0.16666666666666666,0.16666666666666666,0.0,0.0,0.0,0.0
t1_gtn4gii,0.0,1.0,0.0,0.0,0.0,0.0,0.0,0.5,0.0,0.0,0.0,0.0
t1_gy422x9,0.0,0.872,0.128,0.784,0.0,0.0,0.1,0.1,0.1,0.1,0.1,0.1
t1_k7k0fx9,0.0,0.936,0.064,0.5719,0.0,0.0,0.0,0.16666666666666666,0.0,0.0,0.16666666666666666,0.0
t1_hjqyt38,0.116,0.756,0.128,-0.1027,0.15384615384615385,0.15384615384615385,0.07692307692307693,0.15384615384615385,0.07692307692307693,0.07692307692307693,0.0,0.0
t1_hq5da3n,0.102,0.842,0.056,-0.4201,0.16666666666666666,0.0,0.3333333333333333,0.0,0.0,0.0,0.0,0.0
t1_gxj77yz,0.039,0.882,0.079,0.3774,0.1875,0.09375,0.03125,0.15625,0.0,0.125,0.0,0.0625
t1_gtiq4d2,0.023,0.928,0.049,0.4515,0.0,0.0,0.18181818181818182,0.2727272727272727,0.09090909090909091,0.0,0.09090909090909091,0.0
t1_exeiw7i,0.295,0.705,0.0,-0.8937,0.08333333333333333,0.25,0.08333333333333333,0.08333333333333333,0.0,0.16666666666666666,0.0,0.0
t1_j7x4hko,0.067,0.872,0.061,-0.0772,0.13636363636363635,0.09090909090909091,0.09090909090909091,0.18181818181818182,0.0,0.09090909090909091,0.09090909090909091,0.0
t1_ek8wt15,0.047,0.86,0.093,0.3771,0.3333333333333333,0.0,0.0,0.0,0.0,0.0,0.0,0.0
t1_gxvnl66,0.051,0.855,0.095,0.6046,0.07142857142857142,0.0,0.14285714285714285,0.35714285714285715,0.07142857142857142,0.0,0.07142857142857142,0.0
t1_ezyexrz,0.152,0.762,0.086,-0.8156,0.15,0.2,0.0,0.05,0.0,0.2,0.0,0.1
t1_epupo11,0.077,0.837,0.085,0.128,0.2,0.2,0.0,0.2,0.0,0.0,0.0,0.0
t1_j2wpvz6,0.059,0.737,0.204,0.8819,0.0,0.0,0.1,0.1,0.1,0.0,0.1,0.0
t1_k81m5m3,0.077,0.836,0.087,0.0772,0.16666666666666666,0.16666666666666666,0.0,0.16666666666666666,0.0,0.16666666666666666,0.0,0.0
t1_dwt6p8j,0.091,0.737,0.172,0.9234,0.16417910447761194,0.1044776119402985,0.08955223880597014,0.08955223880597014,0.014925373134328358,0.07462686567164178,0.014925373134328358,0.05970149253731343
t1_itzxr8h,0.129,0.79,0.081,-0.7178,0.11764705882352941,0.08823529411764706,0.058823529411764705,0.08823529411764706,0.058823529411764705,0.08823529411764706,0.08823529411764706,0.058823529411764705
t1_kd4kcvv,0.127,0.815,0.058,-0.765,0.10714285714285714,0.07142857142857142,0.03571428571428571,0.17857142857142858,0.0,0.10714285714285714,0.03571428571428571,0.10714285714285714
t1_g55ubee,0.048,0.952,0.0,-0.4767,0.045454545454545456,0.0,0.22727272727272727,0.18181818181818182,0.045454545454545456,0.0,0.13636363636363635,0.0
t1_gtfa35v,0.079,0.872,0.049,-0.4404,0.0,0.0,0.0,0.0,0.0,0.0,0.0,0.0
t1_grujzu3,0.0,0.903,0.097,0.8591,0.13333333333333333,0.0,0.06666666666666667,0.2,0.0,0.0,0.0,0.0
t1_ic7j2oq,0.201,0.799,0.0,-0.9466,0.13636363636363635,0.09090909090909091,0.0,0.13636363636363635,0.0,0.13636363636363635,0.045454545454545456,0.0
t1_dvf1ikl,0.034,0.826,0.14,0.6416,0.16666666666666666,0.0,0.3333333333333333,0.0,0.0,0.16666666666666666,0.0,0.16666666666666666
t1_euwqtv2,0.063,0.938,0.0,-0.7003,0.0,0.1,0.0,0.2,0.05,0.1,0.05,0.0
t1_gxgft0q,0.043,0.843,0.114,0.8658,0.0,0.0,0.15,0.2,0.15,0.0,0.2,0.0
t1_fz7t183,0.052,0.845,0.102,0.8433,0.043478260869565216,0.0,0.13043478260869565,0.13043478260869565,0.043478260869565216,0.043478260869565216,0.13043478260869565,0.0
t1_k9bplnr,0.0,0.969,0.031,0.0516,0.0,0.0,0.0,0.2,0.0,0.4,0.0,0.0
t1_gezfcxd,0.112,0.781,0.107,-0.1093,0.1,0.05,0.1,0.1,0.0,0.2,0.05,0.05
t1_e5iazc6,0.071,0.878,0.052,-0.4378,0.0,0.02857142857142857,0.08571428571428572,0.22857142857142856,0.02857142857142857,0.02857142857142857,0.14285714285714285,0.02857142857142857
t1_ienlb4n,0.18,0.774,0.046,-0.8176,0.12,0.16,0.08,0.08,0.04,0.04,0.04,0.12
t1_gx254v2,0.117,0.85,0.033,-0.8555,0.075,0.1,0.125,0.125,0.075,0.025,0.1,0.025
t1_f1f19y9,0.064,0.877,0.059,-0.1027,0.0,0.0,0.2857142857142857,0.14285714285714285,0.14285714285714285,0.0,0.0,0.0
t1_dwgh5on,0.061,0.939,0.0,-0.3818,0.0,0.0,0.3333333333333333,0.3333333333333333,0.0,0.0,0.0,0.0
t1_gfblk4x,0.035,0.921,0.044,0.1901,0.05555555555555555,0.1111111111111111,0.16666666666666666,0.1111111111111111,0.1111111111111111,0.05555555555555555,0.1111111111111111,0.0
t1_f0z90m4,0.0,1.0,0.0,0.0,0.2,0.0,0.0,0.2,0.0,0.0,0.0,0.0
t1_hx89p2d,0.121,0.675,0.204,0.8133,0.1875,0.125,0.0625,0.0625,0.0,0.0625,0.125,0.0
t1_hectlvd,0.04,0.874,0.085,0.7976,0.0,0.08333333333333333,0.08333333333333333,0.25,0.08333333333333333,0.0,0.08333333333333333,0.0
t1_e1czhlh,0.025,0.861,0.113,0.8257,0.0,0.07142857142857142,0.07142857142857142,0.14285714285714285,0.07142857142857142,0.07142857142857142,0.14285714285714285,0.07142857142857142
t1_k7f1608,0.0,0.833,0.167,0.8225,0.0,0.0,0.11764705882352941,0.29411764705882354,0.11764705882352941,0.0,0.17647058823529413,0.0
t1_kcfcp2o,0.0,0.814,0.186,0.8604,0.0,0.0,0.16666666666666666,0.16666666666666666,0.16666666666666666,0.0,0.16666666666666666,0.0
t1_f1vhax5,0.145,0.855,0.0,-0.8074,0.0625,0.1875,0.0625,0.25,0.0625,0.0,0.0625,0.0625
t1_jhl3b85,0.0,0.615,0.385,0.93,0.0,0.0,0.0,0.25,0.25,0.0,0.25,0.0
t1_k2koe9v,0.038,0.915,0.047,0.0065,0.06666666666666667,0.06666666666666667,0.13333333333333333,0.13333333333333333,0.06666666666666667,0.06666666666666667,0.06666666666666667,0.06666666666666667
t1_hclw97k,0.069,0.846,0.085,0.128,0.14285714285714285,0.0,0.0,0.2857142857142857,0.0,0.14285714285714285,0.14285714285714285,0.0
t1_ev68xuj,0.099,0.79,0.111,0.3167,0.0,0.05555555555555555,0.16666666666666666,0.05555555555555555,0.05555555555555555,0.0,0.16666666666666666,0.0
t1_ite6et7,0.0,0.94,0.06,0.4767,0.3333333333333333,0.0,0.0,0.16666666666666666,0.0,0.0,0.16666666666666666,0.0
t1_kcdp9ut,0.042,0.923,0.035,-0.3818,0.09090909090909091,0.0,0.09090909090909091,0.09090909090909091,0.09090909090909091,0.09090909090909091,0.09090909090909091,0.09090909090909091
t1_gypw45d,0.127,0.694,0.179,0.296,0.14285714285714285,0.11428571428571428,0.11428571428571428,0.11428571428571428,0.08571428571428572,0.02857142857142857,0.08571428571428572,0.08571428571428572
t1_hqy2014,0.089,0.911,0.0,-0.5994,0.045454545454545456,0.045454545454545456,0.18181818181818182,0.13636363636363635,0.09090909090909091,0.045454545454545456,0.13636363636363635,0.045454545454545456
t1_hwzs5qo,0.158,0.795,0.047,-0.8299,0.14285714285714285,0.14285714285714285,0.05714285714285714,0.11428571428571428,0.08571428571428572,0.11428571428571428,0.02857142857142857,0.05714285714285714
t1_jt0xbsl,0.162,0.71,0.128,-0.1779,0.14285714285714285,0.14285714285714285,0.07142857142857142,0.07142857142857142,0.0,0.07142857142857142,0.0,0.07142857142857142
t1_j8p3qxk,0.0,0.877,0.123,0.9538,0.1,0.1,0.0,0.1,0.0,0.1,0.0,0.0
t1_gra4zs8,0.162,0.753,0.085,-0.8742,0.17391304347826086,0.043478260869565216,0.08695652173913043,0.13043478260869565,0.0,0.17391304347826086,0.08695652173913043,0.0
t1_i4kbmt7,0.069,0.809,0.122,0.6007,0.09090909090909091,0.0,0.0,0.18181818181818182,0.0,0.09090909090909091,0.0,0.0
t1_e6ejd31,0.12,0.88,0.0,-0.6486,0.0,0.09523809523809523,0.14285714285714285,0.09523809523809523,0.047619047619047616,0.0,0.09523809523809523,0.047619047619047616
t1_k93qzkh,0.031,0.925,0.044,0.081,0.0,0.0,0.0,0.14285714285714285,0.14285714285714285,0.0,0.0,0.0
t1_k3n9h8b,0.0,0.912,0.088,0.6808,0.0,0.0,0.1,0.2,0.2,0.0,0.2,0.0
t1_hua6u8o,0.0,0.952,0.048,0.2732,0.0,0.0,0.3333333333333333,0.0,0.0,0.3333333333333333,0.0,0.0
t1_darvxk2,0.138,0.821,0.041,-0.4574,0.0,0.0,0.0,0.5,0.0,0.0,0.0,0.0
t1_i1sosb7,0.054,0.842,0.104,0.7003,0.13333333333333333,0.0,0.06666666666666667,0.2,0.0,0.13333333333333333,0.06666666666666667,0.06666666666666667
t1_i172ts2,0.121,0.766,0.113,0.1027,0.13043478260869565,0.08695652173913043,0.08695652173913043,0.17391304347826086,0.0,0.043478260869565216,0.0,0.0
t1_h6orttf,0.124,0.787,0.089,-0.6915,0.125,0.16666666666666666,0.08333333333333333,0.08333333333333333,0.0,0.08333333333333333,0.041666666666666664,0.125
t1_j9f9mbm,0.024,0.91,0.066,0.4503,0.0,0.0,0.16666666666666666,0.3333333333333333,0.0,0.0,0.08333333333333333,0.0
t1_dzwa6qd,0.048,0.841,0.111,0.6369,0.1,0.0,0.0,0.3,0.2,0.0,0.2,0.0
t1_gcgt39z,0.016,0.945,0.039,0.3071,0.1,0.0,0.05,0.2,0.0,0.15,0.05,0.05
t1_hcdxpv3,0.048,0.841,0.111,0.5423,0.0,0.0,0.16666666666666666,0.16666666666666666,0.16666666666666666,0.0,0.0,0.0
t1_gst1qkw,0.14,0.828,0.031,-0.8256,0.16,0.08,0.0,0.04,0.0,0.08,0.04,0.12
t1_gm0aow5,0.117,0.706,0.177,0.802,0.1875,0.125,0.0625,0.0625,0.03125,0.125,0.0,0.09375
t1_h4tpp5x,0.0,0.969,0.031,0.3182,0.05263157894736842,0.0,0.15789473684210525,0.05263157894736842,0.10526315789473684,0.10526315789473684,0.10526315789473684,0.0
t1_e4pddq8,0.085,0.869,0.046,-0.8008,0.04,0.08,0.0,0.36,0.0,0.08,0.08,0.04
t1_ewr96u8,0.0,1.0,0.0,0.0,0.5,0.0,0.0,0.0,0.0,0.0,0.0,0.0
t1_g1ky466,0.087,0.853,0.06,-0.5707,0.0,0.0,0.0,0.08333333333333333,0.0,0.25,0.0,0.25
t1_dxccin8,0.0,0.943,0.057,0.4215,0.0,0.0,0.0,0.5,0.0,0.0,0.0,0.0
t1_ios3v8d,0.072,0.915,0.014,-0.7383,0.2857142857142857,0.0,0.2857142857142857,0.14285714285714285,0.14285714285714285,0.0,0.0,0.0
t1_f1hitvx,0.0,0.979,0.021,0.1779,0.0625,0.0625,0.0625,0.25,0.0625,0.0,0.0625,0.0
t1_ea9rcqj,0.179,0.821,0.0,-0.9001,0.2222222222222222,0.2222222222222222,0.0,0.0,0.0,0.0,0.0,0.1111111111111111
t1_gkzkp8m,0.079,0.876,0.045,-0.631,0.11764705882352941,0.11764705882352941,0.058823529411764705,0.11764705882352941,0.058823529411764705,0.058823529411764705,0.058823529411764705,0.11764705882352941
t1_gtiahwh,0.159,0.817,0.023,-0.8402,0.05,0.05,0.1,0.25,0.0,0.1,0.0,0.05
t1_hn52wjp,0.0,0.776,0.224,0.9423,0.06666666666666667,0.0,0.13333333333333333,0.13333333333333333,0.0,0.0,0.2,0.0
t1_jn0fxsn,0.05,0.835,0.115,0.8276,0.027777777777777776,0.08333333333333333,0.1111111111111111,0.16666666666666666,0.027777777777777776,0.1111111111111111,0.027777777777777776,0.05555555555555555
t1_ju2j6vx,0.069,0.8,0.13,0.8196,0.05263157894736842,0.05263157894736842,0.05263157894736842,0.10526315789473684,0.0,0.15789473684210525,0.0,0.0
t1_gxix3rw,0.05,0.83,0.12,0.7269,0.06666666666666667,0.0,0.13333333333333333,0.16666666666666666,0.13333333333333333,0.0,0.1,0.06666666666666667
t1_gk99ztm,0.182,0.619,0.2,0.1045,0.11538461538461539,0.15384615384615385,0.0,0.038461538461538464,0.038461538461538464,0.11538461538461539,0.11538461538461539,0.11538461538461539
t1_jnsfllc,0.041,0.839,0.121,0.6808,0.0,0.09090909090909091,0.09090909090909091,0.2727272727272727,0.0,0.0,0.0,0.0
t1_guhw701,0.049,0.842,0.109,0.6597,0.08,0.08,0.12,0.04,0.0,0.08,0.04,0.08
t1_e7juhfr,0.0,0.932,0.068,0.6249,0.0,0.0,0.16666666666666666,0.3333333333333333,0.0,0.0,0.0,0.0
t1_j9d9jm1,0.0,0.886,0.114,0.5766,0.2,0.2,0.0,0.0,0.2,0.2,0.0,0.0
t1_i0524al,0.112,0.888,0.0,-0.6486,0.0,0.0,0.0,0.0,0.0,0.5,0.0,0.0
t1_h00h1p5,0.064,0.801,0.136,0.7184,0.07894736842105263,0.05263157894736842,0.15789473684210525,0.10526315789473684,0.05263157894736842,0.05263157894736842,0.05263157894736842,0.0
t1_ha7j079,0.074,0.861,0.064,-0.0253,0.08333333333333333,0.0,0.125,0.25,0.0,0.125,0.041666666666666664,0.0
t1_it6tjwv,0.0,1.0,0.0,0.0,0.1111111111111111,0.1111111111111111,0.0,0.1111111111111111,0.0,0.0,0.0,0.1111111111111111
t1_gmyjkhz,0.076,0.776,0.148,0.8206,0.1875,0.125,0.0,0.0625,0.0625,0.125,0.0,0.125
t1_ekwd0nm,0.078,0.889,0.033,-0.5267,0.1111111111111111,0.0,0.0,0.3333333333333333,0.2222222222222222,0.1111111111111111,0.0,0.0
t1_ec1us78,0.177,0.754,0.069,-0.5106,0.05555555555555555,0.1111111111111111,0.1111111111111111,0.16666666666666666,0.05555555555555555,0.05555555555555555,0.05555555555555555,0.05555555555555555
t1_iykpe2o,0.0,0.899,0.101,0.7579,0.1,0.0,0.2,0.1,0.1,0.0,0.1,0.0
t1_f41vcrw,0.04,0.807,0.153,0.8442,0.1875,0.0625,0.125,0.125,0.0,0.0,0.0625,0.0
t1_iu9at50,0.14,0.73,0.13,0.0772,0.3,0.1,0.1,0.0,0.1,0.1,0.0,0.0
t1_jeepny7,0.0,0.888,0.112,0.7345,0.0,0.1,0.2,0.1,0.1,0.1,0.1,0.0
t1_gu84izq,0.046,0.841,0.112,0.8689,0.20833333333333334,0.0,0.0,0.25,0.0,0.0,0.08333333333333333,0.0
t1_gnpyxlx,0.02,0.889,0.091,0.6705,0.0,0.0,0.3333333333333333,0.3333333333333333,0.0,0.0,0.0,0.0
t1_hglympu,0.0,0.925,0.075,0.3612,0.0,0.0,0.0,1.0,0.0,0.0,0.0,0.0
t1_gxwf4o9,0.057,0.847,0.096,0.5719,0.17647058823529413,0.0,0.11764705882352941,0.23529411764705882,0.0,0.0,0.058823529411764705,0.058823529411764705
t1_g8q7psj,0.148,0.786,0.066,-0.743,0.16666666666666666,0.08333333333333333,0.08333333333333333,0.08333333333333333,0.0,0.25,0.0,0.08333333333333333
t1_e7eircw,0.108,0.827,0.065,-0.4336,0.3333333333333333,0.0,0.0,0.16666666666666666,0.0,0.16666666666666666,0.0,0.0
t1_gxbf2xf,0.024,0.793,0.183,0.9601,0.0,0.0,0.09090909090909091,0.09090909090909091,0.0,0.0,0.09090909090909091,0.0
t1_hgwju1f,0.185,0.815,0.0,-0.9666,0.09523809523809523,0.047619047619047616,0.14285714285714285,0.14285714285714285,0.0,0.047619047619047616,0.0,0.09523809523809523
t1_efw0drs,0.0,0.891,0.109,0.8674,0.0,0.0,0.0,0.4,0.0,0.0,0.0,0.0
t1_hujpo09,0.055,0.945,0.0,-0.296,0.2,0.2,0.2,0.2,0.0,0.0,0.0,0.0
t1_fzo408e,0.07,0.93,0.0,-0.34,0.2,0.2,0.0,0.0,0.0,0.2,0.0,0.0
t1_f3tyaab,0.0,0.867,0.133,0.9274,0.1,0.0,0.1,0.3,0.0,0.0,0.03333333333333333,0.0
t1_iv8g2tn,0.092,0.874,0.034,-0.5859,0.1111111111111111,0.1111111111111111,0.05555555555555555,0.1111111111111111,0.0,0.1111111111111111,0.1111111111111111,0.0
t1_go91bgg,0.117,0.798,0.085,-0.2748,0.0,0.0,0.0,0.0,0.0,0.0,0.0,0.0
t1_iolzmy0,0.054,0.793,0.153,0.8876,0.09259259259259259,0.037037037037037035,0.14814814814814814,0.1111111111111111,0.1111111111111111,0.09259259259259259,0.09259259259259259,0.037037037037037035
t1_gei6ev1,0.069,0.871,0.059,-0.448,0.13157894736842105,0.07894736842105263,0.07894736842105263,0.10526315789473684,0.10526315789473684,0.10526315789473684,0.0,0.02631578947368421
t1_efwgb9v,0.0,0.901,0.099,0.8115,0.0,0.0,0.0,0.125,0.0,0.125,0.0,0.0
t1_h3cfhxp,0.102,0.898,0.0,-0.6249,0.0,0.0,0.0,0.0,0.5,0.0,0.0,0.0
t1_g5h79kj,0.041,0.959,0.0,-0.2411,0.0,0.0,0.0,0.0,0.0,0.0,0.0,0.0
t1_fprw5dw,0.0,0.87,0.13,0.8957,0.0,0.0,0.2222222222222222,0.1111111111111111,0.0,0.05555555555555555,0.1111111111111111,0.0
t1_hf5sueg,0.275,0.68,0.045,-0.9314,0.25,0.16666666666666666,0.08333333333333333,0.0,0.0,0.0,0.0,0.08333333333333333
t1_e5kvyt4,0.065,0.803,0.132,0.4632,0.16666666666666666,0.16666666666666666,0.16666666666666666,0.0,0.0,0.0,0.0,0.16666666666666666
t1_hyg08sp,0.039,0.821,0.14,0.6369,0.08333333333333333,0.0,0.08333333333333333,0.25,0.0,0.08333333333333333,0.16666666666666666,0.0
t1_gyaqbpc,0.127,0.78,0.093,-0.4951,0.17647058823529413,0.11764705882352941,0.11764705882352941,0.0,0.11764705882352941,0.17647058823529413,0.0,0.058823529411764705
t1_hshro41,0.031,0.82,0.148,0.8268,0.07692307692307693,0.0,0.07692307692307693,0.23076923076923078,0.07692307692307693,0.0,0.15384615384615385,0.0
t1_ggfa943,0.091,0.816,0.093,0.0202,0.1,0.0,0.0,0.0,0.1,0.1,0.1,0.1
t1_hh22syv,0.066,0.855,0.08,0.128,0.05,0.1,0.1,0.15,0.1,0.1,0.15,0.0
t1_jfzx9us,0.141,0.738,0.121,-0.3535,0.2,0.0,0.06666666666666667,0.06666666666666667,0.0,0.06666666666666667,0.0,0.06666666666666667
t1_gx4i5r2,0.237,0.698,0.064,-0.7351,0.0,0.4,0.0,0.2,0.0,0.0,0.0,0.0
t1_kcocdg6,0.024,0.788,0.188,0.9501,0.03225806451612903,0.0,0.16129032258064516,0.16129032258064516,0.03225806451612903,0.03225806451612903,0.1935483870967742,0.0
t1_idyc484,0.025,0.86,0.115,0.8807,0.0,0.0,0.3,0.2,0.0,0.0,0.1,0.0
t1_iduju8u,0.06,0.854,0.086,0.4276,0.2,0.08,0.04,0.0,0.0,0.04,0.08,0.04
t1_grw98oe,0.0,1.0,0.0,0.0,0.0,0.0,0.25,0.0,0.25,0.0,0.25,0.0
t1_hfx9p98,0.07,0.93,0.0,-0.6783,0.2,0.06666666666666667,0.13333333333333333,0.06666666666666667,0.06666666666666667,0.06666666666666667,0.06666666666666667,0.06666666666666667
t1_hbx8kq2,0.086,0.841,0.073,0.1027,0.0,0.0,0.16666666666666666,0.3333333333333333,0.0,0.0,0.16666666666666666,0.0
t1_hta3drz,0.021,0.836,0.143,0.8566,0.1,0.0,0.0,0.2,0.1,0.1,0.1,0.0
t1_gsjh3ub,0.045,0.847,0.108,0.8126,0.1111111111111111,0.037037037037037035,0.07407407407407407,0.14814814814814814,0.037037037037037035,0.18518518518518517,0.037037037037037035,0.07407407407407407
t1_jo46axs,0.167,0.784,0.049,-0.7184,0.0,0.0,0.0,0.3333333333333333,0.0,0.0,0.3333333333333333,0.0
t1_grzen4v,0.011,0.952,0.037,0.3998,0.2,0.0,0.04,0.28,0.08,0.04,0.08,0.0
t1_hm1wxte,0.029,0.806,0.166,0.9153,0.06896551724137931,0.034482758620689655,0.10344827586206896,0.10344827586206896,0.10344827586206896,0.06896551724137931,0.10344827586206896,0.0
t1_fbgtwb5,0.196,0.747,0.057,-0.9673,0.11538461538461539,0.1346153846153846,0.057692307692307696,0.057692307692307696,0.09615384615384616,0.09615384615384616,0.038461538461538464,0.09615384615384616
t1_g0mebla,0.0,0.872,0.128,0.6767,0.3333333333333333,0.0,0.0,0.3333333333333333,0.0,0.0,0.0,0.0
t1_eyllw4z,0.03,0.894,0.075,0.698,0.1,0.05,0.15,0.2,0.05,0.1,0.0,0.1
t1_hcitqo9,0.0,0.932,0.068,0.4019,0.13333333333333333,0.0,0.13333333333333333,0.13333333333333333,0.06666666666666667,0.06666666666666667,0.2,0.0
t1_erw2a3z,0.1,0.856,0.043,-0.6801,0.08333333333333333,0.08333333333333333,0.08333333333333333,0.16666666666666666,0.0,0.08333333333333333,0.08333333333333333,0.08333333333333333
t1_esp6lcl,0.0,0.798,0.202,0.8625,0.09090909090909091,0.045454545454545456,0.09090909090909091,0.13636363636363635,0.045454545454545456,0.09090909090909091,0.045454545454545456,0.045454545454545456
t1_inri4xt,0.106,0.894,0.0,-0.7882,0.15,0.1,0.1,0.05,0.05,0.0,0.0,0.1
t1_izf53vf,0.031,0.874,0.095,0.7683,0.2,0.2,0.0,0.2,0.0,0.2,0.0,0.0
t1_jwcn1br,0.0,1.0,0.0,0.0,0.0,0.0,0.14285714285714285,0.2857142857142857,0.0,0.0,0.0,0.0
t1_f2bgm09,0.0,0.755,0.245,0.886,0.16666666666666666,0.0,0.0,0.0,0.0,0.0,0.16666666666666666,0.0
t1_ewxivqz,0.0,1.0,0.0,0.0,0.0,0.0,0.0,1.0,0.0,0.0,0.0,0.0
t1_j0ixlz8,0.139,0.767,0.094,-0.701,0.2,0.2,0.0,0.0,0.0,0.0,0.0,0.06666666666666667
t1_gdb0ixa,0.0,0.947,0.053,0.128,0.0,0.0,0.0,0.0,0.0,0.0,0.0,0.0
t1_e0n56f5,0.092,0.873,0.035,-0.5982,0.14285714285714285,0.0,0.2857142857142857,0.0,0.14285714285714285,0.0,0.14285714285714285,0.0
t1_k3n9abp,0.0,0.912,0.088,0.6808,0.0,0.0,0.1,0.2,0.2,0.0,0.2,0.0
t1_gldgtxl,0.154,0.745,0.101,-0.6486,0.0,0.0,0.0,0.0,0.0,0.0,0.0,0.0
t1_gxeofnp,0.095,0.748,0.157,0.5688,0.07142857142857142,0.07142857142857142,0.21428571428571427,0.14285714285714285,0.07142857142857142,0.0,0.07142857142857142,0.0
t1_fo5ij1z,0.265,0.461,0.275,0.1091,0.16666666666666666,0.16666666666666666,0.0,0.0,0.0,0.16666666666666666,0.16666666666666666,0.0
t1_kbgvmfs,0.062,0.807,0.131,0.4576,0.0,0.0,0.0,0.25,0.0,0.0,0.0,0.25
t1_ekyq4ns,0.027,0.88,0.093,0.7143,0.1111111111111111,0.1111111111111111,0.0,0.1111111111111111,0.0,0.1111111111111111,0.0,0.0
t1_ikdqo0j,0.076,0.82,0.104,0.7088,0.14285714285714285,0.07142857142857142,0.07142857142857142,0.07142857142857142,0.0,0.14285714285714285,0.0,0.0
t1_cwz4skq,0.065,0.882,0.053,-0.128,0.0,0.2,0.0,0.4,0.0,0.0,0.0,0.0
t1_ergp5sn,0.159,0.7,0.14,0.0516,0.18181818181818182,0.18181818181818182,0.0,0.09090909090909091,0.0,0.18181818181818182,0.09090909090909091,0.0
t1_elcq7w6,0.265,0.678,0.057,-0.8442,0.2727272727272727,0.18181818181818182,0.09090909090909091,0.0,0.0,0.18181818181818182,0.0,0.0
t1_hkryzd8,0.204,0.796,0.0,-0.8582,0.0,0.125,0.0,0.0,0.0,0.0,0.0,0.125
t1_jovhrg2,0.355,0.582,0.063,-0.9836,0.07692307692307693,0.07692307692307693,0.07692307692307693,0.15384615384615385,0.0,0.0,0.15384615384615385,0.0
t1_dtexkqz,0.0,0.962,0.038,0.3182,0.0,0.0,0.0,0.5,0.5,0.0,0.0,0.0
t1_gqgph45,0.045,0.825,0.13,0.5574,0.0,0.16666666666666666,0.16666666666666666,0.16666666666666666,0.0,0.0,0.0,0.16666666666666666
t1_e16wwap,0.1,0.843,0.057,-0.8281,0.18181818181818182,0.09090909090909091,0.09090909090909091,0.09090909090909091,0.09090909090909091,0.045454545454545456,0.0,0.09090909090909091
t1_iatpyrc,0.0,1.0,0.0,0.0,0.25,0.125,0.0,0.125,0.0,0.0,0.0,0.125
t1_hcrq3xt,0.047,0.905,0.049,-0.1962,0.13333333333333333,0.2,0.0,0.06666666666666667,0.0,0.13333333333333333,0.0,0.0
t1_g0pqejc,0.0,0.916,0.084,0.5267,0.0,0.0,0.16666666666666666,0.3333333333333333,0.0,0.0,0.16666666666666666,0.0
t1_ipl2bgw,0.039,0.932,0.029,0.0716,0.0,0.1111111111111111,0.0,0.3333333333333333,0.0,0.0,0.0,0.0
t1_gxfan4m,0.016,0.9,0.085,0.729,0.10526315789473684,0.05263157894736842,0.21052631578947367,0.05263157894736842,0.05263157894736842,0.05263157894736842,0.0,0.0
t1_f1w8qi9,0.061,0.88,0.059,-0.0258,0.0,0.1,0.1,0.2,0.1,0.0,0.1,0.0
t1_e7vs75x,0.038,0.802,0.161,0.9192,0.125,0.0,0.1875,0.125,0.0625,0.0625,0.125,0.0
t1_hgl5b6x,0.089,0.875,0.036,-0.5994,0.11764705882352941,0.058823529411764705,0.058823529411764705,0.17647058823529413,0.058823529411764705,0.23529411764705882,0.0,0.058823529411764705
t1_gtzfiu5,0.103,0.85,0.048,-0.7971,0.15384615384615385,0.15384615384615385,0.07692307692307693,0.07692307692307693,0.0,0.0,0.0,0.07692307692307693
t1_fqlnaj3,0.142,0.753,0.105,-0.4019,0.0,0.0,0.0,0.3333333333333333,0.0,0.0,0.0,0.0
t1_gv7008f,0.247,0.753,0.0,-0.9029,0.5,0.16666666666666666,0.0,0.0,0.16666666666666666,0.0,0.0,0.0
t1_jhj434n,0.13,0.819,0.051,-0.5574,0.0,0.0,0.16666666666666666,0.3333333333333333,0.0,0.0,0.16666666666666666,0.0
t1_h754ktw,0.225,0.705,0.07,-0.6908,0.0,0.125,0.0,0.125,0.0,0.125,0.125,0.125
t1_fzihes8,0.0,1.0,0.0,0.0,0.0,0.0,0.0,0.0,0.0,0.0,0.0,0.0
t1_gri5mvq,0.083,0.917,0.0,-0.5601,0.14285714285714285,0.0,0.0,0.14285714285714285,0.14285714285714285,0.0,0.14285714285714285,0.0
t1_gvebcvk,0.072,0.877,0.051,-0.126,0.07692307692307693,0.038461538461538464,0.038461538461538464,0.19230769230769232,0.07692307692307693,0.15384615384615385,0.0,0.0
t1_gussob7,0.063,0.768,0.169,0.7003,0.07142857142857142,0.07142857142857142,0.07142857142857142,0.21428571428571427,0.0,0.07142857142857142,0.14285714285714285,0.07142857142857142
t1_ggf2h4j,0.027,0.832,0.14,0.8271,0.09090909090909091,0.0,0.2727272727272727,0.18181818181818182,0.0,0.0,0.0,0.0
t1_inqo522,0.089,0.859,0.051,-0.6486,0.125,0.125,0.08333333333333333,0.08333333333333333,0.08333333333333333,0.08333333333333333,0.041666666666666664,0.125
t1_jnavpc8,0.093,0.783,0.124,0.296,0.25,0.0,0.0,0.0,0.0,0.0,0.0,0.0
t1_e3hqrk2,0.0,1.0,0.0,0.0,0.0,0.0,0.2,0.4,0.0,0.0,0.2,0.0
t1_g7dp5dp,0.154,0.784,0.061,-0.924,0.2,0.15,0.0,0.05,0.0,0.15,0.0,0.05
t1_f3y9jqa,0.098,0.638,0.265,0.836,0.0,0.1,0.15,0.25,0.05,0.0,0.15,0.0
t1_gzaw7sm,0.041,0.878,0.082,0.1531,0.09090909090909091,0.0,0.0,0.18181818181818182,0.09090909090909091,0.18181818181818182,0.0,0.0
t1_eqqnc2u,0.0,0.756,0.244,0.9263,0.0,0.0,0.0,0.16666666666666666,0.0,0.0,0.0,0.0
t1_hul5v3e,0.063,0.875,0.063,0.0,0.030303030303030304,0.09090909090909091,0.12121212121212122,0.15151515151515152,0.12121212121212122,0.06060606060606061,0.12121212121212122,0.030303030303030304
t1_dtpnrcq,0.142,0.763,0.094,-0.5719,0.07142857142857142,0.07142857142857142,0.07142857142857142,0.14285714285714285,0.0,0.14285714285714285,0.07142857142857142,0.07142857142857142
t1_fdlt3z6,0.122,0.717,0.161,0.3818,0.2,0.06666666666666667,0.13333333333333333,0.2,0.0,0.0,0.06666666666666667,0.0
t1_hobkp4f,0.0,0.863,0.137,0.8047,0.0,0.0,0.0,0.0,0.0,0.0,0.0,0.0
t1_h5u6f3x,0.237,0.763,0.0,-0.8979,0.2727272727272727,0.18181818181818182,0.0,0.0,0.0,0.18181818181818182,0.0,0.09090909090909091
t1_gwcyj9j,0.021,0.936,0.043,0.5423,0.1875,0.09375,0.03125,0.15625,0.0625,0.1875,0.0,0.09375
t1_hhrjmhi,0.026,0.933,0.041,0.1531,0.15384615384615385,0.0,0.07692307692307693,0.38461538461538464,0.0,0.0,0.0,0.0
t1_hlbp1yr,0.082,0.861,0.057,-0.6249,0.0,0.07692307692307693,0.15384615384615385,0.15384615384615385,0.0,0.0,0.15384615384615385,0.07692307692307693
t1_ifscexz,0.032,0.856,0.113,0.6597,0.5,0.0,0.0,0.0,0.0,0.0,0.0,0.0
t1_e1m9gsi,0.0,0.936,0.064,0.3818,0.0,0.1111111111111111,0.1111111111111111,0.3333333333333333,0.0,0.0,0.0,0.0
t1_h0eprkq,0.142,0.722,0.136,-0.09,0.0625,0.0625,0.1875,0.0625,0.0625,0.0,0.0625,0.0
t1_dytohsf,0.016,0.871,0.114,0.8315,0.0,0.1111111111111111,0.1111111111111111,0.2222222222222222,0.05555555555555555,0.0,0.05555555555555555,0.05555555555555555
t1_dd4b4rr,0.121,0.827,0.052,-0.4715,0.25,0.0,0.0,0.25,0.0,0.0,0.25,0.0
t1_dt39c64,0.107,0.789,0.104,-0.0992,0.0,0.125,0.1875,0.3125,0.0,0.0,0.0,0.0
t1_gvq0zrl,0.036,0.964,0.0,-0.549,0.0,0.125,0.375,0.125,0.0,0.125,0.0,0.125
t1_dw4knu8,0.065,0.812,0.123,0.3612,0.2857142857142857,0.14285714285714285,0.0,0.0,0.0,0.2857142857142857,0.0,0.0
t1_jkzy69d,0.183,0.796,0.021,-0.9447,0.3,0.0,0.1,0.0,0.0,0.0,0.0,0.0
t1_gny21qm,0.0,0.964,0.036,0.3182,0.0,0.0,0.0,0.5,0.0,0.0,0.0,0.0
t1_f2ggdwc,0.099,0.901,0.0,-0.634,0.2,0.0,0.2,0.2,0.0,0.0,0.0,0.2
t1_g074n2j,0.0,0.833,0.167,0.8313,0.0,0.0,0.1111111111111111,0.2222222222222222,0.0,0.1111111111111111,0.2222222222222222,0.0
t1_f6p2ig0,0.083,0.757,0.161,0.5095,0.0,0.0,0.09090909090909091,0.18181818181818182,0.09090909090909091,0.0,0.18181818181818182,0.09090909090909091
t1_fxlo8oq,0.166,0.766,0.068,-0.9448,0.10810810810810811,0.10810810810810811,0.05405405405405406,0.13513513513513514,0.02702702702702703,0.13513513513513514,0.05405405405405406,0.05405405405405406
t1_ix3m10u,0.222,0.717,0.061,-0.9762,0.2,0.11428571428571428,0.05714285714285714,0.05714285714285714,0.0,0.14285714285714285,0.02857142857142857,0.02857142857142857
t1_gvjs8go,0.175,0.678,0.147,-0.8164,0.1388888888888889,0.05555555555555555,0.1388888888888889,0.027777777777777776,0.08333333333333333,0.1111111111111111,0.08333333333333333,0.05555555555555555
t1_hq539wo,0.095,0.716,0.189,0.4019,0.0625,0.0625,0.0625,0.0625,0.0,0.125,0.0625,0.0625
t1_e6ia8gj,0.046,0.84,0.115,0.8605,0.0,0.058823529411764705,0.058823529411764705,0.17647058823529413,0.058823529411764705,0.0,0.058823529411764705,0.0
t1_gxifawr,0.134,0.753,0.113,-0.3919,0.1111111111111111,0.037037037037037035,0.07407407407407407,0.14814814814814814,0.07407407407407407,0.07407407407407407,0.07407407407407407,0.07407407407407407
t1_fbmzdg4,0.079,0.921,0.0,-0.3736,0.3333333333333333,0.0,0.0,0.0,0.0,0.16666666666666666,0.0,0.0
t1_emnnyde,0.159,0.814,0.027,-0.8481,0.07142857142857142,0.14285714285714285,0.0,0.07142857142857142,0.0,0.0,0.07142857142857142,0.0
t1_ecazut8,0.0,0.876,0.124,0.5859,0.0,0.0,0.14285714285714285,0.2857142857142857,0.14285714285714285,0.0,0.14285714285714285,0.0
t1_fbtntoi,0.0,0.944,0.056,0.3612,0.16666666666666666,0.08333333333333333,0.0,0.16666666666666666,0.08333333333333333,0.0,0.08333333333333333,0.08333333333333333
t1_kbw1isa,0.0,0.944,0.056,0.5106,0.125,0.0,0.125,0.25,0.0,0.0,0.125,0.0
t1_i2r696b,0.011,0.927,0.062,0.5927,0.06451612903225806,0.06451612903225806,0.0967741935483871,0.16129032258064516,0.0967741935483871,0.03225806451612903,0.12903225806451613,0.03225806451612903
t1_jnkwca9,0.0,0.893,0.107,0.5984,0.10526315789473684,0.0,0.0,0.3157894736842105,0.0,0.0,0.05263157894736842,0.05263157894736842
t1_irg6dur,0.26,0.681,0.06,-0.9378,0.14285714285714285,0.14285714285714285,0.0,0.047619047619047616,0.0,0.14285714285714285,0.0,0.19047619047619047
t1_g3sq3yh,0.225,0.775,0.0,-0.8625,0.2222222222222222,0.1111111111111111,0.0,0.0,0.0,0.1111111111111111,0.0,0.2222222222222222
t1_eylkz22,0.03,0.894,0.075,0.698,0.1,0.05,0.15,0.2,0.05,0.1,0.0,0.1
t1_ivhjr4i,0.067,0.81,0.123,0.6486,0.16666666666666666,0.05555555555555555,0.1111111111111111,0.05555555555555555,0.0,0.1111111111111111,0.05555555555555555,0.0
t1_i8ky0ff,0.199,0.736,0.064,-0.6597,0.0,0.0,0.0,0.0,0.0,0.0,0.0,0.0
t1_e9mgm6k,0.0,0.953,0.047,0.0951,0.2,0.2,0.0,0.0,0.0,0.2,0.0,0.2
t1_fbd2ekd,0.0,1.0,0.0,0.0,0.0,0.0,0.0,0.3333333333333333,0.0,0.0,0.3333333333333333,0.0
t1_eludjjw,0.036,0.912,0.051,0.0772,0.06896551724137931,0.13793103448275862,0.10344827586206896,0.10344827586206896,0.06896551724137931,0.0,0.034482758620689655,0.06896551724137931
t1_jdynnh4,0.198,0.631,0.172,-0.845,0.061224489795918366,0.08163265306122448,0.12244897959183673,0.10204081632653061,0.061224489795918366,0.08163265306122448,0.12244897959183673,0.08163265306122448
t1_elg51r9,0.143,0.783,0.074,-0.5618,0.1875,0.1875,0.125,0.125,0.0,0.0625,0.0,0.0
t1_f3zdnhe,0.126,0.682,0.192,0.6723,0.0,0.0,0.3333333333333333,0.0,0.0,0.0,0.0,0.0
t1_fe1g8qr,0.167,0.772,0.061,-0.8271,0.14814814814814814,0.14814814814814814,0.07407407407407407,0.1111111111111111,0.037037037037037035,0.1111111111111111,0.037037037037037035,0.07407407407407407
t1_hsm4zo8,0.16,0.84,0.0,-0.7096,0.14285714285714285,0.14285714285714285,0.0,0.14285714285714285,0.0,0.0,0.0,0.2857142857142857
t1_i3ulmih,0.028,0.972,0.0,-0.1027,0.3333333333333333,0.0,0.0,0.0,0.0,0.0,0.0,0.0
t1_hugie6o,0.121,0.827,0.052,-0.6908,0.047619047619047616,0.09523809523809523,0.14285714285714285,0.14285714285714285,0.09523809523809523,0.047619047619047616,0.09523809523809523,0.0
t1_gdrrqap,0.157,0.667,0.176,0.4132,0.0,0.0,0.0,0.0,0.0,0.0,0.0,0.0
t1_kfjfxwk,0.059,0.897,0.044,-0.2244,0.21428571428571427,0.07142857142857142,0.14285714285714285,0.14285714285714285,0.0,0.07142857142857142,0.07142857142857142,0.07142857142857142
t1_ibgivc4,0.021,0.701,0.278,0.9194,0.0,0.0,0.2,0.2,0.2,0.0,0.2,0.0
t1_gugb4sf,0.277,0.723,0.0,-0.9612,0.3076923076923077,0.23076923076923078,0.0,0.0,0.0,0.23076923076923078,0.0,0.0
t1_et6hm26,0.0,0.945,0.055,0.5106,0.2727272727272727,0.18181818181818182,0.09090909090909091,0.0,0.0,0.09090909090909091,0.0,0.09090909090909091
t1_gyezodr,0.139,0.81,0.051,-0.8074,0.15,0.1,0.1,0.05,0.05,0.1,0.0,0.1
t1_gdspq6i,0.108,0.821,0.072,-0.5307,0.07692307692307693,0.15384615384615385,0.07692307692307693,0.15384615384615385,0.0,0.07692307692307693,0.0,0.0
t1_fnwtf78,0.0,1.0,0.0,0.0,0.0,0.3333333333333333,0.0,0.0,0.0,0.0,0.0,0.0
t1_iq83djh,0.058,0.872,0.07,0.0772,0.09090909090909091,0.0,0.18181818181818182,0.09090909090909091,0.0,0.09090909090909091,0.09090909090909091,0.0
t1_hi4dr1r,0.069,0.735,0.197,0.6597,0.0,0.16666666666666666,0.16666666666666666,0.0,0.0,0.16666666666666666,0.16666666666666666,0.0
t1_gbx05sn,0.107,0.747,0.146,0.4019,0.25,0.08333333333333333,0.16666666666666666,0.16666666666666666,0.0,0.0,0.0,0.0
t1_gxd9muv,0.024,0.976,0.0,-0.296,0.16666666666666666,0.0,0.0,0.16666666666666666,0.16666666666666666,0.0,0.0,0.0
t1_etw8esi,0.084,0.874,0.041,-0.4019,0.08,0.08,0.12,0.12,0.0,0.04,0.12,0.12
t1_hx89qpm,0.121,0.675,0.204,0.8133,0.1875,0.125,0.0625,0.0625,0.0,0.0625,0.125,0.0
t1_gvlto90,0.111,0.766,0.123,-0.0258,0.2,0.1,0.0,0.0,0.0,0.1,0.0,0.1
t1_k8bth4z,0.0,0.743,0.257,0.8658,0.0,0.0,0.14285714285714285,0.2857142857142857,0.14285714285714285,0.0,0.14285714285714285,0.0
t1_e14hdy5,0.094,0.665,0.242,0.8316,0.13636363636363635,0.0,0.18181818181818182,0.09090909090909091,0.13636363636363635,0.09090909090909091,0.09090909090909091,0.0
t1_f9fbjxh,0.081,0.919,0.0,-0.3291,0.21428571428571427,0.07142857142857142,0.07142857142857142,0.14285714285714285,0.0,0.07142857142857142,0.0,0.07142857142857142
t1_ec5aue2,0.148,0.729,0.123,-0.3182,0.1111111111111111,0.1111111111111111,0.1111111111111111,0.1111111111111111,0.0,0.1111111111111111,0.0,0.2222222222222222
t1_fmasfug,0.139,0.817,0.045,-0.5859,0.09090909090909091,0.09090909090909091,0.0,0.09090909090909091,0.09090909090909091,0.0,0.09090909090909091,0.09090909090909091
t1_gbqt43d,0.0,0.782,0.218,0.836,0.0,0.0,0.0,0.0,0.0,0.0,0.0,0.0
t1_fxyglgx,0.0,0.723,0.277,0.802,0.0,0.0,0.0,0.0,0.0,0.0,0.0,0.0
t1_fq9b004,0.0,0.87,0.13,0.6652,0.0,0.0,0.0,0.2,0.0,0.0,0.0,0.0
t1_kdc02kl,0.0,0.949,0.051,0.3182,0.25,0.0,0.0,0.0,0.0,0.0,0.0,0.0
t1_dtexkqz,0.0,0.962,0.038,0.3182,0.0,0.0,0.0,0.5,0.5,0.0,0.0,0.0
t1_h5s2rnc,0.065,0.852,0.082,0.1531,0.0,0.0,0.0,0.25,0.0,0.0,0.0,0.0
t1_ermfx98,0.027,0.887,0.086,0.7997,0.08333333333333333,0.08333333333333333,0.08333333333333333,0.20833333333333334,0.0,0.0,0.20833333333333334,0.041666666666666664
t1_dx4ps3s,0.145,0.799,0.055,-0.8446,0.07692307692307693,0.07692307692307693,0.15384615384615385,0.07692307692307693,0.23076923076923078,0.0,0.07692307692307693,0.07692307692307693
t1_grjb2th,0.025,0.861,0.114,0.9077,0.0,0.038461538461538464,0.23076923076923078,0.23076923076923078,0.07692307692307693,0.038461538461538464,0.07692307692307693,0.0
t1_f78bbnt,0.068,0.932,0.0,-0.5859,0.18181818181818182,0.18181818181818182,0.0,0.09090909090909091,0.09090909090909091,0.0,0.0,0.0
t1_h5qrzfg,0.038,0.744,0.218,0.9313,0.0,0.1,0.2,0.1,0.1,0.1,0.1,0.1
t1_dxnm7cy,0.115,0.635,0.25,0.8519,0.05555555555555555,0.05555555555555555,0.1111111111111111,0.1111111111111111,0.1111111111111111,0.0,0.16666666666666666,0.05555555555555555
t1_j6zgga6,0.0,1.0,0.0,0.0,0.0,0.0,0.0,0.0,0.0,0.0,0.0,0.0
t1_hbkwj3z,0.0,0.811,0.189,0.8316,0.0,0.0,0.14285714285714285,0.35714285714285715,0.0,0.0,0.07142857142857142,0.0
t1_di84xbb,0.092,0.721,0.187,0.4939,0.0,0.0,0.2,0.2,0.2,0.0,0.2,0.0
t1_exvv9vf,0.0,0.925,0.075,0.3818,0.0,0.125,0.125,0.125,0.0,0.0,0.125,0.0
t1_gvq7kap,0.023,0.921,0.056,0.3612,0.0,0.0,0.25,0.25,0.0,0.0,0.0,0.0
t1_gx27f7r,0.0,0.876,0.124,0.8971,0.0,0.0,0.0,0.0,0.0,0.0,0.0,0.0
t1_ivg3ztl,0.0,0.967,0.033,0.296,0.14285714285714285,0.0,0.0,0.2857142857142857,0.0,0.0,0.14285714285714285,0.0
t1_fn90sjq,0.171,0.829,0.0,-0.7177,0.1111111111111111,0.1111111111111111,0.0,0.2222222222222222,0.0,0.1111111111111111,0.0,0.0
t1_fo0a1ca,0.093,0.709,0.199,0.7808,0.125,0.1875,0.0625,0.1875,0.125,0.0,0.0625,0.0
t1_e4ct5ae,0.061,0.87,0.069,0.1779,0.05555555555555555,0.16666666666666666,0.05555555555555555,0.16666666666666666,0.0,0.05555555555555555,0.05555555555555555,0.05555555555555555
t1_etuci3t,0.172,0.728,0.1,-0.5898,0.16666666666666666,0.16666666666666666,0.0,0.25,0.0,0.08333333333333333,0.0,0.0
t1_jdn941e,0.216,0.7,0.084,-0.9426,0.1,0.0,0.2,0.1,0.0,0.0,0.0,0.0
t1_ewp4vwy,0.036,0.903,0.062,0.4215,0.11764705882352941,0.11764705882352941,0.058823529411764705,0.11764705882352941,0.0,0.058823529411764705,0.058823529411764705,0.058823529411764705
t1_g6opweo,0.089,0.848,0.062,-0.368,0.1111111111111111,0.1111111111111111,0.3333333333333333,0.0,0.0,0.1111111111111111,0.0,0.1111111111111111
t1_j5cll1c,0.103,0.805,0.091,-0.4588,0.06666666666666667,0.2,0.06666666666666667,0.13333333333333333,0.0,0.06666666666666667,0.13333333333333333,0.0
t1_egbvl95,0.115,0.787,0.098,-0.2263,0.0,0.0,0.0,0.25,0.0,0.125,0.0,0.0
t1_go8j48a,0.04,0.874,0.085,0.4091,0.0,0.15384615384615385,0.23076923076923078,0.07692307692307693,0.0,0.0,0.07692307692307693,0.0
t1_i6lhzki,0.214,0.773,0.013,-0.9665,0.16,0.16,0.0,0.16,0.0,0.0,0.0,0.04
t1_gtader8,0.044,0.855,0.101,0.879,0.0392156862745098,0.0,0.09803921568627451,0.29411764705882354,0.058823529411764705,0.0,0.1568627450980392,0.0196078431372549
t1_etzv9gc,0.058,0.813,0.129,0.8339,0.1111111111111111,0.05555555555555555,0.1111111111111111,0.16666666666666666,0.05555555555555555,0.05555555555555555,0.0,0.0
t1_h1g7g4t,0.468,0.532,0.0,-0.9403,0.17391304347826086,0.17391304347826086,0.0,0.13043478260869565,0.043478260869565216,0.08695652173913043,0.0,0.08695652173913043
t1_i8g58mr,0.152,0.782,0.066,-0.3624,0.2,0.2,0.0,0.0,0.0,0.2,0.0,0.2
t1_h393hlr,0.051,0.932,0.017,-0.7269,0.10526315789473684,0.15789473684210525,0.05263157894736842,0.10526315789473684,0.10526315789473684,0.05263157894736842,0.05263157894736842,0.05263157894736842
t1_e0crm5m,0.11,0.78,0.111,-0.235,0.1111111111111111,0.1111111111111111,0.0,0.0,0.1111111111111111,0.1111111111111111,0.0,0.1111111111111111
t1_e62t8x5,0.136,0.823,0.041,-0.7263,0.06666666666666667,0.13333333333333333,0.0,0.06666666666666667,0.0,0.2,0.06666666666666667,0.06666666666666667
t1_e9mhtja,0.075,0.86,0.065,-0.128,0.0,0.0,0.25,0.5,0.0,0.0,0.0,0.0
t1_eylkz22,0.03,0.894,0.075,0.698,0.1,0.05,0.15,0.2,0.05,0.1,0.0,0.1
t1_ewtqbr3,0.079,0.921,0.0,-0.34,0.14285714285714285,0.14285714285714285,0.0,0.2857142857142857,0.0,0.0,0.0,0.0
t1_hlr572t,0.043,0.923,0.034,-0.2406,0.0,0.0,0.3333333333333333,0.2222222222222222,0.1111111111111111,0.0,0.1111111111111111,0.0
t1_gxmfe9r,0.033,0.926,0.041,0.1531,0.08333333333333333,0.16666666666666666,0.08333333333333333,0.16666666666666666,0.0,0.08333333333333333,0.0,0.08333333333333333
t1_ewk8crg,0.054,0.837,0.109,0.3818,0.5,0.0,0.0,0.0,0.0,0.0,0.0,0.0
t1_ih15q9c,0.064,0.895,0.041,-0.1531,0.1,0.0,0.2,0.2,0.05,0.1,0.05,0.0
t1_j49ap25,0.027,0.906,0.067,0.4767,0.0,0.0,0.16666666666666666,0.3333333333333333,0.0,0.16666666666666666,0.0,0.16666666666666666
t1_e3vj5fi,0.144,0.856,0.0,-0.886,0.16666666666666666,0.08333333333333333,0.0,0.0,0.0,0.16666666666666666,0.0,0.08333333333333333
t1_jps3i60,0.052,0.838,0.11,0.4404,0.0,0.0,0.5,0.0,0.0,0.0,0.0,0.0
t1_fcv2or9,0.15,0.771,0.079,-0.8271,0.0967741935483871,0.0967741935483871,0.03225806451612903,0.06451612903225806,0.06451612903225806,0.0967741935483871,0.06451612903225806,0.16129032258064516
t1_gnd538h,0.064,0.843,0.092,0.2617,0.2,0.05,0.15,0.2,0.0,0.0,0.0,0.0
t1_emgr2b2,0.106,0.842,0.052,-0.403,0.2222222222222222,0.1111111111111111,0.0,0.0,0.0,0.2222222222222222,0.0,0.1111111111111111
t1_e08rzok,0.047,0.907,0.046,-0.0258,0.09090909090909091,0.09090909090909091,0.0,0.2727272727272727,0.0,0.09090909090909091,0.09090909090909091,0.0
t1_hebj7rz,0.094,0.761,0.145,0.6164,0.125,0.0625,0.1875,0.1875,0.0,0.0,0.0625,0.0
t1_g4ckcgs,0.053,0.828,0.119,0.8588,0.1111111111111111,0.1111111111111111,0.1111111111111111,0.0,0.05555555555555555,0.1111111111111111,0.05555555555555555,0.1111111111111111
t1_ee7dohn,0.0,1.0,0.0,0.0,0.0,0.0,0.25,0.25,0.125,0.0,0.125,0.0
t1_gzq96bv,0.029,0.971,0.0,-0.3612,0.23809523809523808,0.14285714285714285,0.0,0.047619047619047616,0.0,0.14285714285714285,0.0,0.14285714285714285
t1_hbqpseb,0.022,0.935,0.043,0.2617,0.043478260869565216,0.043478260869565216,0.17391304347826086,0.21739130434782608,0.043478260869565216,0.0,0.043478260869565216,0.0
t1_gxydpzb,0.079,0.921,0.0,-0.4767,0.0,0.0,0.0,0.3333333333333333,0.0,0.0,0.0,0.0
t1_h1011en,0.081,0.856,0.063,-0.1779,0.15384615384615385,0.07692307692307693,0.07692307692307693,0.15384615384615385,0.0,0.07692307692307693,0.07692307692307693,0.0
t1_ih6a7nz,0.072,0.773,0.155,0.9148,0.125,0.125,0.1875,0.125,0.0,0.0625,0.0625,0.0
t1_ds5z8j9,0.026,0.835,0.139,0.9412,0.04,0.04,0.12,0.24,0.04,0.04,0.16,0.04
t1_doj7s7m,0.126,0.796,0.078,-0.4019,0.0,0.0,0.0,0.2,0.0,0.0,0.0,0.2
t1_g0oousw,0.0,0.824,0.176,0.8176,0.08333333333333333,0.08333333333333333,0.0,0.08333333333333333,0.0,0.08333333333333333,0.16666666666666666,0.08333333333333333
t1_kcazwmx,0.038,0.799,0.163,0.7351,0.0,0.0,0.125,0.125,0.125,0.0,0.125,0.0
t1_hhnlviq,0.122,0.742,0.137,0.224,0.06666666666666667,0.0,0.06666666666666667,0.06666666666666667,0.06666666666666667,0.2,0.06666666666666667,0.13333333333333333
t1_hnuaziw,0.022,0.873,0.105,0.7579,0.1111111111111111,0.1111111111111111,0.18518518518518517,0.037037037037037035,0.07407407407407407,0.037037037037037035,0.07407407407407407,0.0
t1_dv0zbe7,0.382,0.551,0.067,-0.9291,0.17647058823529413,0.11764705882352941,0.058823529411764705,0.058823529411764705,0.058823529411764705,0.058823529411764705,0.0,0.17647058823529413
t1_k1kct8n,0.085,0.89,0.026,-0.7748,0.0,0.0,0.25,0.1875,0.125,0.0,0.125,0.0625
t1_ey2s53w,0.079,0.921,0.0,-0.2263,0.0,0.07692307692307693,0.15384615384615385,0.15384615384615385,0.07692307692307693,0.0,0.15384615384615385,0.07692307692307693
t1_esjt3yz,0.031,0.801,0.168,0.9498,0.0,0.045454545454545456,0.09090909090909091,0.18181818181818182,0.045454545454545456,0.045454545454545456,0.045454545454545456,0.0
t1_dxbnu39,0.0,1.0,0.0,0.0,0.0,0.0,0.0,0.0,0.0,0.0,0.0,0.0
t1_j4nk5wn,0.0,0.82,0.18,0.8047,0.14285714285714285,0.0,0.14285714285714285,0.14285714285714285,0.0,0.14285714285714285,0.14285714285714285,0.0
t1_hdsotgi,0.046,0.9,0.054,0.1027,0.125,0.125,0.0,0.25,0.0,0.125,0.0,0.0
t1_jgy8ud5,0.0,0.949,0.051,0.504,0.16666666666666666,0.16666666666666666,0.0,0.16666666666666666,0.0,0.0,0.16666666666666666,0.0
t1_guaxxa3,0.081,0.859,0.06,-0.3818,0.23529411764705882,0.11764705882352941,0.0,0.11764705882352941,0.0,0.17647058823529413,0.0,0.0
t1_h0epsj5,0.142,0.722,0.136,-0.09,0.0625,0.0625,0.1875,0.0625,0.0625,0.0,0.0625,0.0
t1_k7whnlu,0.0,0.956,0.044,0.3804,0.0,0.0,0.0,0.25,0.0,0.25,0.0,0.0
t1_h12ynpk,0.042,0.958,0.0,-0.3182,0.0,0.0,0.2,0.2,0.0,0.0,0.0,0.0
t1_dfe7sz8,0.103,0.839,0.058,-0.6962,0.07142857142857142,0.0,0.14285714285714285,0.21428571428571427,0.07142857142857142,0.0,0.14285714285714285,0.0
t1_j3ihm9g,0.084,0.684,0.232,0.8481,0.07692307692307693,0.15384615384615385,0.11538461538461539,0.11538461538461539,0.038461538461538464,0.038461538461538464,0.07692307692307693,0.0
t1_frop3ul,0.0,0.945,0.055,0.6705,0.15,0.05,0.05,0.15,0.05,0.1,0.0,0.05
t1_fae60ew,0.0,1.0,0.0,0.0,0.1111111111111111,0.0,0.1111111111111111,0.2222222222222222,0.0,0.0,0.1111111111111111,0.0
t1_k2u1o8d,0.0,0.932,0.068,0.5106,0.15384615384615385,0.0,0.15384615384615385,0.3076923076923077,0.0,0.07692307692307693,0.0,0.07692307692307693
t1_ic7j2oq,0.201,0.799,0.0,-0.9466,0.13636363636363635,0.09090909090909091,0.0,0.13636363636363635,0.0,0.13636363636363635,0.045454545454545456,0.0
t1_fmh0fob,0.0,1.0,0.0,0.0,0.2,0.1,0.2,0.0,0.1,0.1,0.0,0.1
t1_jkgttbs,0.144,0.697,0.158,0.4588,0.13636363636363635,0.11363636363636363,0.06818181818181818,0.11363636363636363,0.022727272727272728,0.06818181818181818,0.045454545454545456,0.045454545454545456
t1_hf6tel4,0.102,0.774,0.124,0.3612,0.25,0.16666666666666666,0.16666666666666666,0.0,0.0,0.08333333333333333,0.0,0.0
t1_etlvzjk,0.117,0.725,0.158,0.2287,0.07692307692307693,0.07692307692307693,0.07692307692307693,0.23076923076923078,0.0,0.15384615384615385,0.0,0.07692307692307693
t1_k9ctynf,0.177,0.757,0.067,-0.8846,0.16666666666666666,0.13333333333333333,0.1,0.06666666666666667,0.06666666666666667,0.1,0.1,0.03333333333333333
t1_f6p2ig0,0.083,0.757,0.161,0.5095,0.0,0.0,0.09090909090909091,0.18181818181818182,0.09090909090909091,0.0,0.18181818181818182,0.09090909090909091
t1_i7c8sxa,0.0,0.855,0.145,0.5267,0.0,0.0,0.0,0.5,0.0,0.0,0.0,0.0
t1_ic5ew02,0.0,0.981,0.019,0.2144,0.0,0.0,0.2222222222222222,0.2222222222222222,0.1111111111111111,0.1111111111111111,0.1111111111111111,0.0
t1_e6ndq3c,0.099,0.826,0.075,-0.406,0.07142857142857142,0.07142857142857142,0.03571428571428571,0.10714285714285714,0.0,0.03571428571428571,0.14285714285714285,0.14285714285714285
t1_hexc8kn,0.029,0.717,0.254,0.9283,0.0,0.1,0.1,0.1,0.1,0.0,0.1,0.1
t1_h4w3u1k,0.046,0.853,0.101,0.4497,0.0,0.0,0.25,0.25,0.25,0.0,0.0,0.0
t1_j9q5dby,0.256,0.708,0.035,-0.8442,0.3076923076923077,0.07692307692307693,0.07692307692307693,0.0,0.0,0.07692307692307693,0.0,0.15384615384615385
t1_inoqwei,0.184,0.74,0.076,-0.6775,0.2222222222222222,0.0,0.1111111111111111,0.1111111111111111,0.0,0.1111111111111111,0.0,0.1111111111111111
t1_k1kdrvp,0.085,0.89,0.026,-0.7748,0.0,0.0,0.25,0.1875,0.125,0.0,0.125,0.0625
t1_h4n3x6x,0.0,0.836,0.164,0.9111,0.0,0.0,0.14285714285714285,0.14285714285714285,0.2857142857142857,0.0,0.14285714285714285,0.0
t1_epp1dhn,0.155,0.644,0.201,0.9368,0.18867924528301888,0.16981132075471697,0.07547169811320754,0.05660377358490566,0.05660377358490566,0.05660377358490566,0.05660377358490566,0.0
t1_kfff2vu,0.05,0.732,0.217,0.936,0.125,0.125,0.0625,0.125,0.0,0.125,0.125,0.0
t1_f3h7vq0,0.11,0.724,0.166,0.3642,0.16666666666666666,0.0,0.08333333333333333,0.16666666666666666,0.0,0.0,0.08333333333333333,0.0
t1_e0yv09k,0.063,0.902,0.035,-0.296,0.0,0.05555555555555555,0.2777777777777778,0.16666666666666666,0.05555555555555555,0.0,0.1111111111111111,0.0
t1_g1rff02,0.103,0.792,0.105,0.0966,0.14285714285714285,0.07142857142857142,0.10714285714285714,0.10714285714285714,0.07142857142857142,0.03571428571428571,0.10714285714285714,0.03571428571428571
t1_kcdsey5,0.054,0.867,0.079,0.296,0.2631578947368421,0.15789473684210525,0.0,0.10526315789473684,0.0,0.10526315789473684,0.0,0.0
t1_gibvp8y,0.0,0.945,0.055,0.5267,0.0,0.0,0.3333333333333333,0.3333333333333333,0.0,0.0,0.0,0.0
t1_hk1dg11,0.035,0.906,0.059,0.2382,0.05555555555555555,0.05555555555555555,0.16666666666666666,0.2222222222222222,0.0,0.0,0.05555555555555555,0.0
t1_dycbyi1,0.0,0.816,0.184,0.9118,0.0,0.0,0.2,0.2,0.0,0.0,0.2,0.0
t1_e63vihu,0.234,0.738,0.028,-0.9517,0.05,0.1,0.1,0.05,0.05,0.15,0.1,0.1
t1_jp5e861,0.314,0.634,0.052,-0.9398,0.125,0.125,0.125,0.0,0.125,0.125,0.0625,0.125
t1_gb06koo,0.33,0.641,0.029,-0.9885,0.20408163265306123,0.14285714285714285,0.04081632653061224,0.04081632653061224,0.02040816326530612,0.16326530612244897,0.02040816326530612,0.10204081632653061
t1_ecam2h5,0.0,0.814,0.186,0.9607,0.0,0.0,0.25,0.125,0.125,0.0,0.125,0.125
t1_fc9j4j1,0.141,0.859,0.0,-0.8542,0.0,0.0,0.0,0.0,0.0,0.0,0.0,0.0
t1_e6nu9b2,0.094,0.711,0.195,0.374,0.25,0.0,0.0,0.08333333333333333,0.0,0.16666666666666666,0.0,0.16666666666666666
t1_f17da3j,0.086,0.914,0.0,-0.4767,0.25,0.0,0.0,0.0,0.0,0.25,0.0,0.0
t1_i16eqz0,0.102,0.804,0.094,0.1127,0.17647058823529413,0.17647058823529413,0.058823529411764705,0.058823529411764705,0.0,0.058823529411764705,0.058823529411764705,0.058823529411764705
t1_hf8di3h,0.093,0.863,0.043,-0.7584,0.1794871794871795,0.10256410256410256,0.07692307692307693,0.05128205128205128,0.05128205128205128,0.10256410256410256,0.07692307692307693,0.02564102564102564
t1_fxi59ad,0.119,0.743,0.138,0.2124,0.375,0.125,0.0,0.0,0.0,0.125,0.0,0.0
t1_jzkelf0,0.0,0.907,0.093,0.3612,0.2222222222222222,0.1111111111111111,0.2222222222222222,0.0,0.0,0.2222222222222222,0.0,0.1111111111111111
t1_dvr2adz,0.025,0.9,0.075,0.5233,0.07142857142857142,0.14285714285714285,0.0,0.21428571428571427,0.0,0.07142857142857142,0.07142857142857142,0.07142857142857142
t1_in8bika,0.11,0.714,0.176,0.6999,0.08333333333333333,0.08333333333333333,0.08333333333333333,0.16666666666666666,0.08333333333333333,0.08333333333333333,0.08333333333333333,0.0
t1_ezu00o0,0.182,0.736,0.083,-0.7333,0.2,0.2,0.1,0.0,0.0,0.2,0.0,0.1
t1_dwbtij8,0.088,0.912,0.0,-0.6369,0.125,0.125,0.0,0.125,0.0,0.0,0.0,0.25
t1_ezalvez,0.0,0.724,0.276,0.7761,0.0,0.0,0.2,0.2,0.0,0.0,0.2,0.0
t1_e7jy268,0.135,0.865,0.0,-0.6808,0.14285714285714285,0.14285714285714285,0.0,0.2857142857142857,0.14285714285714285,0.14285714285714285,0.0,0.0
t1_dv5otx8,0.092,0.855,0.053,-0.2023,0.0,0.0,0.16666666666666666,0.16666666666666666,0.0,0.0,0.0,0.0
t1_dt90dw3,0.088,0.801,0.112,0.437,0.16666666666666666,0.0,0.16666666666666666,0.25,0.0,0.0,0.08333333333333333,0.0
t1_h0q0yr5,0.151,0.802,0.046,-0.9484,0.1282051282051282,0.10256410256410256,0.10256410256410256,0.07692307692307693,0.07692307692307693,0.07692307692307693,0.05128205128205128,0.05128205128205128
t1_hejvrjq,0.068,0.932,0.0,-0.3612,0.0,0.3333333333333333,0.0,0.0,0.0,0.0,0.0,0.16666666666666666
t1_gjgo1zb,0.12,0.832,0.048,-0.8395,0.06666666666666667,0.13333333333333333,0.0,0.06666666666666667,0.06666666666666667,0.06666666666666667,0.0,0.2
t1_ik7t5bu,0.136,0.693,0.171,-0.0933,0.0,0.3333333333333333,0.0,0.0,0.0,0.0,0.0,0.0
t1_hi4e3fm,0.069,0.735,0.197,0.6597,0.0,0.16666666666666666,0.16666666666666666,0.0,0.0,0.16666666666666666,0.16666666666666666,0.0
t1_k85gvsz,0.0,0.87,0.13,0.9509,0.2,0.0,0.2,0.2,0.2,0.0,0.0,0.0
t1_gf7ah4n,0.092,0.728,0.179,0.4767,0.07692307692307693,0.07692307692307693,0.07692307692307693,0.23076923076923078,0.07692307692307693,0.07692307692307693,0.0,0.07692307692307693
t1_fd6xmaj,0.0,0.924,0.076,0.4497,0.1111111111111111,0.1111111111111111,0.0,0.0,0.1111111111111111,0.1111111111111111,0.0,0.0
t1_fafmsv2,0.052,0.828,0.12,0.884,0.030303030303030304,0.09090909090909091,0.18181818181818182,0.15151515151515152,0.09090909090909091,0.06060606060606061,0.06060606060606061,0.06060606060606061
t1_gt3fih1,0.018,0.982,0.0,-0.1027,0.0,0.0,0.0,0.375,0.0,0.0,0.0,0.0
t1_gveb47r,0.066,0.846,0.088,0.1779,0.3333333333333333,0.16666666666666666,0.16666666666666666,0.0,0.0,0.0,0.0,0.0
t1_fg34xpj,0.0,0.885,0.115,0.7184,0.0,0.0,0.1,0.2,0.0,0.2,0.1,0.0
t1_f1hmhs0,0.145,0.744,0.111,-0.5574,0.037037037037037035,0.037037037037037035,0.1111111111111111,0.14814814814814814,0.037037037037037035,0.07407407407407407,0.18518518518518517,0.037037037037037035
t1_fkhd4w1,0.047,0.893,0.06,0.197,0.0625,0.0625,0.0625,0.25,0.0,0.0625,0.0625,0.0625
t1_gvsk6mc,0.079,0.845,0.076,0.2023,0.2,0.1,0.1,0.0,0.1,0.1,0.1,0.0
t1_dxlp6c9,0.0,0.89,0.11,0.5927,0.0,0.25,0.0,0.25,0.0,0.0,0.0,0.0
t1_gcqpisj,0.088,0.912,0.0,-0.6249,0.0,0.1111111111111111,0.2222222222222222,0.3333333333333333,0.0,0.0,0.0,0.0
t1_h87wtx8,0.038,0.922,0.04,0.0258,0.5,0.0,0.0,0.0,0.0,0.0,0.0,0.0
t1_dsv14tj,0.152,0.848,0.0,-0.7906,0.08333333333333333,0.25,0.0,0.16666666666666666,0.0,0.0,0.0,0.16666666666666666
t1_fo7nsed,0.0,0.676,0.324,0.9359,0.0,0.0,0.0,0.0,0.0,0.0,0.0,0.0
t1_e5fkcwz,0.202,0.798,0.0,-0.7845,0.15384615384615385,0.0,0.23076923076923078,0.07692307692307693,0.0,0.07692307692307693,0.07692307692307693,0.07692307692307693
t1_eyvcgjd,0.0,0.879,0.121,0.6588,0.2,0.0,0.0,0.0,0.0,0.2,0.0,0.0
t1_joi7xxk,0.055,0.885,0.06,-0.1779,0.16666666666666666,0.0,0.8333333333333334,0.0,0.0,0.0,0.0,0.0
t1_ec1qosp,0.133,0.772,0.095,-0.1154,0.3333333333333333,0.0,0.0,0.0,0.0,0.3333333333333333,0.0,0.0
t1_dt5u79a,0.038,0.841,0.122,0.5859,0.25,0.0,0.0,0.0,0.0,0.0,0.25,0.0
t1_e5h8rtr,0.105,0.895,0.0,-0.5106,0.2,0.2,0.0,0.0,0.0,0.2,0.0,0.0
t1_grzkwj5,0.03,0.894,0.076,0.6444,0.15789473684210525,0.10526315789473684,0.10526315789473684,0.15789473684210525,0.05263157894736842,0.05263157894736842,0.0,0.0
t1_gujyiuq,0.0,0.888,0.112,0.9521,0.04,0.0,0.16,0.2,0.0,0.08,0.04,0.0
t1_jmloy9v,0.149,0.834,0.016,-0.873,0.0,0.16666666666666666,0.0,0.0,0.0,0.3333333333333333,0.0,0.0
t1_e6ob7uf,0.0,0.939,0.061,0.4767,0.0,0.0,0.3333333333333333,0.08333333333333333,0.0,0.0,0.16666666666666666,0.0
t1_hmfts82,0.037,0.842,0.121,0.886,0.047619047619047616,0.14285714285714285,0.047619047619047616,0.2857142857142857,0.0,0.047619047619047616,0.0,0.047619047619047616
t1_f7qr3wp,0.112,0.831,0.056,-0.3182,0.0,0.25,0.0,0.0,0.0,0.25,0.0,0.0
t1_f7eeq9z,0.052,0.79,0.157,0.924,0.04,0.04,0.04,0.12,0.12,0.08,0.08,0.04
t1_joqui1t,0.057,0.883,0.06,0.0258,1.0,0.0,0.0,0.0,0.0,0.0,0.0,0.0
t1_f3oksw3,0.0,1.0,0.0,0.0,0.0,0.0,0.0,0.0,0.0,0.3333333333333333,0.0,0.0
t1_dytohsf,0.016,0.871,0.114,0.8315,0.0,0.1111111111111111,0.1111111111111111,0.2222222222222222,0.05555555555555555,0.0,0.05555555555555555,0.05555555555555555
t1_fzihes8,0.0,1.0,0.0,0.0,0.0,0.0,0.0,0.0,0.0,0.0,0.0,0.0
t1_idpij56,0.043,0.902,0.055,0.2263,0.1111111111111111,0.1111111111111111,0.05555555555555555,0.2777777777777778,0.0,0.0,0.0,0.0
t1_h09y0k2,0.16,0.773,0.067,-0.5719,0.16666666666666666,0.16666666666666666,0.0,0.16666666666666666,0.0,0.16666666666666666,0.0,0.16666666666666666
t1_gnqx5wt,0.076,0.896,0.028,-0.6705,0.14285714285714285,0.07142857142857142,0.0,0.0,0.07142857142857142,0.14285714285714285,0.0,0.0
t1_guxwa6q,0.133,0.788,0.079,-0.5991,0.16666666666666666,0.16666666666666666,0.0,0.16666666666666666,0.0,0.16666666666666666,0.0,0.0
t1_fpnt9n4,0.06,0.791,0.149,0.8949,0.11764705882352941,0.058823529411764705,0.058823529411764705,0.17647058823529413,0.058823529411764705,0.058823529411764705,0.11764705882352941,0.058823529411764705
t1_k8pdb8a,0.206,0.704,0.09,-0.4767,0.21428571428571427,0.0,0.07142857142857142,0.21428571428571427,0.07142857142857142,0.0,0.07142857142857142,0.0
t1_fag0j3m,0.117,0.812,0.071,-0.8791,0.047619047619047616,0.14285714285714285,0.09523809523809523,0.047619047619047616,0.09523809523809523,0.14285714285714285,0.0,0.09523809523809523
t1_gbe2sc1,0.0,1.0,0.0,0.0,0.0,0.0,0.0,0.0,0.0,0.0,0.0,0.0
t1_j467cj6,0.077,0.741,0.182,0.8908,0.1,0.0,0.1,0.2,0.0,0.0,0.1,0.1
t1_gjaos23,0.163,0.797,0.039,-0.9042,0.15789473684210525,0.15789473684210525,0.05263157894736842,0.05263157894736842,0.05263157894736842,0.05263157894736842,0.05263157894736842,0.05263157894736842
t1_gsj4uzx,0.0,0.933,0.067,0.3182,0.0,0.0,0.0,0.16666666666666666,0.0,0.0,0.0,0.16666666666666666
t1_kbuh3es,0.053,0.884,0.063,0.128,0.3333333333333333,0.0,0.0,0.3333333333333333,0.0,0.0,0.0,0.0
t1_jxmb30r,0.0,0.751,0.249,0.9229,0.0,0.0,0.1111111111111111,0.2222222222222222,0.1111111111111111,0.0,0.2222222222222222,0.0
t1_gnq55t9,0.08,0.92,0.0,-0.7506,0.09523809523809523,0.0,0.14285714285714285,0.14285714285714285,0.047619047619047616,0.047619047619047616,0.047619047619047616,0.0
t1_eucppte,0.122,0.878,0.0,-0.8625,0.15789473684210525,0.10526315789473684,0.05263157894736842,0.10526315789473684,0.0,0.10526315789473684,0.05263157894736842,0.0
t1_i4qartn,0.067,0.805,0.127,0.512,0.09090909090909091,0.09090909090909091,0.09090909090909091,0.13636363636363635,0.09090909090909091,0.045454545454545456,0.0,0.09090909090909091
t1_g498f3s,0.024,0.94,0.036,0.4404,0.0,0.0,0.16666666666666666,0.16666666666666666,0.0,0.0,0.16666666666666666,0.0
t1_i0rkt48,0.0,0.925,0.075,0.6908,0.0,0.0,0.05555555555555555,0.2222222222222222,0.05555555555555555,0.0,0.05555555555555555,0.0
t1_e4qb6q8,0.253,0.677,0.07,-0.9433,0.07142857142857142,0.07142857142857142,0.0,0.07142857142857142,0.0,0.07142857142857142,0.0,0.07142857142857142
t1_hdsm0j5,0.026,0.943,0.031,0.0644,0.0,0.0,0.2222222222222222,0.3333333333333333,0.2222222222222222,0.0,0.0,0.0
t1_gqyi5cr,0.129,0.578,0.293,0.9013,0.047619047619047616,0.09523809523809523,0.0,0.14285714285714285,0.0,0.047619047619047616,0.19047619047619047,0.0
t1_d04d0p0,0.087,0.874,0.039,-0.5281,0.0,0.16666666666666666,0.25,0.08333333333333333,0.0,0.0,0.16666666666666666,0.0
t1_ekirngn,0.209,0.791,0.0,-0.9393,0.13043478260869565,0.13043478260869565,0.043478260869565216,0.08695652173913043,0.043478260869565216,0.17391304347826086,0.0,0.0
t1_jbc6bd9,0.034,0.898,0.068,0.2263,0.0,0.0,0.13333333333333333,0.13333333333333333,0.06666666666666667,0.13333333333333333,0.13333333333333333,0.06666666666666667
t1_i4vc2n9,0.112,0.808,0.08,-0.0629,0.0,0.058823529411764705,0.11764705882352941,0.0,0.058823529411764705,0.0,0.058823529411764705,0.11764705882352941
t1_e8xawsr,0.0,1.0,0.0,0.0,0.0,0.0,0.0,0.5,0.0,0.0,0.0,0.0
t1_hgxhd41,0.143,0.739,0.118,-0.1901,0.0,0.0,0.0,0.0,0.0,0.0,0.0,0.0
t1_dxdbesq,0.11,0.769,0.121,0.2382,0.043478260869565216,0.043478260869565216,0.043478260869565216,0.13043478260869565,0.0,0.08695652173913043,0.13043478260869565,0.08695652173913043
t1_eyogxio,0.165,0.685,0.15,-0.1689,0.1,0.1,0.0,0.1,0.0,0.1,0.1,0.1
t1_iai3vcu,0.046,0.841,0.113,0.6416,0.07407407407407407,0.07407407407407407,0.14814814814814814,0.07407407407407407,0.07407407407407407,0.07407407407407407,0.07407407407407407,0.037037037037037035
t1_gsc4lb1,0.0,0.879,0.121,0.8519,0.09523809523809523,0.047619047619047616,0.047619047619047616,0.19047619047619047,0.0,0.0,0.047619047619047616,0.0
t1_fmslxpo,0.208,0.695,0.097,-0.7978,0.125,0.1875,0.0625,0.0625,0.0,0.125,0.0625,0.125
t1_g7h9ia8,0.095,0.905,0.0,-0.6486,0.0,0.0,0.0,0.0,0.0,0.0,0.0,0.0
t1_en9hms5,0.184,0.725,0.091,-0.6705,0.08333333333333333,0.08333333333333333,0.0,0.08333333333333333,0.0,0.08333333333333333,0.0,0.25
t1_f1p32j3,0.059,0.901,0.04,-0.0772,0.125,0.0,0.0625,0.25,0.0625,0.0625,0.0625,0.0
t1_e2ygu1x,0.112,0.806,0.082,-0.1655,0.14285714285714285,0.07142857142857142,0.07142857142857142,0.14285714285714285,0.0,0.14285714285714285,0.07142857142857142,0.07142857142857142
t1_d7v7vie,0.116,0.729,0.155,0.6226,0.1111111111111111,0.0,0.037037037037037035,0.2222222222222222,0.037037037037037035,0.1111111111111111,0.037037037037037035,0.0
t1_j4rr72m,0.146,0.828,0.027,-0.8807,0.0,0.0,0.0,0.0,0.0,0.0,0.0,0.0
t1_havvhok,0.205,0.667,0.129,-0.6369,0.0,0.0,0.4,0.2,0.0,0.0,0.2,0.0
t1_iu9at50,0.14,0.73,0.13,0.0772,0.3,0.1,0.1,0.0,0.1,0.1,0.0,0.0
t1_e964bla,0.206,0.725,0.069,-0.7964,0.2222222222222222,0.14814814814814814,0.1111111111111111,0.037037037037037035,0.037037037037037035,0.07407407407407407,0.0,0.037037037037037035
t1_ia1vrsn,0.048,0.826,0.126,0.6369,0.13333333333333333,0.0,0.13333333333333333,0.26666666666666666,0.06666666666666667,0.06666666666666667,0.06666666666666667,0.06666666666666667
t1_i61suxa,0.0,0.805,0.195,0.8271,0.0,0.0,0.0,0.1,0.2,0.0,0.3,0.0
t1_f5uzmqh,0.071,0.898,0.031,-0.5719,0.037037037037037035,0.07407407407407407,0.07407407407407407,0.18518518518518517,0.07407407407407407,0.1111111111111111,0.037037037037037035,0.037037037037037035
t1_gld9uob,0.0,0.948,0.052,0.4404,0.0,0.0,0.14285714285714285,0.2857142857142857,0.0,0.0,0.14285714285714285,0.0
t1_f4k1n4y,0.087,0.82,0.093,0.1813,0.043478260869565216,0.0,0.13043478260869565,0.17391304347826086,0.08695652173913043,0.08695652173913043,0.13043478260869565,0.043478260869565216
t1_gzykva6,0.02,0.98,0.0,-0.2023,0.125,0.0,0.25,0.125,0.0,0.0,0.0,0.0
t1_hta3drz,0.021,0.836,0.143,0.8566,0.1,0.0,0.0,0.2,0.1,0.1,0.1,0.0
t1_gv1f0u3,0.031,0.884,0.085,0.5423,0.0,0.0,0.2,0.2,0.0,0.0,0.06666666666666667,0.06666666666666667
t1_epf26u6,0.07,0.856,0.074,0.0634,0.08333333333333333,0.08333333333333333,0.16666666666666666,0.25,0.0,0.0,0.08333333333333333,0.0
t1_ix34bxa,0.169,0.763,0.068,-0.5834,0.15384615384615385,0.15384615384615385,0.0,0.07692307692307693,0.07692307692307693,0.07692307692307693,0.0,0.15384615384615385
t1_ffzsmk1,0.074,0.791,0.135,0.3818,0.18181818181818182,0.0,0.0,0.09090909090909091,0.0,0.09090909090909091,0.0,0.18181818181818182
t1_eatrqrc,0.145,0.79,0.065,-0.8641,0.08823529411764706,0.058823529411764705,0.14705882352941177,0.14705882352941177,0.029411764705882353,0.029411764705882353,0.08823529411764706,0.058823529411764705
t1_is5xyvz,0.107,0.87,0.023,-0.8442,0.15384615384615385,0.15384615384615385,0.07692307692307693,0.0,0.0,0.3076923076923077,0.0,0.15384615384615385
t1_jz3f48q,0.106,0.894,0.0,-0.6059,0.0,0.0,0.08333333333333333,0.16666666666666666,0.08333333333333333,0.08333333333333333,0.16666666666666666,0.08333333333333333
t1_dqfazwe,0.047,0.841,0.112,0.7964,0.10714285714285714,0.0,0.14285714285714285,0.21428571428571427,0.0,0.03571428571428571,0.03571428571428571,0.0
t1_diebn5n,0.114,0.72,0.167,0.5894,0.0,0.0,0.0,0.25,0.0,0.0,0.0,0.0
t1_dyzrrkg,0.125,0.801,0.074,-0.3818,0.25,0.0,0.0,0.25,0.0,0.25,0.0,0.0
t1_f21b6dm,0.0,0.778,0.222,0.8201,0.18181818181818182,0.18181818181818182,0.0,0.0,0.0,0.18181818181818182,0.0,0.18181818181818182
t1_ea0zrmq,0.036,0.697,0.267,0.9052,0.0,0.0,0.0,0.3333333333333333,0.0,0.16666666666666666,0.0,0.0
t1_fb1hfiu,0.193,0.743,0.064,-0.8555,0.1111111111111111,0.07407407407407407,0.07407407407407407,0.037037037037037035,0.1111111111111111,0.1111111111111111,0.1111111111111111,0.14814814814814814
t1_if234mc,0.0,0.876,0.124,0.9748,0.09259259259259259,0.018518518518518517,0.12962962962962962,0.18518518518518517,0.018518518518518517,0.037037037037037035,0.09259259259259259,0.037037037037037035
t1_e0jv09g,0.0,0.955,0.045,0.2732,0.2,0.0,0.0,0.0,0.0,0.0,0.0,0.0
t1_ebaffwk,0.186,0.744,0.07,-0.886,0.05,0.05,0.05,0.15,0.05,0.2,0.0,0.05
t1_ir6lwme,0.11,0.828,0.061,-0.6597,0.06666666666666667,0.06666666666666667,0.06666666666666667,0.13333333333333333,0.0,0.06666666666666667,0.0,0.06666666666666667
t1_i2r696b,0.011,0.927,0.062,0.5927,0.06451612903225806,0.06451612903225806,0.0967741935483871,0.16129032258064516,0.0967741935483871,0.03225806451612903,0.12903225806451613,0.03225806451612903
t1_iok3zl7,0.026,0.916,0.058,0.2732,0.11764705882352941,0.058823529411764705,0.11764705882352941,0.11764705882352941,0.0,0.058823529411764705,0.11764705882352941,0.11764705882352941
t1_fzzs7c6,0.124,0.746,0.13,-0.128,0.0,0.0,0.1,0.1,0.0,0.1,0.1,0.1
t1_g5l4pkb,0.0,0.869,0.131,0.7096,0.16666666666666666,0.0,0.0,0.3333333333333333,0.0,0.0,0.0,0.0
t1_j8jbb8i,0.071,0.755,0.174,0.9214,0.11764705882352941,0.058823529411764705,0.11764705882352941,0.17647058823529413,0.058823529411764705,0.058823529411764705,0.11764705882352941,0.0
t1_f7zjbj2,0.053,0.646,0.301,0.9542,0.09523809523809523,0.14285714285714285,0.14285714285714285,0.19047619047619047,0.09523809523809523,0.0,0.09523809523809523,0.047619047619047616
t1_doj7s7m,0.126,0.796,0.078,-0.4019,0.0,0.0,0.0,0.2,0.0,0.0,0.0,0.2
t1_k0y3o9w,0.13,0.849,0.021,-0.9178,0.2222222222222222,0.1111111111111111,0.2222222222222222,0.0,0.0,0.1111111111111111,0.0,0.1111111111111111
t1_i0rkt48,0.0,0.925,0.075,0.6908,0.0,0.0,0.05555555555555555,0.2222222222222222,0.05555555555555555,0.0,0.05555555555555555,0.0
t1_hgqq5ml,0.029,0.799,0.172,0.8621,0.0,0.0,0.25,0.25,0.125,0.0,0.125,0.0
t1_fv369q4,0.097,0.855,0.047,-0.4019,0.16666666666666666,0.0,0.0,0.0,0.0,0.16666666666666666,0.0,0.0
t1_gu8owot,0.178,0.777,0.044,-0.8143,0.2,0.0,0.0,0.2,0.0,0.0,0.0,0.0
t1_hr961id,0.106,0.82,0.074,-0.4587,0.16666666666666666,0.0,0.16666666666666666,0.16666666666666666,0.0,0.0,0.16666666666666666,0.0
t1_hfpa1dl,0.11,0.835,0.055,-0.8109,0.21052631578947367,0.05263157894736842,0.05263157894736842,0.21052631578947367,0.0,0.05263157894736842,0.05263157894736842,0.05263157894736842
t1_d4132ch,0.105,0.867,0.028,-0.8686,0.21052631578947367,0.18421052631578946,0.07894736842105263,0.13157894736842105,0.0,0.0,0.0,0.0
t1_fkhdbl1,0.0,0.934,0.066,0.8115,0.0,0.0,0.1,0.3,0.0,0.0,0.1,0.0
t1_h6vaerj,0.029,0.622,0.348,0.9549,0.0,0.0,0.15384615384615385,0.23076923076923078,0.07692307692307693,0.0,0.23076923076923078,0.0
t1_jx5k828,0.0,0.917,0.083,0.4588,0.16666666666666666,0.0,0.0,0.3333333333333333,0.0,0.0,0.0,0.0
t1_kc4imvp,0.174,0.738,0.089,-0.9431,0.07142857142857142,0.14285714285714285,0.0,0.09523809523809523,0.047619047619047616,0.11904761904761904,0.0,0.047619047619047616
t1_g3zhiwj,0.212,0.74,0.048,-0.9535,0.12121212121212122,0.06060606060606061,0.06060606060606061,0.12121212121212122,0.0,0.09090909090909091,0.06060606060606061,0.0
t1_dyo8qrm,0.097,0.855,0.047,-0.8405,0.043478260869565216,0.0,0.13043478260869565,0.17391304347826086,0.17391304347826086,0.0,0.13043478260869565,0.0
t1_i27a5vm,0.039,0.798,0.163,0.9257,0.09090909090909091,0.0,0.09090909090909091,0.09090909090909091,0.09090909090909091,0.09090909090909091,0.09090909090909091,0.0
t1_ellqsv7,0.0,1.0,0.0,0.0,0.25,0.0,0.0,0.25,0.0,0.0,0.0,0.0
t1_ecqggdj,0.097,0.85,0.053,-0.4127,0.09523809523809523,0.0,0.14285714285714285,0.09523809523809523,0.09523809523809523,0.0,0.09523809523809523,0.09523809523809523
t1_e244e7c,0.178,0.776,0.047,-0.8225,0.1875,0.125,0.0,0.125,0.0,0.125,0.0625,0.125
t1_dzz28sn,0.071,0.72,0.209,0.9728,0.07692307692307693,0.02564102564102564,0.1794871794871795,0.07692307692307693,0.0,0.07692307692307693,0.15384615384615385,0.02564102564102564
t1_hfpadca,0.11,0.835,0.055,-0.8109,0.21052631578947367,0.05263157894736842,0.05263157894736842,0.21052631578947367,0.0,0.05263157894736842,0.05263157894736842,0.05263157894736842
t1_jpv0rmr,0.066,0.874,0.059,-0.0772,0.5,0.0,0.0,0.0,0.0,0.0,0.0,0.0
t1_f5lbv48,0.038,0.906,0.056,0.2373,0.10526315789473684,0.05263157894736842,0.10526315789473684,0.15789473684210525,0.0,0.05263157894736842,0.05263157894736842,0.05263157894736842
t1_k055t3y,0.117,0.784,0.099,-0.6705,0.11363636363636363,0.1590909090909091,0.06818181818181818,0.09090909090909091,0.06818181818181818,0.09090909090909091,0.06818181818181818,0.045454545454545456
t1_jh1rx92,0.284,0.716,0.0,-0.9438,0.09090909090909091,0.18181818181818182,0.0,0.18181818181818182,0.0,0.09090909090909091,0.0,0.0
t1_evhmgeg,0.103,0.748,0.149,0.6385,0.07317073170731707,0.024390243902439025,0.0975609756097561,0.12195121951219512,0.0975609756097561,0.04878048780487805,0.12195121951219512,0.024390243902439025
t1_g1bnpt9,0.096,0.874,0.03,-0.694,0.1111111111111111,0.1111111111111111,0.3333333333333333,0.0,0.0,0.1111111111111111,0.0,0.1111111111111111
t1_dvx4jq1,0.037,0.881,0.083,0.5267,0.2,0.0,0.1,0.3,0.0,0.1,0.0,0.0
t1_frfd8jq,0.054,0.78,0.166,0.6808,0.14285714285714285,0.14285714285714285,0.0,0.14285714285714285,0.0,0.14285714285714285,0.0,0.0
t1_e87k9bo,0.045,0.903,0.052,-0.128,0.1111111111111111,0.1111111111111111,0.0,0.2222222222222222,0.0,0.0,0.0,0.1111111111111111
t1_kec4nix,0.057,0.916,0.027,-0.2118,0.16666666666666666,0.16666666666666666,0.0,0.08333333333333333,0.0,0.08333333333333333,0.0,0.08333333333333333
t1_jm05rks,0.155,0.719,0.126,-0.3384,0.07692307692307693,0.0,0.38461538461538464,0.07692307692307693,0.07692307692307693,0.07692307692307693,0.07692307692307693,0.0
t1_hpe8lgy,0.0,0.873,0.127,0.6249,0.0,0.0,0.125,0.25,0.0,0.0,0.25,0.0
t1_hfcpljf,0.037,0.963,0.0,-0.2617,0.0,0.0,0.1111111111111111,0.1111111111111111,0.1111111111111111,0.0,0.0,0.0
t1_h8v507t,0.115,0.885,0.0,-0.4588,0.0,0.0,1.0,0.0,0.0,0.0,0.0,0.0
t1_hpa1oyn,0.119,0.881,0.0,-0.5994,0.14285714285714285,0.14285714285714285,0.14285714285714285,0.0,0.14285714285714285,0.14285714285714285,0.0,0.14285714285714285
t1_f8pldfo,0.049,0.951,0.0,-0.6249,0.0,0.0,0.0,0.0,0.0,0.0,0.0,0.0
t1_f0qna2o,0.067,0.887,0.046,-0.0258,0.16666666666666666,0.0,0.16666666666666666,0.16666666666666666,0.0,0.0,0.16666666666666666,0.0
t1_kbx7thu,0.033,0.913,0.054,0.1901,0.2,0.0,0.0,0.0,0.2,0.2,0.0,0.0
t1_i052bsi,0.112,0.888,0.0,-0.6486,0.0,0.0,0.0,0.0,0.0,0.5,0.0,0.0
t1_i03ho2k,0.086,0.674,0.24,0.9008,0.0,0.0,0.0,0.2857142857142857,0.14285714285714285,0.14285714285714285,0.0,0.0
t1_cp0b35p,0.1,0.837,0.063,-0.7418,0.047619047619047616,0.14285714285714285,0.09523809523809523,0.047619047619047616,0.047619047619047616,0.047619047619047616,0.09523809523809523,0.09523809523809523
t1_e60zb6j,0.109,0.833,0.058,-0.3818,0.3333333333333333,0.16666666666666666,0.0,0.16666666666666666,0.0,0.16666666666666666,0.0,0.0
t1_e23rtmj,0.043,0.888,0.07,0.359,0.4,0.0,0.0,0.0,0.0,0.0,0.0,0.0
t1_icaef4b,0.055,0.678,0.267,0.9314,0.0,0.0,0.1875,0.125,0.0625,0.125,0.125,0.0
t1_eyhpcg2,0.12,0.88,0.0,-0.5267,0.0,0.0,0.0,0.5,0.0,0.0,0.0,0.0
t1_geohdws,0.074,0.926,0.0,-0.5106,0.14285714285714285,0.14285714285714285,0.14285714285714285,0.0,0.0,0.14285714285714285,0.0,0.14285714285714285
t1_ei9skns,0.02,0.875,0.105,0.7506,0.18181818181818182,0.09090909090909091,0.09090909090909091,0.0,0.0,0.18181818181818182,0.0,0.09090909090909091
t1_hwmzqh3,0.048,0.814,0.137,0.8142,0.08333333333333333,0.08333333333333333,0.16666666666666666,0.16666666666666666,0.041666666666666664,0.0,0.125,0.041666666666666664
t1_eg3z4ln,0.0,0.899,0.101,0.4215,0.0,0.0,0.0,0.5,0.0,0.0,0.0,0.0
t1_evhmgeg,0.103,0.748,0.149,0.6385,0.07317073170731707,0.024390243902439025,0.0975609756097561,0.12195121951219512,0.0975609756097561,0.04878048780487805,0.12195121951219512,0.024390243902439025
t1_fliybvm,0.0,1.0,0.0,0.0,0.09090909090909091,0.09090909090909091,0.18181818181818182,0.18181818181818182,0.0,0.0,0.09090909090909091,0.0
t1_h6r168z,0.078,0.82,0.102,0.3485,0.1875,0.125,0.1875,0.1875,0.0625,0.0,0.0625,0.0
t1_f7elmp1,0.11,0.803,0.086,0.0382,0.0,0.25,0.0,0.0,0.0,0.25,0.0,0.0
t1_e6fzelv,0.039,0.846,0.115,0.5023,0.0,0.0,0.6666666666666666,0.3333333333333333,0.0,0.0,0.0,0.0
t1_gszeo44,0.0,0.992,0.008,0.0772,0.0,0.0,0.6666666666666666,0.0,0.0,0.0,0.0,0.0
t1_g8q6z1f,0.096,0.743,0.161,0.5787,0.125,0.125,0.0,0.0,0.0,0.125,0.0,0.25
t1_i8i5vpz,0.0,0.897,0.103,0.7184,0.0,0.0,0.25,0.0,0.0,0.125,0.125,0.0
t1_ezpc6zp,0.077,0.797,0.126,0.2023,0.0,0.0,0.0,0.25,0.0,0.0,0.25,0.0
t1_j5qa87g,0.106,0.784,0.109,0.0515,0.05555555555555555,0.05555555555555555,0.16666666666666666,0.05555555555555555,0.1111111111111111,0.05555555555555555,0.05555555555555555,0.05555555555555555
t1_d6a1oub,0.153,0.725,0.123,-0.185,0.08333333333333333,0.0,0.16666666666666666,0.25,0.08333333333333333,0.0,0.08333333333333333,0.0
t1_e15atoh,0.0,0.84,0.16,0.9579,0.07142857142857142,0.03571428571428571,0.17857142857142858,0.17857142857142858,0.03571428571428571,0.03571428571428571,0.07142857142857142,0.03571428571428571
t1_hfcpljf,0.037,0.963,0.0,-0.2617,0.0,0.0,0.1111111111111111,0.1111111111111111,0.1111111111111111,0.0,0.0,0.0
t1_iar69nc,0.146,0.854,0.0,-0.7579,0.125,0.0625,0.0625,0.25,0.0,0.0625,0.0,0.0625
t1_g3qgulc,0.061,0.858,0.081,0.3449,0.0,0.0,0.0,0.0,0.0,0.0,0.0,0.0
t1_gklwo1a,0.0,0.981,0.019,0.2732,0.0,0.0,0.375,0.125,0.0,0.125,0.125,0.0
t1_is5cj2w,0.036,0.964,0.0,-0.2263,0.1,0.0,0.0,0.25,0.0,0.0,0.1,0.15
t1_fax8y0n,0.09,0.737,0.173,0.6705,0.16666666666666666,0.16666666666666666,0.0,0.16666666666666666,0.0,0.0,0.0,0.0
t1_dam0h7s,0.053,0.913,0.034,-0.2023,0.16666666666666666,0.16666666666666666,0.0,0.16666666666666666,0.0,0.0,0.0,0.16666666666666666
t1_h8ib0fz,0.0,0.813,0.187,0.7346,0.0,0.0,0.0,0.25,0.0,0.0,0.0,0.0
t1_evmsi5e,0.062,0.763,0.175,0.8122,0.0,0.1,0.2,0.2,0.0,0.1,0.1,0.0
t1_fssx3ha,0.129,0.871,0.0,-0.7003,0.3333333333333333,0.0,0.3333333333333333,0.0,0.0,0.0,0.0,0.0
t1_jw0q45y,0.089,0.831,0.08,-0.2204,0.2,0.12,0.04,0.04,0.08,0.12,0.04,0.04
t1_heaw3yi,0.094,0.761,0.145,0.6164,0.125,0.0625,0.1875,0.1875,0.0,0.0,0.0625,0.0
t1_e7k7x3d,0.129,0.697,0.174,0.2023,0.25,0.0,0.125,0.0,0.0,0.0,0.125,0.0
t1_e9980mh,0.046,0.911,0.043,-0.0284,0.2857142857142857,0.0,0.14285714285714285,0.14285714285714285,0.0,0.0,0.0,0.0
t1_kfgt3z1,0.106,0.698,0.195,0.7269,0.058823529411764705,0.058823529411764705,0.23529411764705882,0.11764705882352941,0.11764705882352941,0.11764705882352941,0.058823529411764705,0.11764705882352941
t1_gxq4985,0.023,0.875,0.102,0.8248,0.08333333333333333,0.041666666666666664,0.16666666666666666,0.20833333333333334,0.0,0.0,0.08333333333333333,0.0
t1_jh7fftp,0.0,0.906,0.094,0.7712,0.11764705882352941,0.11764705882352941,0.058823529411764705,0.11764705882352941,0.058823529411764705,0.058823529411764705,0.058823529411764705,0.058823529411764705
t1_dy10ac0,0.239,0.672,0.088,-0.8952,0.15789473684210525,0.10526315789473684,0.15789473684210525,0.05263157894736842,0.0,0.05263157894736842,0.05263157894736842,0.10526315789473684
t1_i1bgv3m,0.078,0.922,0.0,-0.4019,0.0,0.08333333333333333,0.16666666666666666,0.0,0.3333333333333333,0.0,0.16666666666666666,0.0
t1_gzy7yec,0.156,0.798,0.046,-0.8658,0.17647058823529413,0.0,0.11764705882352941,0.058823529411764705,0.058823529411764705,0.11764705882352941,0.058823529411764705,0.0
t1_gxljgej,0.101,0.865,0.034,-0.4939,0.2777777777777778,0.05555555555555555,0.05555555555555555,0.1111111111111111,0.05555555555555555,0.05555555555555555,0.0,0.05555555555555555
t1_k6gn3xk,0.17,0.744,0.086,-0.8176,0.21212121212121213,0.06060606060606061,0.06060606060606061,0.15151515151515152,0.06060606060606061,0.09090909090909091,0.030303030303030304,0.06060606060606061
t1_es8znqh,0.103,0.851,0.047,-0.7943,0.05555555555555555,0.05555555555555555,0.1111111111111111,0.1111111111111111,0.16666666666666666,0.05555555555555555,0.05555555555555555,0.05555555555555555
t1_di0wads,0.12,0.778,0.102,-0.25,0.0,0.0,0.16666666666666666,0.25,0.08333333333333333,0.0,0.16666666666666666,0.0
t1_ix2pt2q,0.343,0.632,0.025,-0.974,0.2222222222222222,0.18518518518518517,0.0,0.0,0.037037037037037035,0.1111111111111111,0.0,0.14814814814814814
t1_ebbp8uq,0.151,0.767,0.081,-0.5927,0.1,0.05,0.05,0.1,0.1,0.1,0.05,0.05
t1_hbvn25n,0.025,0.779,0.195,0.916,0.0625,0.0625,0.0625,0.125,0.0625,0.0625,0.125,0.0625
t1_f32w1m5,0.0,0.805,0.195,0.7579,0.0,0.0,0.0,0.0,0.0,0.0,0.0,0.0
t1_e8tohxa,0.0,1.0,0.0,0.0,0.3333333333333333,0.0,0.3333333333333333,0.0,0.0,0.0,0.0,0.0
t1_gyzc1dq,0.13,0.792,0.078,-0.597,0.14285714285714285,0.07142857142857142,0.14285714285714285,0.07142857142857142,0.07142857142857142,0.07142857142857142,0.0,0.07142857142857142
t1_jlvlmw2,0.051,0.918,0.031,-0.2023,0.0,0.0,0.25,0.25,0.0,0.0,0.0,0.0
t1_fbvjw16,0.064,0.851,0.085,0.2675,0.14285714285714285,0.14285714285714285,0.0,0.07142857142857142,0.0,0.07142857142857142,0.0,0.0
t1_k764qqg,0.0,0.946,0.054,0.4019,0.0,0.0,0.2727272727272727,0.09090909090909091,0.0,0.0,0.09090909090909091,0.0
t1_e682qpn,0.262,0.707,0.031,-0.983,0.16,0.08,0.04,0.16,0.0,0.0,0.04,0.04
t1_k1stfbm,0.034,0.86,0.107,0.8885,0.05,0.05,0.15,0.1,0.1,0.0,0.1,0.0
t1_euyikqc,0.035,0.911,0.053,0.3612,0.15384615384615385,0.0,0.15384615384615385,0.07692307692307693,0.0,0.15384615384615385,0.15384615384615385,0.0
t1_g6or79o,0.089,0.848,0.062,-0.368,0.1111111111111111,0.1111111111111111,0.3333333333333333,0.0,0.0,0.1111111111111111,0.0,0.1111111111111111
t1_jg7d3o4,0.124,0.822,0.054,-0.7351,0.0,0.0,0.1,0.3,0.0,0.1,0.0,0.0
t1_k47vk5s,0.0,1.0,0.0,0.0,0.0,0.0,0.0,0.0,0.0,0.0,0.0,0.0
t1_ienlbii,0.18,0.774,0.046,-0.8176,0.12,0.16,0.08,0.08,0.04,0.04,0.04,0.12
t1_j2d40kh,0.067,0.933,0.0,-0.7256,0.0625,0.1875,0.0625,0.0,0.1875,0.0625,0.0625,0.0
t1_h5u6f3x,0.237,0.763,0.0,-0.8979,0.2727272727272727,0.18181818181818182,0.0,0.0,0.0,0.18181818181818182,0.0,0.09090909090909091
t1_fab0qyq,0.037,0.963,0.0,-0.1531,0.0,0.0,0.0,1.0,0.0,0.0,0.0,0.0
t1_dx4y4g6,0.161,0.71,0.13,-0.5647,0.2,0.1,0.1,0.1,0.0,0.1,0.0,0.1
t1_hy7hmzp,0.114,0.764,0.122,-0.0997,0.0625,0.0,0.1875,0.125,0.0625,0.0625,0.125,0.0625
t1_fja8byl,0.07,0.835,0.095,0.0772,0.2857142857142857,0.2857142857142857,0.0,0.0,0.0,0.0,0.0,0.0
t1_e9eyydp,0.099,0.84,0.061,-0.1421,0.0,0.0,0.0,0.0,0.3333333333333333,0.0,0.0,0.0
t1_eg4y2ig,0.076,0.718,0.206,0.7332,0.15384615384615385,0.07692307692307693,0.15384615384615385,0.15384615384615385,0.07692307692307693,0.0,0.0,0.07692307692307693
t1_h02yqjb,0.035,0.871,0.094,0.8478,0.0,0.0,0.23076923076923078,0.3076923076923077,0.15384615384615385,0.0,0.0,0.0
t1_gd8csxv,0.19,0.766,0.044,-0.8221,0.10526315789473684,0.10526315789473684,0.15789473684210525,0.0,0.05263157894736842,0.15789473684210525,0.05263157894736842,0.05263157894736842
t1_e01i5l7,0.0,0.969,0.031,0.4215,0.0,0.0,0.0,0.4,0.0,0.0,0.0,0.0
t1_h8aqb5n,0.066,0.659,0.275,0.765,0.0,0.0,0.25,0.25,0.0,0.0,0.25,0.0
t1_fo1zahf,0.0,0.885,0.115,0.6808,0.14285714285714285,0.07142857142857142,0.0,0.14285714285714285,0.0,0.07142857142857142,0.07142857142857142,0.0
t1_hrwwg46,0.214,0.758,0.028,-0.8225,0.0,0.0,0.0,0.0,0.0,0.0,0.0,0.25
t1_f7pnew3,0.29,0.71,0.0,-0.931,0.047619047619047616,0.19047619047619047,0.047619047619047616,0.047619047619047616,0.047619047619047616,0.09523809523809523,0.047619047619047616,0.14285714285714285
t1_ez6pile,0.024,0.892,0.085,0.5719,0.1,0.0,0.3,0.2,0.0,0.1,0.0,0.0
t1_f6v6ws7,0.054,0.884,0.062,0.1531,0.0625,0.125,0.0625,0.1875,0.0,0.0,0.0,0.0
t1_gzb9qr4,0.0,0.917,0.083,0.8796,0.0,0.0,0.2,0.1,0.1,0.0,0.1,0.0
t1_h7uw8da,0.0,0.904,0.096,0.3818,0.3333333333333333,0.0,0.3333333333333333,0.0,0.0,0.0,0.0,0.0
t1_f5rtqj5,0.07,0.93,0.0,-0.3612,0.0,0.3333333333333333,0.3333333333333333,0.0,0.0,0.0,0.0,0.0
t1_jbpghpe,0.222,0.686,0.092,-0.959,0.18421052631578946,0.10526315789473684,0.07894736842105263,0.05263157894736842,0.0,0.02631578947368421,0.02631578947368421,0.02631578947368421
t1_dripkn6,0.04,0.89,0.07,0.4215,0.0,0.045454545454545456,0.09090909090909091,0.22727272727272727,0.045454545454545456,0.045454545454545456,0.09090909090909091,0.045454545454545456
t1_dva0k7n,0.0,0.932,0.068,0.3612,0.0,0.0,0.0,0.0,0.0,0.0,0.0,0.0
t1_ggyqnid,0.027,0.877,0.096,0.6369,0.047619047619047616,0.047619047619047616,0.047619047619047616,0.2857142857142857,0.047619047619047616,0.0,0.19047619047619047,0.0
t1_gh3j0er,0.0,1.0,0.0,0.0,0.0,0.0,0.0,0.0,0.0,0.0,0.0,0.0
t1_iktl710,0.049,0.849,0.102,0.4019,0.14285714285714285,0.09523809523809523,0.14285714285714285,0.14285714285714285,0.0,0.047619047619047616,0.0,0.14285714285714285
t1_ic5ew02,0.0,0.981,0.019,0.2144,0.0,0.0,0.2222222222222222,0.2222222222222222,0.1111111111111111,0.1111111111111111,0.1111111111111111,0.0
t1_f8du8u6,0.144,0.856,0.0,-0.8126,0.10526315789473684,0.10526315789473684,0.10526315789473684,0.05263157894736842,0.10526315789473684,0.10526315789473684,0.05263157894736842,0.05263157894736842
t1_f7zaqai,0.064,0.814,0.123,0.6124,0.2,0.0,0.06666666666666667,0.3333333333333333,0.0,0.2,0.0,0.0
t1_dzf8dl4,0.051,0.831,0.118,0.4939,0.0625,0.0625,0.125,0.1875,0.0625,0.0625,0.125,0.0
t1_dwk9eqm,0.238,0.736,0.027,-0.9478,0.14285714285714285,0.17857142857142858,0.0,0.14285714285714285,0.03571428571428571,0.07142857142857142,0.07142857142857142,0.0
t1_g0m4ir4,0.0,0.872,0.128,0.6767,0.3333333333333333,0.0,0.0,0.3333333333333333,0.0,0.0,0.0,0.0
t1_izxr7qv,0.0,0.917,0.083,0.4019,0.0,0.0,0.0,0.5,0.0,0.0,0.0,0.0
t1_gny616d,0.021,0.878,0.101,0.743,0.2,0.0,0.0,0.2,0.0,0.0,0.1,0.1
t1_g8wgqts,0.0,0.935,0.065,0.2732,0.0,0.0,0.0,0.0,0.0,0.0,0.0,0.0
t1_ek0xv3u,0.207,0.636,0.156,-0.4627,0.10526315789473684,0.10526315789473684,0.05263157894736842,0.0,0.05263157894736842,0.21052631578947367,0.05263157894736842,0.10526315789473684
t1_gsk0iw2,0.103,0.803,0.094,-0.2901,0.041666666666666664,0.041666666666666664,0.125,0.25,0.041666666666666664,0.041666666666666664,0.08333333333333333,0.041666666666666664
t1_hcrq3xt,0.047,0.905,0.049,-0.1962,0.13333333333333333,0.2,0.0,0.06666666666666667,0.0,0.13333333333333333,0.0,0.0
t1_gxd9k4u,0.024,0.976,0.0,-0.296,0.16666666666666666,0.0,0.0,0.16666666666666666,0.16666666666666666,0.0,0.0,0.0
t1_gtbhy8i,0.073,0.868,0.059,-0.5267,0.07692307692307693,0.07692307692307693,0.07692307692307693,0.1282051282051282,0.10256410256410256,0.0,0.05128205128205128,0.02564102564102564
t1_fvwoux8,0.171,0.705,0.124,-0.6249,0.07142857142857142,0.14285714285714285,0.07142857142857142,0.14285714285714285,0.0,0.14285714285714285,0.0,0.07142857142857142
t1_gshqbl4,0.074,0.926,0.0,-0.872,0.1,0.075,0.1,0.15,0.05,0.125,0.05,0.025
t1_e0gaj1z,0.046,0.867,0.088,0.431,0.1,0.0,0.3,0.1,0.0,0.0,0.2,0.0
t1_kbhniqh,0.023,0.867,0.11,0.8885,0.058823529411764705,0.0,0.11764705882352941,0.17647058823529413,0.058823529411764705,0.0,0.17647058823529413,0.0
t1_iv7iuhy,0.064,0.852,0.084,0.3156,0.06451612903225806,0.03225806451612903,0.12903225806451613,0.22580645161290322,0.0,0.06451612903225806,0.0967741935483871,0.0
t1_hnvwhon,0.031,0.796,0.173,0.7642,0.1111111111111111,0.0,0.2222222222222222,0.3333333333333333,0.0,0.0,0.0,0.0
t1_eekecxz,0.136,0.833,0.031,-0.9603,0.18604651162790697,0.11627906976744186,0.06976744186046512,0.11627906976744186,0.046511627906976744,0.09302325581395349,0.0,0.0
t1_if6rhqz,0.0,0.749,0.251,0.886,0.14285714285714285,0.14285714285714285,0.0,0.14285714285714285,0.0,0.14285714285714285,0.14285714285714285,0.0
t1_dzamqar,0.0,1.0,0.0,0.0,0.0,0.0,0.0,0.0,0.0,0.0,0.0,0.0
t1_keey40j,0.0,0.928,0.072,0.7269,0.0,0.0,0.15384615384615385,0.38461538461538464,0.0,0.0,0.07692307692307693,0.0
t1_gvdlzaw,0.067,0.849,0.084,-0.128,0.06666666666666667,0.0,0.0,0.4,0.0,0.0,0.06666666666666667,0.0
t1_ddoajis,0.176,0.706,0.118,-0.3919,0.3076923076923077,0.0,0.15384615384615385,0.0,0.0,0.0,0.0,0.0
t1_f3p69fd,0.052,0.773,0.174,0.8468,0.045454545454545456,0.0,0.18181818181818182,0.18181818181818182,0.045454545454545456,0.0,0.09090909090909091,0.045454545454545456
t1_dwx0ybw,0.052,0.77,0.177,0.765,0.0,0.0,0.14285714285714285,0.14285714285714285,0.0,0.0,0.2857142857142857,0.0
t1_gp3kyz5,0.043,0.923,0.034,-0.0829,0.08333333333333333,0.08333333333333333,0.25,0.3333333333333333,0.0,0.0,0.0,0.0
t1_k166z7w,0.0,0.891,0.109,0.8977,0.06666666666666667,0.06666666666666667,0.06666666666666667,0.2,0.0,0.0,0.13333333333333333,0.06666666666666667
t1_ia8j0bo,0.268,0.677,0.055,-0.8591,0.21428571428571427,0.21428571428571427,0.0,0.07142857142857142,0.0,0.14285714285714285,0.0,0.07142857142857142
t1_e24toiu,0.0,1.0,0.0,0.0,0.0,0.0,0.0,0.3333333333333333,0.0,0.0,0.0,0.3333333333333333
t1_h4mvnxs,0.053,0.847,0.099,0.5859,0.16666666666666666,0.0,0.3333333333333333,0.16666666666666666,0.16666666666666666,0.0,0.0,0.0
t1_huxa4i2,0.056,0.908,0.036,-0.3313,0.25,0.0,0.0,0.0,0.0,0.0,0.0,0.0
t1_gmpv419,0.0,0.938,0.062,0.7086,0.0,0.0,0.1,0.3,0.1,0.0,0.0,0.0
t1_gzq596y,0.0,0.876,0.124,0.6249,0.25,0.0,0.0,0.0,0.0,0.25,0.0,0.0
t1_huavhzz,0.077,0.731,0.193,0.7372,0.0,0.0,0.1111111111111111,0.1111111111111111,0.1111111111111111,0.1111111111111111,0.1111111111111111,0.0
t1_epito2z,0.0,0.937,0.063,0.6369,0.0,0.0,0.5,0.0,0.0,0.0,0.0,0.0
t1_f52qybe,0.0,0.935,0.065,0.7868,0.0,0.0,0.1875,0.1875,0.0,0.1875,0.0,0.0625
t1_ih2z2sh,0.095,0.706,0.199,0.9155,0.023809523809523808,0.047619047619047616,0.09523809523809523,0.16666666666666666,0.047619047619047616,0.023809523809523808,0.16666666666666666,0.023809523809523808
t1_e296l4u,0.364,0.599,0.037,-0.9699,0.0,0.0,0.0,0.3,0.0,0.0,0.1,0.0
t1_d2re132,0.086,0.848,0.066,-0.1779,0.07692307692307693,0.07692307692307693,0.0,0.15384615384615385,0.07692307692307693,0.15384615384615385,0.0,0.07692307692307693
t1_fxlo8oq,0.166,0.766,0.068,-0.9448,0.10810810810810811,0.10810810810810811,0.05405405405405406,0.13513513513513514,0.02702702702702703,0.13513513513513514,0.05405405405405406,0.05405405405405406
t1_e8pvy3n,0.0,0.676,0.324,0.889,0.125,0.125,0.125,0.125,0.0,0.0,0.0,0.0
t1_gsjiq4i,0.049,0.905,0.046,-0.1027,0.29411764705882354,0.0,0.17647058823529413,0.35294117647058826,0.0,0.0,0.0,0.0
t1_dw5qjqx,0.181,0.819,0.0,-0.6945,0.2,0.0,0.6,0.0,0.0,0.0,0.0,0.0
t1_jbythji,0.0,0.935,0.065,0.4019,0.25,0.0,0.0,0.0,0.0,0.0,0.0,0.0
t1_fd6xjg2,0.0,0.924,0.076,0.4497,0.1111111111111111,0.1111111111111111,0.0,0.0,0.1111111111111111,0.1111111111111111,0.0,0.0
t1_dsxyg9x,0.073,0.842,0.085,0.168,0.16666666666666666,0.0,0.16666666666666666,0.16666666666666666,0.0,0.0,0.0,0.0
t1_hemc05m,0.0,0.861,0.139,0.765,0.0,0.0,0.0,0.0,0.2,0.0,0.0,0.0
t1_gx3uezp,0.044,0.94,0.016,-0.5994,0.10344827586206896,0.034482758620689655,0.10344827586206896,0.1724137931034483,0.06896551724137931,0.034482758620689655,0.13793103448275862,0.0
t1_hbkkvgd,0.0,0.969,0.031,0.4404,0.0,0.0,0.0,0.16666666666666666,0.0,0.0,0.0,0.0
t1_gnlufq0,0.121,0.851,0.028,-0.9053,0.16129032258064516,0.0967741935483871,0.16129032258064516,0.03225806451612903,0.06451612903225806,0.0967741935483871,0.0,0.0967741935483871
t1_emzb72i,0.0,0.751,0.249,0.8519,0.0,0.0,0.2857142857142857,0.2857142857142857,0.0,0.0,0.14285714285714285,0.0
t1_e3fcxxs,0.068,0.871,0.06,-0.0717,0.0,0.0,0.0,0.0,0.0,0.0,0.0,0.0
t1_jevgk97,0.0,0.947,0.053,0.4404,0.0,0.0,0.25,0.375,0.125,0.0,0.0,0.0
t1_d8wytyc,0.0,0.945,0.055,0.2732,0.0,0.3333333333333333,0.0,0.3333333333333333,0.0,0.0,0.0,0.0
t1_jn1go6w,0.114,0.771,0.114,0.2484,0.21428571428571427,0.21428571428571427,0.0,0.0,0.0,0.21428571428571427,0.0,0.0
t1_e1tdd1z,0.147,0.78,0.073,-0.6189,0.13043478260869565,0.08695652173913043,0.0,0.13043478260869565,0.0,0.17391304347826086,0.0,0.08695652173913043
t1_e5qetag,0.148,0.852,0.0,-0.9062,0.15384615384615385,0.15384615384615385,0.0,0.07692307692307693,0.0,0.07692307692307693,0.0,0.07692307692307693
t1_dy1vjvf,0.0,0.923,0.077,0.3612,0.5,0.0,0.0,0.0,0.0,0.0,0.0,0.0
t1_ec2x1qs,0.089,0.863,0.048,-0.4767,0.0,0.0,0.0,1.0,0.0,0.0,0.0,0.0
t1_dtu9dp4,0.205,0.795,0.0,-0.8402,0.18181818181818182,0.0,0.09090909090909091,0.09090909090909091,0.0,0.0,0.0,0.0
t1_f6p3vx1,0.0,0.726,0.274,0.9117,0.16666666666666666,0.0,0.08333333333333333,0.25,0.0,0.0,0.08333333333333333,0.0
t1_di84xbb,0.092,0.721,0.187,0.4939,0.0,0.0,0.2,0.2,0.2,0.0,0.2,0.0
t1_iox02zb,0.205,0.726,0.068,-0.8309,0.05555555555555555,0.1111111111111111,0.16666666666666666,0.16666666666666666,0.05555555555555555,0.027777777777777776,0.1111111111111111,0.027777777777777776
t1_j965p64,0.229,0.669,0.103,-0.9678,0.14583333333333334,0.125,0.041666666666666664,0.0625,0.041666666666666664,0.125,0.041666666666666664,0.10416666666666667
t1_gpq8eyl,0.0,0.835,0.165,0.7717,0.3333333333333333,0.0,0.3333333333333333,0.0,0.0,0.0,0.0,0.0
t1_gn3xrj4,0.043,0.877,0.08,0.6124,0.09090909090909091,0.0,0.2727272727272727,0.0,0.0,0.09090909090909091,0.0,0.0
t1_fv7gvzm,0.0,0.917,0.083,0.5707,0.25,0.0,0.25,0.0,0.0,0.0,0.25,0.0
t1_glsosku,0.2,0.755,0.045,-0.8221,0.058823529411764705,0.058823529411764705,0.058823529411764705,0.11764705882352941,0.058823529411764705,0.058823529411764705,0.11764705882352941,0.17647058823529413
t1_fotbeh5,0.129,0.838,0.032,-0.7263,0.0,0.0,0.3333333333333333,0.3333333333333333,0.0,0.0,0.0,0.0
t1_f36bpgp,0.162,0.723,0.114,-0.7956,0.16666666666666666,0.1388888888888889,0.05555555555555555,0.1111111111111111,0.027777777777777776,0.1111111111111111,0.027777777777777776,0.05555555555555555
t1_ewuu4g3,0.128,0.781,0.091,-0.5267,0.05263157894736842,0.05263157894736842,0.21052631578947367,0.15789473684210525,0.0,0.05263157894736842,0.15789473684210525,0.05263157894736842
t1_eziajen,0.134,0.724,0.142,-0.0772,0.125,0.125,0.0,0.1875,0.0625,0.125,0.0,0.125
t1_gvq9h9w,0.026,0.816,0.158,0.8883,0.0,0.07692307692307693,0.0,0.15384615384615385,0.07692307692307693,0.07692307692307693,0.15384615384615385,0.0
t1_jbk7nfr,0.028,0.907,0.065,0.5423,0.034482758620689655,0.034482758620689655,0.13793103448275862,0.1724137931034483,0.0,0.10344827586206896,0.13793103448275862,0.034482758620689655
t1_iu0mggv,0.316,0.64,0.044,-0.9313,0.3333333333333333,0.1111111111111111,0.0,0.0,0.0,0.0,0.0,0.0
t1_ewecszi,0.0,0.915,0.085,0.4019,0.1,0.0,0.2,0.3,0.1,0.0,0.0,0.0
t1_ewprc6d,0.147,0.795,0.058,-0.5065,0.0,0.0,0.0,0.0,0.0,0.0,0.0,0.0
t1_e4ihl1q,0.021,0.94,0.039,0.4278,0.07692307692307693,0.0,0.15384615384615385,0.15384615384615385,0.07692307692307693,0.0,0.07692307692307693,0.0
t1_e57nrr3,0.109,0.817,0.075,-0.6812,0.2,0.15,0.0,0.05,0.05,0.15,0.05,0.1
t1_hwb68ec,0.108,0.795,0.097,-0.1363,0.15384615384615385,0.07692307692307693,0.07692307692307693,0.07692307692307693,0.07692307692307693,0.0,0.15384615384615385,0.0
t1_ifnuabf,0.015,0.882,0.103,0.8591,0.15384615384615385,0.0,0.0,0.3076923076923077,0.15384615384615385,0.0,0.0,0.0
t1_e5k2x9q,0.0,0.922,0.078,0.6767,0.13333333333333333,0.06666666666666667,0.0,0.13333333333333333,0.0,0.06666666666666667,0.13333333333333333,0.06666666666666667
t1_eh5y6ra,0.081,0.737,0.182,0.9137,0.0,0.16666666666666666,0.16666666666666666,0.1111111111111111,0.05555555555555555,0.05555555555555555,0.1111111111111111,0.0
t1_hf6tpgw,0.102,0.774,0.124,0.3612,0.25,0.16666666666666666,0.16666666666666666,0.0,0.0,0.08333333333333333,0.0,0.0
t1_gncjyqa,0.054,0.803,0.143,0.8286,0.13636363636363635,0.09090909090909091,0.045454545454545456,0.2727272727272727,0.0,0.09090909090909091,0.045454545454545456,0.045454545454545456
t1_jft50ib,0.091,0.909,0.0,-0.5994,0.1111111111111111,0.0,0.3333333333333333,0.2222222222222222,0.0,0.0,0.0,0.0
t1_dye8b90,0.154,0.814,0.031,-0.7096,0.1875,0.0625,0.125,0.125,0.0,0.0625,0.0625,0.0625
t1_fuu7o89,0.0,0.955,0.045,0.3182,0.0,0.0,0.0,0.0,0.0,0.0,0.0,0.0
t1_jvjntf9,0.0,0.965,0.035,0.4118,0.21428571428571427,0.0,0.0,0.21428571428571427,0.0,0.0,0.07142857142857142,0.07142857142857142
t1_fv495ye,0.11,0.89,0.0,-0.4215,0.0,0.3333333333333333,0.0,0.2222222222222222,0.0,0.0,0.0,0.0
t1_gsdv5mo,0.03,0.854,0.116,0.8329,0.11428571428571428,0.11428571428571428,0.05714285714285714,0.22857142857142856,0.0,0.05714285714285714,0.02857142857142857,0.0
t1_iigfe6x,0.116,0.715,0.169,0.3291,0.13157894736842105,0.02631578947368421,0.10526315789473684,0.18421052631578946,0.0,0.07894736842105263,0.05263157894736842,0.02631578947368421
t1_f150p3r,0.0,0.908,0.092,0.7096,0.08333333333333333,0.0,0.08333333333333333,0.25,0.08333333333333333,0.0,0.16666666666666666,0.0
t1_hbvn25n,0.025,0.779,0.195,0.916,0.0625,0.0625,0.0625,0.125,0.0625,0.0625,0.125,0.0625
t1_hzs2hmw,0.084,0.823,0.093,-0.1531,0.25,0.25,0.0,0.0,0.25,0.0,0.0,0.125
t1_goek6a6,0.105,0.812,0.083,-0.4139,0.023255813953488372,0.06976744186046512,0.13953488372093023,0.16279069767441862,0.09302325581395349,0.046511627906976744,0.11627906976744186,0.0
t1_gzql3y0,0.103,0.667,0.231,0.7964,0.0,0.0,0.0,0.3333333333333333,0.0,0.0,0.0,0.0
t1_g68hmdg,0.0,1.0,0.0,0.0,0.0,0.0,0.25,0.25,0.0,0.0,0.25,0.0
t1_fr06d4w,0.106,0.851,0.043,-0.3818,0.1111111111111111,0.1111111111111111,0.1111111111111111,0.0,0.1111111111111111,0.1111111111111111,0.0,0.1111111111111111
t1_j4ytiu6,0.119,0.793,0.089,-0.4361,0.125,0.0625,0.125,0.125,0.0,0.0625,0.0625,0.0625
t1_k7zbou2,0.0,1.0,0.0,0.0,0.0,0.0,0.0,0.0,0.0,0.0,0.0,0.0
t1_doif3n8,0.126,0.796,0.078,-0.4019,0.0,0.0,0.0,0.2,0.0,0.0,0.0,0.2
t1_gnqrmjp,0.066,0.922,0.013,-0.743,0.08333333333333333,0.0,0.3333333333333333,0.0,0.08333333333333333,0.0,0.0,0.0
t1_cp9o451,0.083,0.868,0.049,-0.296,0.09523809523809523,0.09523809523809523,0.09523809523809523,0.09523809523809523,0.0,0.19047619047619047,0.09523809523809523,0.0
t1_hazlwi9,0.0,0.878,0.122,0.7269,0.0,0.0,0.2,0.2,0.13333333333333333,0.0,0.2,0.0
t1_gy892be,0.018,0.924,0.058,0.4243,0.13333333333333333,0.0,0.06666666666666667,0.13333333333333333,0.0,0.13333333333333333,0.13333333333333333,0.0
t1_e5h8rtr,0.105,0.895,0.0,-0.5106,0.2,0.2,0.0,0.0,0.0,0.2,0.0,0.0
t1_fqz9ymk,0.074,0.801,0.126,0.3527,0.125,0.0,0.125,0.25,0.0,0.0,0.125,0.0
t1_f94r7wb,0.046,0.824,0.13,0.6249,0.15384615384615385,0.0,0.23076923076923078,0.15384615384615385,0.0,0.07692307692307693,0.07692307692307693,0.0
t1_hl3jcnk,0.052,0.75,0.198,0.7404,0.2222222222222222,0.05555555555555555,0.05555555555555555,0.1111111111111111,0.05555555555555555,0.1111111111111111,0.1111111111111111,0.05555555555555555
t1_gxd8ipb,0.0,0.859,0.141,0.9277,0.0,0.05555555555555555,0.16666666666666666,0.16666666666666666,0.0,0.05555555555555555,0.1111111111111111,0.0
t1_k2knzoi,0.038,0.915,0.047,0.0065,0.06666666666666667,0.06666666666666667,0.13333333333333333,0.13333333333333333,0.06666666666666667,0.06666666666666667,0.06666666666666667,0.06666666666666667
t1_ibau7ta,0.0,0.811,0.189,0.8553,0.0,0.0,0.0,0.2,0.1,0.0,0.3,0.0
t1_gk0n303,0.088,0.828,0.084,-0.0516,0.2222222222222222,0.1111111111111111,0.0,0.0,0.0,0.2222222222222222,0.0,0.0
t1_hl5ru9l,0.045,0.769,0.186,0.8126,0.1,0.0,0.1,0.2,0.0,0.0,0.1,0.0
t1_hfi4l44,0.213,0.557,0.23,-0.161,0.15789473684210525,0.0,0.05263157894736842,0.05263157894736842,0.0,0.21052631578947367,0.05263157894736842,0.0
t1_gl5eryc,0.058,0.701,0.241,0.7984,0.1111111111111111,0.16666666666666666,0.1111111111111111,0.1111111111111111,0.1111111111111111,0.05555555555555555,0.05555555555555555,0.05555555555555555
t1_gced6yl,0.162,0.774,0.064,-0.9292,0.1724137931034483,0.06896551724137931,0.034482758620689655,0.13793103448275862,0.034482758620689655,0.06896551724137931,0.06896551724137931,0.034482758620689655
t1_gxit98k,0.058,0.942,0.0,-0.2732,0.16666666666666666,0.0,0.16666666666666666,0.16666666666666666,0.16666666666666666,0.0,0.0,0.0
t1_i11t5jp,0.0,1.0,0.0,0.0,0.0,0.0,0.08333333333333333,0.16666666666666666,0.08333333333333333,0.08333333333333333,0.16666666666666666,0.0
t1_gvjs8go,0.175,0.678,0.147,-0.8164,0.1388888888888889,0.05555555555555555,0.1388888888888889,0.027777777777777776,0.08333333333333333,0.1111111111111111,0.08333333333333333,0.05555555555555555
t1_jttyfuc,0.194,0.806,0.0,-0.9313,0.1111111111111111,0.0,0.2222222222222222,0.1111111111111111,0.0,0.0,0.0,0.0
t1_fohe9tw,0.219,0.781,0.0,-0.9287,0.08333333333333333,0.08333333333333333,0.0,0.0,0.0,0.16666666666666666,0.0,0.16666666666666666
t1_hivrsv1,0.027,0.89,0.082,0.5267,0.09090909090909091,0.0,0.0,0.09090909090909091,0.09090909090909091,0.18181818181818182,0.09090909090909091,0.0
t1_dxfx5ri,0.075,0.889,0.036,-0.4588,0.0,0.0,0.0,0.2,0.0,0.0,0.1,0.1
t1_g4rie2s,0.03,0.802,0.168,0.8126,0.0,0.0,0.0,0.0,0.0,0.2,0.0,0.0
t1_gvqaex1,0.0,0.948,0.052,0.743,0.15789473684210525,0.0,0.15789473684210525,0.3157894736842105,0.0,0.0,0.0,0.10526315789473684
t1_gy2ledv,0.0,0.857,0.143,0.7351,0.0,0.0,0.3333333333333333,0.3333333333333333,0.0,0.0,0.0,0.0
t1_g36ncu1,0.217,0.783,0.0,-0.802,0.16666666666666666,0.16666666666666666,0.0,0.0,0.16666666666666666,0.16666666666666666,0.0,0.16666666666666666
t1_jabimli,0.0,0.806,0.194,0.7884,0.0,0.0,0.2857142857142857,0.14285714285714285,0.14285714285714285,0.0,0.14285714285714285,0.0
t1_gvwmn6w,0.0,0.964,0.036,0.128,0.3,0.2,0.1,0.1,0.0,0.0,0.0,0.0
t1_eqj52vl,0.187,0.735,0.078,-0.5574,0.1,0.1,0.2,0.0,0.0,0.1,0.1,0.0
t1_jk42tfn,0.123,0.821,0.057,-0.8597,0.05555555555555555,0.0,0.1111111111111111,0.16666666666666666,0.0,0.1111111111111111,0.1111111111111111,0.05555555555555555
t1_du70bck,0.0,0.921,0.079,0.3612,0.0,0.0,0.3333333333333333,0.3333333333333333,0.0,0.0,0.0,0.0
t1_gjvzibv,0.093,0.748,0.159,0.4767,0.0,0.0,0.07692307692307693,0.23076923076923078,0.07692307692307693,0.0,0.15384615384615385,0.07692307692307693
t1_f8wj0yc,0.103,0.787,0.11,-0.1531,0.07142857142857142,0.07142857142857142,0.21428571428571427,0.07142857142857142,0.14285714285714285,0.07142857142857142,0.07142857142857142,0.07142857142857142
t1_gv6kskl,0.051,0.872,0.077,0.1154,0.09090909090909091,0.045454545454545456,0.18181818181818182,0.09090909090909091,0.0,0.09090909090909091,0.045454545454545456,0.09090909090909091
t1_febk1y6,0.038,0.897,0.065,0.3313,0.0,0.08695652173913043,0.17391304347826086,0.13043478260869565,0.13043478260869565,0.043478260869565216,0.17391304347826086,0.0
t1_gngtyol,0.063,0.87,0.067,0.0772,0.07142857142857142,0.0,0.2857142857142857,0.21428571428571427,0.0,0.0,0.07142857142857142,0.0
t1_eqqnc2u,0.0,0.756,0.244,0.9263,0.0,0.0,0.0,0.16666666666666666,0.0,0.0,0.0,0.0
t1_e1ey5gf,0.0,0.82,0.18,0.7964,0.0,0.0,0.2222222222222222,0.2222222222222222,0.1111111111111111,0.0,0.1111111111111111,0.0
t1_e4zacmb,0.101,0.899,0.0,-0.7351,0.0,0.0,0.1,0.4,0.0,0.1,0.0,0.0
t1_hnwwjc8,0.0,1.0,0.0,0.0,0.2,0.0,0.0,0.0,0.0,0.0,0.0,0.0
t1_h0zkm4a,0.049,0.951,0.0,-0.3182,0.0,0.0,0.2,0.2,0.0,0.0,0.0,0.0
t1_grv8nh7,0.038,0.939,0.023,-0.4019,0.0,0.2,0.0,0.4,0.0,0.0,0.0,0.0
t1_f0218f3,0.139,0.861,0.0,-0.7629,0.25,0.25,0.0,0.0,0.0,0.0,0.0,0.0
t1_gxgwbr6,0.0,1.0,0.0,0.0,0.0,0.2,0.0,0.0,0.0,0.2,0.0,0.0
t1_enns0h4,0.14,0.86,0.0,-0.8442,0.16666666666666666,0.2222222222222222,0.1111111111111111,0.05555555555555555,0.0,0.16666666666666666,0.0,0.05555555555555555
t1_g3sqeh2,0.225,0.775,0.0,-0.8625,0.2222222222222222,0.1111111111111111,0.0,0.0,0.0,0.1111111111111111,0.0,0.2222222222222222
t1_e8goh8m,0.026,0.948,0.026,-0.0027,0.07142857142857142,0.07142857142857142,0.21428571428571427,0.14285714285714285,0.0,0.07142857142857142,0.0,0.07142857142857142
t1_dspgjp8,0.166,0.695,0.139,-0.0772,0.13333333333333333,0.13333333333333333,0.0,0.13333333333333333,0.0,0.06666666666666667,0.06666666666666667,0.0
t1_jmdvfyh,0.111,0.811,0.079,-0.4779,0.07142857142857142,0.07142857142857142,0.14285714285714285,0.21428571428571427,0.07142857142857142,0.03571428571428571,0.0,0.03571428571428571
t1_kcfcp2o,0.0,0.814,0.186,0.8604,0.0,0.0,0.16666666666666666,0.16666666666666666,0.16666666666666666,0.0,0.16666666666666666,0.0
t1_gt3or1l,0.027,0.909,0.064,0.3477,0.16666666666666666,0.0,0.16666666666666666,0.0,0.0,0.0,0.0,0.0
t1_hgnma38,0.023,0.936,0.042,0.2023,0.0,0.0,0.25,0.0,0.0,0.125,0.0,0.125
t1_g83gl8d,0.0,1.0,0.0,0.0,0.14285714285714285,0.0,0.0,0.2857142857142857,0.0,0.0,0.14285714285714285,0.0
t1_hympdkc,0.0,1.0,0.0,0.0,0.2222222222222222,0.1111111111111111,0.0,0.1111111111111111,0.1111111111111111,0.0,0.0,0.0
t1_dtdz6rz,0.11,0.766,0.124,-0.0,0.0,0.0,0.3333333333333333,0.0,0.0,0.0,0.0,0.0
t1_hfxaqyr,0.07,0.93,0.0,-0.6783,0.2,0.06666666666666667,0.13333333333333333,0.06666666666666667,0.06666666666666667,0.06666666666666667,0.06666666666666667,0.06666666666666667
t1_goh57nz,0.03,0.896,0.074,0.3818,0.08333333333333333,0.0,0.08333333333333333,0.16666666666666666,0.08333333333333333,0.0,0.08333333333333333,0.0
t1_cvjto0l,0.022,0.907,0.071,0.6486,0.07692307692307693,0.07692307692307693,0.07692307692307693,0.23076923076923078,0.07692307692307693,0.0,0.07692307692307693,0.0
t1_dw6cz1v,0.123,0.806,0.071,-0.875,0.0625,0.0625,0.0625,0.25,0.0625,0.0,0.125,0.0
t1_hzovtm3,0.026,0.868,0.107,0.742,0.09302325581395349,0.13953488372093023,0.11627906976744186,0.13953488372093023,0.06976744186046512,0.023255813953488372,0.13953488372093023,0.06976744186046512
t1_dwnlhep,0.059,0.916,0.025,-0.5256,0.09090909090909091,0.0,0.18181818181818182,0.36363636363636365,0.0,0.0,0.09090909090909091,0.0
t1_id3dtoj,0.147,0.781,0.072,-0.7964,0.3333333333333333,0.13333333333333333,0.0,0.06666666666666667,0.06666666666666667,0.06666666666666667,0.0,0.0
t1_hfs61xw,0.031,0.924,0.046,0.128,0.25,0.0,0.125,0.25,0.0,0.125,0.0,0.0
t1_e84gvx0,0.256,0.648,0.096,-0.903,0.14285714285714285,0.07142857142857142,0.07142857142857142,0.07142857142857142,0.21428571428571427,0.14285714285714285,0.07142857142857142,0.07142857142857142
t1_jumi3ii,0.045,0.955,0.0,-0.6361,0.13333333333333333,0.06666666666666667,0.0,0.0,0.0,0.26666666666666666,0.0,0.06666666666666667
t1_huei40j,0.089,0.824,0.087,0.2144,0.125,0.0,0.0,0.125,0.0,0.125,0.0,0.0
t1_grzjsoy,0.0,1.0,0.0,0.0,0.2,0.2,0.0,0.0,0.0,0.0,0.0,0.2
t1_eg4y2ig,0.076,0.718,0.206,0.7332,0.15384615384615385,0.07692307692307693,0.15384615384615385,0.15384615384615385,0.07692307692307693,0.0,0.0,0.07692307692307693
t1_g3sq3yh,0.225,0.775,0.0,-0.8625,0.2222222222222222,0.1111111111111111,0.0,0.0,0.0,0.1111111111111111,0.0,0.2222222222222222
t1_k6w79lu,0.0,0.866,0.134,0.9507,0.0,0.0,0.14285714285714285,0.14285714285714285,0.07142857142857142,0.0,0.14285714285714285,0.0
t1_g6opqrt,0.089,0.848,0.062,-0.368,0.1111111111111111,0.1111111111111111,0.3333333333333333,0.0,0.0,0.1111111111111111,0.0,0.1111111111111111
t1_fo64zu2,0.0,0.652,0.348,0.9806,0.06666666666666667,0.13333333333333333,0.06666666666666667,0.13333333333333333,0.06666666666666667,0.13333333333333333,0.13333333333333333,0.0
t1_g3kn0vu,0.208,0.637,0.155,-0.6486,0.15789473684210525,0.10526315789473684,0.10526315789473684,0.05263157894736842,0.10526315789473684,0.10526315789473684,0.05263157894736842,0.05263157894736842
t1_hf33oy8,0.175,0.825,0.0,-0.6249,0.0,0.0,1.0,0.0,0.0,0.0,0.0,0.0
t1_i4q2v88,0.067,0.884,0.049,-0.1915,0.0,0.0,0.17647058823529413,0.17647058823529413,0.058823529411764705,0.058823529411764705,0.11764705882352941,0.0
t1_fggkf08,0.037,0.947,0.016,-0.2617,0.08333333333333333,0.08333333333333333,0.08333333333333333,0.08333333333333333,0.0,0.08333333333333333,0.08333333333333333,0.08333333333333333
t1_fajf7bn,0.0,0.849,0.151,0.6988,0.0,0.0,1.0,0.0,0.0,0.0,0.0,0.0
t1_cz5p2k5,0.068,0.913,0.019,-0.4997,0.0,0.09090909090909091,0.0,0.18181818181818182,0.0,0.09090909090909091,0.0,0.0
t1_fi8qz7n,0.068,0.672,0.26,0.9878,0.05555555555555555,0.1111111111111111,0.16666666666666666,0.1111111111111111,0.05555555555555555,0.1111111111111111,0.05555555555555555,0.05555555555555555
t1_fxtnk9m,0.059,0.807,0.134,0.8225,0.07692307692307693,0.0,0.0,0.38461538461538464,0.0,0.07692307692307693,0.07692307692307693,0.0
t1_jt0xbsl,0.162,0.71,0.128,-0.1779,0.14285714285714285,0.14285714285714285,0.07142857142857142,0.07142857142857142,0.0,0.07142857142857142,0.0,0.07142857142857142
t1_e0i1f3n,0.022,0.95,0.029,0.228,0.0,0.0,0.3333333333333333,0.2222222222222222,0.0,0.0,0.1111111111111111,0.0
t1_ftp4pwf,0.071,0.848,0.081,0.1504,0.16666666666666666,0.0,0.0,0.08333333333333333,0.08333333333333333,0.0,0.0,0.0
t1_gt7giae,0.085,0.889,0.026,-0.7184,0.0,0.0,0.16666666666666666,0.16666666666666666,0.0,0.0,0.16666666666666666,0.0
t1_emcerl8,0.226,0.701,0.073,-0.6901,0.0,0.0,0.0,0.25,0.0,0.0,0.0,0.0
t1_kf9jb3y,0.046,0.691,0.263,0.8555,0.1,0.1,0.1,0.1,0.0,0.1,0.2,0.0
t1_gd8csxv,0.19,0.766,0.044,-0.8221,0.10526315789473684,0.10526315789473684,0.15789473684210525,0.0,0.05263157894736842,0.15789473684210525,0.05263157894736842,0.05263157894736842
t1_hgnmf10,0.023,0.936,0.042,0.2023,0.0,0.0,0.25,0.0,0.0,0.125,0.0,0.125
t1_k7imr2k,0.078,0.903,0.019,-0.765,0.10714285714285714,0.10714285714285714,0.07142857142857142,0.17857142857142858,0.03571428571428571,0.07142857142857142,0.03571428571428571,0.0
t1_fprwbmo,0.037,0.906,0.057,0.3182,0.2,0.0,0.0,0.2,0.0,0.0,0.2,0.0
t1_imt5so7,0.0,0.932,0.068,0.5499,0.0,0.0,0.0,0.0,0.0,0.0,0.0,0.0
t1_hemfft1,0.177,0.823,0.0,-0.6992,0.0,0.0,0.0,0.3333333333333333,0.0,0.0,0.3333333333333333,0.0
t1_gxq6chn,0.0,0.831,0.169,0.7579,0.0,0.0,0.0,0.16666666666666666,0.0,0.0,0.0,0.0
t1_gte7ag3,0.0,0.913,0.087,0.802,0.04,0.0,0.16,0.32,0.04,0.0,0.04,0.0
t1_ecblbkx,0.104,0.813,0.084,-0.2263,0.2,0.2,0.2,0.0,0.0,0.0,0.0,0.2
t1_e8l4oh6,0.094,0.682,0.224,0.5499,0.1111111111111111,0.1111111111111111,0.1111111111111111,0.2222222222222222,0.0,0.0,0.0,0.1111111111111111
t1_jsq0rd8,0.068,0.857,0.075,-0.0772,0.16666666666666666,0.041666666666666664,0.0,0.08333333333333333,0.0,0.20833333333333334,0.041666666666666664,0.041666666666666664
t1_hmp43v2,0.103,0.817,0.08,-0.1654,0.26666666666666666,0.2,0.06666666666666667,0.06666666666666667,0.0,0.0,0.0,0.06666666666666667
t1_ds804f1,0.085,0.891,0.024,-0.5859,0.2857142857142857,0.0,0.2857142857142857,0.0,0.0,0.0,0.0,0.0
t1_hnmn7ce,0.036,0.908,0.057,0.3182,0.05263157894736842,0.05263157894736842,0.05263157894736842,0.10526315789473684,0.0,0.21052631578947367,0.05263157894736842,0.05263157894736842
t1_j4nv7rw,0.0,0.837,0.163,0.6652,0.0,0.0,0.0,0.0,0.0,0.0,0.0,0.0
t1_dxfd95y,0.107,0.863,0.03,-0.868,0.03571428571428571,0.07142857142857142,0.0,0.14285714285714285,0.07142857142857142,0.14285714285714285,0.0,0.0
t1_ds6qrty,0.073,0.842,0.085,-0.0,0.11764705882352941,0.058823529411764705,0.11764705882352941,0.23529411764705882,0.058823529411764705,0.0,0.058823529411764705,0.0
t1_jgcaxki,0.178,0.66,0.162,-0.3058,0.1875,0.125,0.125,0.125,0.0,0.0,0.0625,0.0
t1_gm0aow5,0.117,0.706,0.177,0.802,0.1875,0.125,0.0625,0.0625,0.03125,0.125,0.0,0.09375
t1_f82g0y5,0.159,0.725,0.116,-0.6114,0.0,0.1111111111111111,0.2222222222222222,0.0,0.0,0.0,0.1111111111111111,0.0
t1_hks81hn,0.091,0.835,0.073,-0.1779,0.0,0.0,0.0,0.0,0.0,0.0,0.0,0.0
t1_g45ol7o,0.133,0.757,0.11,-0.6187,0.13513513513513514,0.02702702702702703,0.10810810810810811,0.02702702702702703,0.05405405405405406,0.16216216216216217,0.13513513513513514,0.02702702702702703
t1_he8el7w,0.0,1.0,0.0,0.0,0.0,0.0,0.0,0.5,0.0,0.0,0.0,0.0
t1_gncdmbt,0.046,0.822,0.131,0.9379,0.08571428571428572,0.08571428571428572,0.08571428571428572,0.14285714285714285,0.05714285714285714,0.02857142857142857,0.11428571428571428,0.02857142857142857
t1_kei0r8d,0.046,0.921,0.033,-0.1531,0.1111111111111111,0.1111111111111111,0.1111111111111111,0.1111111111111111,0.1111111111111111,0.1111111111111111,0.1111111111111111,0.0
t1_f1i278c,0.067,0.785,0.148,0.7906,0.075,0.075,0.075,0.25,0.0,0.05,0.1,0.025
t1_gsbfmpv,0.0,0.935,0.065,0.2023,0.08333333333333333,0.0,0.08333333333333333,0.3333333333333333,0.0,0.0,0.0,0.0
t1_jlligan,0.0,0.872,0.128,0.765,0.13333333333333333,0.0,0.13333333333333333,0.06666666666666667,0.06666666666666667,0.06666666666666667,0.0,0.06666666666666667
t1_jsulv17,0.101,0.714,0.185,0.8779,0.08333333333333333,0.1111111111111111,0.1388888888888889,0.1111111111111111,0.027777777777777776,0.05555555555555555,0.05555555555555555,0.1111111111111111
t1_kel3t9x,0.0,1.0,0.0,0.0,0.0,0.0,0.0,1.0,0.0,0.0,0.0,0.0
t1_e828gs8,0.041,0.959,0.0,-0.296,0.0,0.0,0.8,0.0,0.0,0.0,0.0,0.0
t1_fo0a1ca,0.093,0.709,0.199,0.7808,0.125,0.1875,0.0625,0.1875,0.125,0.0,0.0625,0.0
t1_fcqqn7h,0.0,0.932,0.068,0.4606,0.0,0.25,0.25,0.0,0.0,0.0,0.0,0.0
t1_g6gskob,0.145,0.67,0.185,0.4883,0.08695652173913043,0.043478260869565216,0.13043478260869565,0.17391304347826086,0.043478260869565216,0.08695652173913043,0.08695652173913043,0.043478260869565216
t1_fomlxd6,0.115,0.766,0.119,0.1027,0.25,0.0,0.0,0.25,0.0,0.08333333333333333,0.0,0.0
t1_e1dge6d,0.0,0.949,0.051,0.3612,0.125,0.125,0.125,0.25,0.0,0.0,0.0,0.0
t1_g3ylbke,0.0,1.0,0.0,0.0,0.0,0.0,0.3333333333333333,0.3333333333333333,0.0,0.0,0.0,0.0
t1_exqcdsk,0.029,0.96,0.011,-0.4939,0.0,0.0,0.0,0.0,0.0,0.0,0.2,0.0
t1_fpr1afc,0.0,0.65,0.35,0.8834,0.06666666666666667,0.0,0.13333333333333333,0.3333333333333333,0.0,0.0,0.06666666666666667,0.0
t1_gyh3fay,0.137,0.863,0.0,-0.8689,0.11764705882352941,0.11764705882352941,0.058823529411764705,0.0,0.0,0.17647058823529413,0.0,0.11764705882352941
t1_hyo8vb8,0.049,0.905,0.045,-0.0516,0.0,0.0,0.16666666666666666,0.08333333333333333,0.08333333333333333,0.0,0.08333333333333333,0.08333333333333333
t1_fo1y7yd,0.0,0.885,0.115,0.6808,0.14285714285714285,0.07142857142857142,0.0,0.14285714285714285,0.0,0.07142857142857142,0.07142857142857142,0.0
t1_e44cj3r,0.048,0.847,0.105,0.5574,0.11764705882352941,0.0784313725490196,0.058823529411764705,0.13725490196078433,0.0196078431372549,0.0784313725490196,0.09803921568627451,0.058823529411764705
t1_gz178t5,0.073,0.79,0.138,0.8326,0.034482758620689655,0.06896551724137931,0.06896551724137931,0.27586206896551724,0.034482758620689655,0.034482758620689655,0.0,0.06896551724137931
t1_h02yqjb,0.035,0.871,0.094,0.8478,0.0,0.0,0.23076923076923078,0.3076923076923077,0.15384615384615385,0.0,0.0,0.0
t1_dvqpv8w,0.042,0.911,0.047,0.0772,0.125,0.125,0.1875,0.0625,0.0625,0.0,0.0625,0.0
t1_g7igje2,0.138,0.758,0.104,-0.5267,0.21428571428571427,0.14285714285714285,0.14285714285714285,0.07142857142857142,0.07142857142857142,0.0,0.07142857142857142,0.0
t1_gxidh0i,0.049,0.812,0.139,0.6249,0.0,0.0,0.1111111111111111,0.1111111111111111,0.0,0.0,0.1111111111111111,0.0
t1_f32c3rv,0.162,0.765,0.074,-0.7184,0.2727272727272727,0.0,0.18181818181818182,0.09090909090909091,0.0,0.18181818181818182,0.0,0.0
t1_kaab6tv,0.149,0.754,0.097,-0.5994,0.125,0.0,0.125,0.25,0.0,0.125,0.0,0.0
t1_ghav9cv,0.122,0.878,0.0,-0.6486,0.09090909090909091,0.18181818181818182,0.0,0.0,0.0,0.18181818181818182,0.0,0.18181818181818182
t1_jg7d3o4,0.124,0.822,0.054,-0.7351,0.0,0.0,0.1,0.3,0.0,0.1,0.0,0.0
t1_j3e006h,0.084,0.684,0.232,0.8481,0.07692307692307693,0.15384615384615385,0.11538461538461539,0.11538461538461539,0.038461538461538464,0.038461538461538464,0.07692307692307693,0.0
t1_jmloy9v,0.149,0.834,0.016,-0.873,0.0,0.16666666666666666,0.0,0.0,0.0,0.3333333333333333,0.0,0.0
t1_fgmtqhl,0.0,0.947,0.053,0.2023,0.16666666666666666,0.0,0.08333333333333333,0.08333333333333333,0.16666666666666666,0.0,0.0,0.16666666666666666
t1_k055t3y,0.117,0.784,0.099,-0.6705,0.11363636363636363,0.1590909090909091,0.06818181818181818,0.09090909090909091,0.06818181818181818,0.09090909090909091,0.06818181818181818,0.045454545454545456
t1_el727kd,0.109,0.744,0.147,0.4893,0.0,0.07692307692307693,0.15384615384615385,0.15384615384615385,0.0,0.0,0.07692307692307693,0.0
t1_e7nmyya,0.0,0.896,0.104,0.5975,0.3,0.0,0.1,0.1,0.0,0.1,0.0,0.0
t1_irzrfko,0.0,0.878,0.122,0.7003,0.0,0.0,0.0,0.3333333333333333,0.0,0.0,0.0,0.0
t1_hnel8u8,0.077,0.923,0.0,-0.5267,0.14285714285714285,0.0,0.0,0.2857142857142857,0.0,0.14285714285714285,0.14285714285714285,0.14285714285714285
t1_go1g852,0.072,0.9,0.028,-0.5719,0.2,0.1,0.05,0.05,0.05,0.15,0.0,0.05
t1_j75coaw,0.053,0.947,0.0,-0.3612,0.5,0.0,0.0,0.0,0.0,0.0,0.0,0.0
t1_dw2lyid,0.23,0.711,0.059,-0.9783,0.18518518518518517,0.18518518518518517,0.07407407407407407,0.037037037037037035,0.037037037037037035,0.07407407407407407,0.0,0.07407407407407407
t1_dfm2agq,0.226,0.715,0.059,-0.952,0.09090909090909091,0.13636363636363635,0.09090909090909091,0.09090909090909091,0.09090909090909091,0.045454545454545456,0.045454545454545456,0.09090909090909091
t1_d560jmc,0.025,0.951,0.024,-0.0258,0.14285714285714285,0.07142857142857142,0.14285714285714285,0.07142857142857142,0.0,0.14285714285714285,0.07142857142857142,0.0
t1_gh7c2g8,0.0,0.932,0.068,0.6124,0.058823529411764705,0.0,0.17647058823529413,0.17647058823529413,0.0,0.0,0.058823529411764705,0.0
t1_ilqjl58,0.0,0.917,0.083,0.7267,0.07142857142857142,0.0,0.14285714285714285,0.35714285714285715,0.07142857142857142,0.0,0.07142857142857142,0.0
t1_go71git,0.0,1.0,0.0,0.0,0.0,0.0,0.25,0.25,0.0,0.0,0.25,0.0
t1_ebi747y,0.0,0.817,0.183,0.7506,0.0,0.0,0.2,0.2,0.06666666666666667,0.0,0.13333333333333333,0.0
t1_hf5seci,0.275,0.68,0.045,-0.9314,0.25,0.16666666666666666,0.08333333333333333,0.0,0.0,0.0,0.0,0.08333333333333333
t1_g0k0h04,0.224,0.74,0.036,-0.9359,0.06666666666666667,0.13333333333333333,0.0,0.13333333333333333,0.0,0.06666666666666667,0.06666666666666667,0.13333333333333333
t1_e0mo1dn,0.092,0.841,0.067,-0.3074,0.2,0.2,0.0,0.1,0.0,0.1,0.0,0.1
t1_ekkucm0,0.0,1.0,0.0,0.0,0.0,0.2,0.2,0.2,0.0,0.0,0.0,0.0
t1_foc7ppu,0.137,0.815,0.048,-0.9186,0.14285714285714285,0.07142857142857142,0.14285714285714285,0.0,0.07142857142857142,0.07142857142857142,0.0,0.07142857142857142
t1_gztgvur,0.107,0.6,0.292,0.9052,0.05,0.05,0.1,0.2,0.0,0.05,0.15,0.05
t1_fpd6k6p,0.061,0.939,0.0,-0.2411,0.0,0.0,0.2857142857142857,0.2857142857142857,0.0,0.0,0.0,0.0
t1_hm8y2ci,0.0,0.865,0.135,0.7906,0.0,0.0,0.16666666666666666,0.16666666666666666,0.0,0.08333333333333333,0.08333333333333333,0.0
t1_kaw3zj9,0.039,0.873,0.088,0.6579,0.0,0.05263157894736842,0.15789473684210525,0.15789473684210525,0.05263157894736842,0.05263157894736842,0.05263157894736842,0.0
t1_hd23p3d,0.0,0.855,0.145,0.743,0.14285714285714285,0.07142857142857142,0.07142857142857142,0.07142857142857142,0.07142857142857142,0.07142857142857142,0.07142857142857142,0.07142857142857142
t1_e0ujkq7,0.221,0.727,0.052,-0.7783,0.18181818181818182,0.18181818181818182,0.09090909090909091,0.0,0.09090909090909091,0.18181818181818182,0.0,0.09090909090909091
t1_ihnc5s6,0.157,0.72,0.123,-0.6597,0.2,0.13333333333333333,0.0,0.0,0.06666666666666667,0.2,0.0,0.13333333333333333
t1_k6uf9yu,0.044,0.62,0.336,0.9559,0.05555555555555555,0.05555555555555555,0.05555555555555555,0.1111111111111111,0.0,0.05555555555555555,0.05555555555555555,0.05555555555555555
t1_es98dxq,0.015,0.874,0.11,0.821,0.16666666666666666,0.0,0.0,0.16666666666666666,0.0,0.0,0.16666666666666666,0.0
t1_f0n326t,0.088,0.885,0.027,-0.8555,0.16,0.0,0.04,0.12,0.04,0.08,0.04,0.0
t1_g36n90z,0.217,0.783,0.0,-0.802,0.16666666666666666,0.16666666666666666,0.0,0.0,0.16666666666666666,0.16666666666666666,0.0,0.16666666666666666
t1_gkticp9,0.037,0.896,0.066,0.5574,0.07692307692307693,0.0,0.07692307692307693,0.2692307692307692,0.038461538461538464,0.0,0.07692307692307693,0.038461538461538464
t1_kd3281t,0.014,0.91,0.076,0.8851,0.041666666666666664,0.0,0.08333333333333333,0.2916666666666667,0.041666666666666664,0.041666666666666664,0.08333333333333333,0.0
t1_kejj60o,0.115,0.766,0.12,0.3845,0.07692307692307693,0.02564102564102564,0.1282051282051282,0.15384615384615385,0.07692307692307693,0.05128205128205128,0.10256410256410256,0.07692307692307693
t1_g18bny8,0.0,0.802,0.198,0.7096,0.0,0.0,1.0,0.0,0.0,0.0,0.0,0.0
t1_jfyjapq,0.104,0.867,0.029,-0.4404,0.058823529411764705,0.058823529411764705,0.11764705882352941,0.058823529411764705,0.058823529411764705,0.11764705882352941,0.058823529411764705,0.058823529411764705
t1_hsxp5n6,0.015,0.921,0.064,0.6908,0.0,0.0,0.19047619047619047,0.14285714285714285,0.047619047619047616,0.0,0.14285714285714285,0.047619047619047616
t1_flcsmg9,0.033,0.804,0.163,0.8553,0.0625,0.0625,0.125,0.0625,0.0625,0.0625,0.0625,0.0
t1_fyc2m0k,0.0,0.784,0.216,0.8591,0.16666666666666666,0.16666666666666666,0.0,0.16666666666666666,0.0,0.0,0.0,0.0
t1_istc1q7,0.254,0.746,0.0,-0.8709,0.1111111111111111,0.3333333333333333,0.0,0.0,0.0,0.1111111111111111,0.0,0.1111111111111111
t1_ejzgyrf,0.054,0.761,0.186,0.9318,0.0,0.0,0.2,0.3,0.0,0.0,0.1,0.0
t1_geneqwv,0.069,0.931,0.0,-0.4939,0.2,0.0,0.0,0.2,0.0,0.2,0.0,0.0
t1_dvsuxk3,0.033,0.907,0.059,0.6143,0.0,0.0,0.125,0.25,0.08333333333333333,0.08333333333333333,0.041666666666666664,0.041666666666666664
t1_et65xip,0.0,0.959,0.041,0.5267,0.0,0.0,0.0,0.0,0.0,0.0,0.0,0.0
t1_evuz5ri,0.102,0.762,0.136,0.1759,0.0,0.0,0.15384615384615385,0.23076923076923078,0.07692307692307693,0.0,0.07692307692307693,0.07692307692307693
t1_ecxyg04,0.101,0.808,0.091,-0.293,0.2,0.0,0.0,0.0,0.0,0.2,0.0,0.0
t1_gc3hq51,0.096,0.872,0.032,-0.7351,0.07692307692307693,0.07692307692307693,0.23076923076923078,0.23076923076923078,0.0,0.07692307692307693,0.0,0.0
t1_kde9e1k,0.05,0.905,0.045,0.1798,0.3333333333333333,0.0,0.1111111111111111,0.0,0.0,0.0,0.0,0.0
t1_gujxex1,0.027,0.762,0.211,0.9705,0.07142857142857142,0.047619047619047616,0.19047619047619047,0.11904761904761904,0.047619047619047616,0.023809523809523808,0.07142857142857142,0.0
t1_dvghb5p,0.0,1.0,0.0,0.0,0.0,0.14285714285714285,0.0,0.2857142857142857,0.0,0.0,0.0,0.14285714285714285
t1_cl7ew45,0.036,0.794,0.169,0.8718,0.07692307692307693,0.0,0.23076923076923078,0.07692307692307693,0.07692307692307693,0.0,0.07692307692307693,0.0
t1_fog84ez,0.111,0.849,0.039,-0.8476,0.25,0.0,0.0,0.0,0.0,0.25,0.0,0.0
t1_jml4kdk,0.086,0.894,0.02,-0.5411,0.0,0.0,0.5,0.0,0.0,0.0,0.0,0.0
t1_gncjyqa,0.054,0.803,0.143,0.8286,0.13636363636363635,0.09090909090909091,0.045454545454545456,0.2727272727272727,0.0,0.09090909090909091,0.045454545454545456,0.045454545454545456
t1_fxubwiu,0.099,0.766,0.135,0.5857,0.0,0.1111111111111111,0.1111111111111111,0.0,0.1111111111111111,0.1111111111111111,0.0,0.0
t1_gtdk2uk,0.148,0.76,0.092,-0.9048,0.1774193548387097,0.12903225806451613,0.016129032258064516,0.0967741935483871,0.016129032258064516,0.11290322580645161,0.04838709677419355,0.0967741935483871
t1_ez8owhh,0.141,0.751,0.108,-0.4738,0.3076923076923077,0.15384615384615385,0.07692307692307693,0.0,0.0,0.15384615384615385,0.0,0.038461538461538464
t1_hxp8ebt,0.081,0.767,0.152,0.7775,0.07142857142857142,0.07142857142857142,0.07142857142857142,0.14285714285714285,0.0,0.0,0.0,0.0
t1_iui1vok,0.084,0.87,0.046,-0.3626,0.0,0.0,0.2222222222222222,0.1111111111111111,0.0,0.1111111111111111,0.1111111111111111,0.0
t1_eqh38rn,0.04,0.96,0.0,-0.5866,0.16,0.04,0.04,0.16,0.08,0.04,0.08,0.12
t1_igi2k4x,0.0,0.861,0.139,0.8537,0.07142857142857142,0.07142857142857142,0.21428571428571427,0.2857142857142857,0.0,0.0,0.07142857142857142,0.0
t1_i874xl5,0.072,0.811,0.118,0.54,0.0625,0.0,0.0625,0.3125,0.0,0.0,0.1875,0.0
t1_eb37rl3,0.124,0.825,0.051,-0.4019,0.18181818181818182,0.0,0.0,0.09090909090909091,0.0,0.0,0.0,0.09090909090909091
t1_ia265k0,0.148,0.753,0.099,-0.8895,0.23333333333333334,0.15,0.0,0.15,0.0,0.03333333333333333,0.0,0.03333333333333333
t1_j8ig4z9,0.184,0.644,0.172,-0.2092,0.125,0.125,0.041666666666666664,0.08333333333333333,0.041666666666666664,0.125,0.041666666666666664,0.08333333333333333
t1_jcut5y8,0.0,0.959,0.041,0.6597,0.0,0.09090909090909091,0.18181818181818182,0.0,0.0,0.0,0.09090909090909091,0.09090909090909091
t1_gm3ly35,0.0,0.725,0.275,0.8176,0.0,0.0,0.0,0.0,0.0,0.0,0.0,0.0
t1_etxu3kc,0.0,1.0,0.0,0.0,0.125,0.0,0.0,0.375,0.0,0.0,0.0,0.0
t1_jvh571m,0.407,0.593,0.0,-0.9477,0.08333333333333333,0.08333333333333333,0.0,0.0,0.0,0.3333333333333333,0.0,0.08333333333333333
t1_gk327dk,0.013,0.975,0.012,-0.0387,0.07692307692307693,0.07692307692307693,0.07692307692307693,0.07692307692307693,0.07692307692307693,0.07692307692307693,0.0,0.15384615384615385
t1_hi5t85f,0.08,0.848,0.072,-0.1154,0.1111111111111111,0.1111111111111111,0.2222222222222222,0.0,0.1111111111111111,0.0,0.0,0.1111111111111111
t1_kctgi9r,0.029,0.821,0.151,0.8934,0.0,0.1111111111111111,0.0,0.2222222222222222,0.0,0.0,0.0,0.0
t1_hlpywha,0.031,0.904,0.066,0.4404,0.03225806451612903,0.03225806451612903,0.12903225806451613,0.1935483870967742,0.03225806451612903,0.06451612903225806,0.16129032258064516,0.0
t1_e8tohxa,0.0,1.0,0.0,0.0,0.3333333333333333,0.0,0.3333333333333333,0.0,0.0,0.0,0.0,0.0
t1_ec4vwzg,0.0,1.0,0.0,0.0,0.0,0.2,0.2,0.2,0.0,0.0,0.0,0.0
t1_jmiye7s,0.039,0.775,0.185,0.9761,0.10638297872340426,0.0,0.06382978723404255,0.2765957446808511,0.02127659574468085,0.0,0.1276595744680851,0.0
t1_gkqa4yf,0.041,0.922,0.037,-0.3612,0.1,0.0,0.1,0.4,0.2,0.0,0.0,0.1
t1_c911sly,0.099,0.786,0.115,-0.1083,0.08333333333333333,0.08333333333333333,0.16666666666666666,0.08333333333333333,0.08333333333333333,0.08333333333333333,0.08333333333333333,0.08333333333333333
t1_gngvhgm,0.057,0.846,0.097,0.4767,0.1111111111111111,0.1111111111111111,0.1111111111111111,0.1111111111111111,0.0,0.1111111111111111,0.0,0.0
t1_gzlpldq,0.0,0.905,0.095,0.5574,0.0,0.0,0.09090909090909091,0.18181818181818182,0.0,0.09090909090909091,0.18181818181818182,0.0
t1_dz342q6,0.04,0.913,0.046,0.1027,0.07407407407407407,0.07407407407407407,0.14814814814814814,0.1111111111111111,0.07407407407407407,0.037037037037037035,0.1111111111111111,0.037037037037037035
t1_jo70t7i,0.128,0.781,0.09,0.1143,0.11538461538461539,0.038461538461538464,0.19230769230769232,0.11538461538461539,0.0,0.038461538461538464,0.19230769230769232,0.038461538461538464
t1_e42kyg1,0.038,0.824,0.139,0.8095,0.125,0.125,0.25,0.125,0.0,0.0,0.0,0.0
t1_ftbgw5p,0.111,0.815,0.074,-0.1253,0.26666666666666666,0.2,0.06666666666666667,0.06666666666666667,0.0,0.06666666666666667,0.0,0.0
t1_gu8es2n,0.0,1.0,0.0,0.0,0.14285714285714285,0.0,0.0,0.14285714285714285,0.0,0.14285714285714285,0.0,0.0
t1_gr8vb8v,0.08,0.682,0.238,0.9109,0.10416666666666667,0.08333333333333333,0.08333333333333333,0.10416666666666667,0.0,0.10416666666666667,0.08333333333333333,0.0625
t1_fdp1fg9,0.069,0.752,0.179,0.7506,0.0,0.0,0.125,0.375,0.125,0.0,0.125,0.0
t1_hfvi2x4,0.14,0.825,0.035,-0.9118,0.02564102564102564,0.05128205128205128,0.05128205128205128,0.07692307692307693,0.0,0.20512820512820512,0.0,0.10256410256410256
t1_fcwp2kr,0.0,1.0,0.0,0.0,0.25,0.0,0.0,0.0,0.25,0.0,0.0,0.0
t1_gxq6dva,0.0,0.831,0.169,0.7579,0.0,0.0,0.0,0.16666666666666666,0.0,0.0,0.0,0.0
t1_dxfjicg,0.192,0.631,0.177,-0.3027,0.06666666666666667,0.06666666666666667,0.13333333333333333,0.13333333333333333,0.06666666666666667,0.06666666666666667,0.06666666666666667,0.06666666666666667
t1_k83jz0w,0.103,0.696,0.202,0.6901,0.2222222222222222,0.0,0.0,0.2222222222222222,0.1111111111111111,0.1111111111111111,0.1111111111111111,0.0
t1_hpy4mjn,0.206,0.641,0.153,-0.4019,0.0,0.0,0.0,0.16666666666666666,0.0,0.16666666666666666,0.0,0.16666666666666666
t1_e8huxtg,0.031,0.916,0.053,0.1027,0.14285714285714285,0.0,0.14285714285714285,0.2857142857142857,0.07142857142857142,0.07142857142857142,0.14285714285714285,0.0
t1_d1kbwwo,0.086,0.789,0.126,0.4033,0.13043478260869565,0.043478260869565216,0.13043478260869565,0.043478260869565216,0.043478260869565216,0.08695652173913043,0.043478260869565216,0.043478260869565216
t1_e9r3b0x,0.169,0.831,0.0,-0.8316,0.14285714285714285,0.14285714285714285,0.0,0.0,0.0,0.07142857142857142,0.07142857142857142,0.07142857142857142
t1_dxo2csn,0.021,0.779,0.2,0.9531,0.13636363636363635,0.0,0.09090909090909091,0.13636363636363635,0.09090909090909091,0.0,0.18181818181818182,0.0
t1_gt3st0c,0.02,0.923,0.057,0.6486,0.0,0.034482758620689655,0.10344827586206896,0.06896551724137931,0.06896551724137931,0.10344827586206896,0.06896551724137931,0.034482758620689655
t1_hv58nwq,0.054,0.88,0.066,0.0772,0.045454545454545456,0.09090909090909091,0.09090909090909091,0.2727272727272727,0.045454545454545456,0.0,0.0,0.09090909090909091
t1_fvqt3m8,0.0,0.902,0.098,0.3612,0.0,0.0,0.5,0.0,0.0,0.0,0.0,0.0
t1_gx5f9fx,0.111,0.729,0.16,0.6974,0.05555555555555555,0.05555555555555555,0.16666666666666666,0.1111111111111111,0.05555555555555555,0.05555555555555555,0.05555555555555555,0.0
t1_ga1ufgm,0.0,1.0,0.0,0.0,0.0,0.0,0.25,0.0,0.25,0.0,0.0,0.0
t1_gt3fp2x,0.177,0.736,0.088,-0.743,0.16666666666666666,0.1111111111111111,0.1111111111111111,0.16666666666666666,0.0,0.05555555555555555,0.05555555555555555,0.0
t1_g7grva3,0.186,0.703,0.112,-0.9313,0.1864406779661017,0.05084745762711865,0.06779661016949153,0.1694915254237288,0.03389830508474576,0.01694915254237288,0.1016949152542373,0.05084745762711865
t1_ix8gc7d,0.141,0.801,0.058,-0.8807,0.16,0.12,0.08,0.08,0.04,0.12,0.08,0.0
t1_dzynu5k,0.216,0.712,0.072,-0.8519,0.14705882352941177,0.14705882352941177,0.11764705882352941,0.14705882352941177,0.0,0.029411764705882353,0.0,0.029411764705882353
t1_gte7ag3,0.0,0.913,0.087,0.802,0.04,0.0,0.16,0.32,0.04,0.0,0.04,0.0
t1_honhz2u,0.0,0.83,0.17,0.9758,0.043478260869565216,0.043478260869565216,0.17391304347826086,0.17391304347826086,0.0,0.0,0.043478260869565216,0.043478260869565216
t1_gz175i9,0.073,0.79,0.138,0.8326,0.034482758620689655,0.06896551724137931,0.06896551724137931,0.27586206896551724,0.034482758620689655,0.034482758620689655,0.0,0.06896551724137931
t1_gfnj6eo,0.117,0.744,0.139,0.1128,0.125,0.0,0.0,0.25,0.0,0.0,0.125,0.0
t1_hd23mx8,0.0,0.855,0.145,0.743,0.14285714285714285,0.07142857142857142,0.07142857142857142,0.07142857142857142,0.07142857142857142,0.07142857142857142,0.07142857142857142,0.07142857142857142
t1_he89xx9,0.02,0.923,0.057,0.5514,0.0,0.058823529411764705,0.058823529411764705,0.23529411764705882,0.0,0.058823529411764705,0.0,0.0
t1_hf5sueg,0.275,0.68,0.045,-0.9314,0.25,0.16666666666666666,0.08333333333333333,0.0,0.0,0.0,0.0,0.08333333333333333
t1_gb9i1ne,0.033,0.778,0.19,0.8271,0.0,0.0,0.0,0.0,0.0,0.0,0.0,0.0
t1_esafso6,0.049,0.83,0.121,0.8115,0.1,0.1,0.15,0.1,0.05,0.0,0.05,0.05
t1_ev4q5wf,0.055,0.878,0.067,-0.0665,0.16666666666666666,0.16666666666666666,0.05555555555555555,0.05555555555555555,0.0,0.05555555555555555,0.0,0.1111111111111111
t1_h4lvv8q,0.0,0.951,0.049,0.2732,0.0,0.0,0.3333333333333333,0.3333333333333333,0.0,0.0,0.0,0.0
t1_i1sa26m,0.089,0.799,0.112,0.2732,0.0,0.0,0.0,0.0,0.0,0.0,0.0,0.0
t1_kcobm84,0.024,0.788,0.188,0.9501,0.03225806451612903,0.0,0.16129032258064516,0.16129032258064516,0.03225806451612903,0.03225806451612903,0.1935483870967742,0.0
t1_gxebg2f,0.076,0.768,0.156,0.5859,0.0,0.0,0.11764705882352941,0.29411764705882354,0.058823529411764705,0.0,0.11764705882352941,0.0
t1_gt2u7an,0.0,0.889,0.111,0.9165,0.23529411764705882,0.0,0.23529411764705882,0.29411764705882354,0.0,0.0,0.0,0.0
t1_ekj0eeq,0.0,0.958,0.042,0.3818,0.16,0.04,0.16,0.12,0.04,0.08,0.0,0.04
t1_f84e0v4,0.054,0.766,0.179,0.6908,0.0,0.0,0.0,0.1111111111111111,0.0,0.1111111111111111,0.0,0.1111111111111111
t1_gxidb3i,0.049,0.812,0.139,0.6249,0.0,0.0,0.1111111111111111,0.1111111111111111,0.0,0.0,0.1111111111111111,0.0
t1_iuqzsip,0.021,0.979,0.0,-0.3182,0.10526315789473684,0.0,0.10526315789473684,0.10526315789473684,0.05263157894736842,0.05263157894736842,0.0,0.10526315789473684
t1_kbl8inp,0.0,0.957,0.043,0.6478,0.0,0.0,0.14285714285714285,0.23809523809523808,0.09523809523809523,0.0,0.09523809523809523,0.0
t1_fd6xmaj,0.0,0.924,0.076,0.4497,0.1111111111111111,0.1111111111111111,0.0,0.0,0.1111111111111111,0.1111111111111111,0.0,0.0
t1_hgnse9p,0.023,0.936,0.042,0.2023,0.0,0.0,0.25,0.0,0.0,0.125,0.0,0.125
t1_gz13izl,0.0,1.0,0.0,0.0,0.0,0.0,0.0,0.125,0.0,0.0,0.0,0.0
t1_es98dxq,0.015,0.874,0.11,0.821,0.16666666666666666,0.0,0.0,0.16666666666666666,0.0,0.0,0.16666666666666666,0.0
t1_eox4r66,0.234,0.725,0.041,-0.9349,0.16666666666666666,0.3333333333333333,0.0,0.08333333333333333,0.0,0.0,0.0,0.08333333333333333
t1_ekzqfw6,0.116,0.842,0.042,-0.8143,0.2727272727272727,0.13636363636363635,0.0,0.09090909090909091,0.045454545454545456,0.045454545454545456,0.0,0.045454545454545456
t1_go1vbvi,0.0,0.762,0.238,0.9483,0.0,0.0,0.07692307692307693,0.23076923076923078,0.07692307692307693,0.07692307692307693,0.15384615384615385,0.07692307692307693
t1_hxhlmjg,0.186,0.681,0.134,-0.25,0.09523809523809523,0.047619047619047616,0.047619047619047616,0.09523809523809523,0.047619047619047616,0.09523809523809523,0.09523809523809523,0.0
t1_g6btkwg,0.0,0.945,0.055,0.6705,0.0,0.0,0.2222222222222222,0.16666666666666666,0.0,0.05555555555555555,0.05555555555555555,0.0
t1_h9yc1r9,0.197,0.649,0.154,-0.2023,0.07692307692307693,0.15384615384615385,0.07692307692307693,0.15384615384615385,0.0,0.07692307692307693,0.07692307692307693,0.0
t1_hg0l9a8,0.0,0.777,0.223,0.8807,0.0,0.0,0.16666666666666666,0.3333333333333333,0.0,0.0,0.0,0.0
t1_crsecuj,0.189,0.713,0.098,-0.9731,0.1794871794871795,0.1282051282051282,0.05128205128205128,0.05128205128205128,0.02564102564102564,0.15384615384615385,0.02564102564102564,0.10256410256410256
t1_dso1u85,0.068,0.845,0.087,0.128,0.0,0.0,0.11764705882352941,0.35294117647058826,0.0,0.0,0.11764705882352941,0.0
t1_hi4d9j4,0.069,0.735,0.197,0.6597,0.0,0.16666666666666666,0.16666666666666666,0.0,0.0,0.16666666666666666,0.16666666666666666,0.0
t1_gqor6z4,0.105,0.769,0.126,0.2732,0.10526315789473684,0.05263157894736842,0.10526315789473684,0.0,0.05263157894736842,0.05263157894736842,0.0,0.05263157894736842
t1_k1jjkb4,0.106,0.894,0.0,-0.91,0.17391304347826086,0.043478260869565216,0.08695652173913043,0.21739130434782608,0.0,0.043478260869565216,0.0,0.043478260869565216
t1_efm5der,0.042,0.823,0.136,0.9001,0.08823529411764706,0.0,0.11764705882352941,0.23529411764705882,0.058823529411764705,0.0,0.11764705882352941,0.0
t1_gt65znd,0.064,0.846,0.09,0.3818,0.11428571428571428,0.05714285714285714,0.05714285714285714,0.11428571428571428,0.02857142857142857,0.08571428571428572,0.02857142857142857,0.05714285714285714
t1_jil156a,0.11,0.848,0.041,-0.8427,0.12903225806451613,0.03225806451612903,0.0967741935483871,0.1935483870967742,0.06451612903225806,0.06451612903225806,0.06451612903225806,0.0
t1_g1ir19n,0.032,0.867,0.101,0.8723,0.0,0.08333333333333333,0.08333333333333333,0.08333333333333333,0.0,0.0,0.08333333333333333,0.0
t1_gnpwbhb,0.19,0.758,0.052,-0.7845,0.0625,0.1875,0.0625,0.0625,0.0,0.125,0.0625,0.0625
t1_gjus4uo,0.075,0.925,0.0,-0.6124,0.16666666666666666,0.08333333333333333,0.08333333333333333,0.16666666666666666,0.0,0.0,0.0,0.0
t1_i1n1hm4,0.19,0.766,0.044,-0.7906,0.0,0.16666666666666666,0.3333333333333333,0.0,0.0,0.16666666666666666,0.0,0.0
t1_dzdacuz,0.188,0.671,0.141,-0.8372,0.13333333333333333,0.1,0.06666666666666667,0.03333333333333333,0.03333333333333333,0.16666666666666666,0.06666666666666667,0.1
t1_ik5m9qx,0.211,0.728,0.061,-0.9723,0.12,0.04,0.12,0.12,0.04,0.04,0.04,0.0
t1_gbukho5,0.148,0.773,0.079,-0.7963,0.14705882352941177,0.029411764705882353,0.058823529411764705,0.08823529411764706,0.058823529411764705,0.20588235294117646,0.029411764705882353,0.0
t1_hebj7rz,0.094,0.761,0.145,0.6164,0.125,0.0625,0.1875,0.1875,0.0,0.0,0.0625,0.0
t1_j9hbvvr,0.125,0.835,0.04,-0.7264,0.047619047619047616,0.09523809523809523,0.047619047619047616,0.14285714285714285,0.047619047619047616,0.0,0.047619047619047616,0.09523809523809523
t1_eac1hkd,0.139,0.74,0.12,-0.3246,0.16666666666666666,0.08333333333333333,0.08333333333333333,0.08333333333333333,0.0,0.08333333333333333,0.08333333333333333,0.08333333333333333
t1_jfyjgye,0.104,0.867,0.029,-0.4404,0.058823529411764705,0.058823529411764705,0.11764705882352941,0.058823529411764705,0.058823529411764705,0.11764705882352941,0.058823529411764705,0.058823529411764705
t1_gvtptr5,0.066,0.808,0.126,0.7013,0.0,0.0,0.0,0.14285714285714285,0.0,0.0,0.14285714285714285,0.0
t1_f1hmhs0,0.145,0.744,0.111,-0.5574,0.037037037037037035,0.037037037037037035,0.1111111111111111,0.14814814814814814,0.037037037037037035,0.07407407407407407,0.18518518518518517,0.037037037037037035
t1_eyir0oi,0.15,0.727,0.123,-0.4826,0.058823529411764705,0.11764705882352941,0.058823529411764705,0.17647058823529413,0.058823529411764705,0.0,0.058823529411764705,0.0
t1_gscbh2b,0.0,0.87,0.13,0.8519,0.1111111111111111,0.05555555555555555,0.05555555555555555,0.16666666666666666,0.0,0.0,0.0,0.0
t1_i874xl5,0.072,0.811,0.118,0.54,0.0625,0.0,0.0625,0.3125,0.0,0.0,0.1875,0.0
t1_e7mq9to,0.156,0.816,0.028,-0.7998,0.18181818181818182,0.09090909090909091,0.09090909090909091,0.09090909090909091,0.0,0.09090909090909091,0.0,0.09090909090909091
t1_dw374sc,0.112,0.848,0.04,-0.9211,0.03225806451612903,0.03225806451612903,0.06451612903225806,0.1935483870967742,0.03225806451612903,0.03225806451612903,0.16129032258064516,0.03225806451612903
t1_gr12phj,0.072,0.867,0.062,0.1568,0.043478260869565216,0.13043478260869565,0.08695652173913043,0.2608695652173913,0.08695652173913043,0.0,0.08695652173913043,0.0
t1_hq93dnc,0.321,0.679,0.0,-0.8849,0.0,0.42857142857142855,0.0,0.0,0.0,0.0,0.0,0.0
t1_injf7q6,0.14,0.699,0.161,0.128,0.16666666666666666,0.05555555555555555,0.05555555555555555,0.2222222222222222,0.0,0.05555555555555555,0.1111111111111111,0.0
t1_itlxg7p,0.0,1.0,0.0,0.0,0.125,0.0,0.125,0.125,0.125,0.0,0.0,0.0
t1_fwv5eov,0.049,0.837,0.114,0.4754,0.05,0.05,0.05,0.25,0.0,0.05,0.1,0.05
t1_e8ddm5q,0.081,0.84,0.079,0.2023,0.17142857142857143,0.14285714285714285,0.02857142857142857,0.08571428571428572,0.08571428571428572,0.11428571428571428,0.05714285714285714,0.08571428571428572
t1_gvq5rqz,0.104,0.833,0.062,-0.4939,0.22727272727272727,0.13636363636363635,0.09090909090909091,0.045454545454545456,0.0,0.13636363636363635,0.0,0.0
t1_ek2ywfx,0.07,0.804,0.126,0.71,0.13636363636363635,0.09090909090909091,0.09090909090909091,0.09090909090909091,0.0,0.09090909090909091,0.13636363636363635,0.045454545454545456
t1_gbe2sc1,0.0,1.0,0.0,0.0,0.0,0.0,0.0,0.0,0.0,0.0,0.0,0.0
t1_dzjngn0,0.118,0.882,0.0,-0.5574,0.2,0.2,0.1,0.0,0.0,0.1,0.0,0.2
t1_ie3gq3j,0.102,0.631,0.267,0.6705,0.0,0.0,0.0,0.0,0.0,0.0,0.0,0.0
t1_gk3tiht,0.055,0.868,0.077,0.1338,0.0851063829787234,0.06382978723404255,0.0425531914893617,0.06382978723404255,0.0425531914893617,0.0851063829787234,0.0851063829787234,0.10638297872340426
t1_irtxbf9,0.027,0.765,0.208,0.9607,0.16666666666666666,0.041666666666666664,0.16666666666666666,0.25,0.041666666666666664,0.0,0.041666666666666664,0.0
t1_g7w2pu6,0.16,0.8,0.04,-0.9593,0.1794871794871795,0.07692307692307693,0.05128205128205128,0.15384615384615385,0.02564102564102564,0.02564102564102564,0.05128205128205128,0.02564102564102564
t1_evuxw4h,0.165,0.796,0.04,-0.6763,0.0,0.0,0.0,0.0,0.0,0.5,0.0,0.0
t1_clob1fe,0.096,0.904,0.0,-0.6705,0.0,0.0,0.0,0.0,0.0,0.0,0.0,0.0
t1_dt044ab,0.0,0.735,0.265,0.9178,0.0,0.0,0.3333333333333333,0.16666666666666666,0.16666666666666666,0.0,0.16666666666666666,0.0
t1_dspvru7,0.0,0.911,0.089,0.6369,0.0,0.0,0.5,0.5,0.0,0.0,0.0,0.0
t1_jlvlmw2,0.051,0.918,0.031,-0.2023,0.0,0.0,0.25,0.25,0.0,0.0,0.0,0.0
t1_jzllltt,0.0,0.936,0.064,0.3527,0.0,0.13333333333333333,0.13333333333333333,0.2,0.13333333333333333,0.0,0.13333333333333333,0.13333333333333333
t1_g6s1zrm,0.144,0.765,0.091,-0.7336,0.1,0.1,0.16666666666666666,0.1,0.03333333333333333,0.06666666666666667,0.03333333333333333,0.03333333333333333
t1_g36ncu1,0.217,0.783,0.0,-0.802,0.16666666666666666,0.16666666666666666,0.0,0.0,0.16666666666666666,0.16666666666666666,0.0,0.16666666666666666
t1_e66xfi0,0.213,0.627,0.159,-0.2844,0.09523809523809523,0.0,0.09523809523809523,0.23809523809523808,0.0,0.047619047619047616,0.09523809523809523,0.0
t1_fed52l4,0.162,0.806,0.032,-0.8957,0.07142857142857142,0.07142857142857142,0.14285714285714285,0.14285714285714285,0.0,0.0,0.0,0.07142857142857142
t1_f5gwocd,0.0,0.896,0.104,0.7717,0.0,0.0,0.0,0.3333333333333333,0.0,0.0,0.0,0.0
t1_f6ppndm,0.134,0.77,0.096,-0.6791,0.1702127659574468,0.0851063829787234,0.0425531914893617,0.10638297872340426,0.10638297872340426,0.0851063829787234,0.02127659574468085,0.10638297872340426
t1_gjgo1zb,0.12,0.832,0.048,-0.8395,0.06666666666666667,0.13333333333333333,0.0,0.06666666666666667,0.06666666666666667,0.06666666666666667,0.0,0.2
t1_jprpz0x,0.022,0.871,0.107,0.7156,0.05,0.0,0.15,0.15,0.15,0.0,0.15,0.0
t1_ee6hptk,0.024,0.908,0.068,0.7717,0.15789473684210525,0.05263157894736842,0.15789473684210525,0.10526315789473684,0.05263157894736842,0.0,0.05263157894736842,0.0
t1_f4yf6qc,0.045,0.955,0.0,-0.3818,0.0,0.0,0.0,0.0,0.0,0.0,0.0,0.0
t1_h06pi9d,0.204,0.796,0.0,-0.9447,0.2,0.12,0.0,0.08,0.04,0.12,0.0,0.08
t1_hmz0f2y,0.052,0.846,0.102,0.5423,0.16666666666666666,0.0,0.0,0.0,0.16666666666666666,0.16666666666666666,0.0,0.0
t1_g42zunj,0.188,0.812,0.0,-0.8343,0.0,0.14285714285714285,0.2857142857142857,0.0,0.0,0.0,0.0,0.0
t1_i0dmnb4,0.047,0.8,0.153,0.5916,0.08333333333333333,0.08333333333333333,0.16666666666666666,0.08333333333333333,0.0,0.0,0.08333333333333333,0.16666666666666666
t1_e883cog,0.063,0.757,0.179,0.9039,0.09523809523809523,0.19047619047619047,0.047619047619047616,0.19047619047619047,0.09523809523809523,0.09523809523809523,0.0,0.09523809523809523
t1_dti8p7y,0.147,0.745,0.108,-0.7705,0.1276595744680851,0.1276595744680851,0.0851063829787234,0.06382978723404255,0.02127659574468085,0.06382978723404255,0.0425531914893617,0.0851063829787234
t1_dzmds96,0.168,0.697,0.135,-0.4617,0.1111111111111111,0.1111111111111111,0.1111111111111111,0.1111111111111111,0.0,0.0,0.0,0.1111111111111111
t1_fv21p9l,0.048,0.922,0.03,-0.2554,0.14285714285714285,0.14285714285714285,0.0,0.0,0.0,0.14285714285714285,0.0,0.0
t1_fdeipbs,0.128,0.66,0.212,0.6573,0.1111111111111111,0.0,0.1111111111111111,0.1111111111111111,0.0,0.0,0.1111111111111111,0.0
t1_f3cypbj,0.045,0.891,0.064,0.4588,0.09090909090909091,0.09090909090909091,0.045454545454545456,0.13636363636363635,0.0,0.09090909090909091,0.09090909090909091,0.0
t1_ftewg90,0.125,0.786,0.089,-0.1779,0.3333333333333333,0.16666666666666666,0.0,0.16666666666666666,0.0,0.0,0.0,0.16666666666666666
t1_grw98oe,0.0,1.0,0.0,0.0,0.0,0.0,0.25,0.0,0.25,0.0,0.25,0.0
t1_hta3drz,0.021,0.836,0.143,0.8566,0.1,0.0,0.0,0.2,0.1,0.1,0.1,0.0
t1_gikr5s8,0.057,0.813,0.13,0.5106,0.07142857142857142,0.0,0.14285714285714285,0.21428571428571427,0.07142857142857142,0.0,0.07142857142857142,0.0
t1_hfplmnc,0.059,0.886,0.055,-0.1027,0.1,0.1,0.1,0.2,0.1,0.1,0.0,0.1
t1_i4x9bob,0.076,0.84,0.084,0.0772,0.15384615384615385,0.15384615384615385,0.07692307692307693,0.0,0.0,0.07692307692307693,0.0,0.15384615384615385
t1_k6hj02m,0.045,0.87,0.085,0.6915,0.12,0.12,0.12,0.08,0.04,0.04,0.0,0.04
t1_e6ia8gj,0.046,0.84,0.115,0.8605,0.0,0.058823529411764705,0.058823529411764705,0.17647058823529413,0.058823529411764705,0.0,0.058823529411764705,0.0
t1_fi8qz7n,0.068,0.672,0.26,0.9878,0.05555555555555555,0.1111111111111111,0.16666666666666666,0.1111111111111111,0.05555555555555555,0.1111111111111111,0.05555555555555555,0.05555555555555555
t1_ey24zvr,0.0,1.0,0.0,0.0,0.3333333333333333,0.0,0.0,0.3333333333333333,0.0,0.0,0.0,0.0
t1_d80n210,0.261,0.6,0.139,-0.8271,0.0,0.0,0.0,0.0,0.0,0.0,0.0,0.0
t1_fdq3zps,0.0,0.842,0.158,0.8591,0.0,0.0,0.1,0.1,0.1,0.1,0.1,0.1
t1_g9cyavj,0.062,0.895,0.044,-0.0129,0.16666666666666666,0.16666666666666666,0.0,0.16666666666666666,0.0,0.0,0.0,0.0
t1_iibmykm,0.081,0.76,0.158,0.644,0.03571428571428571,0.07142857142857142,0.14285714285714285,0.10714285714285714,0.03571428571428571,0.07142857142857142,0.07142857142857142,0.03571428571428571
t1_iui1vok,0.084,0.87,0.046,-0.3626,0.0,0.0,0.2222222222222222,0.1111111111111111,0.0,0.1111111111111111,0.1111111111111111,0.0
t1_ipzauyc,0.0,0.86,0.14,0.9604,0.0,0.0,0.21428571428571427,0.14285714285714285,0.03571428571428571,0.0,0.10714285714285714,0.0
t1_f5fifnj,0.055,0.855,0.09,0.3839,0.0,0.06666666666666667,0.26666666666666666,0.13333333333333333,0.06666666666666667,0.0,0.13333333333333333,0.06666666666666667
t1_hf5t4hb,0.275,0.68,0.045,-0.9314,0.25,0.16666666666666666,0.08333333333333333,0.0,0.0,0.0,0.0,0.08333333333333333
t1_f0svg0c,0.0,0.853,0.147,0.7039,0.0,0.0,0.07692307692307693,0.07692307692307693,0.07692307692307693,0.07692307692307693,0.07692307692307693,0.07692307692307693
t1_jiq3a2m,0.115,0.805,0.08,-0.2732,0.15384615384615385,0.11538461538461539,0.11538461538461539,0.07692307692307693,0.0,0.038461538461538464,0.0,0.038461538461538464
t1_f2u9ls0,0.0,0.883,0.117,0.7572,0.06666666666666667,0.06666666666666667,0.13333333333333333,0.2,0.06666666666666667,0.0,0.13333333333333333,0.0
t1_k15rdjt,0.0,0.899,0.101,0.743,0.0,0.0,0.16666666666666666,0.5,0.0,0.0,0.16666666666666666,0.0
t1_eh5x2lw,0.081,0.737,0.182,0.9137,0.0,0.16666666666666666,0.16666666666666666,0.1111111111111111,0.05555555555555555,0.05555555555555555,0.1111111111111111,0.0
t1_hemumpw,0.033,0.93,0.037,0.0516,0.2,0.0,0.2,0.2,0.0,0.0,0.0,0.0
t1_h1zw81r,0.142,0.774,0.085,-0.4588,0.25,0.375,0.0,0.0,0.0,0.0,0.0,0.0
t1_k3boexm,0.0,0.846,0.154,0.9756,0.07692307692307693,0.0,0.07692307692307693,0.15384615384615385,0.0,0.0,0.15384615384615385,0.07692307692307693
t1_d3wpt1f,0.131,0.707,0.162,0.5305,0.08333333333333333,0.05555555555555555,0.08333333333333333,0.1111111111111111,0.05555555555555555,0.05555555555555555,0.08333333333333333,0.08333333333333333
t1_kdebbqr,0.029,0.875,0.095,0.7227,0.0,0.125,0.0625,0.125,0.0,0.0625,0.0,0.0
t1_fw8gonu,0.031,0.889,0.08,0.6369,0.045454545454545456,0.045454545454545456,0.045454545454545456,0.13636363636363635,0.0,0.18181818181818182,0.045454545454545456,0.045454545454545456
t1_hbkbe8c,0.182,0.818,0.0,-0.9022,0.2222222222222222,0.2222222222222222,0.0,0.1111111111111111,0.0,0.0,0.0,0.0
t1_h9yc5oo,0.197,0.649,0.154,-0.2023,0.07692307692307693,0.15384615384615385,0.07692307692307693,0.15384615384615385,0.0,0.07692307692307693,0.07692307692307693,0.0
t1_fqlnaj3,0.142,0.753,0.105,-0.4019,0.0,0.0,0.0,0.3333333333333333,0.0,0.0,0.0,0.0
t1_gt6dvdh,0.0,0.956,0.044,0.3818,0.0,0.14285714285714285,0.14285714285714285,0.14285714285714285,0.0,0.0,0.0,0.0
t1_gujnisz,0.08,0.841,0.079,-0.0516,0.075,0.075,0.125,0.15,0.05,0.15,0.025,0.025
t1_g2kw636,0.041,0.888,0.071,0.4348,0.0,0.0,0.1111111111111111,0.1111111111111111,0.0,0.0,0.1111111111111111,0.2222222222222222
t1_dzrzb8g,0.0,1.0,0.0,0.0,0.0,0.0,0.0,0.0,0.0,0.0,0.0,0.0
t1_hwj7wl1,0.0,1.0,0.0,0.0,0.0,0.0,0.3,0.1,0.1,0.0,0.1,0.0
t1_hski6zz,0.043,0.824,0.133,0.6116,0.0,0.0,0.1,0.2,0.1,0.0,0.1,0.0
t1_i2fop1x,0.054,0.946,0.0,-0.4588,0.3333333333333333,0.0,0.0,0.0,0.0,0.0,0.0,0.0
t1_efw0drs,0.0,0.891,0.109,0.8674,0.0,0.0,0.0,0.4,0.0,0.0,0.0,0.0
t1_fvedfcd,0.0,0.935,0.065,0.5927,0.0,0.0,0.14285714285714285,0.2857142857142857,0.14285714285714285,0.0,0.14285714285714285,0.0
t1_jrjzkdh,0.087,0.797,0.115,0.4588,0.14285714285714285,0.09523809523809523,0.047619047619047616,0.09523809523809523,0.0,0.047619047619047616,0.047619047619047616,0.09523809523809523
t1_e1h0zy9,0.0,0.947,0.053,0.5023,0.2222222222222222,0.1111111111111111,0.1111111111111111,0.1111111111111111,0.0,0.0,0.0,0.0
t1_faejhk5,0.225,0.722,0.053,-0.836,0.16666666666666666,0.16666666666666666,0.0,0.16666666666666666,0.0,0.0,0.08333333333333333,0.0
t1_gcga1cd,0.171,0.749,0.08,-0.5588,0.05555555555555555,0.1111111111111111,0.1111111111111111,0.2222222222222222,0.0,0.05555555555555555,0.1111111111111111,0.0
t1_ipkdlct,0.0,1.0,0.0,0.0,0.07692307692307693,0.07692307692307693,0.07692307692307693,0.3076923076923077,0.0,0.0,0.15384615384615385,0.0
t1_gtj4jeh,0.192,0.682,0.126,-0.9485,0.16666666666666666,0.15151515151515152,0.10606060606060606,0.10606060606060606,0.0,0.06060606060606061,0.015151515151515152,0.045454545454545456
t1_k5lhv4u,0.091,0.909,0.0,-0.4939,0.1111111111111111,0.1111111111111111,0.0,0.1111111111111111,0.1111111111111111,0.1111111111111111,0.1111111111111111,0.0
t1_g05yfv5,0.076,0.858,0.065,-0.1926,0.1111111111111111,0.2222222222222222,0.0,0.0,0.0,0.1111111111111111,0.1111111111111111,0.0
t1_gxd3zbv,0.098,0.846,0.056,-0.7212,0.125,0.041666666666666664,0.08333333333333333,0.125,0.0,0.0,0.041666666666666664,0.0
t1_g4dxixb,0.0,0.812,0.188,0.8807,0.16666666666666666,0.0,0.0,0.0,0.0,0.16666666666666666,0.0,0.0
t1_ht55bo5,0.072,0.87,0.058,-0.34,0.11428571428571428,0.11428571428571428,0.05714285714285714,0.11428571428571428,0.02857142857142857,0.11428571428571428,0.08571428571428572,0.08571428571428572
t1_k81myby,0.067,0.873,0.06,-0.0772,0.0,0.14285714285714285,0.14285714285714285,0.14285714285714285,0.0,0.14285714285714285,0.0,0.0
t1_gs8wgm8,0.025,0.912,0.063,0.5569,0.15,0.1,0.0,0.15,0.0,0.15,0.0,0.1
t1_hkbn7wp,0.129,0.813,0.058,-0.7878,0.08823529411764706,0.08823529411764706,0.14705882352941177,0.11764705882352941,0.029411764705882353,0.058823529411764705,0.08823529411764706,0.08823529411764706
t1_gkz3cf9,0.036,0.902,0.062,0.0396,0.1111111111111111,0.1111111111111111,0.1111111111111111,0.1111111111111111,0.1111111111111111,0.0,0.1111111111111111,0.1111111111111111
t1_gqvpjzf,0.122,0.758,0.12,-0.0176,0.0,0.14285714285714285,0.0,0.2857142857142857,0.0,0.14285714285714285,0.0,0.0
t1_gyfy9o3,0.0,0.879,0.121,0.8442,0.0,0.0,0.16666666666666666,0.3333333333333333,0.0,0.0,0.05555555555555555,0.0
t1_ebjkudb,0.094,0.776,0.13,0.1779,0.0,0.0,0.0,0.0,0.0,0.0,0.0,0.0
t1_he8n2o9,0.041,0.816,0.143,0.7783,0.1111111111111111,0.0,0.2222222222222222,0.1111111111111111,0.0,0.1111111111111111,0.1111111111111111,0.0
t1_gxef726,0.207,0.765,0.029,-0.9756,0.19444444444444445,0.16666666666666666,0.027777777777777776,0.05555555555555555,0.0,0.08333333333333333,0.027777777777777776,0.1111111111111111
t1_ftp4pwf,0.071,0.848,0.081,0.1504,0.16666666666666666,0.0,0.0,0.08333333333333333,0.08333333333333333,0.0,0.0,0.0
t1_hm9v7ew,0.228,0.706,0.066,-0.9486,0.25,0.125,0.0,0.125,0.0,0.125,0.0,0.0
t1_kb7rmop,0.0,0.924,0.076,0.7351,0.08333333333333333,0.0,0.25,0.16666666666666666,0.0,0.0,0.0,0.0
t1_esbfdmm,0.061,0.872,0.068,-0.2961,0.05263157894736842,0.10526315789473684,0.15789473684210525,0.21052631578947367,0.0,0.0,0.0,0.0
t1_glbv7kn,0.0,1.0,0.0,0.0,0.0,0.0,0.0,0.0,0.0,0.0,0.0,0.0
t1_ectely3,0.021,0.839,0.14,0.9489,0.06666666666666667,0.03333333333333333,0.06666666666666667,0.2,0.03333333333333333,0.06666666666666667,0.16666666666666666,0.03333333333333333
t1_e3xhzij,0.065,0.853,0.083,-0.0516,0.0,0.0,0.0,0.2,0.0,0.0,0.2,0.0
t1_gu6etka,0.027,0.92,0.053,0.6559,0.05714285714285714,0.05714285714285714,0.08571428571428572,0.2,0.05714285714285714,0.0,0.08571428571428572,0.0
t1_gjw2woq,0.11,0.855,0.035,-0.7078,0.0,0.0,0.5,0.0,0.0,0.0,0.0,0.0
t1_keojxcq,0.027,0.776,0.197,0.9419,0.0,0.038461538461538464,0.19230769230769232,0.19230769230769232,0.0,0.0,0.15384615384615385,0.038461538461538464
t1_geex7jn,0.075,0.925,0.0,-0.594,0.07142857142857142,0.0,0.14285714285714285,0.14285714285714285,0.07142857142857142,0.0,0.07142857142857142,0.07142857142857142
t1_hhagjqv,0.016,0.773,0.211,0.9682,0.0,0.037037037037037035,0.14814814814814814,0.2222222222222222,0.037037037037037035,0.0,0.1111111111111111,0.0
t1_j1i3asa,0.169,0.725,0.107,-0.8705,0.14285714285714285,0.02857142857142857,0.11428571428571428,0.05714285714285714,0.02857142857142857,0.08571428571428572,0.0,0.02857142857142857
t1_dyp9yp5,0.057,0.795,0.148,0.874,0.0,0.0,0.15789473684210525,0.10526315789473684,0.05263157894736842,0.05263157894736842,0.15789473684210525,0.05263157894736842
t1_g4gn8jp,0.028,0.89,0.082,0.5106,0.3333333333333333,0.0,0.16666666666666666,0.16666666666666666,0.0,0.0,0.0,0.0
t1_d02ig4q,0.142,0.814,0.044,-0.7964,0.125,0.125,0.041666666666666664,0.16666666666666666,0.08333333333333333,0.0,0.041666666666666664,0.0
t1_gqxrx4v,0.02,0.854,0.126,0.8862,0.07692307692307693,0.0,0.15384615384615385,0.3076923076923077,0.0,0.0,0.0,0.0
t1_gvq98f5,0.026,0.816,0.158,0.8883,0.0,0.07692307692307693,0.0,0.15384615384615385,0.07692307692307693,0.07692307692307693,0.15384615384615385,0.0
t1_cyjecij,0.067,0.933,0.0,-0.3182,0.0,0.0,0.3333333333333333,0.0,0.0,0.0,0.0,0.0
t1_ezvfwos,0.147,0.853,0.0,-0.6124,0.25,0.25,0.0,0.0,0.25,0.0,0.0,0.0
t1_gtb8z1h,0.0,0.829,0.171,0.886,0.0,0.0,0.07142857142857142,0.2857142857142857,0.07142857142857142,0.0,0.14285714285714285,0.0
t1_gsyxdg2,0.086,0.885,0.029,-0.8658,0.1111111111111111,0.027777777777777776,0.027777777777777776,0.1388888888888889,0.0,0.05555555555555555,0.2222222222222222,0.05555555555555555
t1_gy974t6,0.208,0.792,0.0,-0.8254,0.08333333333333333,0.0,0.08333333333333333,0.3333333333333333,0.0,0.0,0.16666666666666666,0.0
t1_hm2kviq,0.0,1.0,0.0,0.0,0.3,0.1,0.3,0.0,0.0,0.1,0.0,0.0
t1_eb8kg9c,0.0,0.964,0.036,0.4939,0.0,0.0,0.25,0.0,0.0,0.0,0.0,0.0
t1_dtxxenf,0.115,0.695,0.19,0.3595,0.0,0.0,0.5,0.0,0.0,0.0,0.0,0.0
t1_jkhl847,0.113,0.768,0.119,0.4678,0.1,0.08,0.14,0.12,0.02,0.08,0.02,0.02
t1_kalwq0n,0.084,0.703,0.213,0.9274,0.08695652173913043,0.08695652173913043,0.0,0.21739130434782608,0.08695652173913043,0.08695652173913043,0.08695652173913043,0.043478260869565216
t1_fmfqb04,0.142,0.81,0.048,-0.4997,0.0,0.0,0.0,0.0,0.0,0.0,0.0,0.0
t1_i7ybuop,0.0,0.923,0.077,0.743,0.0,0.0,0.42857142857142855,0.14285714285714285,0.2857142857142857,0.0,0.0,0.0
t1_f6xoluu,0.212,0.553,0.235,0.128,0.08333333333333333,0.16666666666666666,0.0,0.125,0.0,0.08333333333333333,0.125,0.125
t1_hnmdjna,0.082,0.714,0.204,0.8194,0.2222222222222222,0.0,0.1111111111111111,0.0,0.0,0.3333333333333333,0.0,0.1111111111111111
t1_gsypms1,0.098,0.879,0.023,-0.8519,0.07692307692307693,0.0,0.0,0.07692307692307693,0.0,0.23076923076923078,0.0,0.0
t1_erkidj3,0.089,0.888,0.023,-0.4069,0.4,0.0,0.0,0.2,0.2,0.0,0.0,0.0
t1_j7adew8,0.039,0.862,0.099,0.5106,0.0,0.0,0.14285714285714285,0.14285714285714285,0.14285714285714285,0.0,0.14285714285714285,0.0
t1_fxgzjf4,0.249,0.751,0.0,-0.9745,0.16129032258064516,0.22580645161290322,0.0967741935483871,0.03225806451612903,0.0,0.03225806451612903,0.03225806451612903,0.03225806451612903
t1_k6jr8br,0.0,0.892,0.108,0.6908,0.0,0.0,0.1111111111111111,0.2222222222222222,0.0,0.0,0.2222222222222222,0.0
t1_fo1y19x,0.0,0.885,0.115,0.6808,0.14285714285714285,0.07142857142857142,0.0,0.14285714285714285,0.0,0.07142857142857142,0.07142857142857142,0.0
t1_jlyonlf,0.265,0.723,0.011,-0.9811,0.06666666666666667,0.13333333333333333,0.06666666666666667,0.13333333333333333,0.03333333333333333,0.03333333333333333,0.03333333333333333,0.13333333333333333
t1_eh5x2lw,0.081,0.737,0.182,0.9137,0.0,0.16666666666666666,0.16666666666666666,0.1111111111111111,0.05555555555555555,0.05555555555555555,0.1111111111111111,0.0
t1_f5uzmqh,0.071,0.898,0.031,-0.5719,0.037037037037037035,0.07407407407407407,0.07407407407407407,0.18518518518518517,0.07407407407407407,0.1111111111111111,0.037037037037037035,0.037037037037037035
t1_f0p1o62,0.135,0.713,0.152,-0.4094,0.09090909090909091,0.09090909090909091,0.045454545454545456,0.13636363636363635,0.0,0.13636363636363635,0.045454545454545456,0.0
t1_gxidrll,0.049,0.812,0.139,0.6249,0.0,0.0,0.1111111111111111,0.1111111111111111,0.0,0.0,0.1111111111111111,0.0
t1_focsyf4,0.204,0.722,0.074,-0.9528,0.0,0.0,0.0,0.0,0.0,0.0,0.0,0.0
t1_kagh2v3,0.026,0.942,0.033,-0.0323,0.05,0.0,0.1,0.25,0.0,0.2,0.0,0.0
t1_jp33i3e,0.0,0.824,0.176,0.9246,0.125,0.0,0.125,0.0,0.0,0.0,0.125,0.0
t1_ja8p06t,0.0,0.842,0.158,0.9691,0.08108108108108109,0.02702702702702703,0.13513513513513514,0.1891891891891892,0.05405405405405406,0.02702702702702703,0.13513513513513514,0.02702702702702703
t1_gvttaco,0.07,0.811,0.119,0.498,0.1,0.05,0.1,0.05,0.1,0.05,0.15,0.05
t1_gx3ts6a,0.171,0.744,0.085,-0.9401,0.2222222222222222,0.1111111111111111,0.0,0.2222222222222222,0.0,0.0,0.0,0.0
t1_kbfz7db,0.106,0.666,0.228,0.7382,0.13333333333333333,0.06666666666666667,0.13333333333333333,0.06666666666666667,0.0,0.13333333333333333,0.06666666666666667,0.06666666666666667
t1_gcib42a,0.155,0.704,0.141,-0.3147,0.12,0.0,0.2,0.2,0.08,0.0,0.08,0.0
t1_jmlqmja,0.0,0.864,0.136,0.7845,0.0,0.0,0.3,0.1,0.0,0.0,0.1,0.0
t1_cxzpuf8,0.043,0.902,0.055,0.1531,0.0,0.0,0.0,0.2,0.0,0.0,0.0,0.0
t1_eckf9dw,0.127,0.83,0.043,-0.6908,0.07142857142857142,0.07142857142857142,0.14285714285714285,0.21428571428571427,0.07142857142857142,0.0,0.07142857142857142,0.0
t1_es8znqh,0.103,0.851,0.047,-0.7943,0.05555555555555555,0.05555555555555555,0.1111111111111111,0.1111111111111111,0.16666666666666666,0.05555555555555555,0.05555555555555555,0.05555555555555555
t1_ir6lwme,0.11,0.828,0.061,-0.6597,0.06666666666666667,0.06666666666666667,0.06666666666666667,0.13333333333333333,0.0,0.06666666666666667,0.0,0.06666666666666667
t1_jhp6nck,0.0,0.705,0.295,0.8519,0.2,0.0,0.0,0.4,0.0,0.0,0.0,0.0
t1_j4ytiu6,0.119,0.793,0.089,-0.4361,0.125,0.0625,0.125,0.125,0.0,0.0625,0.0625,0.0625
t1_jrfma0j,0.056,0.738,0.206,0.981,0.07692307692307693,0.02564102564102564,0.15384615384615385,0.1794871794871795,0.1282051282051282,0.02564102564102564,0.15384615384615385,0.02564102564102564
t1_jed2439,0.0,0.868,0.132,0.6199,0.0,0.0,0.2,0.2,0.06666666666666667,0.0,0.2,0.0
t1_jps02h7,0.094,0.838,0.069,-0.2584,0.0,0.14285714285714285,0.0,0.14285714285714285,0.0,0.0,0.0,0.14285714285714285
t1_k7k0fx9,0.0,0.936,0.064,0.5719,0.0,0.0,0.0,0.16666666666666666,0.0,0.0,0.16666666666666666,0.0
t1_gb0jiyd,0.0,0.944,0.056,0.5349,0.0,0.0,0.75,0.0,0.0,0.0,0.0,0.0
t1_kc8d495,0.167,0.833,0.0,-0.7184,0.1111111111111111,0.1111111111111111,0.0,0.1111111111111111,0.0,0.1111111111111111,0.0,0.2222222222222222
t1_f7hgu94,0.084,0.856,0.06,-0.4588,0.08333333333333333,0.16666666666666666,0.08333333333333333,0.08333333333333333,0.16666666666666666,0.08333333333333333,0.08333333333333333,0.08333333333333333
t1_gtac1ez,0.14,0.814,0.046,-0.9042,0.19047619047619047,0.09523809523809523,0.047619047619047616,0.09523809523809523,0.09523809523809523,0.09523809523809523,0.0,0.09523809523809523
t1_dwgcfzk,0.243,0.757,0.0,-0.8979,0.2857142857142857,0.2857142857142857,0.0,0.0,0.0,0.14285714285714285,0.0,0.0
t1_e399gka,0.153,0.847,0.0,-0.7579,0.3333333333333333,0.0,0.0,0.0,0.0,0.3333333333333333,0.0,0.0
t1_efj54fr,0.259,0.741,0.0,-0.9531,0.14285714285714285,0.14285714285714285,0.14285714285714285,0.0,0.0,0.0,0.07142857142857142,0.14285714285714285
t1_h449by9,0.034,0.842,0.123,0.9093,0.125,0.0,0.125,0.125,0.0,0.20833333333333334,0.08333333333333333,0.041666666666666664
t1_j8ym8ul,0.153,0.847,0.0,-0.8236,0.16666666666666666,0.0,0.0,0.08333333333333333,0.08333333333333333,0.16666666666666666,0.08333333333333333,0.0
t1_fqwpjkz,0.14,0.748,0.113,-0.6369,0.0,0.0,0.2222222222222222,0.2222222222222222,0.1111111111111111,0.0,0.1111111111111111,0.0
t1_emy2ftc,0.075,0.828,0.097,0.4453,0.08333333333333333,0.0,0.08333333333333333,0.0,0.0,0.25,0.25,0.0
t1_i2rjywd,0.114,0.886,0.0,-0.5574,0.0,0.16666666666666666,0.16666666666666666,0.0,0.0,0.0,0.0,0.16666666666666666
t1_d2dye9q,0.049,0.896,0.056,0.1027,0.14285714285714285,0.14285714285714285,0.2857142857142857,0.0,0.0,0.0,0.0,0.0
t1_dum7d2m,0.144,0.75,0.106,-0.25,0.05,0.15,0.05,0.1,0.05,0.05,0.05,0.15
t1_e7b4py7,0.0,1.0,0.0,0.0,0.07692307692307693,0.0,0.15384615384615385,0.0,0.07692307692307693,0.0,0.07692307692307693,0.15384615384615385
t1_fz31bwt,0.116,0.736,0.148,0.128,0.11764705882352941,0.058823529411764705,0.11764705882352941,0.11764705882352941,0.11764705882352941,0.058823529411764705,0.058823529411764705,0.058823529411764705
t1_jbabwz3,0.028,0.893,0.079,0.6114,0.041666666666666664,0.041666666666666664,0.08333333333333333,0.08333333333333333,0.041666666666666664,0.08333333333333333,0.08333333333333333,0.08333333333333333
t1_izgweld,0.088,0.657,0.256,0.9312,0.05555555555555555,0.05555555555555555,0.16666666666666666,0.1388888888888889,0.0,0.027777777777777776,0.08333333333333333,0.0
t1_ihsfua1,0.016,0.836,0.148,0.9517,0.041666666666666664,0.041666666666666664,0.16666666666666666,0.16666666666666666,0.041666666666666664,0.0,0.20833333333333334,0.0
t1_irakgku,0.204,0.796,0.0,-0.9313,0.15384615384615385,0.23076923076923078,0.07692307692307693,0.15384615384615385,0.0,0.0,0.0,0.0
t1_hlfwh82,0.245,0.625,0.13,-0.7184,0.0,0.0,0.08333333333333333,0.16666666666666666,0.16666666666666666,0.16666666666666666,0.16666666666666666,0.0
t1_grzeb38,0.0,0.972,0.028,0.3182,0.0,0.0,0.2,0.0,0.0,0.0,0.0,0.0
t1_ept96pu,0.196,0.742,0.063,-0.7422,0.1111111111111111,0.1111111111111111,0.1111111111111111,0.0,0.1111111111111111,0.1111111111111111,0.0,0.0
t1_e2zok2d,0.069,0.801,0.13,0.7005,0.14285714285714285,0.0,0.14285714285714285,0.2857142857142857,0.0,0.0,0.0,0.0
t1_eidgfk0,0.0,0.92,0.08,0.7177,0.0,0.0,0.0,0.125,0.0,0.125,0.125,0.0
t1_fo5ioe5,0.265,0.461,0.275,0.1091,0.16666666666666666,0.16666666666666666,0.0,0.0,0.0,0.16666666666666666,0.16666666666666666,0.0
t1_gnq5dca,0.133,0.766,0.101,-0.6542,0.15789473684210525,0.15789473684210525,0.0,0.15789473684210525,0.0,0.05263157894736842,0.05263157894736842,0.05263157894736842
t1_f2u9ls0,0.0,0.883,0.117,0.7572,0.06666666666666667,0.06666666666666667,0.13333333333333333,0.2,0.06666666666666667,0.0,0.13333333333333333,0.0
t1_jntyhkd,0.072,0.871,0.057,-0.2263,0.0,0.0,0.0,0.5,0.0,0.0,0.0,0.0
t1_kb75zqy,0.0,0.932,0.068,0.3612,0.0,0.0,0.0,0.3333333333333333,0.0,0.0,0.0,0.0
t1_gt2seyp,0.0,0.928,0.072,0.8442,0.1111111111111111,0.1111111111111111,0.18518518518518517,0.18518518518518517,0.0,0.0,0.0,0.0
t1_gl44zio,0.031,0.969,0.0,-0.5187,0.0625,0.0625,0.125,0.1875,0.0625,0.0,0.0625,0.0625
t1_fmh0fob,0.0,1.0,0.0,0.0,0.2,0.1,0.2,0.0,0.1,0.1,0.0,0.1
t1_k6ntofu,0.138,0.719,0.143,-0.0635,0.15789473684210525,0.13157894736842105,0.07894736842105263,0.10526315789473684,0.0,0.02631578947368421,0.02631578947368421,0.05263157894736842
t1_jmiosd4,0.055,0.843,0.102,0.4404,0.07142857142857142,0.03571428571428571,0.17857142857142858,0.17857142857142858,0.07142857142857142,0.14285714285714285,0.03571428571428571,0.0
t1_jiykl4j,0.0,0.961,0.039,0.5106,0.15,0.05,0.05,0.2,0.0,0.1,0.0,0.05
t1_dxbnu39,0.0,1.0,0.0,0.0,0.0,0.0,0.0,0.0,0.0,0.0,0.0,0.0
t1_hfwvtpq,0.0,0.982,0.018,0.1326,0.125,0.0,0.25,0.25,0.0,0.0,0.0,0.0
t1_he6bn4n,0.041,0.816,0.143,0.7783,0.1111111111111111,0.0,0.2222222222222222,0.1111111111111111,0.0,0.1111111111111111,0.1111111111111111,0.0
t1_etn0b69,0.0,0.853,0.147,0.7494,0.0,0.3333333333333333,0.0,0.0,0.0,0.0,0.0,0.0
t1_h0ye9qi,0.283,0.546,0.171,-0.8225,0.36363636363636365,0.0,0.0,0.18181818181818182,0.0,0.0,0.0,0.0
t1_hr961id,0.106,0.82,0.074,-0.4587,0.16666666666666666,0.0,0.16666666666666666,0.16666666666666666,0.0,0.0,0.16666666666666666,0.0
t1_gan0868,0.0,1.0,0.0,0.0,0.1,0.1,0.0,0.1,0.2,0.1,0.1,0.0
t1_gt74hev,0.171,0.792,0.037,-0.9756,0.16363636363636364,0.10909090909090909,0.10909090909090909,0.14545454545454545,0.01818181818181818,0.10909090909090909,0.01818181818181818,0.01818181818181818
t1_gx254v2,0.117,0.85,0.033,-0.8555,0.075,0.1,0.125,0.125,0.075,0.025,0.1,0.025
t1_iu9muqj,0.107,0.71,0.182,0.9312,0.11428571428571428,0.05714285714285714,0.14285714285714285,0.08571428571428572,0.08571428571428572,0.05714285714285714,0.0,0.02857142857142857
t1_gc26su3,0.279,0.67,0.05,-0.802,0.2,0.2,0.0,0.1,0.0,0.2,0.0,0.0
t1_h318su7,0.0,0.938,0.062,0.3818,0.16666666666666666,0.0,0.08333333333333333,0.16666666666666666,0.08333333333333333,0.08333333333333333,0.0,0.0
t1_fljzt9i,0.127,0.796,0.077,-0.8757,0.05263157894736842,0.10526315789473684,0.21052631578947367,0.05263157894736842,0.15789473684210525,0.05263157894736842,0.05263157894736842,0.0
t1_gt3fxpx,0.0,0.949,0.051,0.7311,0.0,0.0,0.16129032258064516,0.22580645161290322,0.0967741935483871,0.0,0.0967741935483871,0.0
t1_harqy6m,0.02,0.861,0.118,0.8611,0.09090909090909091,0.045454545454545456,0.18181818181818182,0.0,0.09090909090909091,0.045454545454545456,0.18181818181818182,0.0
t1_hf254sk,0.175,0.825,0.0,-0.6249,0.0,0.0,1.0,0.0,0.0,0.0,0.0,0.0
t1_gvtptr5,0.066,0.808,0.126,0.7013,0.0,0.0,0.0,0.14285714285714285,0.0,0.0,0.14285714285714285,0.0
t1_fm77oyh,0.035,0.766,0.199,0.8831,0.0,0.0,0.14285714285714285,0.2857142857142857,0.0,0.0,0.2857142857142857,0.0
t1_e5n8kzl,0.0,0.826,0.174,0.872,0.07142857142857142,0.14285714285714285,0.07142857142857142,0.2857142857142857,0.0,0.0,0.14285714285714285,0.07142857142857142
t1_cjo20mz,0.146,0.702,0.152,0.3767,0.05263157894736842,0.10526315789473684,0.13157894736842105,0.13157894736842105,0.05263157894736842,0.02631578947368421,0.13157894736842105,0.07894736842105263
t1_eflzkl3,0.029,0.938,0.032,0.0516,0.0,0.0,0.2,0.2,0.0,0.2,0.0,0.0
t1_e89lu01,0.099,0.756,0.145,0.1531,0.2857142857142857,0.14285714285714285,0.0,0.0,0.0,0.14285714285714285,0.0,0.0
t1_h1r6rek,0.0,0.95,0.05,0.1901,0.0,0.0,0.0,0.0,0.5,0.0,0.0,0.0
t1_ds2aqxf,0.092,0.734,0.174,0.503,0.0,0.0,0.16666666666666666,0.16666666666666666,0.16666666666666666,0.0,0.16666666666666666,0.0
t1_exfcuka,0.0,0.913,0.087,0.5904,0.25,0.0,0.25,0.0,0.0,0.0,0.0,0.0
t1_gzfgt65,0.111,0.798,0.091,-0.6054,0.35714285714285715,0.0,0.14285714285714285,0.2857142857142857,0.0,0.07142857142857142,0.0,0.0
t1_ikhrlnu,0.043,0.915,0.042,-0.0258,0.15384615384615385,0.07692307692307693,0.15384615384615385,0.0,0.0,0.07692307692307693,0.07692307692307693,0.0
t1_hgdtk8u,0.048,0.769,0.183,0.8316,0.07142857142857142,0.07142857142857142,0.14285714285714285,0.0,0.07142857142857142,0.14285714285714285,0.07142857142857142,0.14285714285714285
t1_j6i85t6,0.0,0.933,0.067,0.8271,0.02564102564102564,0.0,0.20512820512820512,0.28205128205128205,0.02564102564102564,0.0,0.02564102564102564,0.0
t1_dxbfss4,0.123,0.862,0.015,-0.875,0.18181818181818182,0.13636363636363635,0.045454545454545456,0.18181818181818182,0.0,0.09090909090909091,0.045454545454545456,0.0
t1_k4vn06v,0.047,0.885,0.068,0.1531,0.0,0.0,0.0,0.2222222222222222,0.0,0.1111111111111111,0.0,0.0
t1_kanb5fh,0.044,0.956,0.0,-0.4588,0.125,0.0,0.125,0.125,0.125,0.0,0.125,0.0
t1_dflctcf,0.164,0.767,0.068,-0.796,0.16666666666666666,0.08333333333333333,0.16666666666666666,0.0,0.16666666666666666,0.08333333333333333,0.0,0.08333333333333333
t1_f09c3oc,0.108,0.701,0.192,0.3313,0.0,0.0,0.4,0.2,0.0,0.0,0.2,0.0
t1_k26rhnv,0.127,0.811,0.062,-0.7319,0.0,0.0,0.14285714285714285,0.42857142857142855,0.14285714285714285,0.0,0.0,0.0
t1_e7b5gu4,0.0,0.81,0.19,0.836,0.047619047619047616,0.047619047619047616,0.14285714285714285,0.23809523809523808,0.047619047619047616,0.0,0.14285714285714285,0.047619047619047616
t1_fc71da5,0.255,0.745,0.0,-0.802,0.2,0.2,0.0,0.2,0.0,0.0,0.0,0.0
t1_ey5lll2,0.159,0.726,0.115,-0.4404,0.2222222222222222,0.0,0.0,0.2222222222222222,0.0,0.0,0.0,0.1111111111111111
t1_iahxfuq,0.081,0.884,0.034,-0.5719,0.12,0.04,0.12,0.08,0.08,0.04,0.04,0.04
t1_g85z8sl,0.0,1.0,0.0,0.0,0.0,0.0,0.0,0.0,0.0,0.0,0.0,0.0
t1_gjn25g8,0.053,0.781,0.166,0.6369,0.0,0.0,0.058823529411764705,0.35294117647058826,0.058823529411764705,0.0,0.11764705882352941,0.0
t1_gsihpsd,0.026,0.868,0.106,0.8176,0.05555555555555555,0.0,0.1111111111111111,0.16666666666666666,0.0,0.1111111111111111,0.1111111111111111,0.05555555555555555
t1_fo64zu2,0.0,0.652,0.348,0.9806,0.06666666666666667,0.13333333333333333,0.06666666666666667,0.13333333333333333,0.06666666666666667,0.13333333333333333,0.13333333333333333,0.0
t1_fc4m35f,0.0,0.741,0.259,0.8457,0.3,0.1,0.0,0.1,0.0,0.1,0.0,0.0
t1_fkasum1,0.044,0.884,0.072,0.228,0.058823529411764705,0.058823529411764705,0.29411764705882354,0.17647058823529413,0.0,0.058823529411764705,0.0,0.0
t1_d2odas9,0.131,0.792,0.077,-0.5719,0.07692307692307693,0.07692307692307693,0.07692307692307693,0.15384615384615385,0.07692307692307693,0.07692307692307693,0.15384615384615385,0.0
t1_igad9lf,0.101,0.783,0.116,0.3989,0.075,0.1,0.1,0.175,0.05,0.05,0.1,0.025
t1_fvpox2v,0.0,0.946,0.054,0.4404,0.25,0.25,0.0,0.0,0.0,0.0,0.0,0.0
t1_eevt1h1,0.0,0.885,0.115,0.5994,0.0,0.0,0.36363636363636365,0.18181818181818182,0.0,0.0,0.18181818181818182,0.0
t1_dwr2hul,0.143,0.765,0.093,-0.5767,0.16666666666666666,0.25,0.08333333333333333,0.0,0.08333333333333333,0.0,0.08333333333333333,0.0
t1_dwkdz1y,0.103,0.897,0.0,-0.5859,0.0,0.14285714285714285,0.14285714285714285,0.14285714285714285,0.0,0.14285714285714285,0.0,0.14285714285714285
t1_dyg5mfm,0.033,0.923,0.044,0.2023,0.22727272727272727,0.0,0.0,0.13636363636363635,0.0,0.18181818181818182,0.045454545454545456,0.0
t1_harqy6m,0.02,0.861,0.118,0.8611,0.09090909090909091,0.045454545454545456,0.18181818181818182,0.0,0.09090909090909091,0.045454545454545456,0.18181818181818182,0.0
t1_ipmmtxx,0.031,0.925,0.045,0.1513,0.08333333333333333,0.05555555555555555,0.1388888888888889,0.1111111111111111,0.05555555555555555,0.1111111111111111,0.08333333333333333,0.05555555555555555
t1_dimsxw7,0.058,0.82,0.122,0.3434,0.0,0.0,0.0,0.0,0.0,0.0,0.0,0.0
t1_jd4e1rk,0.046,0.818,0.136,0.6486,0.5,0.0,0.5,0.0,0.0,0.0,0.0,0.0
t1_fdlf58l,0.07,0.876,0.054,-0.1531,0.23076923076923078,0.07692307692307693,0.0,0.07692307692307693,0.15384615384615385,0.07692307692307693,0.07692307692307693,0.0
t1_ibr3h5a,0.074,0.684,0.241,0.8978,0.16666666666666666,0.0,0.0,0.4166666666666667,0.0,0.08333333333333333,0.0,0.08333333333333333
t1_hgvmqv5,0.168,0.832,0.0,-0.9231,0.05555555555555555,0.1111111111111111,0.1111111111111111,0.05555555555555555,0.05555555555555555,0.1111111111111111,0.0,0.16666666666666666
t1_j8muypx,0.066,0.883,0.051,-0.128,0.1111111111111111,0.1111111111111111,0.1111111111111111,0.1111111111111111,0.0,0.2222222222222222,0.0,0.0
t1_et51gb7,0.132,0.777,0.091,-0.4076,0.058823529411764705,0.058823529411764705,0.17647058823529413,0.11764705882352941,0.058823529411764705,0.058823529411764705,0.11764705882352941,0.058823529411764705
t1_gra4zs8,0.162,0.753,0.085,-0.8742,0.17391304347826086,0.043478260869565216,0.08695652173913043,0.13043478260869565,0.0,0.17391304347826086,0.08695652173913043,0.0
t1_f76px00,0.128,0.833,0.039,-0.6597,0.23076923076923078,0.15384615384615385,0.0,0.07692307692307693,0.07692307692307693,0.07692307692307693,0.0,0.15384615384615385
t1_ezaowcf,0.0,0.724,0.276,0.7761,0.0,0.0,0.2,0.2,0.0,0.0,0.2,0.0
t1_gboo7yh,0.031,0.806,0.163,0.784,0.07692307692307693,0.07692307692307693,0.07692307692307693,0.07692307692307693,0.23076923076923078,0.07692307692307693,0.07692307692307693,0.0
t1_gx32dqr,0.197,0.769,0.033,-0.9217,0.23076923076923078,0.23076923076923078,0.0,0.0,0.07692307692307693,0.07692307692307693,0.0,0.0
t1_g3qutf6,0.062,0.723,0.215,0.9456,0.3333333333333333,0.16666666666666666,0.0,0.16666666666666666,0.0,0.0,0.0,0.0
t1_dx73xym,0.088,0.847,0.065,-0.6628,0.06521739130434782,0.06521739130434782,0.08695652173913043,0.15217391304347827,0.06521739130434782,0.08695652173913043,0.10869565217391304,0.06521739130434782
t1_hqg51cm,0.046,0.809,0.145,0.6942,0.07692307692307693,0.07692307692307693,0.15384615384615385,0.15384615384615385,0.07692307692307693,0.07692307692307693,0.07692307692307693,0.0
t1_e3g2hoq,0.0,0.909,0.091,0.3182,0.0,0.0,0.0,0.5,0.0,0.0,0.0,0.0
t1_d1z72ut,0.0,0.924,0.076,0.6249,0.0,0.0,0.3333333333333333,0.0,0.0,0.0,0.0,0.0
t1_dtiyukh,0.0,0.886,0.114,0.8402,0.0,0.07692307692307693,0.23076923076923078,0.23076923076923078,0.07692307692307693,0.0,0.15384615384615385,0.0
t1_f7mhfqg,0.063,0.684,0.253,0.802,0.0,0.0,0.14285714285714285,0.14285714285714285,0.0,0.0,0.2857142857142857,0.0
t1_hx89t3m,0.121,0.675,0.204,0.8133,0.1875,0.125,0.0625,0.0625,0.0,0.0625,0.125,0.0
t1_ji5zu3o,0.033,0.967,0.0,-0.2732,0.125,0.0,0.125,0.25,0.0,0.0,0.0,0.0
t1_jgjssv9,0.045,0.73,0.225,0.7506,0.18181818181818182,0.0,0.18181818181818182,0.18181818181818182,0.0,0.0,0.18181818181818182,0.0
t1_ecqh23r,0.093,0.789,0.118,0.3378,0.0,0.0,0.3333333333333333,0.16666666666666666,0.0,0.0,0.25,0.0
t1_ex6ypyb,0.13,0.847,0.024,-0.8718,0.16666666666666666,0.1111111111111111,0.05555555555555555,0.05555555555555555,0.0,0.16666666666666666,0.0,0.1111111111111111
t1_jy114yn,0.084,0.746,0.17,0.4256,0.0,0.14285714285714285,0.14285714285714285,0.14285714285714285,0.14285714285714285,0.0,0.14285714285714285,0.0
t1_fz2nnut,0.0,0.97,0.03,0.4588,0.125,0.0,0.25,0.125,0.125,0.0,0.125,0.0
t1_gmr24ws,0.21,0.682,0.108,-0.2129,0.18181818181818182,0.09090909090909091,0.09090909090909091,0.09090909090909091,0.0,0.09090909090909091,0.09090909090909091,0.0
t1_dzus7a9,0.0,0.866,0.134,0.6249,0.0,0.0,0.0,0.2,0.0,0.2,0.2,0.0
t1_gvwmn6w,0.0,0.964,0.036,0.128,0.3,0.2,0.1,0.1,0.0,0.0,0.0,0.0
t1_jifup35,0.051,0.912,0.037,-0.2247,0.0,0.0,0.0,0.16666666666666666,0.16666666666666666,0.16666666666666666,0.0,0.0
t1_fpt23gw,0.049,0.674,0.277,0.8689,0.0,0.0,0.0,0.2,0.0,0.2,0.2,0.0
t1_dfm2agq,0.226,0.715,0.059,-0.952,0.09090909090909091,0.13636363636363635,0.09090909090909091,0.09090909090909091,0.09090909090909091,0.045454545454545456,0.045454545454545456,0.09090909090909091
t1_h06pi9d,0.204,0.796,0.0,-0.9447,0.2,0.12,0.0,0.08,0.04,0.12,0.0,0.08
t1_k5jqdng,0.118,0.792,0.09,-0.631,0.14285714285714285,0.10714285714285714,0.08928571428571429,0.10714285714285714,0.017857142857142856,0.17857142857142858,0.03571428571428571,0.0
t1_dpzhppp,0.0,0.898,0.102,0.6486,0.0,0.0,0.125,0.25,0.125,0.0,0.125,0.0
t1_h8ogbzf,0.026,0.891,0.083,0.6249,0.05,0.05,0.1,0.1,0.05,0.0,0.15,0.05
t1_jfjyadp,0.05,0.833,0.118,0.6868,0.0,0.0,0.18181818181818182,0.2727272727272727,0.09090909090909091,0.0,0.18181818181818182,0.0
t1_gisxy30,0.204,0.796,0.0,-0.9201,0.3333333333333333,0.08333333333333333,0.0,0.08333333333333333,0.0,0.08333333333333333,0.0,0.08333333333333333
t1_jumir45,0.045,0.955,0.0,-0.6361,0.13333333333333333,0.06666666666666667,0.0,0.0,0.0,0.26666666666666666,0.0,0.06666666666666667
t1_e40u5hk,0.156,0.789,0.055,-0.9301,0.15,0.025,0.15,0.15,0.05,0.1,0.05,0.0
t1_gv28ztq,0.053,0.788,0.16,0.6486,0.2857142857142857,0.14285714285714285,0.0,0.14285714285714285,0.0,0.0,0.0,0.0
t1_jgu3je5,0.076,0.839,0.085,0.477,0.11764705882352941,0.11764705882352941,0.058823529411764705,0.17647058823529413,0.0,0.17647058823529413,0.058823529411764705,0.0
t1_i6ez2cw,0.07,0.869,0.061,-0.2491,0.13636363636363635,0.09090909090909091,0.09090909090909091,0.22727272727272727,0.0,0.0,0.045454545454545456,0.0
t1_g3w6y6w,0.063,0.915,0.022,-0.6298,0.07142857142857142,0.07142857142857142,0.14285714285714285,0.14285714285714285,0.07142857142857142,0.07142857142857142,0.07142857142857142,0.07142857142857142
t1_dicooxf,0.196,0.63,0.174,-0.4927,0.0,0.25,0.0,0.0,0.0,0.25,0.0,0.25
t1_cxcwsmw,0.0,0.923,0.077,0.4404,0.0,0.0,0.1111111111111111,0.2222222222222222,0.1111111111111111,0.0,0.1111111111111111,0.1111111111111111
t1_dp8dh7l,0.0,0.927,0.073,0.3818,0.0,0.1,0.2,0.3,0.0,0.0,0.0,0.0
t1_ffvb5pr,0.08,0.896,0.024,-0.4588,0.09090909090909091,0.0,0.36363636363636365,0.09090909090909091,0.0,0.0,0.18181818181818182,0.0
t1_gxoevwy,0.097,0.813,0.09,0.0644,0.15,0.1,0.0,0.05,0.1,0.25,0.0,0.0
t1_ir19bs6,0.203,0.749,0.048,-0.8271,0.2,0.0,0.2,0.2,0.0,0.2,0.0,0.0
t1_fqcjsnr,0.066,0.854,0.08,0.3818,0.13636363636363635,0.045454545454545456,0.13636363636363635,0.18181818181818182,0.045454545454545456,0.045454545454545456,0.09090909090909091,0.0
t1_epiu9zy,0.0,0.937,0.063,0.6369,0.0,0.0,0.5,0.0,0.0,0.0,0.0,0.0
t1_gtgrxs3,0.034,0.892,0.074,0.7269,0.08823529411764706,0.029411764705882353,0.029411764705882353,0.17647058823529413,0.0,0.058823529411764705,0.14705882352941177,0.058823529411764705
t1_hy1qqxs,0.092,0.88,0.029,-0.3204,0.0,0.0,0.14285714285714285,0.07142857142857142,0.14285714285714285,0.07142857142857142,0.14285714285714285,0.07142857142857142
t1_g4am6if,0.0,0.842,0.158,0.8151,0.0,0.0,0.1111111111111111,0.3333333333333333,0.1111111111111111,0.0,0.1111111111111111,0.0
t1_howxfds,0.0,0.908,0.092,0.6908,0.0,0.0,0.5,0.25,0.0,0.0,0.0,0.0
t1_hoo8yfv,0.051,0.949,0.0,-0.4404,0.0,0.0,0.0,0.0,0.0,0.0,0.0,0.25
t1_hg0kkuj,0.02,0.89,0.09,0.7351,0.125,0.0,0.0,0.25,0.0,0.0,0.0,0.0
t1_hoo8yfv,0.051,0.949,0.0,-0.4404,0.0,0.0,0.0,0.0,0.0,0.0,0.0,0.25
t1_hg0l84c,0.02,0.89,0.09,0.7351,0.125,0.0,0.0,0.25,0.0,0.0,0.0,0.0
t1_hlc3hbc,0.059,0.651,0.289,0.96,0.0,0.0,0.2,0.2,0.0,0.0,0.1,0.0
t1_gc8g0tz,0.04,0.763,0.198,0.765,0.0,0.0,0.16666666666666666,0.16666666666666666,0.0,0.0,0.16666666666666666,0.0
t1_eg7vw9d,0.037,0.905,0.058,0.2177,0.0,0.0,0.0,0.6,0.0,0.0,0.0,0.0
t1_k3rq183,0.018,0.883,0.1,0.8976,0.08333333333333333,0.016666666666666666,0.13333333333333333,0.11666666666666667,0.1,0.016666666666666666,0.06666666666666667,0.05
t1_eu5tt7g,0.0,1.0,0.0,0.0,0.0,0.0,1.0,0.0,0.0,0.0,0.0,0.0
t1_hf6t852,0.102,0.774,0.124,0.3612,0.25,0.16666666666666666,0.16666666666666666,0.0,0.0,0.08333333333333333,0.0,0.0
t1_g0pb1bn,0.055,0.913,0.033,-0.1779,0.14285714285714285,0.14285714285714285,0.0,0.14285714285714285,0.0,0.0,0.0,0.0
t1_jed1bk6,0.0,0.868,0.132,0.6199,0.0,0.0,0.2,0.2,0.06666666666666667,0.0,0.2,0.0
t1_fnwt7z6,0.0,1.0,0.0,0.0,0.0,0.3333333333333333,0.0,0.0,0.0,0.0,0.0,0.0
t1_k2d17jz,0.0,0.871,0.129,0.886,0.11764705882352941,0.11764705882352941,0.0,0.11764705882352941,0.0,0.0,0.11764705882352941,0.0
t1_jikjg3s,0.275,0.67,0.056,-0.9765,0.21875,0.125,0.0,0.0,0.0,0.1875,0.0,0.0625
t1_e2fgubo,0.0,0.89,0.11,0.6486,0.0,0.1,0.1,0.2,0.1,0.0,0.2,0.0
t1_k7ifxz9,0.033,0.91,0.057,-0.1864,0.05263157894736842,0.0,0.21052631578947367,0.2631578947368421,0.05263157894736842,0.0,0.10526315789473684,0.0
t1_ele3v9o,0.206,0.645,0.149,-0.5767,0.23529411764705882,0.11764705882352941,0.058823529411764705,0.058823529411764705,0.0,0.23529411764705882,0.0,0.058823529411764705
t1_gvq5mg0,0.104,0.833,0.062,-0.4939,0.22727272727272727,0.13636363636363635,0.09090909090909091,0.045454545454545456,0.0,0.13636363636363635,0.0,0.0
t1_gxklosu,0.14,0.801,0.059,-0.8834,0.25,0.09375,0.0,0.03125,0.0625,0.1875,0.0,0.0625
t1_f9b2zh8,0.0,0.936,0.064,0.4576,0.2,0.0,0.0,0.4,0.0,0.0,0.0,0.2
t1_emksy92,0.0,1.0,0.0,0.0,0.14285714285714285,0.14285714285714285,0.0,0.2857142857142857,0.0,0.14285714285714285,0.0,0.14285714285714285
t1_gufpuie,0.063,0.756,0.181,0.965,0.07692307692307693,0.038461538461538464,0.038461538461538464,0.19230769230769232,0.038461538461538464,0.038461538461538464,0.038461538461538464,0.038461538461538464
t1_ibj6t6i,0.139,0.861,0.0,-0.6486,0.1111111111111111,0.1111111111111111,0.1111111111111111,0.1111111111111111,0.1111111111111111,0.0,0.1111111111111111,0.0
t1_gu8ea7e,0.059,0.925,0.016,-0.6662,0.16666666666666666,0.16666666666666666,0.05555555555555555,0.0,0.05555555555555555,0.05555555555555555,0.05555555555555555,0.1111111111111111
t1_hm254zx,0.292,0.708,0.0,-0.9032,0.0,0.0,0.0,0.5,0.0,0.0,0.0,0.0
t1_dzh0psp,0.0,1.0,0.0,0.0,0.09090909090909091,0.09090909090909091,0.09090909090909091,0.18181818181818182,0.0,0.09090909090909091,0.0,0.09090909090909091
t1_fb689r5,0.041,0.871,0.088,0.7906,0.13333333333333333,0.0,0.2,0.2,0.0,0.06666666666666667,0.06666666666666667,0.0
t1_gyrc8hk,0.0,0.87,0.13,0.9246,0.0,0.0,0.2,0.1,0.0,0.0,0.2,0.0
t1_dy74uqc,0.028,0.921,0.051,0.3291,0.1,0.1,0.2,0.0,0.1,0.0,0.1,0.0
t1_jraxqgr,0.097,0.818,0.084,-0.128,0.0,0.16666666666666666,0.0,0.16666666666666666,0.0,0.0,0.0,0.16666666666666666
t1_gbys40f,0.0,0.929,0.071,0.4939,0.0,0.0,0.0,0.0,0.0,0.0,0.0,0.0
t1_e390jy4,0.242,0.758,0.0,-0.9592,0.2727272727272727,0.13636363636363635,0.045454545454545456,0.0,0.09090909090909091,0.09090909090909091,0.0,0.045454545454545456
t1_icqh4om,0.0,0.865,0.135,0.8712,0.0,0.0,0.0625,0.3125,0.0625,0.0,0.1875,0.0
t1_exiixvj,0.087,0.725,0.189,0.7929,0.0,0.0,0.07692307692307693,0.23076923076923078,0.0,0.07692307692307693,0.23076923076923078,0.0
t1_jsh4nf1,0.097,0.903,0.0,-0.6486,0.14285714285714285,0.14285714285714285,0.0,0.14285714285714285,0.0,0.14285714285714285,0.0,0.14285714285714285
t1_h7cx44m,0.029,0.945,0.026,-0.0516,0.1,0.0,0.1,0.1,0.1,0.1,0.0,0.0
t1_h9yc46m,0.197,0.649,0.154,-0.2023,0.07692307692307693,0.15384615384615385,0.07692307692307693,0.15384615384615385,0.0,0.07692307692307693,0.07692307692307693,0.0
t1_jayge8u,0.052,0.882,0.066,0.2075,0.1,0.1,0.0,0.1,0.0,0.16666666666666666,0.03333333333333333,0.16666666666666666
t1_eur5zb8,0.075,0.809,0.116,0.1027,0.0,0.0,0.2,0.2,0.0,0.0,0.2,0.0
t1_hjyjayu,0.283,0.609,0.108,-0.7652,0.4,0.1,0.1,0.0,0.0,0.1,0.1,0.0
t1_ibtsakd,0.136,0.807,0.057,-0.5719,0.3333333333333333,0.0,0.0,0.0,0.0,0.0,0.0,0.0
t1_ew5o3zf,0.192,0.77,0.038,-0.8957,0.07692307692307693,0.15384615384615385,0.07692307692307693,0.15384615384615385,0.0,0.07692307692307693,0.15384615384615385,0.0
t1_g4w3kop,0.223,0.777,0.0,-0.9279,0.08333333333333333,0.08333333333333333,0.0,0.16666666666666666,0.0,0.08333333333333333,0.08333333333333333,0.08333333333333333
t1_jf8ewsk,0.051,0.949,0.0,-0.6124,0.23076923076923078,0.07692307692307693,0.23076923076923078,0.07692307692307693,0.07692307692307693,0.0,0.0,0.0
t1_gkzii57,0.079,0.876,0.045,-0.631,0.11764705882352941,0.11764705882352941,0.058823529411764705,0.11764705882352941,0.058823529411764705,0.058823529411764705,0.058823529411764705,0.11764705882352941
t1_fn90sjq,0.171,0.829,0.0,-0.7177,0.1111111111111111,0.1111111111111111,0.0,0.2222222222222222,0.0,0.1111111111111111,0.0,0.0
t1_fzvie0m,0.234,0.766,0.0,-0.9393,0.14285714285714285,0.0,0.14285714285714285,0.14285714285714285,0.0,0.14285714285714285,0.0,0.0
t1_hvdbhzd,0.126,0.76,0.115,-0.2033,0.08333333333333333,0.08333333333333333,0.16666666666666666,0.0,0.08333333333333333,0.08333333333333333,0.08333333333333333,0.08333333333333333
t1_gxc6pm7,0.056,0.746,0.198,0.9667,0.07692307692307693,0.0,0.1282051282051282,0.20512820512820512,0.02564102564102564,0.05128205128205128,0.07692307692307693,0.0
t1_ea8qooq,0.198,0.754,0.048,-0.8479,0.1,0.1,0.05,0.1,0.05,0.1,0.05,0.05
t1_euqbtx8,0.0,0.806,0.194,0.7579,0.0,0.0,0.0,0.25,0.0,0.0,0.25,0.0
t1_dsu6gea,0.02,0.952,0.028,0.1531,0.0,0.0,0.16666666666666666,0.16666666666666666,0.16666666666666666,0.0,0.16666666666666666,0.0
t1_k2kncfb,0.038,0.915,0.047,0.0065,0.06666666666666667,0.06666666666666667,0.13333333333333333,0.13333333333333333,0.06666666666666667,0.06666666666666667,0.06666666666666667,0.06666666666666667
t1_hgnn0ca,0.023,0.936,0.042,0.2023,0.0,0.0,0.25,0.0,0.0,0.125,0.0,0.125
t1_gtqa1c4,0.15,0.763,0.087,-0.3612,0.0,0.0,0.1111111111111111,0.2222222222222222,0.0,0.1111111111111111,0.1111111111111111,0.0
t1_jdijyir,0.077,0.712,0.212,0.7351,0.16666666666666666,0.0,0.08333333333333333,0.16666666666666666,0.0,0.08333333333333333,0.08333333333333333,0.0
t1_gg1xctq,0.061,0.833,0.105,0.2975,0.058823529411764705,0.058823529411764705,0.058823529411764705,0.17647058823529413,0.0,0.058823529411764705,0.11764705882352941,0.0
t1_di0tf0w,0.091,0.872,0.037,-0.5267,0.16666666666666666,0.0,0.0,0.25,0.0,0.08333333333333333,0.08333333333333333,0.0
t1_hmkdoaj,0.0,0.818,0.182,0.9623,0.05555555555555555,0.0,0.05555555555555555,0.16666666666666666,0.05555555555555555,0.0,0.05555555555555555,0.0
t1_dvmxtkp,0.029,0.879,0.092,0.7506,0.07142857142857142,0.0,0.14285714285714285,0.21428571428571427,0.0,0.07142857142857142,0.07142857142857142,0.0
t1_gnzeau1,0.041,0.807,0.152,0.8938,0.07692307692307693,0.0,0.23076923076923078,0.07692307692307693,0.0,0.0,0.15384615384615385,0.0
t1_gti8t2s,0.022,0.928,0.05,0.4201,0.1111111111111111,0.0,0.2222222222222222,0.1111111111111111,0.0,0.0,0.0,0.1111111111111111
t1_jyv5s36,0.121,0.725,0.154,0.296,0.07692307692307693,0.07692307692307693,0.0,0.15384615384615385,0.0,0.07692307692307693,0.0,0.15384615384615385
t1_kc4rnom,0.078,0.889,0.033,-0.5776,0.0,0.0,0.1111111111111111,0.1111111111111111,0.0,0.1111111111111111,0.1111111111111111,0.0
t1_gjusi7r,0.075,0.925,0.0,-0.6124,0.16666666666666666,0.08333333333333333,0.08333333333333333,0.16666666666666666,0.0,0.0,0.0,0.0
t1_jgd1w5c,0.098,0.851,0.05,-0.8591,0.05263157894736842,0.05263157894736842,0.05263157894736842,0.10526315789473684,0.05263157894736842,0.05263157894736842,0.05263157894736842,0.15789473684210525
t1_hr8hp7k,0.08,0.801,0.119,0.128,0.09090909090909091,0.09090909090909091,0.09090909090909091,0.09090909090909091,0.09090909090909091,0.0,0.09090909090909091,0.09090909090909091
t1_kfr3rpg,0.046,0.829,0.125,0.8016,0.0,0.05263157894736842,0.10526315789473684,0.15789473684210525,0.05263157894736842,0.10526315789473684,0.10526315789473684,0.0
t1_ghx9iix,0.19,0.693,0.117,-0.9332,0.19148936170212766,0.10638297872340426,0.06382978723404255,0.0425531914893617,0.0425531914893617,0.2127659574468085,0.0,0.0851063829787234
t1_girn761,0.153,0.764,0.082,-0.7265,0.10810810810810811,0.02702702702702703,0.10810810810810811,0.08108108108108109,0.02702702702702703,0.10810810810810811,0.05405405405405406,0.05405405405405406
t1_jkzy8y0,0.183,0.796,0.021,-0.9447,0.3,0.0,0.1,0.0,0.0,0.0,0.0,0.0
t1_k41y1w0,0.029,0.918,0.053,0.5023,0.1,0.0,0.1,0.0,0.2,0.0,0.0,0.0
t1_dv5ircm,0.116,0.806,0.078,0.3848,0.0,0.0,0.03125,0.25,0.25,0.0,0.0625,0.03125
t1_gthr1lw,0.278,0.68,0.042,-0.9673,0.19047619047619047,0.19047619047619047,0.047619047619047616,0.0,0.09523809523809523,0.14285714285714285,0.0,0.09523809523809523
t1_eryh0q0,0.085,0.895,0.02,-0.5423,0.08333333333333333,0.08333333333333333,0.25,0.16666666666666666,0.0,0.08333333333333333,0.0,0.08333333333333333
t1_hympdkc,0.0,1.0,0.0,0.0,0.2222222222222222,0.1111111111111111,0.0,0.1111111111111111,0.1111111111111111,0.0,0.0,0.0
t1_hlk1vci,0.0,0.857,0.143,0.9081,0.02702702702702703,0.05405405405405406,0.10810810810810811,0.13513513513513514,0.10810810810810811,0.13513513513513514,0.10810810810810811,0.05405405405405406
t1_dwvwcc1,0.094,0.906,0.0,-0.6329,0.0,0.14285714285714285,0.14285714285714285,0.21428571428571427,0.07142857142857142,0.0,0.07142857142857142,0.0
t1_fdozq1x,0.0,0.793,0.207,0.8242,0.125,0.0,0.25,0.125,0.0,0.0,0.125,0.0
t1_du0xjc4,0.286,0.714,0.0,-0.9559,0.15384615384615385,0.23076923076923078,0.0,0.0,0.0,0.15384615384615385,0.0,0.15384615384615385
t1_h7q6cnw,0.029,0.872,0.099,0.7399,0.2222222222222222,0.0,0.2222222222222222,0.05555555555555555,0.0,0.0,0.16666666666666666,0.05555555555555555
t1_glsosku,0.2,0.755,0.045,-0.8221,0.058823529411764705,0.058823529411764705,0.058823529411764705,0.11764705882352941,0.058823529411764705,0.058823529411764705,0.11764705882352941,0.17647058823529413
t1_f6p3ul1,0.094,0.728,0.179,0.7711,0.125,0.0625,0.0625,0.1875,0.0,0.0625,0.0,0.125
t1_i3vrtci,0.11,0.831,0.058,-0.6776,0.0,0.0,0.3333333333333333,0.3333333333333333,0.0,0.0,0.0,0.0
t1_kei3mp6,0.0,1.0,0.0,0.0,0.0,0.0,0.0,0.0,0.0,0.0,0.0,0.0
t1_j0mm67k,0.139,0.767,0.094,-0.701,0.2,0.2,0.0,0.0,0.0,0.0,0.0,0.06666666666666667
t1_gru6jor,0.063,0.864,0.073,0.5095,0.2,0.1,0.0,0.2,0.1,0.1,0.0,0.0
t1_e83mhq9,0.127,0.793,0.08,-0.6846,0.1111111111111111,0.0,0.027777777777777776,0.19444444444444445,0.0,0.16666666666666666,0.1111111111111111,0.05555555555555555
t1_dy393qs,0.066,0.869,0.066,0.0,0.0,0.0,0.0,0.0,0.0,0.0,0.0,0.0
t1_eqmd4u2,0.0,0.952,0.048,0.3182,0.0,0.0,0.0,0.0,0.0,0.0,0.0,0.0
t1_dvr2adz,0.025,0.9,0.075,0.5233,0.07142857142857142,0.14285714285714285,0.0,0.21428571428571427,0.0,0.07142857142857142,0.07142857142857142,0.07142857142857142
t1_hru767g,0.144,0.765,0.091,-0.3291,0.0,0.08333333333333333,0.08333333333333333,0.0,0.08333333333333333,0.16666666666666666,0.08333333333333333,0.08333333333333333
t1_fwa4gqt,0.061,0.802,0.137,0.8275,0.13333333333333333,0.06666666666666667,0.13333333333333333,0.2,0.0,0.06666666666666667,0.13333333333333333,0.06666666666666667
t1_jh57d37,0.202,0.659,0.139,-0.3523,0.08333333333333333,0.0,0.0,0.16666666666666666,0.0,0.0,0.08333333333333333,0.16666666666666666
t1_fed41tf,0.162,0.806,0.032,-0.8957,0.07142857142857142,0.07142857142857142,0.14285714285714285,0.14285714285714285,0.0,0.0,0.0,0.07142857142857142
t1_guhjius,0.147,0.724,0.129,-0.4019,0.2,0.2,0.2,0.0,0.0,0.0,0.0,0.0
t1_gxdbfon,0.177,0.56,0.263,0.7999,0.12121212121212122,0.09090909090909091,0.030303030303030304,0.12121212121212122,0.0,0.12121212121212122,0.06060606060606061,0.12121212121212122
t1_gthr1lw,0.278,0.68,0.042,-0.9673,0.19047619047619047,0.19047619047619047,0.047619047619047616,0.0,0.09523809523809523,0.14285714285714285,0.0,0.09523809523809523
t1_grux0lh,0.086,0.914,0.0,-0.7717,0.1,0.0,0.0,0.2,0.0,0.1,0.1,0.0
t1_fdt05co,0.0,0.921,0.079,0.3612,0.0,0.0,0.0,0.0,0.0,0.0,0.0,0.0
t1_exagppq,0.132,0.815,0.052,-0.7003,0.0,0.0,0.2222222222222222,0.1111111111111111,0.0,0.0,0.0,0.0
t1_cwkcalg,0.083,0.724,0.193,0.796,0.05555555555555555,0.05555555555555555,0.1111111111111111,0.1111111111111111,0.1111111111111111,0.1111111111111111,0.1111111111111111,0.05555555555555555
t1_k6u773a,0.111,0.849,0.04,-0.743,0.0,0.0,0.1,0.1,0.0,0.0,0.0,0.1
t1_dqlmrfp,0.169,0.773,0.059,-0.5719,0.125,0.0625,0.125,0.125,0.0625,0.0625,0.0625,0.0
t1_hzw41mn,0.16,0.84,0.0,-0.7906,0.0,0.0,0.0,0.3333333333333333,0.3333333333333333,0.0,0.0,0.3333333333333333
t1_d560jmc,0.025,0.951,0.024,-0.0258,0.14285714285714285,0.07142857142857142,0.14285714285714285,0.07142857142857142,0.0,0.14285714285714285,0.07142857142857142,0.0
t1_eyelvev,0.038,0.886,0.077,0.6831,0.0,0.10344827586206896,0.13793103448275862,0.13793103448275862,0.034482758620689655,0.034482758620689655,0.034482758620689655,0.034482758620689655
t1_diebx8y,0.099,0.766,0.135,0.3818,0.0,0.0,0.2,0.0,0.0,0.0,0.2,0.0
t1_dzofg1a,0.035,0.846,0.119,0.5267,0.07692307692307693,0.07692307692307693,0.15384615384615385,0.07692307692307693,0.15384615384615385,0.07692307692307693,0.07692307692307693,0.07692307692307693
t1_gbsfufc,0.017,0.94,0.042,0.3818,0.0,0.0,0.4,0.0,0.0,0.0,0.0,0.0
t1_iv7fmry,0.067,0.845,0.088,0.3156,0.06451612903225806,0.03225806451612903,0.12903225806451613,0.22580645161290322,0.0,0.06451612903225806,0.0967741935483871,0.0
t1_ivaf0yr,0.082,0.896,0.022,-0.802,0.043478260869565216,0.0,0.17391304347826086,0.13043478260869565,0.0,0.08695652173913043,0.08695652173913043,0.0
t1_gxljkuk,0.101,0.865,0.034,-0.4939,0.2777777777777778,0.05555555555555555,0.05555555555555555,0.1111111111111111,0.05555555555555555,0.05555555555555555,0.0,0.05555555555555555
t1_hvaeb40,0.052,0.886,0.061,0.1027,0.0,0.16666666666666666,0.16666666666666666,0.0,0.0,0.16666666666666666,0.0,0.0
t1_eutiq8t,0.098,0.83,0.072,-0.4111,0.14285714285714285,0.07142857142857142,0.03571428571428571,0.10714285714285714,0.0,0.17857142857142858,0.0,0.07142857142857142
t1_h17bkg7,0.112,0.778,0.111,0.2263,0.0,0.05263157894736842,0.10526315789473684,0.21052631578947367,0.05263157894736842,0.0,0.05263157894736842,0.05263157894736842
t1_hl44mw5,0.152,0.816,0.032,-0.8957,0.2608695652173913,0.17391304347826086,0.0,0.08695652173913043,0.043478260869565216,0.13043478260869565,0.0,0.0
t1_e09yucu,0.069,0.691,0.24,0.8115,0.0,0.0,0.5,0.0,0.0,0.0,0.0,0.0
t1_inm8hm3,0.106,0.894,0.0,-0.7882,0.15,0.1,0.1,0.05,0.05,0.0,0.0,0.1
t1_hhtd880,0.176,0.771,0.053,-0.8488,0.4,0.2,0.0,0.0,0.0,0.0,0.0,0.0
t1_gxd9iny,0.024,0.976,0.0,-0.296,0.16666666666666666,0.0,0.0,0.16666666666666666,0.16666666666666666,0.0,0.0,0.0
t1_erojsmh,0.06,0.835,0.105,0.4019,0.18181818181818182,0.0,0.09090909090909091,0.0,0.0,0.18181818181818182,0.0,0.0
t1_f5x3kqq,0.04,0.873,0.087,0.5106,0.17647058823529413,0.058823529411764705,0.17647058823529413,0.11764705882352941,0.058823529411764705,0.058823529411764705,0.11764705882352941,0.058823529411764705
t1_huihxt7,0.0,0.799,0.201,0.8426,0.0,0.08333333333333333,0.08333333333333333,0.25,0.08333333333333333,0.08333333333333333,0.16666666666666666,0.0
t1_ino5ury,0.07,0.898,0.033,-0.194,0.06666666666666667,0.06666666666666667,0.13333333333333333,0.2,0.06666666666666667,0.0,0.13333333333333333,0.0
t1_iukf0bt,0.079,0.739,0.182,0.4137,0.25,0.0,0.125,0.0,0.125,0.0,0.25,0.0
t1_gny9w6i,0.101,0.839,0.06,-0.6161,0.08333333333333333,0.0,0.0,0.0,0.0,0.3333333333333333,0.0,0.0
t1_euffflx,0.062,0.835,0.103,0.9001,0.07142857142857142,0.0,0.07142857142857142,0.14285714285714285,0.07142857142857142,0.07142857142857142,0.0,0.0
t1_ekzj0w3,0.291,0.634,0.075,-0.8161,1.0,0.0,0.0,0.0,0.0,0.0,0.0,0.0
t1_hn52wjp,0.0,0.776,0.224,0.9423,0.06666666666666667,0.0,0.13333333333333333,0.13333333333333333,0.0,0.0,0.2,0.0
t1_dv52oyg,0.089,0.846,0.065,-0.6369,0.05263157894736842,0.02631578947368421,0.10526315789473684,0.10526315789473684,0.05263157894736842,0.10526315789473684,0.05263157894736842,0.02631578947368421
t1_e60zb6j,0.109,0.833,0.058,-0.3818,0.3333333333333333,0.16666666666666666,0.0,0.16666666666666666,0.0,0.16666666666666666,0.0,0.0
t1_e4xcv8h,0.08,0.849,0.07,-0.3309,0.13043478260869565,0.043478260869565216,0.043478260869565216,0.043478260869565216,0.08695652173913043,0.08695652173913043,0.0,0.17391304347826086
t1_ialtcxq,0.095,0.789,0.116,0.2589,0.2857142857142857,0.0,0.0,0.14285714285714285,0.0,0.14285714285714285,0.0,0.0
t1_fsxo0dp,0.0,1.0,0.0,0.0,0.14285714285714285,0.0,0.2857142857142857,0.2857142857142857,0.0,0.0,0.0,0.0
t1_kak50al,0.082,0.783,0.134,0.431,0.1,0.1,0.05,0.1,0.0,0.1,0.05,0.2
t1_gxd9muv,0.024,0.976,0.0,-0.296,0.16666666666666666,0.0,0.0,0.16666666666666666,0.16666666666666666,0.0,0.0,0.0
t1_gw2t76k,0.036,0.876,0.088,0.8856,0.0,0.0,0.08,0.2,0.04,0.08,0.16,0.04
t1_j468enl,0.077,0.741,0.182,0.8908,0.1,0.0,0.1,0.2,0.0,0.0,0.1,0.1
t1_jnkwca9,0.0,0.893,0.107,0.5984,0.10526315789473684,0.0,0.0,0.3157894736842105,0.0,0.0,0.05263157894736842,0.05263157894736842
t1_cguw8w8,0.033,0.783,0.184,0.9118,0.038461538461538464,0.07692307692307693,0.038461538461538464,0.2692307692307692,0.038461538461538464,0.038461538461538464,0.15384615384615385,0.0
t1_hya1hh7,0.0,0.829,0.171,0.7506,0.2,0.1,0.1,0.1,0.0,0.1,0.0,0.1
t1_hg0kqc9,0.02,0.89,0.09,0.7351,0.125,0.0,0.0,0.25,0.0,0.0,0.0,0.0
t1_gvdyqti,0.048,0.952,0.0,-0.5267,0.13043478260869565,0.13043478260869565,0.043478260869565216,0.0,0.043478260869565216,0.0,0.043478260869565216,0.21739130434782608
t1_fnpdxah,0.047,0.872,0.081,0.2732,0.0,0.0,0.0,0.0,0.0,0.0,0.0,0.0
t1_kde6dk3,0.024,0.898,0.078,0.6808,0.0,0.14285714285714285,0.0,0.0,0.0,0.14285714285714285,0.14285714285714285,0.14285714285714285
t1_gxwf4o9,0.057,0.847,0.096,0.5719,0.17647058823529413,0.0,0.11764705882352941,0.23529411764705882,0.0,0.0,0.058823529411764705,0.058823529411764705
t1_enhapvn,0.117,0.818,0.065,-0.6124,0.07142857142857142,0.0,0.0,0.42857142857142855,0.07142857142857142,0.0,0.0,0.07142857142857142
t1_ex53tdk,0.0,0.802,0.198,0.8243,0.0,0.0,0.2,0.2,0.0,0.0,0.2,0.0
t1_inbwxt1,0.0,0.906,0.094,0.5859,0.0,0.07692307692307693,0.15384615384615385,0.38461538461538464,0.07692307692307693,0.0,0.07692307692307693,0.0
t1_j5ucj88,0.0,0.908,0.092,0.8126,0.05405405405405406,0.13513513513513514,0.10810810810810811,0.13513513513513514,0.10810810810810811,0.05405405405405406,0.08108108108108109,0.10810810810810811
t1_fv21p9l,0.048,0.922,0.03,-0.2554,0.14285714285714285,0.14285714285714285,0.0,0.0,0.0,0.14285714285714285,0.0,0.0
t1_gvdk1rj,0.114,0.756,0.129,-0.1779,0.2,0.13333333333333333,0.0,0.0,0.0,0.13333333333333333,0.06666666666666667,0.13333333333333333
t1_h87wuuf,0.038,0.922,0.04,0.0258,0.5,0.0,0.0,0.0,0.0,0.0,0.0,0.0
t1_i93tc96,0.117,0.792,0.09,-0.4033,0.0,0.0,0.16666666666666666,0.3333333333333333,0.08333333333333333,0.0,0.0,0.08333333333333333
t1_ezu2gtr,0.182,0.736,0.083,-0.7333,0.2,0.2,0.1,0.0,0.0,0.2,0.0,0.1
t1_fwzhhdl,0.167,0.833,0.0,-0.7208,0.16666666666666666,0.0,0.16666666666666666,0.16666666666666666,0.0,0.0,0.0,0.0
t1_gjusp8f,0.075,0.925,0.0,-0.6124,0.16666666666666666,0.08333333333333333,0.08333333333333333,0.16666666666666666,0.0,0.0,0.0,0.0
t1_gkxith8,0.17,0.797,0.032,-0.936,0.15151515151515152,0.06060606060606061,0.15151515151515152,0.0,0.0,0.12121212121212122,0.09090909090909091,0.09090909090909091
t1_ffurfu0,0.103,0.647,0.25,0.8119,0.0,0.0,0.07142857142857142,0.14285714285714285,0.14285714285714285,0.07142857142857142,0.21428571428571427,0.0
t1_gvdybd6,0.0,0.856,0.144,0.9419,0.0,0.0,0.3333333333333333,0.06666666666666667,0.06666666666666667,0.0,0.06666666666666667,0.0
t1_exiozm7,0.0,1.0,0.0,0.0,0.0,0.0,0.3333333333333333,0.3333333333333333,0.0,0.0,0.0,0.0
t1_gxbc5d7,0.076,0.874,0.05,-0.5767,0.12903225806451613,0.03225806451612903,0.1935483870967742,0.0967741935483871,0.0967741935483871,0.06451612903225806,0.0967741935483871,0.03225806451612903
t1_kfkui6e,0.159,0.808,0.033,-0.8139,0.13333333333333333,0.06666666666666667,0.06666666666666667,0.13333333333333333,0.0,0.06666666666666667,0.06666666666666667,0.0
t1_e3f3qay,0.125,0.794,0.081,-0.3612,0.11764705882352941,0.11764705882352941,0.17647058823529413,0.058823529411764705,0.0,0.17647058823529413,0.0,0.11764705882352941
t1_fvy5ilb,0.021,0.83,0.15,0.8846,0.0,0.0,0.08333333333333333,0.16666666666666666,0.0,0.0,0.08333333333333333,0.0
t1_jlgd7c0,0.187,0.65,0.163,-0.3811,0.0,0.08333333333333333,0.16666666666666666,0.16666666666666666,0.08333333333333333,0.08333333333333333,0.08333333333333333,0.0
t1_gyl5nvu,0.038,0.801,0.16,0.9509,0.0,0.0625,0.0625,0.1875,0.0625,0.0625,0.0625,0.0
t1_johr9g7,0.181,0.819,0.0,-0.7587,0.17647058823529413,0.058823529411764705,0.058823529411764705,0.23529411764705882,0.058823529411764705,0.0,0.11764705882352941,0.0
t1_k81m5m3,0.077,0.836,0.087,0.0772,0.16666666666666666,0.16666666666666666,0.0,0.16666666666666666,0.0,0.16666666666666666,0.0,0.0
t1_emy97tj,0.066,0.898,0.036,-0.1761,0.16666666666666666,0.3333333333333333,0.0,0.0,0.0,0.0,0.0,0.0
t1_e43isyj,0.102,0.898,0.0,-0.3182,0.2727272727272727,0.09090909090909091,0.0,0.18181818181818182,0.0,0.0,0.09090909090909091,0.0
t1_j98wv86,0.13,0.87,0.0,-0.8737,0.0,0.0,0.2222222222222222,0.1111111111111111,0.0,0.0,0.1111111111111111,0.0
t1_dk4f13q,0.0,0.901,0.099,0.4914,0.2,0.0,0.0,0.2,0.0,0.2,0.0,0.0
t1_jbid49b,0.196,0.671,0.133,-0.7962,0.14634146341463414,0.07317073170731707,0.07317073170731707,0.07317073170731707,0.07317073170731707,0.14634146341463414,0.04878048780487805,0.024390243902439025
t1_h9ybqe7,0.197,0.649,0.154,-0.2023,0.07692307692307693,0.15384615384615385,0.07692307692307693,0.15384615384615385,0.0,0.07692307692307693,0.07692307692307693,0.0
t1_k9lz1kz,0.0,0.927,0.073,0.5994,0.14285714285714285,0.0,0.07142857142857142,0.2857142857142857,0.0,0.0,0.07142857142857142,0.07142857142857142
t1_h5nxa6r,0.023,0.787,0.19,0.9744,0.02857142857142857,0.02857142857142857,0.2,0.11428571428571428,0.08571428571428572,0.05714285714285714,0.08571428571428572,0.02857142857142857
t1_hfszr26,0.066,0.908,0.026,-0.5413,0.11764705882352941,0.11764705882352941,0.11764705882352941,0.11764705882352941,0.058823529411764705,0.058823529411764705,0.058823529411764705,0.058823529411764705
t1_imwd43s,0.039,0.771,0.19,0.7906,0.11764705882352941,0.11764705882352941,0.17647058823529413,0.17647058823529413,0.0,0.0,0.11764705882352941,0.11764705882352941
t1_g1gtskh,0.158,0.794,0.048,-0.7684,0.0,0.0,0.2857142857142857,0.2857142857142857,0.0,0.0,0.14285714285714285,0.0
t1_fvvwmd7,0.102,0.855,0.043,-0.7506,0.038461538461538464,0.11538461538461539,0.038461538461538464,0.11538461538461539,0.038461538461538464,0.07692307692307693,0.07692307692307693,0.0
t1_jeh92lw,0.054,0.837,0.109,0.4043,0.06666666666666667,0.0,0.0,0.2,0.06666666666666667,0.13333333333333333,0.13333333333333333,0.0
t1_hqqc480,0.0,0.794,0.206,0.9288,0.09090909090909091,0.0,0.0,0.2727272727272727,0.0,0.0,0.09090909090909091,0.0
t1_gxljv68,0.0,0.881,0.119,0.8297,0.18518518518518517,0.07407407407407407,0.037037037037037035,0.1111111111111111,0.1111111111111111,0.037037037037037035,0.1111111111111111,0.037037037037037035
t1_e2tgn2x,0.286,0.62,0.095,-0.9289,0.125,0.25,0.0,0.0,0.0,0.125,0.0,0.25
t1_itnlw7g,0.0,1.0,0.0,0.0,0.0,0.0,0.4,0.0,0.2,0.2,0.0,0.0
t1_ecqu4ne,0.12,0.88,0.0,-0.6601,0.4444444444444444,0.0,0.2222222222222222,0.0,0.0,0.0,0.0,0.0
t1_j5sxio3,0.059,0.84,0.102,0.5619,0.12,0.04,0.12,0.24,0.0,0.08,0.04,0.0
t1_gqurlxb,0.0,0.952,0.048,0.0772,0.0,0.0,0.0,0.5,0.0,0.0,0.0,0.0
t1_ijn6u4f,0.056,0.836,0.108,0.8658,0.12903225806451613,0.0967741935483871,0.0,0.16129032258064516,0.06451612903225806,0.0967741935483871,0.03225806451612903,0.06451612903225806
t1_gxd8kq4,0.0,0.859,0.141,0.9277,0.0,0.05555555555555555,0.16666666666666666,0.16666666666666666,0.0,0.05555555555555555,0.1111111111111111,0.0
t1_k9bplnr,0.0,0.969,0.031,0.0516,0.0,0.0,0.0,0.2,0.0,0.4,0.0,0.0
t1_dl1jd31,0.088,0.877,0.035,-0.7003,0.25,0.08333333333333333,0.08333333333333333,0.08333333333333333,0.041666666666666664,0.0,0.041666666666666664,0.0
t1_h5w43gd,0.048,0.867,0.085,0.0772,0.0,0.0,0.1,0.4,0.0,0.0,0.1,0.0
t1_immj2qa,0.12,0.817,0.063,-0.6936,0.21052631578947367,0.10526315789473684,0.05263157894736842,0.15789473684210525,0.0,0.05263157894736842,0.0,0.05263157894736842
t1_e0qho6h,0.0,0.664,0.336,0.9349,0.0,0.0,0.16666666666666666,0.16666666666666666,0.16666666666666666,0.0,0.16666666666666666,0.0
t1_geasb34,0.0,1.0,0.0,0.0,0.0,0.0,0.0,0.0,0.0,0.0,0.0,0.0
t1_gbe2sc1,0.0,1.0,0.0,0.0,0.0,0.0,0.0,0.0,0.0,0.0,0.0,0.0
t1_jiykl4j,0.0,0.961,0.039,0.5106,0.15,0.05,0.05,0.2,0.0,0.1,0.0,0.05
t1_etbyfam,0.13,0.778,0.093,-0.1779,0.24,0.16,0.0,0.04,0.0,0.2,0.04,0.04
t1_ebmj8s4,0.246,0.719,0.035,-0.93,0.16666666666666666,0.125,0.08333333333333333,0.0,0.125,0.16666666666666666,0.0,0.08333333333333333
t1_fyqgpgd,0.056,0.944,0.0,-0.3421,0.14285714285714285,0.0,0.0,0.14285714285714285,0.0,0.14285714285714285,0.0,0.14285714285714285
t1_kc0ct8j,0.104,0.896,0.0,-0.4404,0.0,0.0,0.3333333333333333,0.3333333333333333,0.0,0.0,0.0,0.0
t1_hadbv5m,0.0,0.943,0.057,0.3919,0.5,0.0,0.0,0.5,0.0,0.0,0.0,0.0
t1_iwx22z4,0.049,0.827,0.123,0.6369,0.14285714285714285,0.0,0.0,0.2857142857142857,0.0,0.0,0.14285714285714285,0.0
t1_f0nkl9e,0.029,0.771,0.199,0.8,0.0,0.125,0.125,0.25,0.125,0.0,0.0,0.0
t1_dwjes1m,0.08,0.784,0.136,0.5267,0.1875,0.0,0.25,0.125,0.0625,0.0625,0.0625,0.0
t1_ivl20c7,0.091,0.842,0.068,-0.2732,0.13333333333333333,0.06666666666666667,0.06666666666666667,0.2,0.06666666666666667,0.0,0.06666666666666667,0.03333333333333333
t1_i04pj4v,0.067,0.883,0.051,-0.3612,0.13333333333333333,0.06666666666666667,0.0,0.06666666666666667,0.0,0.2,0.0,0.13333333333333333
t1_g4rvc89,0.068,0.68,0.252,0.8442,0.2222222222222222,0.2222222222222222,0.0,0.0,0.0,0.2222222222222222,0.0,0.1111111111111111
t1_ii89k89,0.031,0.888,0.081,0.3641,0.16666666666666666,0.0,0.3333333333333333,0.0,0.0,0.0,0.0,0.0
t1_k1stfbm,0.034,0.86,0.107,0.8885,0.05,0.05,0.15,0.1,0.1,0.0,0.1,0.0
t1_heawbke,0.094,0.761,0.145,0.6164,0.125,0.0625,0.1875,0.1875,0.0,0.0,0.0625,0.0
t1_dzs76tc,0.199,0.801,0.0,-0.9081,0.13333333333333333,0.1,0.06666666666666667,0.1,0.1,0.13333333333333333,0.0,0.13333333333333333
t1_f15yxil,0.0,0.943,0.057,0.1779,0.14285714285714285,0.14285714285714285,0.0,0.0,0.0,0.14285714285714285,0.0,0.14285714285714285
t1_eya796u,0.286,0.714,0.0,-0.9118,0.1111111111111111,0.1111111111111111,0.05555555555555555,0.1111111111111111,0.05555555555555555,0.16666666666666666,0.05555555555555555,0.1111111111111111
t1_e4j7j75,0.114,0.813,0.073,-0.5574,0.0,0.0,0.3333333333333333,0.16666666666666666,0.0,0.0,0.0,0.0
t1_gyh4731,0.126,0.874,0.0,-0.9022,0.14285714285714285,0.047619047619047616,0.19047619047619047,0.09523809523809523,0.047619047619047616,0.047619047619047616,0.0,0.047619047619047616
t1_iun9i9t,0.271,0.729,0.0,-0.9169,0.1875,0.1875,0.0,0.0625,0.0625,0.125,0.0,0.0625
t1_ejflalz,0.099,0.807,0.094,-0.1531,0.26666666666666666,0.06666666666666667,0.0,0.06666666666666667,0.0,0.13333333333333333,0.0,0.06666666666666667
t1_j8pkpz4,0.0,0.927,0.073,0.5023,0.0,0.0,0.0,0.0,0.0,0.3333333333333333,0.0,0.0
t1_gnlf1w7,0.095,0.809,0.097,-0.1927,0.14285714285714285,0.08571428571428572,0.11428571428571428,0.2,0.05714285714285714,0.02857142857142857,0.08571428571428572,0.08571428571428572
t1_ib9fbnv,0.0,0.886,0.114,0.8459,0.0,0.0,0.0,0.0,0.0,0.0,0.0,0.0
t1_jgmt9vw,0.185,0.815,0.0,-0.9246,0.21875,0.09375,0.0,0.0,0.0,0.15625,0.0,0.21875
t1_gzq4qbj,0.195,0.805,0.0,-0.8858,0.0,0.0,0.0,0.0,0.0,0.25,0.0,0.25
t1_ef7tvwt,0.099,0.852,0.049,-0.6597,0.0,0.15384615384615385,0.0,0.23076923076923078,0.0,0.0,0.07692307692307693,0.0
t1_el8w0il,0.216,0.784,0.0,-0.8442,0.42857142857142855,0.0,0.14285714285714285,0.0,0.0,0.14285714285714285,0.0,0.0
t1_gd3a1im,0.0,0.844,0.156,0.9022,0.0,0.2,0.0,0.2,0.0,0.0,0.2,0.0
t1_fo5in41,0.265,0.461,0.275,0.1091,0.16666666666666666,0.16666666666666666,0.0,0.0,0.0,0.16666666666666666,0.16666666666666666,0.0
t1_g9t3m81,0.03,0.882,0.088,0.5232,0.0,0.0,0.0,0.3333333333333333,0.0,0.0,0.0,0.0
t1_e8l4oh6,0.094,0.682,0.224,0.5499,0.1111111111111111,0.1111111111111111,0.1111111111111111,0.2222222222222222,0.0,0.0,0.0,0.1111111111111111
t1_f7avfmg,0.22,0.767,0.013,-0.9703,0.19047619047619047,0.14285714285714285,0.0,0.14285714285714285,0.047619047619047616,0.09523809523809523,0.0,0.047619047619047616
t1_ja7zgep,0.041,0.823,0.136,0.704,0.17857142857142858,0.14285714285714285,0.0,0.14285714285714285,0.03571428571428571,0.14285714285714285,0.0,0.07142857142857142
t1_dk957s4,0.049,0.822,0.129,0.5859,0.0,0.058823529411764705,0.17647058823529413,0.17647058823529413,0.0,0.058823529411764705,0.0,0.0
t1_f8e75di,0.075,0.878,0.047,-0.7287,0.058823529411764705,0.0,0.11764705882352941,0.23529411764705882,0.11764705882352941,0.0,0.058823529411764705,0.058823529411764705
t1_h6g00li,0.272,0.728,0.0,-0.8271,0.2222222222222222,0.1111111111111111,0.1111111111111111,0.1111111111111111,0.1111111111111111,0.0,0.0,0.1111111111111111
t1_kb88zba,0.034,0.966,0.0,-0.4404,0.25,0.0,0.0,0.0,0.0,0.0,0.0,0.0
t1_gq4m4c7,0.061,0.877,0.062,0.0217,0.2,0.1,0.0,0.0,0.0,0.1,0.1,0.0
t1_g5l4pkb,0.0,0.869,0.131,0.7096,0.16666666666666666,0.0,0.0,0.3333333333333333,0.0,0.0,0.0,0.0
t1_g6wzgf1,0.023,0.776,0.2,0.9633,0.0,0.04,0.08,0.32,0.08,0.0,0.12,0.0
t1_gruwcg4,0.0,1.0,0.0,0.0,0.0,0.0,0.125,0.375,0.0,0.0,0.0,0.0
t1_kefz79c,0.0,1.0,0.0,0.0,0.0,0.0,0.0,0.0,0.0,0.0,0.0,0.0
t1_i0slrpz,0.052,0.784,0.164,0.8418,0.2,0.0,0.2,0.13333333333333333,0.06666666666666667,0.06666666666666667,0.06666666666666667,0.0
t1_hfpavwq,0.11,0.835,0.055,-0.8109,0.21052631578947367,0.05263157894736842,0.05263157894736842,0.21052631578947367,0.0,0.05263157894736842,0.05263157894736842,0.05263157894736842
t1_hxsn67q,0.0,1.0,0.0,0.0,0.14285714285714285,0.0,0.0,0.14285714285714285,0.0,0.0,0.0,0.0
t1_eo9w9jc,0.025,0.897,0.078,0.5927,0.15384615384615385,0.07692307692307693,0.0,0.15384615384615385,0.0,0.0,0.15384615384615385,0.15384615384615385
t1_gsih0dt,0.141,0.859,0.0,-0.802,0.16666666666666666,0.0,0.16666666666666666,0.0,0.0,0.16666666666666666,0.0,0.0
t1_guorbi1,0.127,0.644,0.229,0.9448,0.058823529411764705,0.08823529411764706,0.14705882352941177,0.08823529411764706,0.029411764705882353,0.029411764705882353,0.17647058823529413,0.058823529411764705
t1_duz6xqn,0.049,0.882,0.07,-0.1952,0.1206896551724138,0.06896551724137931,0.13793103448275862,0.15517241379310345,0.08620689655172414,0.034482758620689655,0.13793103448275862,0.017241379310344827
t1_e2momt5,0.045,0.955,0.0,-0.3182,0.3333333333333333,0.0,0.0,0.0,0.0,0.3333333333333333,0.0,0.0
t1_heaw6an,0.094,0.761,0.145,0.6164,0.125,0.0625,0.1875,0.1875,0.0,0.0,0.0625,0.0
t1_dp0t655,0.03,0.799,0.171,0.886,0.0,0.0,0.15789473684210525,0.21052631578947367,0.10526315789473684,0.05263157894736842,0.15789473684210525,0.05263157894736842
t1_itq73rp,0.227,0.68,0.093,-0.5994,0.0,0.0,0.0,0.0,0.0,0.0,0.0,0.0
t1_eclxulv,0.043,0.957,0.0,-0.2755,0.0,0.0,0.2,0.0,0.0,0.0,0.2,0.0
t1_jed2439,0.0,0.868,0.132,0.6199,0.0,0.0,0.2,0.2,0.06666666666666667,0.0,0.2,0.0
t1_jnkwca9,0.0,0.893,0.107,0.5984,0.10526315789473684,0.0,0.0,0.3157894736842105,0.0,0.0,0.05263157894736842,0.05263157894736842
t1_htwwxhl,0.109,0.692,0.199,0.5538,0.08333333333333333,0.0,0.16666666666666666,0.25,0.0,0.08333333333333333,0.16666666666666666,0.0
t1_glu1ikf,0.038,0.824,0.137,0.795,0.0,0.0,0.09090909090909091,0.2727272727272727,0.09090909090909091,0.0,0.18181818181818182,0.0
t1_i6p1fbq,0.097,0.792,0.11,0.5545,0.09090909090909091,0.045454545454545456,0.22727272727272727,0.045454545454545456,0.045454545454545456,0.09090909090909091,0.0,0.045454545454545456
t1_gg5vpo2,0.18,0.82,0.0,-0.8316,0.08333333333333333,0.16666666666666666,0.0,0.08333333333333333,0.0,0.16666666666666666,0.0,0.0
t1_hh1czm0,0.044,0.876,0.08,0.2023,0.0,0.0,0.2,0.0,0.0,0.0,0.0,0.0
t1_j43ifsc,0.045,0.754,0.201,0.8934,0.047619047619047616,0.047619047619047616,0.19047619047619047,0.19047619047619047,0.0,0.0,0.14285714285714285,0.0
t1_jfuqite,0.089,0.806,0.106,0.3687,0.06521739130434782,0.043478260869565216,0.17391304347826086,0.08695652173913043,0.06521739130434782,0.08695652173913043,0.06521739130434782,0.06521739130434782
t1_iktl5wg,0.049,0.849,0.102,0.4019,0.14285714285714285,0.09523809523809523,0.14285714285714285,0.14285714285714285,0.0,0.047619047619047616,0.0,0.14285714285714285
t1_j8fn3kf,0.0,0.84,0.16,0.7096,0.0,0.0,0.2,0.4,0.0,0.0,0.2,0.0
t1_hwfmek6,0.336,0.621,0.044,-0.9287,0.1111111111111111,0.1111111111111111,0.0,0.1111111111111111,0.0,0.1111111111111111,0.1111111111111111,0.0
t1_f3118lb,0.195,0.742,0.063,-0.6908,0.16666666666666666,0.16666666666666666,0.0,0.16666666666666666,0.0,0.16666666666666666,0.0,0.0
t1_h9sxlpx,0.15,0.617,0.233,0.6876,0.21428571428571427,0.0,0.07142857142857142,0.07142857142857142,0.0,0.14285714285714285,0.07142857142857142,0.07142857142857142
t1_iirj3g5,0.09,0.825,0.086,-0.3804,0.047619047619047616,0.047619047619047616,0.09523809523809523,0.09523809523809523,0.047619047619047616,0.047619047619047616,0.047619047619047616,0.09523809523809523
t1_kdel1wj,0.122,0.878,0.0,-0.7399,0.23076923076923078,0.07692307692307693,0.07692307692307693,0.07692307692307693,0.07692307692307693,0.07692307692307693,0.07692307692307693,0.07692307692307693
t1_ged5j24,0.112,0.888,0.0,-0.8025,0.17647058823529413,0.17647058823529413,0.058823529411764705,0.058823529411764705,0.0,0.058823529411764705,0.0,0.11764705882352941
t1_iw57k97,0.1,0.754,0.146,0.6369,0.07692307692307693,0.15384615384615385,0.0,0.0,0.0,0.15384615384615385,0.0,0.0
t1_e33d68o,0.268,0.695,0.037,-0.9668,0.125,0.125,0.0625,0.0625,0.0625,0.0625,0.0,0.125
t1_frcvsos,0.178,0.72,0.102,-0.5719,0.19047619047619047,0.14285714285714285,0.047619047619047616,0.09523809523809523,0.0,0.09523809523809523,0.0,0.09523809523809523
t1_idbazpy,0.239,0.682,0.08,-0.9382,0.05263157894736842,0.15789473684210525,0.05263157894736842,0.10526315789473684,0.0,0.0,0.0,0.10526315789473684
t1_fy84d9p,0.043,0.903,0.054,0.431,0.0,0.18181818181818182,0.09090909090909091,0.09090909090909091,0.0,0.0,0.09090909090909091,0.09090909090909091
t1_hgnt2hn,0.149,0.851,0.0,-0.5994,0.16666666666666666,0.16666666666666666,0.0,0.0,0.0,0.16666666666666666,0.0,0.16666666666666666
t1_dgjhaqp,0.082,0.685,0.233,0.6705,0.0,0.0,0.2222222222222222,0.2222222222222222,0.1111111111111111,0.0,0.2222222222222222,0.0
t1_ih5cggk,0.024,0.976,0.0,-0.296,0.125,0.0,0.041666666666666664,0.0,0.041666666666666664,0.125,0.041666666666666664,0.0
t1_inl9da7,0.058,0.869,0.074,0.296,0.10344827586206896,0.06896551724137931,0.10344827586206896,0.06896551724137931,0.06896551724137931,0.10344827586206896,0.06896551724137931,0.10344827586206896
t1_erqer2k,0.216,0.764,0.02,-0.9775,0.14285714285714285,0.19047619047619047,0.047619047619047616,0.047619047619047616,0.047619047619047616,0.09523809523809523,0.0,0.09523809523809523
t1_gnd641q,0.056,0.944,0.0,-0.6616,0.25,0.0,0.0,0.25,0.0,0.0,0.125,0.0
t1_ctsjmpi,0.067,0.748,0.185,0.7059,0.0,0.0,0.0,0.3333333333333333,0.0,0.0,0.16666666666666666,0.0
t1_eih6xa2,0.044,0.757,0.199,0.8713,0.0,0.0,0.0,0.25,0.0,0.0,0.25,0.0
t1_fvvcpfe,0.041,0.886,0.073,0.296,0.0,0.0,0.0,0.5,0.0,0.0,0.0,0.0
t1_fz4d5af,0.0,0.918,0.082,0.4588,0.16666666666666666,0.16666666666666666,0.0,0.16666666666666666,0.0,0.16666666666666666,0.0,0.0
t1_k9mnjkj,0.047,0.866,0.087,0.4404,0.0,0.0,0.0,0.0,0.0,0.0,0.0,0.0
t1_gffegod,0.023,0.977,0.0,-0.0516,0.16666666666666666,0.08333333333333333,0.0,0.16666666666666666,0.0,0.08333333333333333,0.0,0.0
t1_el2xr0g,0.154,0.826,0.02,-0.9151,0.1724137931034483,0.06896551724137931,0.0,0.034482758620689655,0.0,0.13793103448275862,0.0,0.034482758620689655
t1_kd9reh7,0.188,0.716,0.097,-0.7561,0.16666666666666666,0.16666666666666666,0.16666666666666666,0.05555555555555555,0.05555555555555555,0.05555555555555555,0.0,0.0
t1_dsqdn6h,0.101,0.87,0.029,-0.7783,0.0,0.0,0.0,0.2727272727272727,0.0,0.0,0.09090909090909091,0.0
t1_k9bcleb,0.046,0.832,0.122,0.3802,0.125,0.0625,0.1875,0.1875,0.0,0.0,0.0625,0.0625
t1_gtoga4n,0.0,0.963,0.037,0.4939,0.0,0.0,0.0,0.25,0.0,0.0,0.16666666666666666,0.0
t1_ivr5p1o,0.036,0.939,0.025,-0.2023,0.14285714285714285,0.0,0.07142857142857142,0.21428571428571427,0.0,0.0,0.0,0.07142857142857142
t1_iktl809,0.049,0.849,0.102,0.4019,0.14285714285714285,0.09523809523809523,0.14285714285714285,0.14285714285714285,0.0,0.047619047619047616,0.0,0.14285714285714285
t1_fthhmax,0.15,0.812,0.039,-0.7443,0.2222222222222222,0.1111111111111111,0.0,0.1111111111111111,0.1111111111111111,0.0,0.0,0.0
t1_dw8ojqz,0.118,0.71,0.173,0.1797,0.0,0.2,0.0,0.2,0.0,0.0,0.0,0.2
t1_d1kbwwo,0.086,0.789,0.126,0.4033,0.13043478260869565,0.043478260869565216,0.13043478260869565,0.043478260869565216,0.043478260869565216,0.08695652173913043,0.043478260869565216,0.043478260869565216
t1_cxcwsmw,0.0,0.923,0.077,0.4404,0.0,0.0,0.1111111111111111,0.2222222222222222,0.1111111111111111,0.0,0.1111111111111111,0.1111111111111111
t1_kema2f1,0.102,0.84,0.059,-0.5497,0.0625,0.0625,0.1875,0.1875,0.0625,0.0625,0.0625,0.0625
t1_jizifs5,0.073,0.877,0.05,-0.2608,0.0,0.0,0.0,0.3333333333333333,0.0,0.0,0.3333333333333333,0.0
t1_gdm8c9x,0.386,0.559,0.056,-0.9246,0.2857142857142857,0.14285714285714285,0.2857142857142857,0.2857142857142857,0.0,0.0,0.0,0.0
t1_h75nq68,0.081,0.795,0.124,0.8615,0.15625,0.09375,0.09375,0.125,0.0625,0.0625,0.03125,0.0
t1_floiprs,0.1,0.833,0.066,-0.1027,0.0,0.0,0.25,0.0,0.25,0.0,0.0,0.0
t1_ds6snwt,0.024,0.868,0.108,0.9186,0.0,0.0,0.06666666666666667,0.3333333333333333,0.0,0.0,0.13333333333333333,0.0
t1_hov10ip,0.103,0.787,0.11,0.4753,0.13333333333333333,0.06666666666666667,0.06666666666666667,0.03333333333333333,0.03333333333333333,0.1,0.03333333333333333,0.06666666666666667
t1_hkyfi2n,0.037,0.9,0.062,0.2023,0.2,0.1,0.0,0.0,0.1,0.2,0.0,0.1
t1_hfap2ba,0.282,0.621,0.097,-0.8885,0.05,0.2,0.1,0.05,0.0,0.05,0.0,0.25
t1_kf54yml,0.077,0.923,0.0,-0.5171,0.0,0.0,0.1111111111111111,0.3333333333333333,0.0,0.0,0.1111111111111111,0.0
t1_hwyxi2a,0.0,0.933,0.067,0.4215,0.14285714285714285,0.0,0.14285714285714285,0.42857142857142855,0.0,0.0,0.14285714285714285,0.0
t1_ejjbjc4,0.108,0.705,0.186,0.743,0.0,0.0,0.14285714285714285,0.07142857142857142,0.14285714285714285,0.07142857142857142,0.14285714285714285,0.0
t1_kddshbs,0.018,0.878,0.104,0.8381,0.16666666666666666,0.16666666666666666,0.0,0.0,0.0,0.08333333333333333,0.08333333333333333,0.08333333333333333
t1_evhmgeg,0.103,0.748,0.149,0.6385,0.07317073170731707,0.024390243902439025,0.0975609756097561,0.12195121951219512,0.0975609756097561,0.04878048780487805,0.12195121951219512,0.024390243902439025
t1_ihuuj43,0.051,0.949,0.0,-0.34,0.2,0.2,0.0,0.0,0.0,0.2,0.0,0.2
t1_e9sorvo,0.0,0.965,0.035,0.1179,0.16666666666666666,0.0,0.16666666666666666,0.0,0.0,0.16666666666666666,0.0,0.0
t1_ggs1834,0.0,0.952,0.048,0.0772,0.3333333333333333,0.16666666666666666,0.0,0.0,0.0,0.0,0.0,0.0
t1_gvtomez,0.055,0.871,0.074,0.5994,0.0,0.0,0.25,0.125,0.0,0.0,0.25,0.0
t1_ite66co,0.0,0.94,0.06,0.4767,0.3333333333333333,0.0,0.0,0.16666666666666666,0.0,0.0,0.16666666666666666,0.0
t1_elr4ex7,0.033,0.746,0.22,0.9501,0.0,0.0,0.23076923076923078,0.23076923076923078,0.0,0.0,0.15384615384615385,0.0
t1_hexc4is,0.029,0.717,0.254,0.9283,0.0,0.1,0.1,0.1,0.1,0.0,0.1,0.1
t1_he7jxk8,0.041,0.816,0.143,0.7783,0.1111111111111111,0.0,0.2222222222222222,0.1111111111111111,0.0,0.1111111111111111,0.1111111111111111,0.0
t1_e2z8h1j,0.061,0.823,0.116,0.6968,0.07692307692307693,0.038461538461538464,0.19230769230769232,0.11538461538461539,0.038461538461538464,0.07692307692307693,0.11538461538461539,0.07692307692307693
t1_fe5qry9,0.156,0.774,0.07,-0.9551,0.05128205128205128,0.07692307692307693,0.07692307692307693,0.23076923076923078,0.05128205128205128,0.02564102564102564,0.07692307692307693,0.05128205128205128
t1_dtqffjs,0.0,1.0,0.0,0.0,0.0,0.0,0.0,0.0,1.0,0.0,0.0,0.0
t1_dvo5d24,0.159,0.777,0.063,-0.6755,0.0,0.0,0.0,0.0,0.0,0.0,0.0,0.0
t1_emntjd4,0.24,0.76,0.0,-0.9381,0.2222222222222222,0.16666666666666666,0.0,0.0,0.05555555555555555,0.16666666666666666,0.0,0.16666666666666666
t1_hd839q5,0.0,0.662,0.338,0.9422,0.0,0.0,0.25,0.25,0.0,0.0,0.25,0.0
t1_e69rpxk,0.0,0.923,0.077,0.4576,0.0,0.0,0.0,0.0,0.0,0.0,0.0,0.0
t1_hya1hh7,0.0,0.829,0.171,0.7506,0.2,0.1,0.1,0.1,0.0,0.1,0.0,0.1
t1_hru9mlm,0.0,0.862,0.138,0.5551,0.0,0.0,0.0,0.0,0.0,0.0,0.0,0.0
t1_dzksc2z,0.3,0.562,0.139,-0.8467,0.041666666666666664,0.08333333333333333,0.125,0.08333333333333333,0.08333333333333333,0.041666666666666664,0.08333333333333333,0.125
t1_ibdbhxh,0.101,0.756,0.143,0.6297,0.045454545454545456,0.18181818181818182,0.045454545454545456,0.13636363636363635,0.045454545454545456,0.045454545454545456,0.045454545454545456,0.045454545454545456
t1_gtu3dvo,0.154,0.846,0.0,-0.9705,0.15789473684210525,0.05263157894736842,0.10526315789473684,0.05263157894736842,0.10526315789473684,0.0,0.05263157894736842,0.10526315789473684
t1_e6p4ziz,0.031,0.858,0.111,0.6652,0.0,0.0,0.25,0.08333333333333333,0.08333333333333333,0.0,0.08333333333333333,0.0
t1_fyc7n4p,0.0,1.0,0.0,0.0,0.0,0.0,0.0,0.0,0.0,0.0,0.0,0.0
t1_e6t9p6s,0.129,0.807,0.064,-0.6744,0.0,0.0,0.0,0.25,0.0,0.0,0.125,0.125
t1_gdckh2h,0.046,0.864,0.09,0.1629,0.14285714285714285,0.047619047619047616,0.14285714285714285,0.14285714285714285,0.09523809523809523,0.047619047619047616,0.047619047619047616,0.047619047619047616
t1_i3p8qqq,0.046,0.779,0.174,0.7845,0.08333333333333333,0.08333333333333333,0.0,0.16666666666666666,0.0,0.08333333333333333,0.08333333333333333,0.08333333333333333
t1_hu00gb8,0.104,0.572,0.324,0.9075,0.08333333333333333,0.0,0.0,0.16666666666666666,0.0,0.08333333333333333,0.16666666666666666,0.08333333333333333
t1_h3dit84,0.303,0.449,0.248,-0.2846,0.3,0.0,0.0,0.0,0.0,0.3,0.0,0.0
t1_itp1zb2,0.028,0.903,0.07,0.3278,0.125,0.0,0.125,0.125,0.0,0.0,0.0,0.0
t1_h7uw8da,0.0,0.904,0.096,0.3818,0.3333333333333333,0.0,0.3333333333333333,0.0,0.0,0.0,0.0,0.0
t1_gx4gv0j,0.108,0.837,0.055,-0.8979,0.2222222222222222,0.1388888888888889,0.05555555555555555,0.05555555555555555,0.05555555555555555,0.16666666666666666,0.0,0.0
t1_iok3xl9,0.026,0.916,0.058,0.2732,0.11764705882352941,0.058823529411764705,0.11764705882352941,0.11764705882352941,0.0,0.058823529411764705,0.11764705882352941,0.11764705882352941
t1_f5ug1nd,0.153,0.698,0.15,-0.0516,0.06896551724137931,0.13793103448275862,0.06896551724137931,0.10344827586206896,0.034482758620689655,0.0,0.10344827586206896,0.034482758620689655
t1_fupt4t6,0.014,0.897,0.089,0.8519,0.058823529411764705,0.058823529411764705,0.11764705882352941,0.23529411764705882,0.058823529411764705,0.0,0.11764705882352941,0.058823529411764705
t1_inqk54o,0.086,0.708,0.206,0.876,0.05555555555555555,0.0,0.16666666666666666,0.05555555555555555,0.16666666666666666,0.05555555555555555,0.16666666666666666,0.05555555555555555
t1_j9fa68n,0.263,0.684,0.053,-0.8687,0.2857142857142857,0.07142857142857142,0.14285714285714285,0.07142857142857142,0.0,0.0,0.0,0.0
t1_e73ov2k,0.127,0.769,0.104,-0.2083,0.2,0.2,0.0,0.0,0.0,0.2,0.0,0.2
t1_kddshbs,0.018,0.878,0.104,0.8381,0.16666666666666666,0.16666666666666666,0.0,0.0,0.0,0.08333333333333333,0.08333333333333333,0.08333333333333333
t1_e2t5fxj,0.03,0.875,0.096,0.5994,0.09523809523809523,0.047619047619047616,0.047619047619047616,0.23809523809523808,0.047619047619047616,0.09523809523809523,0.047619047619047616,0.0
t1_g41pjf0,0.029,0.84,0.131,0.9325,0.030303030303030304,0.06060606060606061,0.12121212121212122,0.21212121212121213,0.09090909090909091,0.030303030303030304,0.09090909090909091,0.030303030303030304
t1_e4np516,0.169,0.733,0.098,-0.8468,0.11764705882352941,0.058823529411764705,0.058823529411764705,0.17647058823529413,0.058823529411764705,0.058823529411764705,0.11764705882352941,0.058823529411764705
t1_etxu3kc,0.0,1.0,0.0,0.0,0.125,0.0,0.0,0.375,0.0,0.0,0.0,0.0
t1_esiinbd,0.127,0.807,0.066,-0.8349,0.06060606060606061,0.18181818181818182,0.0,0.12121212121212122,0.0,0.12121212121212122,0.030303030303030304,0.12121212121212122
t1_h5f1psu,0.0,1.0,0.0,0.0,0.0,0.0,0.0,0.0,0.0,0.0,0.0,0.0
t1_evxsz0z,0.05,0.759,0.19,0.9535,0.0,0.0,0.09090909090909091,0.18181818181818182,0.09090909090909091,0.0,0.18181818181818182,0.0
t1_hi4egj3,0.069,0.735,0.197,0.6597,0.0,0.16666666666666666,0.16666666666666666,0.0,0.0,0.16666666666666666,0.16666666666666666,0.0
t1_j46883y,0.077,0.741,0.182,0.8908,0.1,0.0,0.1,0.2,0.0,0.0,0.1,0.1
t1_h4vlhff,0.091,0.909,0.0,-0.6908,0.16666666666666666,0.1111111111111111,0.1111111111111111,0.1111111111111111,0.0,0.1111111111111111,0.0,0.1111111111111111
t1_fbdy1vi,0.098,0.787,0.115,0.069,0.12121212121212122,0.09090909090909091,0.06060606060606061,0.09090909090909091,0.06060606060606061,0.15151515151515152,0.12121212121212122,0.0
t1_g3gjzxu,0.0,0.867,0.133,0.765,0.125,0.0,0.125,0.125,0.0,0.0,0.0,0.0
t1_fdhc0dy,0.143,0.857,0.0,-0.8176,0.2,0.2,0.0,0.0,0.0,0.0,0.0,0.2
t1_gru6jor,0.063,0.864,0.073,0.5095,0.2,0.1,0.0,0.2,0.1,0.1,0.0,0.0
t1_e4ryc34,0.264,0.684,0.052,-0.8822,0.25,0.16666666666666666,0.08333333333333333,0.0,0.08333333333333333,0.08333333333333333,0.0,0.0
t1_dipklew,0.018,0.871,0.111,0.8219,0.0,0.16666666666666666,0.08333333333333333,0.25,0.08333333333333333,0.08333333333333333,0.08333333333333333,0.0
t1_k5u6uie,0.031,0.922,0.047,0.4019,0.14285714285714285,0.14285714285714285,0.14285714285714285,0.07142857142857142,0.0,0.0,0.0,0.0
t1_jjkrax5,0.096,0.823,0.081,-0.4102,0.05555555555555555,0.05555555555555555,0.1111111111111111,0.05555555555555555,0.05555555555555555,0.16666666666666666,0.1111111111111111,0.0
t1_hhn0cfg,0.0,0.935,0.065,0.3612,0.16666666666666666,0.16666666666666666,0.0,0.16666666666666666,0.0,0.0,0.0,0.0
t1_dzeehd7,0.183,0.785,0.032,-0.9578,0.13333333333333333,0.13333333333333333,0.06666666666666667,0.1,0.03333333333333333,0.06666666666666667,0.03333333333333333,0.03333333333333333
t1_e4dmtmf,0.104,0.857,0.039,-0.7717,0.11764705882352941,0.058823529411764705,0.058823529411764705,0.11764705882352941,0.0,0.058823529411764705,0.058823529411764705,0.058823529411764705
t1_gt3fp2x,0.177,0.736,0.088,-0.743,0.16666666666666666,0.1111111111111111,0.1111111111111111,0.16666666666666666,0.0,0.05555555555555555,0.05555555555555555,0.0
t1_gnhr7ae,0.051,0.707,0.242,0.8957,0.3333333333333333,0.0,0.3333333333333333,0.0,0.0,0.0,0.0,0.0
t1_gy4k4ra,0.056,0.92,0.024,-0.4939,0.19047619047619047,0.09523809523809523,0.047619047619047616,0.09523809523809523,0.09523809523809523,0.09523809523809523,0.0,0.047619047619047616
t1_foatypi,0.056,0.944,0.0,-0.4567,0.0,0.16666666666666666,0.0,0.16666666666666666,0.0,0.0,0.0,0.0
t1_he8nxcy,0.042,0.808,0.149,0.7783,0.1111111111111111,0.0,0.2222222222222222,0.1111111111111111,0.0,0.1111111111111111,0.1111111111111111,0.0
t1_i0q5up8,0.151,0.813,0.035,-0.7615,0.0,0.0,0.1,0.2,0.0,0.1,0.1,0.0
t1_ibu5a2r,0.073,0.927,0.0,-0.4874,0.0,0.0,0.0,0.25,0.0,0.0,0.25,0.0
t1_ixi3hzd,0.017,0.922,0.061,0.5574,0.0,0.0,0.1,0.2,0.0,0.0,0.0,0.0
t1_ite6et7,0.0,0.94,0.06,0.4767,0.3333333333333333,0.0,0.0,0.16666666666666666,0.0,0.0,0.16666666666666666,0.0
t1_ez4re1h,0.0,0.928,0.072,0.2732,0.0,0.0,1.0,0.0,0.0,0.0,0.0,0.0
t1_gcqjde6,0.014,0.903,0.083,0.8248,0.08695652173913043,0.0,0.17391304347826086,0.21739130434782608,0.043478260869565216,0.043478260869565216,0.08695652173913043,0.043478260869565216
t1_gvsk57y,0.079,0.845,0.076,0.2023,0.2,0.1,0.1,0.0,0.1,0.1,0.1,0.0
t1_f32c3rv,0.162,0.765,0.074,-0.7184,0.2727272727272727,0.0,0.18181818181818182,0.09090909090909091,0.0,0.18181818181818182,0.0,0.0
t1_f5ug1nd,0.153,0.698,0.15,-0.0516,0.06896551724137931,0.13793103448275862,0.06896551724137931,0.10344827586206896,0.034482758620689655,0.0,0.10344827586206896,0.034482758620689655
t1_hucdnig,0.179,0.821,0.0,-0.802,0.0,0.0,0.0,0.0,0.0,0.0,0.0,0.0
t1_gvkc1bv,0.031,0.809,0.16,0.9306,0.0,0.0,0.25,0.16666666666666666,0.0,0.0,0.08333333333333333,0.0
t1_hksl8el,0.018,0.756,0.226,0.9894,0.043478260869565216,0.043478260869565216,0.0,0.30434782608695654,0.0,0.0,0.043478260869565216,0.0
t1_hf33oy8,0.175,0.825,0.0,-0.6249,0.0,0.0,1.0,0.0,0.0,0.0,0.0,0.0
t1_fy3ymut,0.0,0.978,0.022,0.0387,0.0,0.0,0.08333333333333333,0.16666666666666666,0.0,0.25,0.08333333333333333,0.0
t1_hbd5c7a,0.051,0.725,0.224,0.8357,0.2,0.0,0.0,0.2,0.0,0.1,0.1,0.1
t1_gk52mrr,0.094,0.906,0.0,-0.4588,0.0,0.0,0.0,0.0,0.0,0.0,0.0,0.0
t1_g31deyc,0.221,0.744,0.035,-0.9878,0.11320754716981132,0.1509433962264151,0.03773584905660377,0.03773584905660377,0.05660377358490566,0.1509433962264151,0.05660377358490566,0.03773584905660377
t1_gtia97x,0.018,0.915,0.066,0.6908,0.05555555555555555,0.05555555555555555,0.16666666666666666,0.2222222222222222,0.0,0.0,0.05555555555555555,0.0
t1_k6z1u6l,0.097,0.885,0.018,-0.7845,0.16666666666666666,0.1111111111111111,0.05555555555555555,0.1111111111111111,0.0,0.05555555555555555,0.0,0.0
t1_gxdb9ek,0.177,0.56,0.263,0.7999,0.12121212121212122,0.09090909090909091,0.030303030303030304,0.12121212121212122,0.0,0.12121212121212122,0.06060606060606061,0.12121212121212122
t1_g2xkt0z,0.101,0.899,0.0,-0.5574,0.058823529411764705,0.058823529411764705,0.17647058823529413,0.17647058823529413,0.058823529411764705,0.058823529411764705,0.058823529411764705,0.0
t1_f33xdmc,0.061,0.737,0.202,0.886,0.0,0.1111111111111111,0.0,0.3333333333333333,0.0,0.0,0.0,0.0
t1_ehj956t,0.011,0.87,0.12,0.9138,0.09090909090909091,0.09090909090909091,0.0,0.18181818181818182,0.0,0.09090909090909091,0.0,0.0
t1_dub46ko,0.176,0.78,0.044,-0.9164,0.2,0.175,0.0,0.075,0.05,0.05,0.025,0.1
t1_i6stg4n,0.109,0.797,0.093,-0.0258,0.21212121212121213,0.12121212121212122,0.030303030303030304,0.030303030303030304,0.06060606060606061,0.12121212121212122,0.030303030303030304,0.030303030303030304
t1_jgojurx,0.0,0.864,0.136,0.7264,0.0,0.0,0.0,0.0,0.0,0.2,0.0,0.2
t1_kb7mn67,0.091,0.805,0.104,0.3415,0.0,0.125,0.0625,0.25,0.0,0.0,0.0625,0.0
t1_cjvgu50,0.018,0.915,0.067,0.7184,0.07692307692307693,0.0,0.07692307692307693,0.3076923076923077,0.0,0.07692307692307693,0.0,0.0
t1_gncesez,0.0,0.945,0.055,0.2732,0.1,0.0,0.1,0.2,0.1,0.0,0.2,0.0
t1_hbbacus,0.039,0.961,0.0,-0.1603,0.0,0.0,0.0,0.0,0.0,0.0,0.0,0.0
t1_gxifdus,0.134,0.753,0.113,-0.3919,0.1111111111111111,0.037037037037037035,0.07407407407407407,0.14814814814814814,0.07407407407407407,0.07407407407407407,0.07407407407407407,0.07407407407407407
t1_hshg48k,0.102,0.646,0.252,0.7096,0.0,0.0,0.0,0.5,0.0,0.0,0.0,0.0
t1_figaaqf,0.105,0.845,0.05,-0.7855,0.058823529411764705,0.11764705882352941,0.11764705882352941,0.17647058823529413,0.0,0.058823529411764705,0.11764705882352941,0.058823529411764705
t1_ek0lmjc,0.344,0.584,0.072,-0.9022,0.13333333333333333,0.2,0.06666666666666667,0.06666666666666667,0.06666666666666667,0.06666666666666667,0.06666666666666667,0.0
t1_isrq6y9,0.029,0.971,0.0,-0.2263,0.2727272727272727,0.18181818181818182,0.0,0.0,0.0,0.0,0.0,0.0
t1_ibu4g2y,0.073,0.927,0.0,-0.4874,0.0,0.0,0.0,0.25,0.0,0.0,0.25,0.0
t1_f7fz7kg,0.093,0.835,0.072,-0.516,0.05555555555555555,0.05555555555555555,0.1111111111111111,0.25,0.027777777777777776,0.05555555555555555,0.05555555555555555,0.027777777777777776
t1_fwoh6py,0.046,0.849,0.105,0.5296,0.14285714285714285,0.14285714285714285,0.21428571428571427,0.07142857142857142,0.0,0.07142857142857142,0.0,0.14285714285714285
t1_gzq4te7,0.195,0.805,0.0,-0.8858,0.0,0.0,0.0,0.0,0.0,0.25,0.0,0.25
t1_dvxoi49,0.091,0.909,0.0,-0.4199,0.0,0.0,0.0,0.5,0.0,0.0,0.0,0.0
t1_ewe9ooa,0.209,0.696,0.095,-0.644,0.3333333333333333,0.2,0.0,0.0,0.0,0.0,0.0,0.06666666666666667
t1_ieimagk,0.076,0.856,0.068,-0.0767,0.16666666666666666,0.0,0.0,0.0,0.0,0.0,0.0,0.16666666666666666
t1_hfpb04f,0.11,0.835,0.055,-0.8109,0.21052631578947367,0.05263157894736842,0.05263157894736842,0.21052631578947367,0.0,0.05263157894736842,0.05263157894736842,0.05263157894736842
t1_h87wvoy,0.038,0.922,0.04,0.0258,0.5,0.0,0.0,0.0,0.0,0.0,0.0,0.0
t1_gny16id,0.053,0.928,0.019,-0.4939,0.0,0.0,0.15384615384615385,0.07692307692307693,0.0,0.07692307692307693,0.07692307692307693,0.0
t1_e75ax0b,0.045,0.801,0.155,0.7303,0.1,0.0,0.1,0.2,0.0,0.0,0.0,0.0
t1_e0kuksd,0.109,0.82,0.071,-0.3687,0.0,0.0,0.0,0.0,0.0,0.0,0.0,0.0
t1_gt7hdko,0.089,0.809,0.102,0.2732,0.0,0.0,0.0,0.3333333333333333,0.0,0.0,0.1111111111111111,0.0
t1_hf5t4hb,0.275,0.68,0.045,-0.9314,0.25,0.16666666666666666,0.08333333333333333,0.0,0.0,0.0,0.0,0.08333333333333333
t1_dz7h5l6,0.015,0.903,0.082,0.8294,0.06666666666666667,0.06666666666666667,0.06666666666666667,0.13333333333333333,0.0,0.06666666666666667,0.0,0.06666666666666667
t1_icp4j92,0.185,0.666,0.149,-0.5554,0.0967741935483871,0.12903225806451613,0.16129032258064516,0.06451612903225806,0.06451612903225806,0.0967741935483871,0.03225806451612903,0.06451612903225806
t1_gxidh0i,0.049,0.812,0.139,0.6249,0.0,0.0,0.1111111111111111,0.1111111111111111,0.0,0.0,0.1111111111111111,0.0
t1_dxabi0m,0.0,0.887,0.113,0.9555,0.07407407407407407,0.07407407407407407,0.1111111111111111,0.2962962962962963,0.037037037037037035,0.037037037037037035,0.07407407407407407,0.07407407407407407
t1_fl1r4a3,0.0,1.0,0.0,0.0,0.0,0.0,0.0,0.0,0.3333333333333333,0.0,0.0,0.0
t1_gd32gnh,0.037,0.809,0.154,0.7512,0.125,0.125,0.0625,0.0,0.1875,0.125,0.0625,0.0
t1_ivr5p1o,0.036,0.939,0.025,-0.2023,0.14285714285714285,0.0,0.07142857142857142,0.21428571428571427,0.0,0.0,0.0,0.07142857142857142
t1_jttyfuc,0.194,0.806,0.0,-0.9313,0.1111111111111111,0.0,0.2222222222222222,0.1111111111111111,0.0,0.0,0.0,0.0
t1_iu0mggv,0.316,0.64,0.044,-0.9313,0.3333333333333333,0.1111111111111111,0.0,0.0,0.0,0.0,0.0,0.0
t1_k0257rj,0.0,0.915,0.085,0.7269,0.0,0.0,0.14285714285714285,0.14285714285714285,0.14285714285714285,0.0,0.14285714285714285,0.07142857142857142
t1_gxljsy9,0.0,0.881,0.119,0.8297,0.18518518518518517,0.07407407407407407,0.037037037037037035,0.1111111111111111,0.1111111111111111,0.037037037037037035,0.1111111111111111,0.037037037037037035
t1_e9lzdhn,0.045,0.877,0.077,0.7184,0.1724137931034483,0.06896551724137931,0.034482758620689655,0.10344827586206896,0.0,0.034482758620689655,0.034482758620689655,0.034482758620689655
t1_fxljrfy,0.132,0.823,0.045,-0.5994,0.125,0.125,0.0,0.125,0.0,0.0,0.0,0.0
t1_gvcazr1,0.07,0.848,0.082,0.1027,0.0,0.0,0.3333333333333333,0.0,0.0,0.0,0.0,0.0
t1_i724qx9,0.066,0.82,0.114,0.2006,0.07692307692307693,0.15384615384615385,0.0,0.15384615384615385,0.07692307692307693,0.0,0.15384615384615385,0.07692307692307693
t1_fqzo4j8,0.0,0.938,0.062,0.5859,0.0,0.0,0.0,0.0,0.0,0.2,0.0,0.0
t1_ga87avx,0.032,0.968,0.0,-0.296,0.0,0.0,0.1111111111111111,0.3333333333333333,0.0,0.0,0.0,0.0
t1_kbuh3es,0.053,0.884,0.063,0.128,0.3333333333333333,0.0,0.0,0.3333333333333333,0.0,0.0,0.0,0.0
t1_dyt04ua,0.0,1.0,0.0,0.0,0.0,0.0,0.14285714285714285,0.14285714285714285,0.14285714285714285,0.0,0.14285714285714285,0.0
t1_gg15cpi,0.09,0.852,0.058,-0.5334,0.29411764705882354,0.058823529411764705,0.0,0.058823529411764705,0.058823529411764705,0.11764705882352941,0.0,0.0
t1_jtpnx3z,0.0,0.732,0.268,0.9168,0.13333333333333333,0.0,0.06666666666666667,0.2,0.0,0.06666666666666667,0.13333333333333333,0.06666666666666667
t1_e8ylrnc,0.076,0.629,0.295,0.9351,0.0,0.0,0.0,0.09090909090909091,0.09090909090909091,0.09090909090909091,0.36363636363636365,0.0
t1_dzcpmo6,0.285,0.605,0.11,-0.9719,0.09803921568627451,0.1568627450980392,0.11764705882352941,0.058823529411764705,0.0,0.11764705882352941,0.0196078431372549,0.17647058823529413
t1_hpvccw6,0.127,0.794,0.079,-0.128,0.25,0.0,0.0,0.25,0.0,0.0,0.25,0.0
t1_eb8kg9c,0.0,0.964,0.036,0.4939,0.0,0.0,0.25,0.0,0.0,0.0,0.0,0.0
t1_hnmn7ce,0.036,0.908,0.057,0.3182,0.05263157894736842,0.05263157894736842,0.05263157894736842,0.10526315789473684,0.0,0.21052631578947367,0.05263157894736842,0.05263157894736842
t1_hwmp6s6,0.0,0.919,0.081,0.4404,0.0,0.1111111111111111,0.2222222222222222,0.1111111111111111,0.1111111111111111,0.0,0.1111111111111111,0.0
t1_ez8ecp5,0.083,0.835,0.082,-0.0258,0.18181818181818182,0.18181818181818182,0.0,0.0,0.0,0.09090909090909091,0.0,0.18181818181818182
t1_ibhs1ur,0.014,0.83,0.157,0.9709,0.0,0.0,0.14814814814814814,0.18518518518518517,0.037037037037037035,0.07407407407407407,0.07407407407407407,0.0
t1_geb8hpf,0.092,0.908,0.0,-0.7227,0.0,0.0,0.0,0.25,0.0,0.0,0.0,0.0
t1_eyelvev,0.038,0.886,0.077,0.6831,0.0,0.10344827586206896,0.13793103448275862,0.13793103448275862,0.034482758620689655,0.034482758620689655,0.034482758620689655,0.034482758620689655
t1_k3oqyuw,0.044,0.876,0.08,0.7378,0.09090909090909091,0.09090909090909091,0.09090909090909091,0.09090909090909091,0.0,0.0,0.09090909090909091,0.09090909090909091
t1_hfpapjt,0.11,0.835,0.055,-0.8109,0.21052631578947367,0.05263157894736842,0.05263157894736842,0.21052631578947367,0.0,0.05263157894736842,0.05263157894736842,0.05263157894736842
t1_e2e7g3s,0.159,0.733,0.108,-0.5346,0.13793103448275862,0.034482758620689655,0.10344827586206896,0.10344827586206896,0.10344827586206896,0.10344827586206896,0.034482758620689655,0.06896551724137931
t1_ducu5l7,0.2,0.58,0.22,-0.0772,0.10526315789473684,0.05263157894736842,0.10526315789473684,0.15789473684210525,0.05263157894736842,0.05263157894736842,0.10526315789473684,0.05263157894736842
t1_i9qi47w,0.168,0.767,0.065,-0.9592,0.1388888888888889,0.1111111111111111,0.08333333333333333,0.1111111111111111,0.05555555555555555,0.08333333333333333,0.027777777777777776,0.05555555555555555
t1_e0i5dra,0.0,0.907,0.093,0.6639,0.2,0.0,0.2,0.0,0.0,0.2,0.0,0.2
t1_elm8mdl,0.183,0.726,0.091,-0.8566,0.058823529411764705,0.0,0.11764705882352941,0.0,0.11764705882352941,0.058823529411764705,0.11764705882352941,0.11764705882352941
t1_e2uwyee,0.0,0.929,0.071,0.5859,0.0,0.0,0.07692307692307693,0.3076923076923077,0.0,0.07692307692307693,0.07692307692307693,0.0
t1_jxrnz3n,0.045,0.776,0.178,0.9225,0.05555555555555555,0.0,0.2222222222222222,0.1111111111111111,0.05555555555555555,0.05555555555555555,0.1111111111111111,0.05555555555555555
t1_grjaz1w,0.025,0.861,0.114,0.9077,0.0,0.038461538461538464,0.23076923076923078,0.23076923076923078,0.07692307692307693,0.038461538461538464,0.07692307692307693,0.0
t1_jtx49ya,0.071,0.841,0.088,-0.0258,0.1,0.0,0.2,0.2,0.1,0.0,0.1,0.0
t1_clzliob,0.0,0.887,0.113,0.8979,0.18181818181818182,0.0,0.18181818181818182,0.18181818181818182,0.0,0.0,0.0,0.0
t1_kcapsc7,0.046,0.777,0.177,0.9068,0.0,0.07692307692307693,0.15384615384615385,0.15384615384615385,0.0,0.07692307692307693,0.07692307692307693,0.0
t1_dyjp3rd,0.0,0.959,0.041,0.3612,0.16666666666666666,0.0,0.0,0.16666666666666666,0.0,0.0,0.16666666666666666,0.0
t1_gxix3rw,0.05,0.83,0.12,0.7269,0.06666666666666667,0.0,0.13333333333333333,0.16666666666666666,0.13333333333333333,0.0,0.1,0.06666666666666667
t1_foegint,0.177,0.794,0.028,-0.9803,0.0,0.0,0.0,0.0,0.0,0.0,0.0,0.0
t1_j3e006h,0.084,0.684,0.232,0.8481,0.07692307692307693,0.15384615384615385,0.11538461538461539,0.11538461538461539,0.038461538461538464,0.038461538461538464,0.07692307692307693,0.0
t1_g3w7xm9,0.058,0.921,0.021,-0.6298,0.07142857142857142,0.07142857142857142,0.14285714285714285,0.14285714285714285,0.07142857142857142,0.07142857142857142,0.07142857142857142,0.07142857142857142
t1_fyq4fpl,0.256,0.681,0.063,-0.9217,0.19047619047619047,0.047619047619047616,0.047619047619047616,0.14285714285714285,0.047619047619047616,0.09523809523809523,0.047619047619047616,0.0
t1_hgnt2hn,0.149,0.851,0.0,-0.5994,0.16666666666666666,0.16666666666666666,0.0,0.0,0.0,0.16666666666666666,0.0,0.16666666666666666
t1_gcvdbo9,0.026,0.841,0.134,0.6124,0.0,0.3333333333333333,0.0,0.0,0.0,0.0,0.0,0.0
t1_eme5rgn,0.246,0.645,0.109,-0.9428,0.2608695652173913,0.13043478260869565,0.0,0.043478260869565216,0.043478260869565216,0.13043478260869565,0.0,0.043478260869565216
t1_hzfper7,0.047,0.815,0.137,0.6369,0.0,0.0,0.16666666666666666,0.16666666666666666,0.0,0.0,0.16666666666666666,0.0
t1_f2ozspc,0.105,0.695,0.2,0.6597,0.11764705882352941,0.0,0.11764705882352941,0.23529411764705882,0.11764705882352941,0.0,0.058823529411764705,0.0
t1_h08ea3z,0.054,0.946,0.0,-0.2368,0.2,0.0,0.0,0.0,0.2,0.0,0.0,0.0
t1_gouvjao,0.041,0.908,0.051,-0.1027,0.09090909090909091,0.09090909090909091,0.0,0.2727272727272727,0.0,0.0,0.0,0.0
t1_ek41p3d,0.099,0.683,0.218,0.923,0.06666666666666667,0.2,0.06666666666666667,0.06666666666666667,0.06666666666666667,0.06666666666666667,0.06666666666666667,0.06666666666666667
t1_k9odjtu,0.02,0.731,0.248,0.9824,0.041666666666666664,0.0,0.20833333333333334,0.20833333333333334,0.041666666666666664,0.0,0.16666666666666666,0.0
t1_gt2sxuq,0.142,0.769,0.089,-0.765,0.08695652173913043,0.08695652173913043,0.13043478260869565,0.13043478260869565,0.08695652173913043,0.08695652173913043,0.08695652173913043,0.043478260869565216
t1_gd3ir0j,0.133,0.751,0.116,0.0613,0.3,0.1,0.1,0.1,0.0,0.0,0.0,0.0
t1_h1shmks,0.043,0.846,0.111,0.4767,0.0625,0.0625,0.1875,0.125,0.0625,0.0,0.125,0.0625
t1_i6ljgev,0.068,0.932,0.0,-0.3412,0.0,0.0,0.0,0.0,0.0,0.0,0.0,0.0
t1_dm2wm6j,0.0,1.0,0.0,0.0,0.0,0.0,0.0,0.3333333333333333,0.16666666666666666,0.0,0.0,0.0
t1_gvq9e48,0.026,0.816,0.158,0.8883,0.0,0.07692307692307693,0.0,0.15384615384615385,0.07692307692307693,0.07692307692307693,0.15384615384615385,0.0
t1_g37otor,0.035,0.823,0.142,0.7297,0.25,0.0,0.0,0.25,0.0,0.0,0.0,0.0
t1_e7p842y,0.0,0.633,0.367,0.9832,0.17647058823529413,0.0,0.0,0.23529411764705882,0.0,0.058823529411764705,0.17647058823529413,0.0
t1_hx89t3m,0.121,0.675,0.204,0.8133,0.1875,0.125,0.0625,0.0625,0.0,0.0625,0.125,0.0
t1_ec4pxh9,0.252,0.726,0.022,-0.9648,0.08695652173913043,0.0,0.21739130434782608,0.17391304347826086,0.043478260869565216,0.0,0.13043478260869565,0.0
t1_ifjp9lf,0.084,0.836,0.08,-0.0258,0.0,0.0,0.0,1.0,0.0,0.0,0.0,0.0
t1_htn3jda,0.156,0.747,0.097,-0.4263,0.15789473684210525,0.05263157894736842,0.0,0.21052631578947367,0.0,0.05263157894736842,0.15789473684210525,0.0
t1_i9vxe9d,0.0,0.848,0.152,0.8788,0.0,0.0,0.07142857142857142,0.21428571428571427,0.0,0.07142857142857142,0.21428571428571427,0.0
t1_e17924d,0.0,0.868,0.132,0.9201,0.0,0.0,0.08333333333333333,0.3333333333333333,0.0,0.0,0.16666666666666666,0.0
t1_j0cnnp7,0.109,0.891,0.0,-0.4199,0.0,0.0,0.125,0.375,0.125,0.0,0.125,0.0
t1_cybrizc,0.03,0.86,0.11,0.6757,0.18181818181818182,0.0,0.0,0.0,0.0,0.18181818181818182,0.0,0.0
t1_gznrzjf,0.0,0.746,0.254,0.836,0.0,0.0,0.23529411764705882,0.29411764705882354,0.058823529411764705,0.0,0.11764705882352941,0.0
t1_cybrizc,0.03,0.86,0.11,0.6757,0.18181818181818182,0.0,0.0,0.0,0.0,0.18181818181818182,0.0,0.0
t1_kcgzql6,0.0,0.911,0.089,0.5719,0.0,0.0,0.3333333333333333,0.3333333333333333,0.0,0.0,0.0,0.0
t1_f0218f3,0.139,0.861,0.0,-0.7629,0.25,0.25,0.0,0.0,0.0,0.0,0.0,0.0
t1_ij4fuqp,0.02,0.864,0.116,0.9252,0.058823529411764705,0.0,0.23529411764705882,0.17647058823529413,0.058823529411764705,0.0,0.058823529411764705,0.0
t1_ect7ayw,0.126,0.664,0.209,0.8384,0.2,0.1,0.05,0.15,0.0,0.1,0.05,0.1
t1_f3qr25q,0.0,0.928,0.072,0.3612,0.2,0.0,0.1,0.1,0.1,0.0,0.1,0.0
t1_dzvj2vr,0.116,0.884,0.0,-0.8176,0.16666666666666666,0.3333333333333333,0.0,0.16666666666666666,0.16666666666666666,0.0,0.0,0.0
t1_gxd35fh,0.065,0.935,0.0,-0.2732,0.0,0.0,0.0,0.5,0.0,0.0,0.0,0.0
t1_j4zhiju,0.23,0.656,0.113,-0.765,0.2857142857142857,0.0,0.14285714285714285,0.0,0.14285714285714285,0.0,0.14285714285714285,0.0
t1_k82ugn8,0.035,0.818,0.146,0.8344,0.0625,0.0625,0.0625,0.125,0.0,0.0625,0.0625,0.0625
t1_hkeao58,0.0,0.839,0.161,0.9349,0.09090909090909091,0.0,0.18181818181818182,0.2727272727272727,0.0,0.0,0.18181818181818182,0.0
t1_gd9z3wr,0.134,0.616,0.25,0.7506,0.07692307692307693,0.07692307692307693,0.07692307692307693,0.19230769230769232,0.038461538461538464,0.11538461538461539,0.11538461538461539,0.07692307692307693
t1_hitm9p3,0.171,0.829,0.0,-0.8126,0.125,0.0625,0.0,0.1875,0.0,0.0625,0.0,0.125
t1_fp4h3ej,0.0,0.86,0.14,0.8625,0.0,0.05555555555555555,0.16666666666666666,0.16666666666666666,0.05555555555555555,0.0,0.16666666666666666,0.0
t1_gse8juk,0.116,0.884,0.0,-0.7886,0.15384615384615385,0.15384615384615385,0.15384615384615385,0.15384615384615385,0.07692307692307693,0.07692307692307693,0.0,0.0
t1_e2t5fxj,0.03,0.875,0.096,0.5994,0.09523809523809523,0.047619047619047616,0.047619047619047616,0.23809523809523808,0.047619047619047616,0.09523809523809523,0.047619047619047616,0.0
t1_gfwz4mi,0.0,0.893,0.107,0.9065,0.25,0.0625,0.0625,0.0625,0.0625,0.0625,0.0625,0.0
t1_ebzmmaw,0.23,0.77,0.0,-0.9253,0.13333333333333333,0.13333333333333333,0.0,0.13333333333333333,0.0,0.13333333333333333,0.06666666666666667,0.13333333333333333
t1_h1tg3wt,0.083,0.773,0.144,0.8705,0.10344827586206896,0.034482758620689655,0.2413793103448276,0.10344827586206896,0.06896551724137931,0.0,0.10344827586206896,0.0
t1_gt6dvdh,0.0,0.956,0.044,0.3818,0.0,0.14285714285714285,0.14285714285714285,0.14285714285714285,0.0,0.0,0.0,0.0
t1_gfnleie,0.117,0.744,0.139,0.1128,0.125,0.0,0.0,0.25,0.0,0.0,0.125,0.0
t1_gv1mgk9,0.0,0.893,0.107,0.6369,0.0,0.0,0.0,0.0,0.0,0.0,0.0,0.0
t1_dt4t1ml,0.049,0.863,0.089,0.5581,0.08,0.08,0.12,0.12,0.08,0.04,0.12,0.08
t1_hfe1wom,0.166,0.79,0.044,-0.8209,0.125,0.125,0.0625,0.125,0.0,0.0625,0.0,0.0625
t1_gyu8ads,0.0,0.669,0.331,0.9505,0.1111111111111111,0.0,0.0,0.3333333333333333,0.0,0.0,0.2222222222222222,0.0
t1_ic06veq,0.035,0.889,0.076,0.4939,0.0,0.07142857142857142,0.07142857142857142,0.2857142857142857,0.0,0.0,0.0,0.0
t1_hl5ru9l,0.045,0.769,0.186,0.8126,0.1,0.0,0.1,0.2,0.0,0.0,0.1,0.0
t1_g56n3w6,0.092,0.757,0.151,0.5106,0.07692307692307693,0.0,0.15384615384615385,0.3076923076923077,0.0,0.0,0.15384615384615385,0.0
t1_jn0fxsn,0.05,0.835,0.115,0.8276,0.027777777777777776,0.08333333333333333,0.1111111111111111,0.16666666666666666,0.027777777777777776,0.1111111111111111,0.027777777777777776,0.05555555555555555
t1_gbe2sc1,0.0,1.0,0.0,0.0,0.0,0.0,0.0,0.0,0.0,0.0,0.0,0.0
t1_eg4y2ig,0.076,0.718,0.206,0.7332,0.15384615384615385,0.07692307692307693,0.15384615384615385,0.15384615384615385,0.07692307692307693,0.0,0.0,0.07692307692307693
t1_eyhkmkj,0.043,0.859,0.098,0.2732,0.0,0.0,0.0,0.4,0.0,0.0,0.2,0.0
t1_eto156w,0.222,0.778,0.0,-0.9337,0.09090909090909091,0.09090909090909091,0.0,0.0,0.09090909090909091,0.09090909090909091,0.09090909090909091,0.09090909090909091
t1_hdqjgw1,0.214,0.648,0.138,-0.1406,0.0,0.06666666666666667,0.13333333333333333,0.13333333333333333,0.06666666666666667,0.06666666666666667,0.13333333333333333,0.06666666666666667
t1_di0vy6l,0.302,0.637,0.061,-0.8481,0.1875,0.125,0.125,0.0625,0.0,0.0625,0.0,0.0
t1_jcvgzkr,0.101,0.859,0.041,-0.7377,0.2727272727272727,0.09090909090909091,0.0,0.0,0.0,0.18181818181818182,0.0,0.09090909090909091
t1_hvqizd2,0.017,0.916,0.067,0.6705,0.0,0.0,0.0,0.5,0.0,0.0,0.0,0.0
t1_f5qp1ad,0.123,0.849,0.028,-0.8591,0.125,0.0625,0.0625,0.125,0.0,0.0625,0.125,0.0625
t1_gkz3cf9,0.036,0.902,0.062,0.0396,0.1111111111111111,0.1111111111111111,0.1111111111111111,0.1111111111111111,0.1111111111111111,0.0,0.1111111111111111,0.1111111111111111
t1_hkv9nar,0.073,0.873,0.054,0.0516,0.11764705882352941,0.17647058823529413,0.058823529411764705,0.0,0.058823529411764705,0.11764705882352941,0.058823529411764705,0.17647058823529413
t1_ibu4yx1,0.073,0.927,0.0,-0.4874,0.0,0.0,0.0,0.25,0.0,0.0,0.25,0.0
t1_i50pmy9,0.142,0.831,0.027,-0.8206,0.0,0.0,0.0,0.375,0.0,0.0,0.125,0.0
t1_e8judcl,0.0,1.0,0.0,0.0,0.16666666666666666,0.16666666666666666,0.0,0.0,0.16666666666666666,0.16666666666666666,0.0,0.0
t1_fj010mi,0.069,0.881,0.051,-0.1684,0.0,0.0,1.0,0.0,0.0,0.0,0.0,0.0
t1_ent1zji,0.1,0.866,0.035,-0.6705,0.2222222222222222,0.1111111111111111,0.1111111111111111,0.1111111111111111,0.0,0.1111111111111111,0.0,0.1111111111111111
t1_gwwobbm,0.206,0.772,0.022,-0.8519,0.2222222222222222,0.1111111111111111,0.1111111111111111,0.0,0.1111111111111111,0.1111111111111111,0.0,0.0
t1_j19nj2i,0.113,0.887,0.0,-0.7269,0.10526315789473684,0.10526315789473684,0.15789473684210525,0.10526315789473684,0.05263157894736842,0.05263157894736842,0.10526315789473684,0.05263157894736842
t1_e7bhf0t,0.177,0.787,0.036,-0.9079,0.125,0.125,0.125,0.0,0.0,0.0,0.0,0.125
t1_is6pamy,0.074,0.85,0.076,0.0258,0.0,0.0,0.0,0.0,0.0,0.0,0.0,0.5
t1_e33d68o,0.268,0.695,0.037,-0.9668,0.125,0.125,0.0625,0.0625,0.0625,0.0625,0.0,0.125
t1_dxdsm6n,0.14,0.817,0.044,-0.8865,0.23529411764705882,0.11764705882352941,0.0,0.0,0.11764705882352941,0.11764705882352941,0.0,0.058823529411764705
t1_ih6a7nz,0.072,0.773,0.155,0.9148,0.125,0.125,0.1875,0.125,0.0,0.0625,0.0625,0.0
t1_kbb8e3m,0.0,0.888,0.112,0.5859,0.125,0.0625,0.125,0.125,0.0,0.0625,0.0625,0.0625
t1_gx5o5i9,0.0,0.949,0.051,0.5106,0.09090909090909091,0.09090909090909091,0.2727272727272727,0.09090909090909091,0.09090909090909091,0.09090909090909091,0.09090909090909091,0.0
t1_hho13kk,0.037,0.913,0.05,0.3182,0.08333333333333333,0.16666666666666666,0.08333333333333333,0.08333333333333333,0.0,0.16666666666666666,0.0,0.08333333333333333
t1_f8ab8h3,0.07,0.709,0.221,0.8074,0.0,0.0,0.0,0.0,0.0,0.0,0.0,0.0
t1_f8ny68y,0.0,1.0,0.0,0.0,0.0,0.0,0.125,0.125,0.125,0.125,0.125,0.0
t1_jb45k7v,0.1,0.7,0.2,0.4592,0.07142857142857142,0.07142857142857142,0.14285714285714285,0.07142857142857142,0.07142857142857142,0.07142857142857142,0.07142857142857142,0.07142857142857142
t1_dp8dh7l,0.0,0.927,0.073,0.3818,0.0,0.1,0.2,0.3,0.0,0.0,0.0,0.0
t1_hwy7my4,0.156,0.779,0.065,-0.5939,0.2,0.2,0.0,0.0,0.0,0.1,0.0,0.1
t1_ifw6cn9,0.061,0.939,0.0,-0.34,0.13333333333333333,0.06666666666666667,0.13333333333333333,0.06666666666666667,0.0,0.06666666666666667,0.13333333333333333,0.13333333333333333
t1_hemfjw1,0.177,0.823,0.0,-0.6992,0.0,0.0,0.0,0.3333333333333333,0.0,0.0,0.3333333333333333,0.0
t1_kcjp882,0.035,0.858,0.107,0.5574,0.14285714285714285,0.03571428571428571,0.07142857142857142,0.14285714285714285,0.07142857142857142,0.10714285714285714,0.0,0.0
t1_fra4703,0.132,0.795,0.073,-0.7357,0.0,0.0,0.14285714285714285,0.14285714285714285,0.0,0.14285714285714285,0.0,0.14285714285714285
t1_k3n9rfl,0.0,0.912,0.088,0.6808,0.0,0.0,0.1,0.2,0.2,0.0,0.2,0.0
t1_ewsqhqj,0.067,0.894,0.039,-0.2964,0.0,0.0,0.3333333333333333,0.16666666666666666,0.16666666666666666,0.0,0.16666666666666666,0.0
t1_eygquor,0.084,0.784,0.132,0.2944,0.0,0.1111111111111111,0.0,0.1111111111111111,0.1111111111111111,0.1111111111111111,0.0,0.1111111111111111
t1_gvqaex1,0.0,0.948,0.052,0.743,0.15789473684210525,0.0,0.15789473684210525,0.3157894736842105,0.0,0.0,0.0,0.10526315789473684
t1_hr8hp7k,0.08,0.801,0.119,0.128,0.09090909090909091,0.09090909090909091,0.09090909090909091,0.09090909090909091,0.09090909090909091,0.0,0.09090909090909091,0.09090909090909091
t1_jzi1ivp,0.074,0.769,0.157,0.796,0.10526315789473684,0.15789473684210525,0.10526315789473684,0.10526315789473684,0.05263157894736842,0.10526315789473684,0.10526315789473684,0.0
t1_e5zc8p5,0.182,0.786,0.033,-0.9432,0.21739130434782608,0.13043478260869565,0.043478260869565216,0.021739130434782608,0.021739130434782608,0.1956521739130435,0.021739130434782608,0.06521739130434782
t1_fzp0p9m,0.121,0.735,0.144,0.0941,0.13333333333333333,0.03333333333333333,0.06666666666666667,0.16666666666666666,0.13333333333333333,0.06666666666666667,0.1,0.03333333333333333
t1_k6srlu5,0.104,0.815,0.081,-0.0352,0.2222222222222222,0.2222222222222222,0.1111111111111111,0.1111111111111111,0.0,0.1111111111111111,0.0,0.0
t1_hfx9c9i,0.07,0.93,0.0,-0.6783,0.2,0.06666666666666667,0.13333333333333333,0.06666666666666667,0.06666666666666667,0.06666666666666667,0.06666666666666667,0.06666666666666667
t1_joy5ola,0.075,0.829,0.096,0.2844,0.17391304347826086,0.043478260869565216,0.13043478260869565,0.08695652173913043,0.08695652173913043,0.08695652173913043,0.043478260869565216,0.0
t1_e5en1c2,0.195,0.805,0.0,-0.9817,0.0975609756097561,0.0975609756097561,0.0975609756097561,0.14634146341463414,0.0,0.07317073170731707,0.0975609756097561,0.07317073170731707
t1_ffxu798,0.033,0.794,0.173,0.872,0.06666666666666667,0.0,0.13333333333333333,0.26666666666666666,0.06666666666666667,0.0,0.2,0.0
t1_jgszjzu,0.182,0.735,0.084,-0.9354,0.22727272727272727,0.09090909090909091,0.0,0.09090909090909091,0.045454545454545456,0.045454545454545456,0.045454545454545456,0.0
t1_ivr5p1o,0.036,0.939,0.025,-0.2023,0.14285714285714285,0.0,0.07142857142857142,0.21428571428571427,0.0,0.0,0.0,0.07142857142857142
t1_f91clcn,0.0,0.851,0.149,0.8126,0.13043478260869565,0.13043478260869565,0.13043478260869565,0.17391304347826086,0.0,0.0,0.13043478260869565,0.043478260869565216
t1_icap1jx,0.07,0.789,0.141,0.5859,0.16666666666666666,0.0,0.0,0.16666666666666666,0.0,0.16666666666666666,0.0,0.0
t1_htw601j,0.0,0.962,0.038,0.3533,0.0,0.05555555555555555,0.1111111111111111,0.2777777777777778,0.05555555555555555,0.0,0.05555555555555555,0.05555555555555555
t1_i9egktz,0.06,0.737,0.203,0.8779,0.1111111111111111,0.05555555555555555,0.05555555555555555,0.2222222222222222,0.0,0.05555555555555555,0.05555555555555555,0.1111111111111111
t1_gv56lq2,0.04,0.898,0.061,0.3818,0.0,0.1111111111111111,0.1111111111111111,0.1111111111111111,0.0,0.0,0.1111111111111111,0.0
t1_fnc9n35,0.099,0.865,0.036,-0.6124,0.09090909090909091,0.09090909090909091,0.13636363636363635,0.0,0.09090909090909091,0.18181818181818182,0.045454545454545456,0.13636363636363635
t1_gb9jml8,0.047,0.881,0.073,0.128,0.16666666666666666,0.0,0.0,0.16666666666666666,0.0,0.16666666666666666,0.0,0.0
t1_eyxe2yx,0.177,0.788,0.035,-0.9361,0.1111111111111111,0.05555555555555555,0.05555555555555555,0.2222222222222222,0.0,0.1111111111111111,0.1111111111111111,0.0
t1_gq5mf1h,0.015,0.905,0.08,0.7743,0.07692307692307693,0.0,0.07692307692307693,0.07692307692307693,0.07692307692307693,0.15384615384615385,0.15384615384615385,0.0
t1_fnea3zc,0.103,0.689,0.208,0.9029,0.06666666666666667,0.03333333333333333,0.13333333333333333,0.16666666666666666,0.06666666666666667,0.03333333333333333,0.16666666666666666,0.03333333333333333
t1_j9d9jm1,0.0,0.886,0.114,0.5766,0.2,0.2,0.0,0.0,0.2,0.2,0.0,0.0
t1_g9mg19q,0.079,0.883,0.038,-0.3382,0.125,0.125,0.25,0.125,0.0,0.125,0.0,0.0
t1_f8bkb06,0.101,0.756,0.143,0.883,0.04,0.08,0.12,0.16,0.04,0.04,0.12,0.04
t1_e6qm69x,0.0,1.0,0.0,0.0,0.125,0.125,0.375,0.0,0.125,0.0,0.0,0.125
t1_fo65h4j,0.0,0.889,0.111,0.6124,0.0,0.0,0.2857142857142857,0.2857142857142857,0.0,0.0,0.14285714285714285,0.0
t1_ecus7r6,0.039,0.891,0.07,0.3612,0.037037037037037035,0.037037037037037035,0.07407407407407407,0.14814814814814814,0.0,0.037037037037037035,0.1111111111111111,0.07407407407407407
t1_jsq82qe,0.0,0.818,0.182,0.7096,0.0,0.0,0.0,0.25,0.0,0.0,0.25,0.0
t1_frr1rwm,0.103,0.725,0.172,0.3182,0.2,0.1,0.0,0.1,0.0,0.2,0.0,0.1
t1_euqn7bc,0.044,0.923,0.033,-0.1997,0.06896551724137931,0.06896551724137931,0.13793103448275862,0.1724137931034483,0.0,0.0,0.1724137931034483,0.06896551724137931
t1_ewedxhu,0.068,0.759,0.173,0.8402,0.18181818181818182,0.0,0.0,0.09090909090909091,0.09090909090909091,0.0,0.09090909090909091,0.0
t1_ezgjbzb,0.032,0.903,0.065,0.7014,0.1111111111111111,0.037037037037037035,0.14814814814814814,0.18518518518518517,0.037037037037037035,0.037037037037037035,0.07407407407407407,0.037037037037037035
t1_f822hul,0.347,0.653,0.0,-0.9062,0.0,0.0,0.0,0.0,0.0,0.0,0.0,0.0
t1_ejvea52,0.0,0.954,0.046,0.4939,0.1111111111111111,0.0,0.2222222222222222,0.0,0.0,0.2222222222222222,0.0,0.0
t1_iwvixl0,0.0,1.0,0.0,0.0,0.0,0.0,1.0,0.0,0.0,0.0,0.0,0.0
t1_h19q0ru,0.118,0.832,0.05,-0.7114,0.2,0.0,0.0,0.0,0.0,0.2,0.0,0.2
t1_ip42x9c,0.169,0.775,0.056,-0.81,0.0,0.058823529411764705,0.11764705882352941,0.23529411764705882,0.0,0.058823529411764705,0.11764705882352941,0.058823529411764705
t1_j08g5oh,0.256,0.659,0.085,-0.8934,0.058823529411764705,0.23529411764705882,0.11764705882352941,0.058823529411764705,0.058823529411764705,0.058823529411764705,0.0,0.11764705882352941
t1_ifr6v1u,0.059,0.784,0.157,0.8479,0.25,0.0,0.0,0.0,0.0,0.25,0.0,0.0
t1_h2wz8xv,0.0,0.813,0.187,0.8589,0.0,0.0,0.0,0.0,0.0,0.0,0.2,0.0
t1_ih7yvjn,0.039,0.856,0.106,0.7906,0.10714285714285714,0.10714285714285714,0.03571428571428571,0.17857142857142858,0.0,0.03571428571428571,0.07142857142857142,0.03571428571428571
t1_focsvx5,0.204,0.722,0.074,-0.9528,0.0,0.0,0.0,0.0,0.0,0.0,0.0,0.0
t1_j98wv86,0.13,0.87,0.0,-0.8737,0.0,0.0,0.2222222222222222,0.1111111111111111,0.0,0.0,0.1111111111111111,0.0
t1_ekfrsnp,0.062,0.802,0.136,0.6808,0.0,0.0,0.0,0.2857142857142857,0.0,0.0,0.2857142857142857,0.0
t1_g3koa1r,0.113,0.843,0.044,-0.313,0.0,0.0,0.0,0.5,0.0,0.0,0.0,0.0
t1_jd3ywaq,0.069,0.794,0.137,0.644,0.0,0.0,0.0,0.25,0.0,0.0,0.0,0.0
t1_euide1o,0.06,0.904,0.037,-0.296,0.0,0.0,0.0,0.2857142857142857,0.0,0.14285714285714285,0.0,0.0
t1_jss4kby,0.096,0.795,0.108,-0.128,0.07692307692307693,0.07692307692307693,0.07692307692307693,0.15384615384615385,0.15384615384615385,0.0,0.15384615384615385,0.0
t1_k5oanm7,0.092,0.825,0.083,0.1506,0.043478260869565216,0.0,0.043478260869565216,0.30434782608695654,0.08695652173913043,0.08695652173913043,0.08695652173913043,0.0
t1_gs7tgq9,0.047,0.796,0.157,0.9231,0.058823529411764705,0.0196078431372549,0.09803921568627451,0.11764705882352941,0.0,0.19607843137254902,0.0784313725490196,0.0
t1_k2knpq5,0.038,0.915,0.047,0.0065,0.06666666666666667,0.06666666666666667,0.13333333333333333,0.13333333333333333,0.06666666666666667,0.06666666666666667,0.06666666666666667,0.06666666666666667
t1_e4kvdzg,0.0,0.931,0.069,0.3818,0.0,0.0,0.0,0.3,0.0,0.0,0.0,0.0
t1_e2zxhza,0.034,0.922,0.044,0.128,0.16666666666666666,0.08333333333333333,0.08333333333333333,0.25,0.0,0.08333333333333333,0.08333333333333333,0.08333333333333333
t1_gz13izl,0.0,1.0,0.0,0.0,0.0,0.0,0.0,0.125,0.0,0.0,0.0,0.0
t1_h3kimjf,0.063,0.853,0.085,0.538,0.15384615384615385,0.0,0.15384615384615385,0.15384615384615385,0.07692307692307693,0.07692307692307693,0.0,0.0
t1_dzvp6zl,0.045,0.92,0.034,-0.3818,0.0,0.0,0.0,1.0,0.0,0.0,0.0,0.0
t1_keznacg,0.165,0.702,0.133,-0.2886,0.17391304347826086,0.043478260869565216,0.13043478260869565,0.13043478260869565,0.0,0.17391304347826086,0.043478260869565216,0.0
t1_keip4y9,0.125,0.875,0.0,-0.8008,0.125,0.0,0.1875,0.125,0.0625,0.125,0.0,0.0
t1_hi4dgd0,0.069,0.735,0.197,0.6597,0.0,0.16666666666666666,0.16666666666666666,0.0,0.0,0.16666666666666666,0.16666666666666666,0.0
t1_gwkki6v,0.088,0.78,0.132,0.5423,0.0,0.0,0.25,0.0,0.0,0.0,0.25,0.0
t1_j625c6v,0.053,0.72,0.228,0.8304,0.043478260869565216,0.08695652173913043,0.13043478260869565,0.17391304347826086,0.08695652173913043,0.043478260869565216,0.13043478260869565,0.0
t1_hzjpqhu,0.139,0.843,0.018,-0.8519,0.17647058823529413,0.11764705882352941,0.23529411764705882,0.11764705882352941,0.0,0.058823529411764705,0.0,0.0
t1_jp0qary,0.0,0.742,0.258,0.8442,0.0,0.0,0.0,0.3333333333333333,0.0,0.0,0.16666666666666666,0.0
t1_hd6rrad,0.0,0.662,0.338,0.9422,0.0,0.0,0.25,0.25,0.0,0.0,0.25,0.0
t1_hnv01yp,0.181,0.718,0.101,-0.4588,0.14285714285714285,0.0,0.0,0.14285714285714285,0.14285714285714285,0.2857142857142857,0.0,0.0
t1_ect7ayw,0.126,0.664,0.209,0.8384,0.2,0.1,0.05,0.15,0.0,0.1,0.05,0.1
t1_fsxo0dp,0.0,1.0,0.0,0.0,0.14285714285714285,0.0,0.2857142857142857,0.2857142857142857,0.0,0.0,0.0,0.0
t1_ij6ryxf,0.086,0.914,0.0,-0.8126,0.15384615384615385,0.07692307692307693,0.0,0.23076923076923078,0.0,0.07692307692307693,0.0,0.07692307692307693
t1_fo0rpjx,0.239,0.761,0.0,-0.9001,0.11764705882352941,0.11764705882352941,0.058823529411764705,0.058823529411764705,0.0,0.11764705882352941,0.058823529411764705,0.11764705882352941
t1_gtnnh0o,0.059,0.941,0.0,-0.4939,0.15384615384615385,0.07692307692307693,0.0,0.07692307692307693,0.038461538461538464,0.15384615384615385,0.038461538461538464,0.11538461538461539
t1_dvflssh,0.115,0.785,0.099,-0.7506,0.19230769230769232,0.11538461538461539,0.038461538461538464,0.07692307692307693,0.0,0.11538461538461539,0.038461538461538464,0.0
t1_gj969dh,0.0,1.0,0.0,0.0,0.3333333333333333,0.0,0.3333333333333333,0.0,0.3333333333333333,0.0,0.0,0.0
t1_h0q3v62,0.229,0.771,0.0,-0.8591,0.3076923076923077,0.15384615384615385,0.0,0.07692307692307693,0.0,0.07692307692307693,0.0,0.0
t1_em9h6f2,0.04,0.822,0.138,0.8316,0.0,0.0,0.1,0.3,0.1,0.0,0.2,0.0
t1_gj26k66,0.161,0.747,0.092,-0.7906,0.07692307692307693,0.15384615384615385,0.07692307692307693,0.19230769230769232,0.0,0.0,0.038461538461538464,0.07692307692307693
t1_f8qwsad,0.333,0.541,0.126,-0.9163,0.21428571428571427,0.14285714285714285,0.0,0.07142857142857142,0.0,0.14285714285714285,0.0,0.14285714285714285
t1_hx3hcf2,0.417,0.583,0.0,-0.9638,0.2,0.2,0.0,0.0,0.0,0.0,0.0,0.2
t1_keby79n,0.078,0.811,0.111,0.1779,0.09090909090909091,0.045454545454545456,0.045454545454545456,0.13636363636363635,0.09090909090909091,0.045454545454545456,0.045454545454545456,0.045454545454545456
t1_h7jhsqx,0.136,0.864,0.0,-0.9607,0.030303030303030304,0.21212121212121213,0.030303030303030304,0.06060606060606061,0.030303030303030304,0.12121212121212122,0.0,0.18181818181818182
t1_golnx6v,0.058,0.851,0.091,0.6103,0.045454545454545456,0.045454545454545456,0.13636363636363635,0.09090909090909091,0.0,0.045454545454545456,0.0,0.0
t1_e1aen2x,0.234,0.766,0.0,-0.875,0.15384615384615385,0.07692307692307693,0.07692307692307693,0.15384615384615385,0.0,0.0,0.07692307692307693,0.07692307692307693
t1_jsxdnq0,0.113,0.887,0.0,-0.9568,0.15384615384615385,0.23076923076923078,0.038461538461538464,0.038461538461538464,0.0,0.15384615384615385,0.0,0.038461538461538464
t1_ev68xuj,0.099,0.79,0.111,0.3167,0.0,0.05555555555555555,0.16666666666666666,0.05555555555555555,0.05555555555555555,0.0,0.16666666666666666,0.0
t1_dnwomd1,0.152,0.758,0.091,-0.8442,0.1724137931034483,0.20689655172413793,0.0,0.034482758620689655,0.0,0.13793103448275862,0.0,0.06896551724137931
t1_e6c2jhu,0.068,0.872,0.06,-0.1779,0.2,0.2,0.0,0.0,0.0,0.0,0.0,0.0
t1_g36na53,0.217,0.783,0.0,-0.802,0.16666666666666666,0.16666666666666666,0.0,0.0,0.16666666666666666,0.16666666666666666,0.0,0.16666666666666666
t1_k764qqg,0.0,0.946,0.054,0.4019,0.0,0.0,0.2727272727272727,0.09090909090909091,0.0,0.0,0.09090909090909091,0.0
t1_itubiuf,0.073,0.869,0.058,-0.3182,0.16666666666666666,0.0,0.0,0.16666666666666666,0.0,0.16666666666666666,0.0,0.16666666666666666
t1_fe5zdhc,0.0,0.935,0.065,0.4926,0.0,0.0,0.3333333333333333,0.16666666666666666,0.16666666666666666,0.0,0.16666666666666666,0.0
t1_gngtyol,0.063,0.87,0.067,0.0772,0.07142857142857142,0.0,0.2857142857142857,0.21428571428571427,0.0,0.0,0.07142857142857142,0.0
t1_gnlpnji,0.103,0.835,0.061,-0.1779,0.14285714285714285,0.0,0.14285714285714285,0.14285714285714285,0.14285714285714285,0.0,0.0,0.0
t1_glehu5u,0.103,0.645,0.252,0.8555,0.16666666666666666,0.16666666666666666,0.0,0.16666666666666666,0.0,0.0,0.16666666666666666,0.0
t1_e1vgie7,0.306,0.576,0.118,-0.8887,0.125,0.125,0.0,0.125,0.0,0.125,0.0,0.125
t1_d0yhv7g,0.0,0.849,0.151,0.765,0.0,0.0,0.3333333333333333,0.0,0.0,0.0,0.3333333333333333,0.0
t1_hexc4is,0.029,0.717,0.254,0.9283,0.0,0.1,0.1,0.1,0.1,0.0,0.1,0.1
t1_hi3pox8,0.089,0.799,0.112,0.0,0.07142857142857142,0.07142857142857142,0.14285714285714285,0.21428571428571427,0.0,0.07142857142857142,0.14285714285714285,0.0
t1_iw57k97,0.1,0.754,0.146,0.6369,0.07692307692307693,0.15384615384615385,0.0,0.0,0.0,0.15384615384615385,0.0,0.0
t1_e33ujje,0.141,0.729,0.13,-0.4537,0.1,0.2,0.1,0.1,0.1,0.1,0.0,0.0
t1_gd8cvpw,0.234,0.711,0.055,-0.8221,0.11764705882352941,0.11764705882352941,0.11764705882352941,0.0,0.058823529411764705,0.17647058823529413,0.058823529411764705,0.058823529411764705
t1_fkd52kw,0.149,0.798,0.053,-0.5574,0.125,0.0,0.0,0.125,0.0,0.125,0.0,0.0
t1_idyc484,0.025,0.86,0.115,0.8807,0.0,0.0,0.3,0.2,0.0,0.0,0.1,0.0
t1_ewx339g,0.0,0.9,0.1,0.4939,0.09090909090909091,0.09090909090909091,0.09090909090909091,0.18181818181818182,0.0,0.0,0.18181818181818182,0.0
t1_hsxybax,0.115,0.851,0.033,-0.7717,0.17391304347826086,0.17391304347826086,0.08695652173913043,0.0,0.0,0.13043478260869565,0.0,0.08695652173913043
t1_gi59e36,0.0,0.896,0.104,0.7717,0.0,0.25,0.0,0.0,0.0,0.125,0.125,0.125
t1_k2u1gsc,0.0,0.932,0.068,0.5106,0.15384615384615385,0.0,0.15384615384615385,0.3076923076923077,0.0,0.07692307692307693,0.0,0.07692307692307693
t1_e1g6fl8,0.054,0.946,0.0,-0.6124,0.16666666666666666,0.16666666666666666,0.0,0.08333333333333333,0.08333333333333333,0.0,0.08333333333333333,0.0
t1_g68hk6c,0.0,1.0,0.0,0.0,0.0,0.0,0.25,0.25,0.0,0.0,0.25,0.0
t1_g75d9ew,0.0,0.921,0.079,0.6059,0.0,0.16666666666666666,0.08333333333333333,0.16666666666666666,0.08333333333333333,0.0,0.16666666666666666,0.0
t1_hf24xvp,0.175,0.825,0.0,-0.6249,0.0,0.0,1.0,0.0,0.0,0.0,0.0,0.0
t1_ggxv2da,0.069,0.87,0.061,0.1045,0.0,0.0,0.25,0.0,0.0,0.0,0.0,0.25
t1_i8guyy2,0.135,0.833,0.032,-0.7522,0.08,0.04,0.04,0.2,0.0,0.12,0.0,0.04
t1_k3gi8t5,0.077,0.816,0.107,0.1045,0.0,0.0,0.0,0.2,0.0,0.0,0.2,0.0
t1_isv9jgi,0.0,0.929,0.071,0.3182,0.0,0.0,0.0,1.0,0.0,0.0,0.0,0.0
t1_jvpp0tk,0.089,0.64,0.271,0.9859,0.0,0.0,0.1935483870967742,0.12903225806451613,0.03225806451612903,0.03225806451612903,0.16129032258064516,0.0
t1_dyg9max,0.06,0.792,0.147,0.5574,0.0,0.0,0.2222222222222222,0.2222222222222222,0.0,0.0,0.1111111111111111,0.0
t1_hlspzii,0.043,0.756,0.201,0.9163,0.09523809523809523,0.14285714285714285,0.09523809523809523,0.09523809523809523,0.047619047619047616,0.09523809523809523,0.09523809523809523,0.0
t1_g83huxi,0.0,1.0,0.0,0.0,0.0,0.0,0.2727272727272727,0.18181818181818182,0.09090909090909091,0.0,0.09090909090909091,0.0
t1_dxyt4o8,0.0,0.887,0.113,0.6557,0.18181818181818182,0.0,0.18181818181818182,0.18181818181818182,0.0,0.0,0.09090909090909091,0.0
t1_hugie6o,0.121,0.827,0.052,-0.6908,0.047619047619047616,0.09523809523809523,0.14285714285714285,0.14285714285714285,0.09523809523809523,0.047619047619047616,0.09523809523809523,0.0
t1_dtymwhf,0.0,0.898,0.102,0.5994,0.0,0.0,0.2,0.2,0.0,0.0,0.0,0.0
t1_iz9cuto,0.149,0.851,0.0,-0.7906,0.15789473684210525,0.10526315789473684,0.05263157894736842,0.21052631578947367,0.05263157894736842,0.05263157894736842,0.05263157894736842,0.10526315789473684
t1_h9z3t8s,0.259,0.678,0.064,-0.8591,0.18181818181818182,0.2727272727272727,0.0,0.0,0.0,0.09090909090909091,0.0,0.09090909090909091
t1_eq0zdn4,0.101,0.789,0.109,-0.1027,0.23076923076923078,0.038461538461538464,0.038461538461538464,0.15384615384615385,0.0,0.07692307692307693,0.07692307692307693,0.038461538461538464
t1_heifwpb,0.139,0.66,0.201,0.5346,0.16666666666666666,0.0,0.08333333333333333,0.16666666666666666,0.08333333333333333,0.0,0.08333333333333333,0.0
t1_f9o2n2f,0.071,0.929,0.0,-0.3182,0.0,0.0,0.0,0.5,0.0,0.0,0.0,0.0
t1_ec3okf0,0.056,0.816,0.128,0.5106,0.1,0.2,0.0,0.0,0.1,0.1,0.0,0.1
t1_ilqenqi,0.0,0.917,0.083,0.7267,0.07142857142857142,0.0,0.14285714285714285,0.35714285714285715,0.07142857142857142,0.0,0.07142857142857142,0.0
t1_h0xvcsl,0.102,0.872,0.026,-0.7096,0.1794871794871795,0.1282051282051282,0.05128205128205128,0.10256410256410256,0.05128205128205128,0.1282051282051282,0.02564102564102564,0.05128205128205128
t1_f8t6on2,0.0,0.855,0.145,0.8988,0.0,0.0,0.11764705882352941,0.23529411764705882,0.11764705882352941,0.058823529411764705,0.058823529411764705,0.0
t1_eb8hy44,0.0,0.956,0.044,0.2263,0.23076923076923078,0.07692307692307693,0.15384615384615385,0.15384615384615385,0.0,0.0,0.07692307692307693,0.07692307692307693
t1_irakjn4,0.204,0.796,0.0,-0.9313,0.15384615384615385,0.23076923076923078,0.07692307692307693,0.15384615384615385,0.0,0.0,0.0,0.0
t1_k81m5m3,0.077,0.836,0.087,0.0772,0.16666666666666666,0.16666666666666666,0.0,0.16666666666666666,0.0,0.16666666666666666,0.0,0.0
t1_f9gvfje,0.098,0.902,0.0,-0.4215,0.18181818181818182,0.09090909090909091,0.09090909090909091,0.09090909090909091,0.18181818181818182,0.0,0.09090909090909091,0.0
t1_cn0alyi,0.054,0.887,0.058,0.0516,0.0,0.0,0.0,0.16666666666666666,0.16666666666666666,0.0,0.0,0.0
t1_ccms1vy,0.013,0.843,0.144,0.9673,0.02702702702702703,0.02702702702702703,0.13513513513513514,0.21621621621621623,0.05405405405405406,0.02702702702702703,0.10810810810810811,0.0
t1_gtayyve,0.083,0.832,0.085,0.0258,0.3333333333333333,0.0,0.3333333333333333,0.0,0.3333333333333333,0.0,0.0,0.0
t1_f46r0ke,0.061,0.877,0.062,0.2617,0.17647058823529413,0.0,0.058823529411764705,0.11764705882352941,0.0,0.0,0.058823529411764705,0.0
t1_hgvfb6v,0.071,0.83,0.099,0.6357,0.0,0.10526315789473684,0.15789473684210525,0.15789473684210525,0.05263157894736842,0.0,0.10526315789473684,0.0
t1_f6ppndm,0.134,0.77,0.096,-0.6791,0.1702127659574468,0.0851063829787234,0.0425531914893617,0.10638297872340426,0.10638297872340426,0.0851063829787234,0.02127659574468085,0.10638297872340426
t1_iqpe92y,0.0,0.884,0.116,0.7003,0.25,0.0,0.0,0.25,0.0,0.0,0.0,0.0
t1_gy2ledv,0.0,0.857,0.143,0.7351,0.0,0.0,0.3333333333333333,0.3333333333333333,0.0,0.0,0.0,0.0
t1_guaxxa3,0.081,0.859,0.06,-0.3818,0.23529411764705882,0.11764705882352941,0.0,0.11764705882352941,0.0,0.17647058823529413,0.0,0.0
t1_e3bxdog,0.168,0.654,0.178,0.1217,0.16666666666666666,0.16666666666666666,0.0,0.16666666666666666,0.0,0.0,0.0,0.0
t1_hm7dh22,0.114,0.789,0.097,-0.4215,0.0625,0.0625,0.15625,0.125,0.0625,0.09375,0.09375,0.03125
t1_jyo1gj0,0.068,0.787,0.145,0.5574,0.0,0.0,0.0,0.0,0.0,0.0,0.25,0.0
t1_fomlxd6,0.115,0.766,0.119,0.1027,0.25,0.0,0.0,0.25,0.0,0.08333333333333333,0.0,0.0
t1_e1rbnjn,0.0,0.925,0.075,0.504,0.2,0.06666666666666667,0.06666666666666667,0.2,0.06666666666666667,0.0,0.06666666666666667,0.0
t1_gzq4vfp,0.195,0.805,0.0,-0.8858,0.0,0.0,0.0,0.0,0.0,0.25,0.0,0.25
t1_exi10rb,0.065,0.935,0.0,-0.4019,0.0,0.0,0.2,0.4,0.0,0.0,0.2,0.0
t1_f6te6z0,0.1,0.9,0.0,-0.5859,0.25,0.0,0.0,0.0,0.0,0.0,0.0,0.25
t1_ico0hd2,0.085,0.78,0.135,0.7054,0.08333333333333333,0.041666666666666664,0.125,0.25,0.08333333333333333,0.041666666666666664,0.08333333333333333,0.041666666666666664
t1_g5h55j5,0.145,0.758,0.097,-0.7827,0.14705882352941177,0.08823529411764706,0.08823529411764706,0.14705882352941177,0.0,0.08823529411764706,0.08823529411764706,0.0
t1_icr08hg,0.091,0.863,0.046,-0.6839,0.14814814814814814,0.07407407407407407,0.07407407407407407,0.18518518518518517,0.0,0.14814814814814814,0.0,0.1111111111111111
t1_gsk02yd,0.092,0.818,0.089,-0.0516,0.0,0.0,0.125,0.125,0.25,0.0,0.25,0.0
t1_gvdx7ga,0.327,0.629,0.045,-0.9423,0.1282051282051282,0.1282051282051282,0.02564102564102564,0.1282051282051282,0.1282051282051282,0.1282051282051282,0.02564102564102564,0.10256410256410256
t1_ijxzvoa,0.022,0.891,0.087,0.7142,0.0,0.0,0.0,0.0,0.0,0.6666666666666666,0.0,0.0
t1_egmykdu,0.0,0.596,0.404,0.9732,0.0,0.0,0.2,0.2,0.0,0.0,0.2,0.0
t1_jyg6by4,0.201,0.761,0.037,-0.9835,0.05,0.15,0.075,0.075,0.1,0.075,0.05,0.1
t1_k2tbru2,0.176,0.731,0.093,-0.6771,0.09090909090909091,0.09090909090909091,0.18181818181818182,0.09090909090909091,0.0,0.18181818181818182,0.0,0.09090909090909091
t1_f1hu9ni,0.061,0.82,0.119,0.7439,0.0,0.0,0.08333333333333333,0.16666666666666666,0.16666666666666666,0.0,0.08333333333333333,0.0
t1_gpf0ghz,0.082,0.827,0.091,0.296,0.05,0.05,0.15,0.4,0.05,0.0,0.1,0.0
t1_d0yhv7g,0.0,0.849,0.151,0.765,0.0,0.0,0.3333333333333333,0.0,0.0,0.0,0.3333333333333333,0.0
t1_f4qciha,0.031,0.934,0.035,-0.1406,0.08,0.0,0.16,0.2,0.04,0.08,0.08,0.0
t1_gx537x5,0.111,0.729,0.16,0.6974,0.05555555555555555,0.05555555555555555,0.16666666666666666,0.1111111111111111,0.05555555555555555,0.05555555555555555,0.05555555555555555,0.0
t1_gp2n00d,0.0,0.915,0.085,0.6249,0.0,0.0,0.0,0.0,0.0,0.0,0.0,0.0
t1_dxifhqv,0.0,0.955,0.045,0.4019,0.0,0.0,0.0,0.375,0.0,0.0,0.0,0.0
t1_hf33oy8,0.175,0.825,0.0,-0.6249,0.0,0.0,1.0,0.0,0.0,0.0,0.0,0.0
t1_darvxk2,0.138,0.821,0.041,-0.4574,0.0,0.0,0.0,0.5,0.0,0.0,0.0,0.0
t1_gvdi21s,0.076,0.924,0.0,-0.8225,0.1,0.05,0.1,0.1,0.0,0.2,0.1,0.0
t1_e132r4w,0.036,0.797,0.166,0.8176,0.0,0.0,0.0,0.5,0.0,0.0,0.0,0.0
t1_glle6xm,0.078,0.871,0.051,-0.4005,0.125,0.0,0.0,0.125,0.125,0.0,0.0,0.0
t1_iz8se15,0.088,0.657,0.256,0.9312,0.05555555555555555,0.05555555555555555,0.16666666666666666,0.1388888888888889,0.0,0.027777777777777776,0.08333333333333333,0.0
t1_k95p8ng,0.0,1.0,0.0,0.0,0.0,0.0,0.0,0.0,0.0,0.0,0.0,0.0
t1_dsirz4y,0.304,0.553,0.142,-0.8481,0.05263157894736842,0.10526315789473684,0.10526315789473684,0.15789473684210525,0.0,0.10526315789473684,0.05263157894736842,0.05263157894736842
t1_g8ixhoe,0.04,0.924,0.036,-0.0258,0.0,0.0,0.0,0.09090909090909091,0.09090909090909091,0.36363636363636365,0.0,0.0
t1_e9v4c82,0.0,0.927,0.073,0.7579,0.07692307692307693,0.0,0.38461538461538464,0.23076923076923078,0.0,0.0,0.07692307692307693,0.0
t1_guk6ipm,0.0,0.955,0.045,0.5994,0.1,0.1,0.1,0.1,0.0,0.0,0.1,0.1
t1_ju2vv31,0.205,0.74,0.055,-0.8074,0.08333333333333333,0.08333333333333333,0.0,0.08333333333333333,0.0,0.08333333333333333,0.0,0.08333333333333333
t1_ieimagk,0.076,0.856,0.068,-0.0767,0.16666666666666666,0.0,0.0,0.0,0.0,0.0,0.0,0.16666666666666666
t1_h00h043,0.064,0.801,0.136,0.7184,0.07894736842105263,0.05263157894736842,0.15789473684210525,0.10526315789473684,0.05263157894736842,0.05263157894736842,0.05263157894736842,0.0
t1_hwgruhs,0.008,0.905,0.087,0.8777,0.0,0.0,0.0625,0.125,0.0,0.0,0.125,0.0625
t1_gaf0ucg,0.118,0.882,0.0,-0.765,0.0,0.0,0.0,0.0,0.0,0.0,0.0,0.0
t1_gzzcusu,0.028,0.843,0.128,0.9201,0.03571428571428571,0.0,0.14285714285714285,0.17857142857142858,0.03571428571428571,0.07142857142857142,0.14285714285714285,0.0
t1_g9j8n8k,0.08,0.864,0.056,-0.6017,0.16,0.04,0.08,0.12,0.0,0.08,0.04,0.0
t1_djvnqvj,0.029,0.971,0.0,-0.0772,0.0,0.0,0.0,0.0,0.0,0.0,0.0,0.0
t1_fqwpjkz,0.14,0.748,0.113,-0.6369,0.0,0.0,0.2222222222222222,0.2222222222222222,0.1111111111111111,0.0,0.1111111111111111,0.0
t1_kfktpzy,0.159,0.808,0.033,-0.8139,0.13333333333333333,0.06666666666666667,0.06666666666666667,0.13333333333333333,0.0,0.06666666666666667,0.06666666666666667,0.0
t1_gxday7l,0.048,0.856,0.095,0.2845,0.125,0.0,0.125,0.1875,0.0625,0.0,0.0,0.0
t1_dxc4p7u,0.0,0.878,0.122,0.8162,0.0,0.0,0.14285714285714285,0.2857142857142857,0.14285714285714285,0.07142857142857142,0.14285714285714285,0.0
t1_ek9wesh,0.078,0.826,0.096,0.2382,0.0,0.1111111111111111,0.1111111111111111,0.1111111111111111,0.0,0.1111111111111111,0.1111111111111111,0.1111111111111111
t1_ia3rbx5,0.219,0.754,0.027,-0.9822,0.11538461538461539,0.15384615384615385,0.038461538461538464,0.11538461538461539,0.038461538461538464,0.15384615384615385,0.038461538461538464,0.0
t1_e9td9kv,0.068,0.867,0.066,-0.0258,0.0,0.0,0.25,0.08333333333333333,0.08333333333333333,0.08333333333333333,0.16666666666666666,0.0
t1_gsdejed,0.049,0.924,0.027,-0.1901,0.07692307692307693,0.0,0.07692307692307693,0.15384615384615385,0.07692307692307693,0.15384615384615385,0.07692307692307693,0.0
t1_f2mnqrq,0.123,0.851,0.026,-0.7835,0.0,0.07142857142857142,0.21428571428571427,0.21428571428571427,0.0,0.07142857142857142,0.0,0.0
t1_jtolbew,0.018,0.829,0.153,0.9081,0.0,0.043478260869565216,0.08695652173913043,0.2608695652173913,0.043478260869565216,0.043478260869565216,0.13043478260869565,0.0
t1_j7x4hko,0.067,0.872,0.061,-0.0772,0.13636363636363635,0.09090909090909091,0.09090909090909091,0.18181818181818182,0.0,0.09090909090909091,0.09090909090909091,0.0
t1_gxidcwu,0.049,0.812,0.139,0.6249,0.0,0.0,0.1111111111111111,0.1111111111111111,0.0,0.0,0.1111111111111111,0.0
t1_ia9jf2r,0.067,0.823,0.111,0.2732,0.07142857142857142,0.0,0.07142857142857142,0.07142857142857142,0.07142857142857142,0.14285714285714285,0.07142857142857142,0.0
t1_gtf9yun,0.0,1.0,0.0,0.0,0.06666666666666667,0.06666666666666667,0.13333333333333333,0.13333333333333333,0.0,0.06666666666666667,0.06666666666666667,0.0
t1_h6ofutl,0.11,0.822,0.068,-0.5267,0.2,0.2,0.2,0.0,0.0,0.0,0.0,0.1
t1_gtrm2vt,0.019,0.925,0.056,0.6486,0.0625,0.0,0.25,0.3125,0.0,0.0,0.0,0.0
t1_gvdlzaw,0.067,0.849,0.084,-0.128,0.06666666666666667,0.0,0.0,0.4,0.0,0.0,0.06666666666666667,0.0
t1_hd6rrad,0.0,0.662,0.338,0.9422,0.0,0.0,0.25,0.25,0.0,0.0,0.25,0.0
t1_e5en1c2,0.195,0.805,0.0,-0.9817,0.0975609756097561,0.0975609756097561,0.0975609756097561,0.14634146341463414,0.0,0.07317073170731707,0.0975609756097561,0.07317073170731707
t1_gyh41f9,0.126,0.874,0.0,-0.9022,0.14285714285714285,0.047619047619047616,0.19047619047619047,0.09523809523809523,0.047619047619047616,0.047619047619047616,0.0,0.047619047619047616
t1_d2u51tg,0.081,0.841,0.078,-0.0258,0.09090909090909091,0.09090909090909091,0.09090909090909091,0.09090909090909091,0.0,0.18181818181818182,0.09090909090909091,0.0
t1_f9ewl9c,0.214,0.728,0.058,-0.7579,0.1111111111111111,0.0,0.1111111111111111,0.1111111111111111,0.0,0.1111111111111111,0.0,0.0
t1_gs5dysi,0.05,0.877,0.073,0.4011,0.11764705882352941,0.11764705882352941,0.14705882352941177,0.17647058823529413,0.0,0.029411764705882353,0.08823529411764706,0.029411764705882353
t1_d2ttxsg,0.148,0.766,0.085,-0.8376,0.2,0.0,0.0,0.06666666666666667,0.0,0.06666666666666667,0.06666666666666667,0.0
t1_gubwecn,0.096,0.856,0.048,-0.4458,0.125,0.0,0.125,0.25,0.0,0.0,0.0,0.0
t1_gxdax65,0.048,0.856,0.095,0.2845,0.125,0.0,0.125,0.1875,0.0625,0.0,0.0,0.0
t1_depbj99,0.043,0.898,0.059,-0.0258,0.17857142857142858,0.03571428571428571,0.07142857142857142,0.17857142857142858,0.0,0.07142857142857142,0.0,0.0
t1_grzfge0,0.069,0.78,0.151,0.7269,0.18181818181818182,0.030303030303030304,0.12121212121212122,0.12121212121212122,0.0,0.030303030303030304,0.0,0.030303030303030304
t1_eq37w0l,0.043,0.957,0.0,-0.431,0.1,0.0,0.1,0.2,0.1,0.0,0.1,0.0
t1_e9jw2l4,0.051,0.949,0.0,-0.3612,0.09090909090909091,0.09090909090909091,0.18181818181818182,0.18181818181818182,0.0,0.09090909090909091,0.0,0.0
t1_iun9i9t,0.271,0.729,0.0,-0.9169,0.1875,0.1875,0.0,0.0625,0.0625,0.125,0.0,0.0625
t1_gei4yi9,0.0,0.922,0.078,0.4019,0.2857142857142857,0.0,0.0,0.2857142857142857,0.14285714285714285,0.0,0.0,0.0
t1_f9sl6jt,0.318,0.614,0.068,-0.8905,0.5,0.0,0.16666666666666666,0.16666666666666666,0.0,0.0,0.0,0.0
t1_dum7d2m,0.144,0.75,0.106,-0.25,0.05,0.15,0.05,0.1,0.05,0.05,0.05,0.15
t1_gxisupo,0.073,0.927,0.0,-0.5574,0.2,0.0,0.0,0.2,0.0,0.1,0.0,0.1
t1_k3rtfut,0.0,1.0,0.0,0.0,0.0,0.0,0.5,0.5,0.0,0.0,0.0,0.0
t1_flgxmof,0.055,0.886,0.059,0.079,0.2222222222222222,0.0,0.0,0.1111111111111111,0.0,0.1111111111111111,0.1111111111111111,0.0
t1_h9z3t8s,0.259,0.678,0.064,-0.8591,0.18181818181818182,0.2727272727272727,0.0,0.0,0.0,0.09090909090909091,0.0,0.09090909090909091
t1_jmlqmja,0.0,0.864,0.136,0.7845,0.0,0.0,0.3,0.1,0.0,0.0,0.1,0.0
t1_g53pgss,0.101,0.78,0.119,0.5106,0.038461538461538464,0.07692307692307693,0.07692307692307693,0.15384615384615385,0.11538461538461539,0.07692307692307693,0.11538461538461539,0.038461538461538464
t1_ijls5cu,0.113,0.845,0.041,-0.6322,0.1,0.1,0.0,0.1,0.0,0.1,0.0,0.0
t1_k4pr2up,0.203,0.745,0.052,-0.8885,0.16666666666666666,0.16666666666666666,0.08333333333333333,0.0,0.0,0.16666666666666666,0.08333333333333333,0.08333333333333333
t1_g3rn5r2,0.151,0.735,0.114,-0.3744,0.17857142857142858,0.03571428571428571,0.03571428571428571,0.25,0.0,0.07142857142857142,0.03571428571428571,0.03571428571428571
t1_gik8tpd,0.046,0.75,0.204,0.8243,0.0,0.3333333333333333,0.0,0.3333333333333333,0.0,0.0,0.0,0.0
t1_k9odjtu,0.02,0.731,0.248,0.9824,0.041666666666666664,0.0,0.20833333333333334,0.20833333333333334,0.041666666666666664,0.0,0.16666666666666666,0.0
t1_gxdb9ek,0.177,0.56,0.263,0.7999,0.12121212121212122,0.09090909090909091,0.030303030303030304,0.12121212121212122,0.0,0.12121212121212122,0.06060606060606061,0.12121212121212122
t1_g3ko9od,0.113,0.843,0.044,-0.313,0.0,0.0,0.0,0.5,0.0,0.0,0.0,0.0
t1_k7pfrpl,0.089,0.706,0.205,0.934,0.06666666666666667,0.0,0.2,0.13333333333333333,0.06666666666666667,0.06666666666666667,0.06666666666666667,0.0
t1_f6t85gx,0.091,0.835,0.075,-0.3584,0.05714285714285714,0.17142857142857143,0.05714285714285714,0.11428571428571428,0.05714285714285714,0.08571428571428572,0.02857142857142857,0.08571428571428572
t1_efj54fr,0.259,0.741,0.0,-0.9531,0.14285714285714285,0.14285714285714285,0.14285714285714285,0.0,0.0,0.0,0.07142857142857142,0.14285714285714285
t1_g8nwdtp,0.0,0.875,0.125,0.6776,0.0,0.0,0.0,0.5714285714285714,0.0,0.0,0.0,0.0
t1_f7azevv,0.056,0.874,0.07,0.1882,0.25,0.0,0.0,0.5,0.0,0.0,0.0,0.0
t1_ewv5e8m,0.058,0.888,0.054,-0.0772,0.10526315789473684,0.10526315789473684,0.10526315789473684,0.05263157894736842,0.05263157894736842,0.05263157894736842,0.10526315789473684,0.05263157894736842
t1_hwzd1zp,0.045,0.789,0.166,0.7184,0.09090909090909091,0.0,0.09090909090909091,0.09090909090909091,0.09090909090909091,0.09090909090909091,0.09090909090909091,0.0
t1_hfa3htz,0.175,0.825,0.0,-0.6249,0.0,0.0,1.0,0.0,0.0,0.0,0.0,0.0
t1_f2u9ls0,0.0,0.883,0.117,0.7572,0.06666666666666667,0.06666666666666667,0.13333333333333333,0.2,0.06666666666666667,0.0,0.13333333333333333,0.0
t1_es8wbep,0.042,0.872,0.086,0.431,0.0,0.0,0.2,0.0,0.2,0.0,0.2,0.0
t1_h0l71h9,0.03,0.935,0.035,-0.1027,0.05555555555555555,0.0,0.2777777777777778,0.3333333333333333,0.0,0.0,0.1111111111111111,0.0
t1_hfx91b9,0.07,0.93,0.0,-0.6783,0.2,0.06666666666666667,0.13333333333333333,0.06666666666666667,0.06666666666666667,0.06666666666666667,0.06666666666666667,0.06666666666666667
t1_ev0ee8c,0.112,0.737,0.152,0.4215,0.0,0.0,0.0,0.3333333333333333,0.0,0.0,0.08333333333333333,0.08333333333333333
t1_ig99ol8,0.167,0.784,0.049,-0.644,0.3333333333333333,0.0,0.0,0.0,0.0,0.3333333333333333,0.0,0.0
t1_i052bsi,0.112,0.888,0.0,-0.6486,0.0,0.0,0.0,0.0,0.0,0.5,0.0,0.0
t1_foatj40,0.056,0.944,0.0,-0.4567,0.0,0.16666666666666666,0.0,0.16666666666666666,0.0,0.0,0.0,0.0
t1_k166z7w,0.0,0.891,0.109,0.8977,0.06666666666666667,0.06666666666666667,0.06666666666666667,0.2,0.0,0.0,0.13333333333333333,0.06666666666666667
t1_gzv1xk3,0.064,0.863,0.073,0.2617,0.15384615384615385,0.0,0.19230769230769232,0.23076923076923078,0.07692307692307693,0.0,0.07692307692307693,0.0
t1_evl9eot,0.161,0.761,0.078,-0.6099,0.2413793103448276,0.20689655172413793,0.06896551724137931,0.06896551724137931,0.0,0.10344827586206896,0.0,0.034482758620689655
t1_dbf2b7d,0.178,0.738,0.084,-0.8862,0.15,0.0,0.2,0.25,0.0,0.0,0.1,0.0
t1_d1ds861,0.045,0.831,0.124,0.8705,0.038461538461538464,0.07692307692307693,0.23076923076923078,0.15384615384615385,0.038461538461538464,0.07692307692307693,0.07692307692307693,0.0
t1_hu7naqd,0.079,0.921,0.0,-0.6808,0.1111111111111111,0.1111111111111111,0.1111111111111111,0.2222222222222222,0.1111111111111111,0.0,0.0,0.0
t1_e6ia8gj,0.046,0.84,0.115,0.8605,0.0,0.058823529411764705,0.058823529411764705,0.17647058823529413,0.058823529411764705,0.0,0.058823529411764705,0.0
t1_ells7xm,0.045,0.774,0.18,0.7906,0.0,0.0,0.3333333333333333,0.08333333333333333,0.0,0.0,0.16666666666666666,0.0
t1_flcsmg9,0.033,0.804,0.163,0.8553,0.0625,0.0625,0.125,0.0625,0.0625,0.0625,0.0625,0.0
t1_k743mfj,0.144,0.709,0.147,0.0444,0.13333333333333333,0.06666666666666667,0.06666666666666667,0.2,0.0,0.0,0.13333333333333333,0.0
t1_dintv4j,0.128,0.787,0.086,-0.7088,0.15625,0.09375,0.0625,0.09375,0.09375,0.125,0.03125,0.03125
t1_fc02m1f,0.055,0.82,0.124,0.8299,0.07407407407407407,0.037037037037037035,0.1111111111111111,0.14814814814814814,0.037037037037037035,0.07407407407407407,0.14814814814814814,0.0
t1_iukezeh,0.079,0.739,0.182,0.4137,0.25,0.0,0.125,0.0,0.125,0.0,0.25,0.0
t1_i79u1wg,0.0,0.736,0.264,0.953,0.0,0.0,0.1,0.3,0.0,0.0,0.3,0.0
t1_fz5j53s,0.067,0.858,0.076,0.1531,0.0,0.23076923076923078,0.15384615384615385,0.07692307692307693,0.0,0.0,0.0,0.0
t1_grukyb1,0.109,0.804,0.087,-0.6486,0.16666666666666666,0.03333333333333333,0.1,0.16666666666666666,0.0,0.06666666666666667,0.1,0.06666666666666667
t1_iw0iolc,0.073,0.783,0.145,0.4173,0.0,0.07142857142857142,0.2857142857142857,0.14285714285714285,0.0,0.0,0.07142857142857142,0.0
t1_jeepuxp,0.0,1.0,0.0,0.0,0.0,0.0,0.25,0.25,0.0,0.0,0.0,0.0
t1_jsgzibj,0.116,0.802,0.082,-0.1779,0.42857142857142855,0.0,0.0,0.0,0.0,0.14285714285714285,0.0,0.0
t1_gug6bdw,0.15,0.831,0.019,-0.9633,0.23809523809523808,0.23809523809523808,0.0,0.0,0.0,0.14285714285714285,0.0,0.09523809523809523
t1_ian88oz,0.084,0.836,0.08,-0.0258,0.0,0.0,0.25,0.25,0.0,0.0,0.25,0.0
t1_gny4zi7,0.046,0.851,0.103,0.4404,0.0,0.0,0.0,0.375,0.0,0.125,0.0,0.125
t1_k0o6veq,0.116,0.806,0.077,-0.7096,0.07692307692307693,0.11538461538461539,0.038461538461538464,0.15384615384615385,0.07692307692307693,0.07692307692307693,0.038461538461538464,0.07692307692307693
t1_kand8m4,0.031,0.802,0.167,0.9101,0.03571428571428571,0.03571428571428571,0.10714285714285714,0.10714285714285714,0.03571428571428571,0.03571428571428571,0.14285714285714285,0.03571428571428571
t1_gqzmgnv,0.0,0.736,0.264,0.9738,0.08333333333333333,0.0,0.25,0.3333333333333333,0.0,0.0,0.16666666666666666,0.0
t1_edswhw6,0.062,0.938,0.0,-0.5499,0.125,0.0,0.25,0.25,0.125,0.0,0.0,0.0
t1_ez63m5r,0.175,0.72,0.105,-0.6584,0.0,0.15384615384615385,0.15384615384615385,0.07692307692307693,0.23076923076923078,0.0,0.07692307692307693,0.07692307692307693
t1_ghu5art,0.025,0.884,0.091,0.7003,0.07692307692307693,0.0,0.0,0.23076923076923078,0.07692307692307693,0.0,0.07692307692307693,0.15384615384615385
t1_dd4b4rr,0.121,0.827,0.052,-0.4715,0.25,0.0,0.0,0.25,0.0,0.0,0.25,0.0
t1_hdz2sqj,0.0,0.935,0.065,0.504,0.0,0.0,0.25,0.25,0.125,0.0,0.125,0.0
t1_hs3vsam,0.019,0.899,0.082,0.836,0.1,0.1,0.1,0.0,0.0,0.2,0.0,0.1
t1_gt756te,0.042,0.923,0.035,-0.3291,0.12121212121212122,0.030303030303030304,0.18181818181818182,0.09090909090909091,0.030303030303030304,0.09090909090909091,0.06060606060606061,0.0
t1_jk42tfn,0.123,0.821,0.057,-0.8597,0.05555555555555555,0.0,0.1111111111111111,0.16666666666666666,0.0,0.1111111111111111,0.1111111111111111,0.05555555555555555
t1_k1yyhc1,0.0,0.814,0.186,0.9432,0.0,0.0,0.0,0.25,0.0,0.0,0.0,0.0
t1_flgsm9v,0.041,0.878,0.082,0.3182,0.14285714285714285,0.0,0.0,0.2857142857142857,0.0,0.14285714285714285,0.0,0.0
t1_ev7wzaj,0.21,0.685,0.105,-0.8375,0.0625,0.0,0.125,0.3125,0.0,0.0,0.125,0.0
t1_gkgqlji,0.055,0.83,0.115,0.6808,0.05263157894736842,0.15789473684210525,0.10526315789473684,0.0,0.05263157894736842,0.05263157894736842,0.05263157894736842,0.0
t1_gt3q6lb,0.0,0.912,0.088,0.8573,0.07142857142857142,0.03571428571428571,0.17857142857142858,0.07142857142857142,0.25,0.03571428571428571,0.07142857142857142,0.03571428571428571
t1_dt46oz1,0.071,0.929,0.0,-0.4588,0.10526315789473684,0.05263157894736842,0.15789473684210525,0.05263157894736842,0.0,0.0,0.10526315789473684,0.15789473684210525
t1_j10yz0d,0.242,0.758,0.0,-0.9326,0.125,0.0625,0.0625,0.0625,0.0625,0.125,0.0625,0.0625
t1_hrkgcrg,0.113,0.887,0.0,-0.765,0.2,0.1,0.0,0.2,0.0,0.1,0.0,0.1
t1_j3rbdq8,0.135,0.817,0.048,-0.6808,0.10526315789473684,0.10526315789473684,0.0,0.0,0.0,0.21052631578947367,0.0,0.15789473684210525
t1_gycc31z,0.098,0.801,0.101,0.0516,0.13333333333333333,0.06666666666666667,0.06666666666666667,0.06666666666666667,0.0,0.06666666666666667,0.13333333333333333,0.06666666666666667
t1_di0vy6l,0.302,0.637,0.061,-0.8481,0.1875,0.125,0.125,0.0625,0.0,0.0625,0.0,0.0
t1_dvlx3dq,0.0,0.906,0.094,0.6369,0.0,0.0,0.0,0.4444444444444444,0.0,0.0,0.1111111111111111,0.0
t1_h8gifqf,0.08,0.855,0.065,-0.3597,0.1875,0.125,0.0625,0.0625,0.0625,0.0625,0.0625,0.0
t1_jes6arx,0.054,0.844,0.102,0.7713,0.08695652173913043,0.043478260869565216,0.043478260869565216,0.17391304347826086,0.0,0.08695652173913043,0.13043478260869565,0.0
t1_f5pu9wg,0.04,0.848,0.112,0.6115,0.0,0.1,0.1,0.2,0.0,0.1,0.0,0.1
t1_gk0wp82,0.0,0.872,0.128,0.6808,0.0,0.0,0.0,0.0,0.0,0.0,0.0,0.0
t1_fees8h5,0.131,0.869,0.0,-0.9153,0.08108108108108109,0.05405405405405406,0.16216216216216217,0.08108108108108109,0.0,0.13513513513513514,0.10810810810810811,0.05405405405405406
t1_eahlbx7,0.088,0.912,0.0,-0.4767,0.2,0.2,0.0,0.1,0.0,0.0,0.0,0.1
t1_kfg52a2,0.0,0.949,0.051,0.128,0.14285714285714285,0.14285714285714285,0.14285714285714285,0.14285714285714285,0.0,0.0,0.0,0.0
t1_i7vfp1o,0.157,0.82,0.024,-0.85,0.0,0.0,0.375,0.25,0.0,0.0,0.0,0.0
t1_enn2wiz,0.136,0.864,0.0,-0.8505,0.2,0.08,0.12,0.08,0.04,0.12,0.0,0.04
t1_fotcryx,0.129,0.838,0.032,-0.7263,0.0,0.0,0.3333333333333333,0.3333333333333333,0.0,0.0,0.0,0.0
t1_ew09vdr,0.0,0.973,0.027,0.2682,0.0,0.0,0.3333333333333333,0.3333333333333333,0.0,0.0,0.0,0.0
t1_djgvr8a,0.028,0.928,0.043,0.25,0.0,0.0,0.25,0.25,0.0,0.0,0.0,0.0
t1_e854lr4,0.0,0.799,0.201,0.8834,0.0,0.0,0.08333333333333333,0.16666666666666666,0.08333333333333333,0.08333333333333333,0.08333333333333333,0.08333333333333333
t1_frheowo,0.101,0.815,0.084,-0.1531,0.0,0.0,0.0,0.0,0.0,0.0,0.0,0.0
t1_gsdwbbj,0.022,0.921,0.057,0.5859,0.09090909090909091,0.09090909090909091,0.09090909090909091,0.13636363636363635,0.045454545454545456,0.045454545454545456,0.0,0.0
t1_hfju03f,0.137,0.693,0.17,0.3664,0.19047619047619047,0.14285714285714285,0.047619047619047616,0.0,0.047619047619047616,0.14285714285714285,0.0,0.14285714285714285
t1_ey1cjd2,0.217,0.722,0.061,-0.7269,0.05263157894736842,0.15789473684210525,0.05263157894736842,0.05263157894736842,0.05263157894736842,0.21052631578947367,0.05263157894736842,0.0
t1_fdmqcgq,0.0,0.823,0.177,0.9528,0.10526315789473684,0.05263157894736842,0.05263157894736842,0.2631578947368421,0.05263157894736842,0.05263157894736842,0.0,0.15789473684210525
t1_gxklosu,0.14,0.801,0.059,-0.8834,0.25,0.09375,0.0,0.03125,0.0625,0.1875,0.0,0.0625
t1_jcatyda,0.095,0.905,0.0,-0.4767,0.14285714285714285,0.14285714285714285,0.14285714285714285,0.2857142857142857,0.0,0.14285714285714285,0.0,0.0
t1_e9odppu,0.254,0.746,0.0,-0.8187,0.0625,0.125,0.125,0.125,0.0,0.125,0.0625,0.0
t1_du163mv,0.118,0.738,0.144,0.145,0.13636363636363635,0.045454545454545456,0.0,0.22727272727272727,0.0,0.09090909090909091,0.0,0.045454545454545456
t1_jltelr0,0.164,0.757,0.079,-0.7096,0.125,0.15,0.05,0.05,0.075,0.1,0.05,0.1
t1_e0aehjj,0.048,0.832,0.121,0.7906,0.05555555555555555,0.0,0.16666666666666666,0.2222222222222222,0.0,0.0,0.05555555555555555,0.0
t1_eg1pqs6,0.042,0.744,0.214,0.8126,0.0,0.0,0.2,0.2,0.1,0.0,0.2,0.0
t1_ino8f1z,0.07,0.898,0.033,-0.194,0.06666666666666667,0.06666666666666667,0.13333333333333333,0.2,0.06666666666666667,0.0,0.13333333333333333,0.0
t1_jn1u48d,0.114,0.771,0.114,0.2484,0.21428571428571427,0.21428571428571427,0.0,0.0,0.0,0.21428571428571427,0.0,0.0
t1_grvjyj7,0.054,0.946,0.0,-0.5267,0.0,0.0,0.0,0.0,0.0,0.0,0.0,0.0
t1_dx38kva,0.054,0.807,0.139,0.765,0.0,0.0,0.16666666666666666,0.16666666666666666,0.0,0.0,0.16666666666666666,0.0
t1_f3xwhyd,0.0,0.918,0.082,0.719,0.1,0.0,0.1,0.2,0.0,0.0,0.2,0.0
t1_jlfnclp,0.113,0.777,0.109,-0.1027,0.10526315789473684,0.10526315789473684,0.05263157894736842,0.21052631578947367,0.05263157894736842,0.0,0.05263157894736842,0.0
t1_g23dhr4,0.019,0.824,0.157,0.9676,0.06,0.1,0.08,0.14,0.02,0.06,0.08,0.04
t1_go71git,0.0,1.0,0.0,0.0,0.0,0.0,0.25,0.25,0.0,0.0,0.25,0.0
t1_gs55cnq,0.084,0.857,0.059,-0.4215,0.05263157894736842,0.05263157894736842,0.21052631578947367,0.10526315789473684,0.0,0.0,0.05263157894736842,0.05263157894736842
t1_h0ye9qi,0.283,0.546,0.171,-0.8225,0.36363636363636365,0.0,0.0,0.18181818181818182,0.0,0.0,0.0,0.0
t1_hcdxpv3,0.048,0.841,0.111,0.5423,0.0,0.0,0.16666666666666666,0.16666666666666666,0.16666666666666666,0.0,0.0,0.0
t1_j002bsk,0.172,0.78,0.048,-0.6808,0.0,0.0,0.0,0.0,0.5,0.0,0.0,0.0
t1_gyh6dv3,0.155,0.747,0.098,-0.5994,0.13333333333333333,0.13333333333333333,0.0,0.06666666666666667,0.0,0.13333333333333333,0.0,0.13333333333333333
t1_i8i5vpz,0.0,0.897,0.103,0.7184,0.0,0.0,0.25,0.0,0.0,0.125,0.125,0.0
t1_gny0jbj,0.194,0.769,0.038,-0.9505,0.14285714285714285,0.11428571428571428,0.05714285714285714,0.14285714285714285,0.05714285714285714,0.08571428571428572,0.02857142857142857,0.05714285714285714
t1_dvw8pdm,0.175,0.743,0.082,-0.9001,0.19047619047619047,0.09523809523809523,0.11904761904761904,0.047619047619047616,0.047619047619047616,0.16666666666666666,0.023809523809523808,0.047619047619047616
t1_ibv3pep,0.074,0.753,0.173,0.5499,0.16666666666666666,0.0,0.16666666666666666,0.16666666666666666,0.0,0.0,0.16666666666666666,0.0
t1_eh5y6ra,0.081,0.737,0.182,0.9137,0.0,0.16666666666666666,0.16666666666666666,0.1111111111111111,0.05555555555555555,0.05555555555555555,0.1111111111111111,0.0
t1_e2u0yph,0.026,0.893,0.08,0.4623,0.0,0.0,0.0,0.5,0.0,0.0,0.0,0.0
t1_irvf0ob,0.104,0.803,0.093,-0.0,0.17647058823529413,0.11764705882352941,0.11764705882352941,0.11764705882352941,0.058823529411764705,0.0,0.11764705882352941,0.0
t1_i3vlil7,0.256,0.708,0.036,-0.9501,0.11764705882352941,0.23529411764705882,0.0,0.0,0.058823529411764705,0.11764705882352941,0.0,0.11764705882352941
t1_hc4lr6p,0.04,0.863,0.098,0.7956,0.05,0.0,0.1,0.25,0.05,0.1,0.0,0.05
t1_dm5uz1p,0.119,0.82,0.061,-0.6798,0.16666666666666666,0.05555555555555555,0.05555555555555555,0.05555555555555555,0.2222222222222222,0.05555555555555555,0.0,0.05555555555555555
t1_djs9x3q,0.0,0.749,0.251,0.9334,0.0,0.0,0.125,0.25,0.125,0.0,0.125,0.0
t1_hfxaqyr,0.07,0.93,0.0,-0.6783,0.2,0.06666666666666667,0.13333333333333333,0.06666666666666667,0.06666666666666667,0.06666666666666667,0.06666666666666667,0.06666666666666667
t1_kcrb15b,0.042,0.831,0.128,0.6369,0.06666666666666667,0.06666666666666667,0.06666666666666667,0.13333333333333333,0.13333333333333333,0.0,0.13333333333333333,0.0
t1_gywws4t,0.118,0.85,0.032,-0.8225,0.16666666666666666,0.16666666666666666,0.05555555555555555,0.05555555555555555,0.05555555555555555,0.1111111111111111,0.05555555555555555,0.1111111111111111
t1_kaz40x0,0.122,0.852,0.027,-0.757,0.125,0.0625,0.0,0.125,0.0,0.1875,0.125,0.0
t1_h0wfkos,0.24,0.728,0.032,-0.8658,0.1111111111111111,0.1111111111111111,0.16666666666666666,0.1111111111111111,0.05555555555555555,0.05555555555555555,0.1111111111111111,0.05555555555555555
t1_h8gj5be,0.08,0.855,0.065,-0.3597,0.1875,0.125,0.0625,0.0625,0.0625,0.0625,0.0625,0.0
t1_j80o8fg,0.085,0.815,0.101,0.2449,0.09090909090909091,0.030303030303030304,0.12121212121212122,0.15151515151515152,0.030303030303030304,0.09090909090909091,0.12121212121212122,0.0
t1_gy4jmlt,0.181,0.735,0.084,-0.8341,0.0,0.2,0.0,0.2,0.0,0.0,0.0,0.0
t1_jm2ypn7,0.271,0.718,0.012,-0.9811,0.06666666666666667,0.13333333333333333,0.06666666666666667,0.13333333333333333,0.03333333333333333,0.03333333333333333,0.03333333333333333,0.13333333333333333
t1_hgx3fz3,0.215,0.709,0.076,-0.7906,0.1,0.1,0.1,0.0,0.1,0.1,0.0,0.1
t1_kddn6te,0.088,0.84,0.072,0.049,0.0,0.0,0.0,0.0,0.0,0.0,0.0,0.0
t1_fs8ojbh,0.121,0.806,0.073,-0.7437,0.2,0.0,0.0,0.2,0.0,0.06666666666666667,0.0,0.0
t1_ijn6u4f,0.056,0.836,0.108,0.8658,0.12903225806451613,0.0967741935483871,0.0,0.16129032258064516,0.06451612903225806,0.0967741935483871,0.03225806451612903,0.06451612903225806
t1_fe1g8qr,0.167,0.772,0.061,-0.8271,0.14814814814814814,0.14814814814814814,0.07407407407407407,0.1111111111111111,0.037037037037037035,0.1111111111111111,0.037037037037037035,0.07407407407407407
t1_jgmt9vw,0.185,0.815,0.0,-0.9246,0.21875,0.09375,0.0,0.0,0.0,0.15625,0.0,0.21875
t1_joifrnt,0.165,0.713,0.121,-0.4767,0.08,0.16,0.2,0.12,0.08,0.08,0.08,0.04
t1_fjm07ou,0.152,0.796,0.053,-0.9383,0.22580645161290322,0.06451612903225806,0.03225806451612903,0.1935483870967742,0.0,0.06451612903225806,0.0,0.0
t1_eb5gedq,0.089,0.911,0.0,-0.636,0.45454545454545453,0.09090909090909091,0.0,0.18181818181818182,0.0,0.0,0.0,0.0
t1_e3sq8d6,0.048,0.884,0.068,0.3716,0.0,0.0,0.14285714285714285,0.2857142857142857,0.0,0.047619047619047616,0.0,0.0
t1_gekp8sd,0.043,0.846,0.111,0.854,0.08823529411764706,0.08823529411764706,0.08823529411764706,0.058823529411764705,0.0,0.029411764705882353,0.08823529411764706,0.0
t1_hqk9tm9,0.132,0.806,0.062,-0.932,0.12,0.04,0.08,0.16,0.0,0.08,0.0,0.08
t1_gny0jbj,0.194,0.769,0.038,-0.9505,0.14285714285714285,0.11428571428571428,0.05714285714285714,0.14285714285714285,0.05714285714285714,0.08571428571428572,0.02857142857142857,0.05714285714285714
t1_gd9z3wr,0.134,0.616,0.25,0.7506,0.07692307692307693,0.07692307692307693,0.07692307692307693,0.19230769230769232,0.038461538461538464,0.11538461538461539,0.11538461538461539,0.07692307692307693
t1_gsk17c6,0.093,0.786,0.121,0.1027,0.10638297872340426,0.06382978723404255,0.10638297872340426,0.2127659574468085,0.0425531914893617,0.06382978723404255,0.0425531914893617,0.02127659574468085
t1_fb824gi,0.0,1.0,0.0,0.0,0.09090909090909091,0.09090909090909091,0.09090909090909091,0.09090909090909091,0.09090909090909091,0.0,0.09090909090909091,0.0
t1_dvu9owh,0.07,0.646,0.284,0.9052,0.0,0.0,0.2,0.2,0.2,0.0,0.2,0.0
t1_ggxv2da,0.069,0.87,0.061,0.1045,0.0,0.0,0.25,0.0,0.0,0.0,0.0,0.25
t1_h2x12xt,0.083,0.876,0.041,-0.4545,0.0625,0.125,0.0,0.0625,0.0625,0.125,0.0625,0.0625
t1_iui1vok,0.084,0.87,0.046,-0.3626,0.0,0.0,0.2222222222222222,0.1111111111111111,0.0,0.1111111111111111,0.1111111111111111,0.0
t1_ib5pqnx,0.089,0.829,0.083,-0.1531,0.10869565217391304,0.06521739130434782,0.13043478260869565,0.15217391304347827,0.021739130434782608,0.08695652173913043,0.10869565217391304,0.043478260869565216
t1_eok9nmo,0.034,0.918,0.048,0.2023,0.0,0.07692307692307693,0.07692307692307693,0.3076923076923077,0.07692307692307693,0.07692307692307693,0.0,0.07692307692307693
t1_e36943k,0.202,0.762,0.036,-0.9194,0.13333333333333333,0.06666666666666667,0.06666666666666667,0.06666666666666667,0.06666666666666667,0.13333333333333333,0.06666666666666667,0.06666666666666667
t1_g9ig1tf,0.064,0.936,0.0,-0.4215,0.0,0.0,0.2222222222222222,0.2222222222222222,0.0,0.0,0.1111111111111111,0.1111111111111111
t1_dvtvbii,0.0,1.0,0.0,0.0,0.08333333333333333,0.0,0.08333333333333333,0.3333333333333333,0.0,0.08333333333333333,0.08333333333333333,0.0
t1_i0abqp1,0.163,0.837,0.0,-0.7783,0.06666666666666667,0.06666666666666667,0.13333333333333333,0.13333333333333333,0.06666666666666667,0.13333333333333333,0.06666666666666667,0.06666666666666667
t1_gc3hq51,0.096,0.872,0.032,-0.7351,0.07692307692307693,0.07692307692307693,0.23076923076923078,0.23076923076923078,0.0,0.07692307692307693,0.0,0.0
t1_dwei893,0.144,0.856,0.0,-0.69,0.25,0.25,0.0,0.0,0.0,0.25,0.0,0.0
t1_k1kcjjw,0.085,0.89,0.026,-0.7748,0.0,0.0,0.25,0.1875,0.125,0.0,0.125,0.0625
t1_gxh8dm5,0.0,1.0,0.0,0.0,0.0,0.0,0.0,1.0,0.0,0.0,0.0,0.0
t1_e11z26u,0.125,0.776,0.099,-0.128,0.14285714285714285,0.07142857142857142,0.07142857142857142,0.07142857142857142,0.0,0.14285714285714285,0.0,0.0
t1_er9vnvz,0.158,0.788,0.054,-0.6808,0.25,0.25,0.0,0.0,0.0,0.25,0.0,0.0
t1_gv56hfd,0.04,0.898,0.061,0.3818,0.0,0.1111111111111111,0.1111111111111111,0.1111111111111111,0.0,0.0,0.1111111111111111,0.0
t1_hhj181y,0.0,0.844,0.156,0.5994,0.5,0.0,0.25,0.0,0.0,0.25,0.0,0.0
t1_e177pyz,0.357,0.643,0.0,-0.94,0.16666666666666666,0.16666666666666666,0.0,0.0,0.0,0.16666666666666666,0.0,0.0
t1_kcemqfq,0.039,0.909,0.052,0.1779,0.16666666666666666,0.0,0.16666666666666666,0.3333333333333333,0.0,0.0,0.0,0.0
t1_eistt6s,0.08,0.866,0.054,-0.4137,0.08,0.08,0.08,0.12,0.08,0.04,0.12,0.0
t1_h06zpsu,0.021,0.954,0.024,0.0772,0.0,0.1,0.35,0.15,0.1,0.0,0.1,0.0
t1_fp6028h,0.074,0.914,0.012,-0.7082,0.08333333333333333,0.08333333333333333,0.16666666666666666,0.08333333333333333,0.0,0.08333333333333333,0.0,0.0
t1_ezo6dy6,0.052,0.853,0.095,0.5408,0.0,0.0,0.2,0.2,0.0,0.0,0.0,0.2
t1_dt4apjv,0.299,0.701,0.0,-0.9366,0.23076923076923078,0.07692307692307693,0.15384615384615385,0.15384615384615385,0.0,0.15384615384615385,0.0,0.0
t1_dvvl8hl,0.174,0.826,0.0,-0.7684,0.16666666666666666,0.16666666666666666,0.0,0.05555555555555555,0.0,0.1111111111111111,0.0,0.2222222222222222
t1_k4z4r5q,0.056,0.715,0.229,0.8731,0.1,0.2,0.0,0.1,0.0,0.1,0.0,0.1
t1_gs2ew31,0.056,0.851,0.093,0.4991,0.0,0.0,0.0,0.3333333333333333,0.0,0.0,0.0,0.0
t1_ib9ew47,0.0,0.886,0.114,0.8459,0.0,0.0,0.0,0.0,0.0,0.0,0.0,0.0
t1_h0sdou8,0.232,0.738,0.03,-0.9352,0.09090909090909091,0.18181818181818182,0.18181818181818182,0.09090909090909091,0.0,0.09090909090909091,0.0,0.0
t1_fs2qsva,0.097,0.842,0.062,-0.4215,0.19230769230769232,0.038461538461538464,0.07692307692307693,0.11538461538461539,0.07692307692307693,0.07692307692307693,0.07692307692307693,0.038461538461538464
t1_h6zhn05,0.102,0.864,0.033,-0.9337,0.17391304347826086,0.13043478260869565,0.043478260869565216,0.08695652173913043,0.043478260869565216,0.13043478260869565,0.0,0.08695652173913043
t1_jumir45,0.045,0.955,0.0,-0.6361,0.13333333333333333,0.06666666666666667,0.0,0.0,0.0,0.26666666666666666,0.0,0.06666666666666667
t1_k3n9eut,0.0,0.912,0.088,0.6808,0.0,0.0,0.1,0.2,0.2,0.0,0.2,0.0
t1_hcyz6ba,0.073,0.81,0.117,-0.264,0.23076923076923078,0.23076923076923078,0.07692307692307693,0.15384615384615385,0.0,0.0,0.0,0.0
t1_gk43ied,0.0,0.916,0.084,0.7717,0.0,0.0,0.21428571428571427,0.2857142857142857,0.0,0.0,0.07142857142857142,0.0
t1_job3c89,0.0,0.962,0.038,0.4588,0.125,0.0,0.25,0.0,0.125,0.0,0.125,0.0
t1_e0tg9pu,0.024,0.846,0.129,0.93,0.0,0.020833333333333332,0.14583333333333334,0.16666666666666666,0.08333333333333333,0.0625,0.1875,0.020833333333333332
t1_jp332jo,0.0,0.824,0.176,0.9246,0.125,0.0,0.125,0.0,0.0,0.0,0.125,0.0
t1_g15a92m,0.201,0.69,0.11,-0.9445,0.12727272727272726,0.16363636363636364,0.09090909090909091,0.05454545454545454,0.05454545454545454,0.01818181818181818,0.05454545454545454,0.14545454545454545
t1_gq203ox,0.038,0.751,0.211,0.925,0.2,0.0,0.4,0.0,0.0,0.0,0.0,0.0
t1_gs5eff1,0.023,0.937,0.04,0.34,0.0,0.05263157894736842,0.10526315789473684,0.21052631578947367,0.05263157894736842,0.10526315789473684,0.10526315789473684,0.0
t1_k7ari2r,0.0,0.906,0.094,0.4019,0.0,0.0,0.0,0.0,0.0,0.0,0.3333333333333333,0.0
t1_f2p0ooz,0.105,0.695,0.2,0.6597,0.11764705882352941,0.0,0.11764705882352941,0.23529411764705882,0.11764705882352941,0.0,0.058823529411764705,0.0
t1_k6iyggz,0.142,0.766,0.092,-0.3182,0.125,0.125,0.0,0.125,0.0,0.125,0.125,0.0
t1_gtnpq8o,0.026,0.901,0.073,0.8176,0.0,0.0,0.06666666666666667,0.3333333333333333,0.0,0.0,0.06666666666666667,0.0
t1_h5s2rnc,0.065,0.852,0.082,0.1531,0.0,0.0,0.0,0.25,0.0,0.0,0.0,0.0
t1_kb55gnn,0.286,0.714,0.0,-0.9485,0.2222222222222222,0.2222222222222222,0.0,0.0,0.0,0.2222222222222222,0.0,0.1111111111111111
t1_f7qtt0m,0.164,0.699,0.137,-0.25,0.1,0.1,0.2,0.0,0.0,0.1,0.0,0.0
t1_guyoo91,0.011,0.83,0.159,0.9371,0.0,0.030303030303030304,0.15151515151515152,0.2727272727272727,0.0,0.0,0.18181818181818182,0.0
t1_htfcayq,0.323,0.677,0.0,-0.8989,0.25,0.25,0.0,0.0,0.0,0.125,0.0,0.0
t1_gn8mlhg,0.0,0.925,0.075,0.304,0.0,0.0,0.0,0.4,0.0,0.0,0.0,0.0
t1_duaydth,0.079,0.872,0.049,-0.34,0.16666666666666666,0.0,0.0,0.0,0.0,0.16666666666666666,0.0,0.2777777777777778
t1_gmpumnz,0.0,0.938,0.062,0.7086,0.0,0.0,0.1,0.3,0.1,0.0,0.0,0.0
t1_hya1hh7,0.0,0.829,0.171,0.7506,0.2,0.1,0.1,0.1,0.0,0.1,0.0,0.1
t1_kamhqia,0.02,0.98,0.0,-0.0572,0.0,0.0,0.0,0.3333333333333333,0.0,0.0,0.0,0.0
t1_h4apysn,0.095,0.739,0.166,0.4019,0.0,0.0,0.0,0.0,0.0,0.0,0.0,0.0
t1_h1r6rek,0.0,0.95,0.05,0.1901,0.0,0.0,0.0,0.0,0.5,0.0,0.0,0.0
t1_ff99o9f,0.12,0.783,0.097,-0.8095,0.11320754716981132,0.09433962264150944,0.09433962264150944,0.16981132075471697,0.03773584905660377,0.09433962264150944,0.05660377358490566,0.09433962264150944
t1_dhp6t9f,0.0,0.9,0.1,0.7184,0.0,0.0,0.125,0.25,0.125,0.0,0.25,0.0
t1_jvf8ybq,0.023,0.822,0.154,0.9274,0.043478260869565216,0.0,0.13043478260869565,0.21739130434782608,0.0,0.0,0.08695652173913043,0.043478260869565216
t1_g3r3dpt,0.064,0.852,0.084,0.3449,0.0,0.0,0.0,0.0,0.0,0.0,0.0,0.0
t1_hev4kgq,0.103,0.788,0.109,-0.0543,0.1935483870967742,0.03225806451612903,0.16129032258064516,0.06451612903225806,0.03225806451612903,0.16129032258064516,0.03225806451612903,0.06451612903225806
t1_hrifvl3,0.215,0.742,0.043,-0.954,0.2,0.2,0.0,0.05,0.0,0.2,0.0,0.1
t1_etcb0tv,0.041,0.848,0.111,0.6357,0.13333333333333333,0.06666666666666667,0.06666666666666667,0.13333333333333333,0.0,0.13333333333333333,0.06666666666666667,0.06666666666666667
t1_hialt2c,0.106,0.81,0.084,-0.1779,0.2,0.0,0.2,0.0,0.0,0.2,0.0,0.0
t1_hgwknht,0.104,0.761,0.135,0.1269,0.0,0.14285714285714285,0.2857142857142857,0.0,0.0,0.14285714285714285,0.0,0.14285714285714285
t1_dtgwrn7,0.0,0.932,0.068,0.7506,0.08333333333333333,0.0,0.08333333333333333,0.25,0.0,0.0,0.08333333333333333,0.0
t1_ij6bq2a,0.053,0.775,0.172,0.8043,0.0,0.16666666666666666,0.08333333333333333,0.3333333333333333,0.0,0.0,0.08333333333333333,0.0
t1_eeyang8,0.143,0.721,0.135,-0.0036,0.11428571428571428,0.2,0.05714285714285714,0.05714285714285714,0.0,0.05714285714285714,0.02857142857142857,0.0
t1_gsyp68f,0.031,0.899,0.07,0.4019,0.0,0.0,0.0,0.5,0.0,0.0,0.0,0.0
t1_e74aqqv,0.211,0.789,0.0,-0.9171,0.09090909090909091,0.18181818181818182,0.18181818181818182,0.0,0.0,0.09090909090909091,0.0,0.0
t1_ivc5hrl,0.097,0.729,0.174,0.81,0.06451612903225806,0.06451612903225806,0.12903225806451613,0.22580645161290322,0.03225806451612903,0.06451612903225806,0.03225806451612903,0.03225806451612903
t1_e09yucu,0.069,0.691,0.24,0.8115,0.0,0.0,0.5,0.0,0.0,0.0,0.0,0.0
t1_jgumaer,0.079,0.877,0.044,-0.5971,0.07142857142857142,0.07142857142857142,0.10714285714285714,0.21428571428571427,0.03571428571428571,0.10714285714285714,0.10714285714285714,0.0
t1_j0tqiok,0.039,0.897,0.064,0.128,0.1111111111111111,0.0,0.0,0.1111111111111111,0.0,0.2222222222222222,0.0,0.1111111111111111
t1_iigfe6x,0.116,0.715,0.169,0.3291,0.13157894736842105,0.02631578947368421,0.10526315789473684,0.18421052631578946,0.0,0.07894736842105263,0.05263157894736842,0.02631578947368421
t1_i2vcy28,0.0,1.0,0.0,0.0,0.1111111111111111,0.0,0.1111111111111111,0.1111111111111111,0.0,0.1111111111111111,0.0,0.0
t1_jarvzqh,0.088,0.767,0.145,0.4588,0.125,0.0,0.25,0.125,0.0,0.0,0.0,0.0
t1_hzmpktk,0.126,0.874,0.0,-0.3818,0.0,0.0,0.25,0.25,0.0,0.0,0.25,0.0
t1_exafi3a,0.132,0.815,0.052,-0.7003,0.0,0.0,0.2222222222222222,0.1111111111111111,0.0,0.0,0.0,0.0
t1_ebsz0y5,0.017,0.899,0.084,0.7783,0.07692307692307693,0.038461538461538464,0.11538461538461539,0.2692307692307692,0.11538461538461539,0.038461538461538464,0.07692307692307693,0.038461538461538464
t1_hd839q5,0.0,0.662,0.338,0.9422,0.0,0.0,0.25,0.25,0.0,0.0,0.25,0.0
t1_dx7ueh3,0.306,0.601,0.093,-0.8898,0.14285714285714285,0.2857142857142857,0.14285714285714285,0.0,0.0,0.0,0.0,0.14285714285714285
t1_gzvvf3l,0.074,0.86,0.066,-0.2383,0.10526315789473684,0.05263157894736842,0.05263157894736842,0.10526315789473684,0.0,0.10526315789473684,0.05263157894736842,0.05263157894736842
t1_hkt057l,0.0,1.0,0.0,0.0,0.0,0.25,0.25,0.0,0.0,0.25,0.0,0.0
t1_gx4hcol,0.0,0.901,0.099,0.296,0.16666666666666666,0.2222222222222222,0.0,0.05555555555555555,0.0,0.16666666666666666,0.0,0.16666666666666666
t1_dz7l1ye,0.05,0.635,0.315,0.8936,0.0,0.0,0.17647058823529413,0.29411764705882354,0.0,0.0,0.23529411764705882,0.0
t1_k2qcyfg,0.062,0.822,0.116,0.4404,0.0,0.0,0.0,0.0,0.0,0.0,0.0,0.0
t1_go8x1ow,0.05,0.867,0.083,0.3756,0.26666666666666666,0.13333333333333333,0.06666666666666667,0.0,0.06666666666666667,0.13333333333333333,0.0,0.06666666666666667
t1_ekunhum,0.033,0.89,0.076,0.4767,0.07142857142857142,0.07142857142857142,0.0,0.0,0.0,0.14285714285714285,0.14285714285714285,0.07142857142857142
t1_es5bnnj,0.149,0.728,0.123,-0.3612,0.0,0.2,0.2,0.0,0.0,0.2,0.0,0.0
t1_ekopgwb,0.0,0.815,0.185,0.7783,0.0,0.0,0.2,0.2,0.0,0.0,0.2,0.0
t1_dyo8nnf,0.077,0.856,0.067,-0.5584,0.06451612903225806,0.03225806451612903,0.0967741935483871,0.12903225806451613,0.16129032258064516,0.03225806451612903,0.12903225806451613,0.0
t1_j8f1fly,0.084,0.879,0.036,-0.4793,0.0,0.0,0.0,0.25,0.0,0.0,0.0,0.0
t1_girxmb4,0.064,0.876,0.06,-0.1154,0.25,0.0,0.0,0.125,0.0,0.125,0.0,0.0
t1_gxwayu7,0.144,0.856,0.0,-0.8352,0.25,0.08333333333333333,0.0,0.08333333333333333,0.0,0.08333333333333333,0.0,0.16666666666666666
t1_gs30rpj,0.0,0.884,0.116,0.5499,0.2222222222222222,0.2222222222222222,0.1111111111111111,0.0,0.0,0.0,0.0,0.0
t1_ewp4vwy,0.036,0.903,0.062,0.4215,0.11764705882352941,0.11764705882352941,0.058823529411764705,0.11764705882352941,0.0,0.058823529411764705,0.058823529411764705,0.058823529411764705
t1_gd8cvpw,0.234,0.711,0.055,-0.8221,0.11764705882352941,0.11764705882352941,0.11764705882352941,0.0,0.058823529411764705,0.17647058823529413,0.058823529411764705,0.058823529411764705
t1_g67n06b,0.071,0.929,0.0,-0.3612,0.0,0.0,0.0,0.0,0.0,0.0,0.0,0.0
t1_kd3fb09,0.0,0.896,0.104,0.6808,0.0,0.0,0.25,0.25,0.0,0.0,0.0,0.0
t1_ew1bf92,0.044,0.859,0.097,0.3612,0.07692307692307693,0.07692307692307693,0.15384615384615385,0.07692307692307693,0.15384615384615385,0.0,0.07692307692307693,0.0
t1_hvcu5ab,0.09,0.91,0.0,-0.8316,0.11764705882352941,0.17647058823529413,0.17647058823529413,0.0,0.11764705882352941,0.11764705882352941,0.0,0.11764705882352941
t1_id9mpgo,0.046,0.89,0.065,0.0772,0.09090909090909091,0.0,0.0,0.2727272727272727,0.0,0.18181818181818182,0.09090909090909091,0.09090909090909091
t1_erh9gdc,0.245,0.669,0.086,-0.9894,0.03225806451612903,0.0,0.0967741935483871,0.22580645161290322,0.06451612903225806,0.06451612903225806,0.06451612903225806,0.0
t1_duqfq38,0.041,0.898,0.061,0.2354,0.14285714285714285,0.0,0.0,0.14285714285714285,0.0,0.14285714285714285,0.14285714285714285,0.0
t1_h02yqjb,0.035,0.871,0.094,0.8478,0.0,0.0,0.23076923076923078,0.3076923076923077,0.15384615384615385,0.0,0.0,0.0
t1_esmq8wg,0.049,0.907,0.045,-0.079,0.25,0.08333333333333333,0.0,0.0,0.08333333333333333,0.08333333333333333,0.0,0.08333333333333333
t1_igqo94y,0.107,0.834,0.059,-0.4545,0.0,0.14285714285714285,0.21428571428571427,0.14285714285714285,0.07142857142857142,0.0,0.07142857142857142,0.07142857142857142
t1_ez8w5at,0.051,0.904,0.045,-0.1027,0.09090909090909091,0.09090909090909091,0.09090909090909091,0.18181818181818182,0.0,0.09090909090909091,0.09090909090909091,0.09090909090909091
t1_gogs1rc,0.064,0.713,0.223,0.7717,0.08333333333333333,0.0,0.16666666666666666,0.16666666666666666,0.08333333333333333,0.08333333333333333,0.16666666666666666,0.0
t1_f9zhsi0,0.075,0.826,0.099,0.0387,0.2,0.2,0.0,0.0,0.0,0.0,0.0,0.0
t1_h7bz30a,0.061,0.883,0.055,-0.128,0.1111111111111111,0.0,0.2222222222222222,0.16666666666666666,0.0,0.0,0.05555555555555555,0.0
t1_jwwjw2p,0.116,0.763,0.121,0.2481,0.0,0.08108108108108109,0.10810810810810811,0.1891891891891892,0.08108108108108109,0.02702702702702703,0.08108108108108109,0.02702702702702703
t1_fkyan4z,0.14,0.557,0.303,0.9087,0.0,0.0,0.0,0.4,0.0,0.0,0.0,0.0
t1_f6suzsh,0.073,0.883,0.044,-0.2235,0.0,0.0,0.25,0.125,0.0,0.125,0.125,0.0
t1_itnlw7g,0.0,1.0,0.0,0.0,0.0,0.0,0.4,0.0,0.2,0.2,0.0,0.0
t1_hixx9nl,0.057,0.886,0.057,0.0,0.0,0.0,0.0,0.0,0.0,0.0,0.0,0.0
t1_hta3drz,0.021,0.836,0.143,0.8566,0.1,0.0,0.0,0.2,0.1,0.1,0.1,0.0
t1_j18y9va,0.018,0.95,0.032,0.1477,0.09090909090909091,0.13636363636363635,0.09090909090909091,0.18181818181818182,0.045454545454545456,0.045454545454545456,0.0,0.0
t1_jj6v4yw,0.0,0.936,0.064,0.4939,0.0,0.0,0.0,0.0,0.0,0.0,0.0,0.0
t1_fn90sjq,0.171,0.829,0.0,-0.7177,0.1111111111111111,0.1111111111111111,0.0,0.2222222222222222,0.0,0.1111111111111111,0.0,0.0
t1_egy3fu7,0.098,0.868,0.034,-0.6483,0.25,0.0,0.0,0.0,0.0,0.125,0.0,0.125
t1_h9ppwmz,0.168,0.773,0.058,-0.7876,0.2857142857142857,0.2857142857142857,0.07142857142857142,0.0,0.0,0.0,0.0,0.07142857142857142
t1_dscpgiz,0.187,0.693,0.12,-0.4404,0.2,0.2,0.0,0.0,0.2,0.2,0.0,0.0
t1_fb6ec4m,0.117,0.745,0.138,0.2263,0.07692307692307693,0.07692307692307693,0.07692307692307693,0.07692307692307693,0.0,0.15384615384615385,0.07692307692307693,0.07692307692307693
t1_jeemv68,0.07,0.84,0.09,0.4019,0.043478260869565216,0.08695652173913043,0.08695652173913043,0.17391304347826086,0.043478260869565216,0.13043478260869565,0.043478260869565216,0.043478260869565216
t1_g8oq9dq,0.081,0.826,0.093,-0.2638,0.18604651162790697,0.09302325581395349,0.06976744186046512,0.023255813953488372,0.06976744186046512,0.11627906976744186,0.023255813953488372,0.06976744186046512
t1_j78ao6o,0.0,0.973,0.027,0.2023,0.0,0.2,0.0,0.0,0.0,0.0,0.0,0.0
t1_jp52rai,0.0,0.888,0.112,0.7153,0.0,0.0,0.125,0.125,0.0,0.0,0.0,0.0
t1_g6wz4w7,0.091,0.867,0.042,-0.34,0.14285714285714285,0.14285714285714285,0.0,0.14285714285714285,0.0,0.14285714285714285,0.0,0.0
t1_eqgab08,0.073,0.893,0.034,-0.4767,0.0,0.14285714285714285,0.0,0.14285714285714285,0.0,0.14285714285714285,0.0,0.0
t1_kaah96z,0.0,0.938,0.062,0.34,0.0,0.0,0.0,0.0,0.0,0.0,0.0,0.0
t1_frea0zf,0.075,0.776,0.148,0.5927,0.11538461538461539,0.0,0.23076923076923078,0.07692307692307693,0.038461538461538464,0.07692307692307693,0.07692307692307693,0.0
t1_erblksx,0.03,0.838,0.132,0.7717,0.11764705882352941,0.058823529411764705,0.17647058823529413,0.058823529411764705,0.11764705882352941,0.11764705882352941,0.058823529411764705,0.058823529411764705
t1_fj1cioj,0.0,0.892,0.108,0.8628,0.2222222222222222,0.2222222222222222,0.05555555555555555,0.0,0.1111111111111111,0.1111111111111111,0.0,0.0
t1_dx4en94,0.03,0.89,0.081,0.34,0.0,0.2,0.2,0.0,0.0,0.0,0.0,0.0
t1_e61czhy,0.0,0.983,0.017,0.0258,0.0,0.1,0.1,0.1,0.1,0.15,0.1,0.0
t1_kefeune,0.079,0.885,0.036,-0.4349,0.125,0.125,0.0,0.125,0.0625,0.0,0.125,0.125
t1_iz78ajg,0.089,0.854,0.057,-0.4601,0.08571428571428572,0.08571428571428572,0.14285714285714285,0.14285714285714285,0.02857142857142857,0.02857142857142857,0.05714285714285714,0.08571428571428572
t1_f6n29jd,0.0,1.0,0.0,0.0,0.0,0.0,0.0,0.3333333333333333,0.0,0.0,0.16666666666666666,0.0
t1_htw2w80,0.0,0.957,0.043,0.3182,0.0,0.0,0.0,0.0,0.0,0.0,0.0,0.0
t1_i32gg4z,0.067,0.793,0.14,0.6361,0.0,0.1111111111111111,0.0,0.1111111111111111,0.0,0.1111111111111111,0.0,0.1111111111111111
t1_glvs2h2,0.202,0.73,0.068,-0.9648,0.07142857142857142,0.07142857142857142,0.14285714285714285,0.07142857142857142,0.047619047619047616,0.023809523809523808,0.047619047619047616,0.14285714285714285
t1_hnkego4,0.075,0.865,0.06,-0.1759,0.0,0.0,0.0,0.0,0.0,0.0,0.0,0.0
t1_kane5ay,0.031,0.802,0.167,0.9101,0.03571428571428571,0.03571428571428571,0.10714285714285714,0.10714285714285714,0.03571428571428571,0.03571428571428571,0.14285714285714285,0.03571428571428571
t1_hnmdjna,0.082,0.714,0.204,0.8194,0.2222222222222222,0.0,0.1111111111111111,0.0,0.0,0.3333333333333333,0.0,0.1111111111111111
t1_hk1dg11,0.035,0.906,0.059,0.2382,0.05555555555555555,0.05555555555555555,0.16666666666666666,0.2222222222222222,0.0,0.0,0.05555555555555555,0.0
t1_hujpo09,0.055,0.945,0.0,-0.296,0.2,0.2,0.2,0.2,0.0,0.0,0.0,0.0
t1_f8abql2,0.094,0.881,0.025,-0.5267,0.07142857142857142,0.07142857142857142,0.14285714285714285,0.14285714285714285,0.21428571428571427,0.0,0.07142857142857142,0.0
t1_foybyho,0.0,0.874,0.126,0.6341,0.0,0.0,0.0,0.3333333333333333,0.0,0.0,0.0,0.0
t1_do2m8ux,0.0,0.849,0.151,0.7506,0.0,0.0,0.15,0.2,0.1,0.05,0.1,0.0
t1_hjal99w,0.199,0.801,0.0,-0.8268,0.2,0.05,0.2,0.15,0.05,0.05,0.0,0.05
t1_e4qgpkm,0.017,0.946,0.038,0.34,0.14285714285714285,0.07142857142857142,0.35714285714285715,0.0,0.07142857142857142,0.14285714285714285,0.0,0.07142857142857142
t1_kfkvxtj,0.159,0.808,0.033,-0.8139,0.13333333333333333,0.06666666666666667,0.06666666666666667,0.13333333333333333,0.0,0.06666666666666667,0.06666666666666667,0.0
t1_fkrlwk8,0.06,0.89,0.05,0.1255,0.2,0.2,0.0,0.0,0.0,0.2,0.0,0.2
t1_e4kvdzg,0.0,0.931,0.069,0.3818,0.0,0.0,0.0,0.3,0.0,0.0,0.0,0.0
t1_dy0oy06,0.255,0.71,0.035,-0.8591,0.16666666666666666,0.16666666666666666,0.0,0.0,0.0,0.16666666666666666,0.0,0.16666666666666666
t1_es7yrid,0.102,0.867,0.032,-0.6249,0.15384615384615385,0.07692307692307693,0.07692307692307693,0.15384615384615385,0.0,0.0,0.0,0.07692307692307693
t1_f3y9jqa,0.098,0.638,0.265,0.836,0.0,0.1,0.15,0.25,0.05,0.0,0.15,0.0
t1_gd8cryt,0.234,0.711,0.055,-0.8221,0.11764705882352941,0.11764705882352941,0.11764705882352941,0.0,0.058823529411764705,0.17647058823529413,0.058823529411764705,0.058823529411764705
t1_kdihfml,0.116,0.778,0.107,-0.2732,0.1282051282051282,0.1282051282051282,0.07692307692307693,0.10256410256410256,0.05128205128205128,0.1282051282051282,0.07692307692307693,0.05128205128205128
t1_d5giixh,0.096,0.55,0.354,0.9377,0.07692307692307693,0.0,0.23076923076923078,0.15384615384615385,0.0,0.07692307692307693,0.07692307692307693,0.0
t1_ejb19lh,0.227,0.773,0.0,-0.8442,0.42857142857142855,0.0,0.14285714285714285,0.0,0.0,0.14285714285714285,0.0,0.0
t1_io3854z,0.078,0.741,0.181,0.8858,0.08695652173913043,0.13043478260869565,0.043478260869565216,0.08695652173913043,0.0,0.13043478260869565,0.043478260869565216,0.043478260869565216
t1_h6erfna,0.145,0.751,0.104,-0.5523,0.1956521739130435,0.06521739130434782,0.13043478260869565,0.10869565217391304,0.043478260869565216,0.021739130434782608,0.08695652173913043,0.043478260869565216
t1_cjuo15p,0.134,0.74,0.126,-0.0731,0.06666666666666667,0.06666666666666667,0.13333333333333333,0.0,0.0,0.06666666666666667,0.06666666666666667,0.0
t1_dvpi4lw,0.244,0.756,0.0,-0.8426,0.2222222222222222,0.1111111111111111,0.1111111111111111,0.0,0.1111111111111111,0.1111111111111111,0.0,0.1111111111111111
t1_gru65a8,0.161,0.746,0.093,-0.8338,0.15151515151515152,0.12121212121212122,0.0,0.09090909090909091,0.0,0.18181818181818182,0.0,0.030303030303030304
t1_e3igo79,0.097,0.779,0.124,0.3549,0.05555555555555555,0.027777777777777776,0.16666666666666666,0.16666666666666666,0.027777777777777776,0.027777777777777776,0.1111111111111111,0.0
t1_j33xx4f,0.144,0.768,0.088,-0.5423,0.1,0.1,0.1,0.2,0.0,0.0,0.1,0.0
t1_k3n9mr3,0.0,0.912,0.088,0.6808,0.0,0.0,0.1,0.2,0.2,0.0,0.2,0.0
t1_h2z1z6r,0.156,0.796,0.048,-0.8524,0.15,0.1,0.05,0.15,0.0,0.05,0.05,0.1
t1_ixsqpfr,0.24,0.699,0.061,-0.9394,0.125,0.125,0.041666666666666664,0.041666666666666664,0.041666666666666664,0.16666666666666666,0.041666666666666664,0.125
t1_f5p4ff9,0.134,0.762,0.105,-0.3818,0.14814814814814814,0.07407407407407407,0.1111111111111111,0.18518518518518517,0.0,0.07407407407407407,0.07407407407407407,0.0
t1_f78bbnt,0.068,0.932,0.0,-0.5859,0.18181818181818182,0.18181818181818182,0.0,0.09090909090909091,0.09090909090909091,0.0,0.0,0.0
t1_d315rrf,0.02,0.854,0.126,0.938,0.0,0.0,0.07692307692307693,0.3076923076923077,0.07692307692307693,0.0,0.07692307692307693,0.0
t1_h00h1p5,0.064,0.801,0.136,0.7184,0.07894736842105263,0.05263157894736842,0.15789473684210525,0.10526315789473684,0.05263157894736842,0.05263157894736842,0.05263157894736842,0.0
t1_fss38xv,0.164,0.591,0.245,0.6808,0.058823529411764705,0.058823529411764705,0.058823529411764705,0.11764705882352941,0.11764705882352941,0.058823529411764705,0.11764705882352941,0.058823529411764705
t1_hteipvy,0.068,0.839,0.093,0.2525,0.0,0.0,0.36363636363636365,0.18181818181818182,0.0,0.0,0.18181818181818182,0.0
t1_ge2fugq,0.051,0.832,0.118,0.5106,0.125,0.125,0.125,0.25,0.0,0.0,0.125,0.0
t1_dxfd72z,0.107,0.863,0.03,-0.868,0.03571428571428571,0.07142857142857142,0.0,0.14285714285714285,0.07142857142857142,0.14285714285714285,0.0,0.0
t1_e2p70d4,0.062,0.937,0.0,-0.296,0.0,0.0,0.2,0.4,0.0,0.0,0.0,0.0
t1_j2uwrpl,0.044,0.754,0.202,0.7964,0.0,0.0,0.0,0.0,0.3333333333333333,0.0,0.3333333333333333,0.0
t1_gxbbolo,0.092,0.81,0.097,-0.128,0.11764705882352941,0.11764705882352941,0.058823529411764705,0.11764705882352941,0.0,0.17647058823529413,0.0,0.17647058823529413
t1_gejcstt,0.088,0.801,0.111,-0.0258,0.0,0.0,0.0,0.5,0.0,0.0,0.0,0.0
t1_ebrcze6,0.168,0.832,0.0,-0.8271,0.125,0.0,0.0,0.125,0.0,0.0,0.0,0.0
t1_dxyy1om,0.197,0.803,0.0,-0.7964,0.6666666666666666,0.0,0.0,0.3333333333333333,0.0,0.0,0.0,0.0
t1_gvs5t8o,0.023,0.907,0.07,0.3382,0.125,0.125,0.0,0.0,0.0,0.125,0.0,0.0
t1_jolyktt,0.113,0.851,0.036,-0.6369,0.16666666666666666,0.08333333333333333,0.08333333333333333,0.0,0.0,0.16666666666666666,0.0,0.0
t1_gtbm237,0.113,0.856,0.03,-0.5574,0.0,0.0,0.5,0.0,0.0,0.0,0.0,0.0
t1_cyycd02,0.039,0.928,0.034,-0.0781,0.0,0.0,0.14285714285714285,0.14285714285714285,0.0,0.0,0.14285714285714285,0.0
t1_jpq310w,0.141,0.669,0.19,0.5023,0.09090909090909091,0.0,0.36363636363636365,0.18181818181818182,0.0,0.09090909090909091,0.09090909090909091,0.0
t1_h4jdfsy,0.075,0.899,0.027,-0.5204,0.07142857142857142,0.07142857142857142,0.14285714285714285,0.07142857142857142,0.07142857142857142,0.07142857142857142,0.14285714285714285,0.07142857142857142
t1_gcn8bwa,0.0,0.842,0.158,0.7003,0.0,0.0,0.1111111111111111,0.2222222222222222,0.0,0.0,0.2222222222222222,0.0
t1_g7pbbcj,0.028,0.927,0.045,0.2516,0.0,0.0,0.2222222222222222,0.3333333333333333,0.1111111111111111,0.0,0.1111111111111111,0.0
t1_jp33fb5,0.0,0.824,0.176,0.9246,0.125,0.0,0.125,0.0,0.0,0.0,0.125,0.0
t1_g4cka1q,0.053,0.828,0.119,0.8588,0.1111111111111111,0.1111111111111111,0.1111111111111111,0.0,0.05555555555555555,0.1111111111111111,0.05555555555555555,0.1111111111111111
t1_iq3n6gt,0.097,0.728,0.175,0.2263,0.05263157894736842,0.10526315789473684,0.05263157894736842,0.15789473684210525,0.05263157894736842,0.10526315789473684,0.05263157894736842,0.10526315789473684
t1_f4i3b9p,0.0,0.954,0.046,0.4329,0.0,0.0,0.125,0.125,0.25,0.0,0.125,0.0
t1_gscbh2b,0.0,0.87,0.13,0.8519,0.1111111111111111,0.05555555555555555,0.05555555555555555,0.16666666666666666,0.0,0.0,0.0,0.0
t1_ez5khxn,0.108,0.871,0.021,-0.705,0.11538461538461539,0.11538461538461539,0.11538461538461539,0.07692307692307693,0.11538461538461539,0.11538461538461539,0.038461538461538464,0.07692307692307693
t1_hqg9y2v,0.064,0.784,0.152,0.8402,0.09523809523809523,0.047619047619047616,0.14285714285714285,0.09523809523809523,0.047619047619047616,0.09523809523809523,0.09523809523809523,0.0
t1_g5kqgws,0.022,0.924,0.054,0.2776,0.25,0.0,0.25,0.0,0.0,0.25,0.0,0.0
t1_dsxyg9x,0.073,0.842,0.085,0.168,0.16666666666666666,0.0,0.16666666666666666,0.16666666666666666,0.0,0.0,0.0,0.0
t1_hu8ghob,0.1,0.706,0.193,0.9247,0.14893617021276595,0.10638297872340426,0.0425531914893617,0.1702127659574468,0.02127659574468085,0.06382978723404255,0.0,0.10638297872340426
t1_icanpki,0.053,0.807,0.14,0.4767,0.16666666666666666,0.0,0.0,0.16666666666666666,0.0,0.16666666666666666,0.0,0.0
t1_fo1yl1t,0.0,0.885,0.115,0.6808,0.14285714285714285,0.07142857142857142,0.0,0.14285714285714285,0.0,0.07142857142857142,0.07142857142857142,0.0
t1_efmlhjv,0.0,1.0,0.0,0.0,0.0,0.0,0.0,0.5,0.0,0.0,0.0,0.0
t1_dtam0ro,0.079,0.736,0.185,0.7357,0.13333333333333333,0.13333333333333333,0.0,0.06666666666666667,0.13333333333333333,0.13333333333333333,0.06666666666666667,0.06666666666666667
t1_j39tj1k,0.094,0.785,0.121,0.4215,0.18518518518518517,0.1111111111111111,0.07407407407407407,0.1111111111111111,0.0,0.07407407407407407,0.037037037037037035,0.037037037037037035
t1_dvbcbco,0.0,0.9,0.1,0.7365,0.2222222222222222,0.1111111111111111,0.2222222222222222,0.1111111111111111,0.0,0.0,0.0,0.0
t1_ejc4kfl,0.033,0.78,0.188,0.81,0.0,0.0,0.18181818181818182,0.09090909090909091,0.0,0.09090909090909091,0.09090909090909091,0.0
t1_i2wfcci,0.058,0.772,0.169,0.7227,0.0,0.0,0.0,0.0,0.0,0.2,0.2,0.0
t1_hujpo09,0.055,0.945,0.0,-0.296,0.2,0.2,0.2,0.2,0.0,0.0,0.0,0.0
t1_hxn1w79,0.061,0.756,0.183,0.892,0.2857142857142857,0.0,0.07142857142857142,0.14285714285714285,0.07142857142857142,0.14285714285714285,0.0,0.0
t1_fss38xv,0.164,0.591,0.245,0.6808,0.058823529411764705,0.058823529411764705,0.058823529411764705,0.11764705882352941,0.11764705882352941,0.058823529411764705,0.11764705882352941,0.058823529411764705
t1_g5h79kj,0.041,0.959,0.0,-0.2411,0.0,0.0,0.0,0.0,0.0,0.0,0.0,0.0
t1_hov10ip,0.103,0.787,0.11,0.4753,0.13333333333333333,0.06666666666666667,0.06666666666666667,0.03333333333333333,0.03333333333333333,0.1,0.03333333333333333,0.06666666666666667
t1_h7q6cnw,0.029,0.872,0.099,0.7399,0.2222222222222222,0.0,0.2222222222222222,0.05555555555555555,0.0,0.0,0.16666666666666666,0.05555555555555555
t1_ewl8onp,0.095,0.844,0.061,-0.3182,0.0,0.0,0.0,0.3333333333333333,0.0,0.16666666666666666,0.0,0.0
t1_k4prup6,0.203,0.745,0.052,-0.8885,0.16666666666666666,0.16666666666666666,0.08333333333333333,0.0,0.0,0.16666666666666666,0.08333333333333333,0.08333333333333333
t1_jv2fc45,0.169,0.768,0.063,-0.4378,0.1,0.1,0.1,0.1,0.1,0.0,0.0,0.0
t1_hgnsy9q,0.149,0.851,0.0,-0.5994,0.16666666666666666,0.16666666666666666,0.0,0.0,0.0,0.16666666666666666,0.0,0.16666666666666666
t1_hw5y53n,0.049,0.916,0.035,-0.3688,0.0,0.0,1.0,0.0,0.0,0.0,0.0,0.0
t1_hyucqwo,0.05,0.897,0.053,0.0352,0.16666666666666666,0.0,0.0,0.0,0.0,0.16666666666666666,0.0,0.0
t1_f77ubvp,0.212,0.755,0.033,-0.8423,0.25,0.05,0.0,0.2,0.0,0.1,0.05,0.05
t1_gs51ada,0.031,0.879,0.091,0.6249,0.058823529411764705,0.058823529411764705,0.11764705882352941,0.23529411764705882,0.0,0.0,0.058823529411764705,0.0
t1_is6pamy,0.074,0.85,0.076,0.0258,0.0,0.0,0.0,0.0,0.0,0.0,0.0,0.5
t1_h02z5id,0.035,0.871,0.094,0.8478,0.0,0.0,0.23076923076923078,0.3076923076923077,0.15384615384615385,0.0,0.0,0.0
t1_i72lfrd,0.087,0.888,0.025,-0.5267,0.0,0.16666666666666666,0.0,0.3333333333333333,0.0,0.0,0.0,0.0
t1_f8ddjqo,0.0,0.934,0.066,0.4019,0.0,0.0,0.3333333333333333,0.3333333333333333,0.0,0.0,0.0,0.0
t1_gptx4bd,0.0,0.913,0.087,0.8126,0.0625,0.0,0.125,0.125,0.125,0.0,0.0625,0.0625
t1_iibmykm,0.081,0.76,0.158,0.644,0.03571428571428571,0.07142857142857142,0.14285714285714285,0.10714285714285714,0.03571428571428571,0.07142857142857142,0.07142857142857142,0.03571428571428571
t1_dy0j7tc,0.02,0.789,0.19,0.891,0.0,0.0,0.1,0.1,0.0,0.1,0.1,0.0
t1_e4dmtmf,0.104,0.857,0.039,-0.7717,0.11764705882352941,0.058823529411764705,0.058823529411764705,0.11764705882352941,0.0,0.058823529411764705,0.058823529411764705,0.058823529411764705
t1_icanpki,0.053,0.807,0.14,0.4767,0.16666666666666666,0.0,0.0,0.16666666666666666,0.0,0.16666666666666666,0.0,0.0
t1_hc69h31,0.086,0.832,0.082,-0.3818,0.13157894736842105,0.07894736842105263,0.10526315789473684,0.10526315789473684,0.0,0.10526315789473684,0.0,0.05263157894736842
t1_gxtmzmy,0.117,0.839,0.044,-0.4939,0.0,0.0,0.0,0.0,0.0,0.0,0.0,0.0
t1_gsywhss,0.144,0.856,0.0,-0.6908,0.15384615384615385,0.07692307692307693,0.07692307692307693,0.15384615384615385,0.0,0.07692307692307693,0.07692307692307693,0.07692307692307693
t1_ev8xp30,0.164,0.836,0.0,-0.6486,0.21428571428571427,0.0,0.14285714285714285,0.07142857142857142,0.0,0.07142857142857142,0.14285714285714285,0.07142857142857142
t1_jp2j77o,0.155,0.779,0.066,-0.6956,0.25,0.0,0.0,0.0,0.0,0.5,0.0,0.0
t1_gxlju1q,0.0,0.881,0.119,0.8297,0.18518518518518517,0.07407407407407407,0.037037037037037035,0.1111111111111111,0.1111111111111111,0.037037037037037035,0.1111111111111111,0.037037037037037035
t1_ehv2kzu,0.167,0.74,0.093,-0.7076,0.0,0.1111111111111111,0.1111111111111111,0.16666666666666666,0.0,0.0,0.05555555555555555,0.0
t1_j0npnra,0.0,0.918,0.082,0.5106,0.0,0.0,0.0,0.3333333333333333,0.0,0.0,0.3333333333333333,0.0
t1_ev8t76j,0.124,0.716,0.16,0.084,0.05,0.05,0.1,0.15,0.1,0.05,0.1,0.1
t1_g4tfdp0,0.13,0.806,0.064,-0.8312,0.18181818181818182,0.09090909090909091,0.0,0.18181818181818182,0.0,0.0,0.0,0.18181818181818182
t1_g23dook,0.019,0.824,0.157,0.9676,0.06,0.1,0.08,0.14,0.02,0.06,0.08,0.04
t1_gk3qc42,0.099,0.655,0.246,0.7741,0.0,0.0,0.1,0.2,0.1,0.0,0.1,0.0
t1_gw2t76k,0.036,0.876,0.088,0.8856,0.0,0.0,0.08,0.2,0.04,0.08,0.16,0.04
t1_gw5ngm6,0.023,0.808,0.168,0.8625,0.0,0.09090909090909091,0.045454545454545456,0.18181818181818182,0.045454545454545456,0.09090909090909091,0.09090909090909091,0.09090909090909091
t1_h0q3v62,0.229,0.771,0.0,-0.8591,0.3076923076923077,0.15384615384615385,0.0,0.07692307692307693,0.0,0.07692307692307693,0.0,0.0
t1_eau9xjg,0.0,1.0,0.0,0.0,0.0,0.0,0.0,0.5,0.0,0.0,0.0,0.0
t1_ge4wg4n,0.236,0.556,0.208,-0.4404,0.11764705882352941,0.11764705882352941,0.058823529411764705,0.11764705882352941,0.0,0.17647058823529413,0.058823529411764705,0.058823529411764705
t1_e3ez01l,0.059,0.897,0.044,-0.1955,0.0,0.0,0.2857142857142857,0.14285714285714285,0.0,0.0,0.14285714285714285,0.0
t1_eb2m99c,0.088,0.888,0.024,-0.5449,0.0,0.3333333333333333,0.0,0.0,0.0,0.0,0.0,0.0
t1_gpsm49h,0.0,0.972,0.028,0.4404,0.23076923076923078,0.07692307692307693,0.15384615384615385,0.0,0.07692307692307693,0.07692307692307693,0.0,0.0
t1_izlpvtk,0.0,0.905,0.095,0.6114,0.0,0.0,0.0,0.0,0.0,0.0,0.0,0.0
t1_gyledk2,0.123,0.808,0.069,-0.5719,0.0,0.0,0.0,0.14285714285714285,0.0,0.14285714285714285,0.0,0.0
t1_eqae2yx,0.153,0.803,0.044,-0.7717,0.058823529411764705,0.058823529411764705,0.11764705882352941,0.17647058823529413,0.0,0.11764705882352941,0.11764705882352941,0.058823529411764705
t1_gyh5dem,0.155,0.845,0.0,-0.891,0.14285714285714285,0.047619047619047616,0.0,0.047619047619047616,0.0,0.14285714285714285,0.047619047619047616,0.23809523809523808
t1_igwrma9,0.089,0.733,0.178,0.9145,0.038461538461538464,0.038461538461538464,0.11538461538461539,0.07692307692307693,0.038461538461538464,0.038461538461538464,0.07692307692307693,0.07692307692307693
t1_hf6tc7w,0.102,0.774,0.124,0.3612,0.25,0.16666666666666666,0.16666666666666666,0.0,0.0,0.08333333333333333,0.0,0.0
t1_gy892be,0.018,0.924,0.058,0.4243,0.13333333333333333,0.0,0.06666666666666667,0.13333333333333333,0.0,0.13333333333333333,0.13333333333333333,0.0
t1_hta3drz,0.021,0.836,0.143,0.8566,0.1,0.0,0.0,0.2,0.1,0.1,0.1,0.0
t1_d1drsnh,0.045,0.831,0.124,0.8705,0.038461538461538464,0.07692307692307693,0.23076923076923078,0.15384615384615385,0.038461538461538464,0.07692307692307693,0.07692307692307693,0.0
t1_hdqtm4n,0.067,0.9,0.034,-0.4391,0.18181818181818182,0.09090909090909091,0.09090909090909091,0.09090909090909091,0.0,0.18181818181818182,0.0,0.09090909090909091
t1_hejdxsw,0.01,0.945,0.045,0.5267,0.125,0.1875,0.0625,0.125,0.0625,0.0625,0.0,0.125
t1_i391a57,0.0,0.854,0.146,0.8998,0.1,0.0,0.2,0.1,0.1,0.1,0.2,0.0
t1_gv56lq2,0.04,0.898,0.061,0.3818,0.0,0.1111111111111111,0.1111111111111111,0.1111111111111111,0.0,0.0,0.1111111111111111,0.0
t1_hrabolz,0.032,0.866,0.102,0.7108,0.14285714285714285,0.07142857142857142,0.14285714285714285,0.0,0.0,0.07142857142857142,0.0,0.0
t1_iktl5wg,0.049,0.849,0.102,0.4019,0.14285714285714285,0.09523809523809523,0.14285714285714285,0.14285714285714285,0.0,0.047619047619047616,0.0,0.14285714285714285
t1_gxd8jom,0.0,0.859,0.141,0.9277,0.0,0.05555555555555555,0.16666666666666666,0.16666666666666666,0.0,0.05555555555555555,0.1111111111111111,0.0
t1_dy26buk,0.043,0.781,0.176,0.9697,0.047619047619047616,0.047619047619047616,0.14285714285714285,0.2857142857142857,0.047619047619047616,0.0,0.14285714285714285,0.0
t1_k6ma7cg,0.181,0.723,0.096,-0.6705,0.09090909090909091,0.09090909090909091,0.09090909090909091,0.09090909090909091,0.09090909090909091,0.09090909090909091,0.09090909090909091,0.09090909090909091
t1_hk2om0v,0.066,0.904,0.029,-0.4137,0.25,0.0,0.25,0.25,0.0,0.25,0.0,0.0
t1_ezf5dyk,0.112,0.733,0.155,0.4206,0.07692307692307693,0.0,0.0,0.07692307692307693,0.0,0.15384615384615385,0.07692307692307693,0.15384615384615385
t1_h77send,0.165,0.767,0.069,-0.8957,0.14285714285714285,0.09523809523809523,0.09523809523809523,0.047619047619047616,0.19047619047619047,0.047619047619047616,0.047619047619047616,0.0
t1_dw74hjp,0.0,0.68,0.32,0.9274,0.0,0.2857142857142857,0.14285714285714285,0.0,0.0,0.0,0.0,0.2857142857142857
t1_hemumpw,0.033,0.93,0.037,0.0516,0.2,0.0,0.2,0.2,0.0,0.0,0.0,0.0
t1_fmfm4su,0.068,0.887,0.045,-0.4201,0.2,0.0,0.2,0.0,0.0,0.0,0.0,0.0
t1_gl1ivp8,0.0,0.837,0.163,0.7783,0.0,0.0,0.0,0.16666666666666666,0.0,0.0,0.16666666666666666,0.0
t1_hg6qo5v,0.0,0.793,0.207,0.865,0.08333333333333333,0.0,0.0,0.08333333333333333,0.0,0.16666666666666666,0.16666666666666666,0.0
t1_gmlp2yb,0.05,0.91,0.04,-0.1154,0.1,0.1,0.1,0.1,0.1,0.1,0.1,0.1
t1_ie0vawm,0.0,0.921,0.079,0.34,0.0,0.0,0.3333333333333333,0.3333333333333333,0.1111111111111111,0.0,0.1111111111111111,0.0
t1_er6dx3k,0.067,0.933,0.0,-0.2339,0.0,0.0,0.2,0.2,0.0,0.0,0.0,0.2
t1_eudl1mi,0.0,0.952,0.048,0.4939,0.1875,0.0,0.0625,0.25,0.0,0.1875,0.0,0.0625
t1_iie1ofb,0.124,0.857,0.02,-0.8374,0.13793103448275862,0.06896551724137931,0.13793103448275862,0.10344827586206896,0.06896551724137931,0.06896551724137931,0.034482758620689655,0.06896551724137931
t1_i2rj81n,0.154,0.757,0.089,-0.3612,0.0,0.25,0.0,0.0,0.0,0.0,0.0,0.25
t1_hi5eww5,0.064,0.874,0.062,-0.0258,0.0,0.0,0.0,0.0,0.0,0.0,0.0,0.0
t1_di0tf0w,0.091,0.872,0.037,-0.5267,0.16666666666666666,0.0,0.0,0.25,0.0,0.08333333333333333,0.08333333333333333,0.0
t1_hm7dh22,0.114,0.789,0.097,-0.4215,0.0625,0.0625,0.15625,0.125,0.0625,0.09375,0.09375,0.03125
t1_fe5xa6k,0.071,0.869,0.06,-0.4675,0.05555555555555555,0.1111111111111111,0.05555555555555555,0.16666666666666666,0.0,0.0,0.1111111111111111,0.05555555555555555
t1_g8iuabj,0.013,0.944,0.043,0.5894,0.0,0.0,0.06666666666666667,0.3333333333333333,0.13333333333333333,0.0,0.13333333333333333,0.0
t1_e2mi5fm,0.108,0.802,0.091,-0.4696,0.047619047619047616,0.09523809523809523,0.14285714285714285,0.14285714285714285,0.047619047619047616,0.09523809523809523,0.047619047619047616,0.0
t1_jze7b0k,0.065,0.874,0.061,-0.1275,0.05405405405405406,0.05405405405405406,0.08108108108108109,0.1891891891891892,0.05405405405405406,0.05405405405405406,0.08108108108108109,0.05405405405405406
t1_h5d40q5,0.056,0.91,0.034,-0.4404,0.125,0.0,0.125,0.0,0.0,0.25,0.0,0.0
t1_gcib42a,0.155,0.704,0.141,-0.3147,0.12,0.0,0.2,0.2,0.08,0.0,0.08,0.0
t1_gx8dfnm,0.186,0.778,0.036,-0.9231,0.3333333333333333,0.0,0.0,0.0,0.0,0.0,0.0,0.0
t1_djf2914,0.0,0.884,0.116,0.6597,0.0,0.0,0.0,0.0,0.0,0.5,0.0,0.0
t1_jfuf2zn,0.043,0.957,0.0,-0.2263,0.15384615384615385,0.07692307692307693,0.0,0.0,0.0,0.3076923076923077,0.0,0.23076923076923078
t1_ejrsahj,0.112,0.857,0.031,-0.7176,0.1111111111111111,0.1111111111111111,0.2222222222222222,0.1111111111111111,0.1111111111111111,0.0,0.0,0.0
t1_dt9elm2,0.279,0.665,0.056,-0.8658,0.125,0.25,0.125,0.0,0.0,0.125,0.0,0.125
t1_ebi2vx7,0.0,0.826,0.174,0.6908,0.0,0.0,0.3333333333333333,0.3333333333333333,0.0,0.0,0.0,0.0
t1_ej7rig2,0.054,0.936,0.011,-0.7506,0.13043478260869565,0.0,0.17391304347826086,0.17391304347826086,0.0,0.08695652173913043,0.0,0.0
t1_el49p3j,0.244,0.702,0.054,-0.9825,0.2222222222222222,0.15555555555555556,0.08888888888888889,0.08888888888888889,0.0,0.06666666666666667,0.022222222222222223,0.044444444444444446
t1_glczc7c,0.01,0.841,0.149,0.9854,0.0,0.0,0.26666666666666666,0.06666666666666667,0.13333333333333333,0.06666666666666667,0.2,0.0
t1_kdas8gi,0.044,0.935,0.021,-0.7066,0.11764705882352941,0.058823529411764705,0.0,0.29411764705882354,0.058823529411764705,0.058823529411764705,0.0,0.0
t1_hg0l84c,0.02,0.89,0.09,0.7351,0.125,0.0,0.0,0.25,0.0,0.0,0.0,0.0
t1_fo64zu2,0.0,0.652,0.348,0.9806,0.06666666666666667,0.13333333333333333,0.06666666666666667,0.13333333333333333,0.06666666666666667,0.13333333333333333,0.13333333333333333,0.0
t1_idluzk4,0.253,0.673,0.074,-0.7717,0.125,0.0,0.125,0.125,0.0,0.0,0.125,0.125
t1_e2uwyee,0.0,0.929,0.071,0.5859,0.0,0.0,0.07692307692307693,0.3076923076923077,0.0,0.07692307692307693,0.07692307692307693,0.0
t1_gcmg97l,0.0,0.804,0.196,0.6808,0.0,0.0,0.0,0.5,0.0,0.0,0.0,0.0
t1_hrffqjp,0.044,0.857,0.098,0.4265,0.13333333333333333,0.06666666666666667,0.13333333333333333,0.06666666666666667,0.06666666666666667,0.13333333333333333,0.06666666666666667,0.06666666666666667
t1_etkzes2,0.0,0.922,0.078,0.5574,0.07692307692307693,0.15384615384615385,0.07692307692307693,0.15384615384615385,0.0,0.07692307692307693,0.07692307692307693,0.07692307692307693
t1_fotbeh5,0.129,0.838,0.032,-0.7263,0.0,0.0,0.3333333333333333,0.3333333333333333,0.0,0.0,0.0,0.0
t1_ec2zcqa,0.034,0.781,0.184,0.9551,0.09090909090909091,0.09090909090909091,0.09090909090909091,0.18181818181818182,0.0,0.0,0.0,0.0
t1_itzxs42,0.129,0.79,0.081,-0.7178,0.11764705882352941,0.08823529411764706,0.058823529411764705,0.08823529411764706,0.058823529411764705,0.08823529411764706,0.08823529411764706,0.058823529411764705
t1_jms9dfm,0.105,0.843,0.052,-0.8893,0.13636363636363635,0.13636363636363635,0.0,0.045454545454545456,0.0,0.09090909090909091,0.045454545454545456,0.045454545454545456
t1_f8dn3sw,0.253,0.614,0.133,-0.9878,0.14285714285714285,0.08928571428571429,0.08928571428571429,0.125,0.03571428571428571,0.10714285714285714,0.07142857142857142,0.05357142857142857
t1_e2kd0gw,0.021,0.822,0.158,0.9519,0.05555555555555555,0.0,0.16666666666666666,0.2222222222222222,0.05555555555555555,0.05555555555555555,0.05555555555555555,0.05555555555555555
t1_dst39lq,0.0,0.893,0.107,0.7059,0.0,0.0,0.14285714285714285,0.14285714285714285,0.14285714285714285,0.0,0.2857142857142857,0.0
t1_ijls5cu,0.113,0.845,0.041,-0.6322,0.1,0.1,0.0,0.1,0.0,0.1,0.0,0.0
t1_jttyfuc,0.194,0.806,0.0,-0.9313,0.1111111111111111,0.0,0.2222222222222222,0.1111111111111111,0.0,0.0,0.0,0.0
t1_k9k5mso,0.224,0.689,0.087,-0.8939,0.2,0.1,0.0,0.05,0.05,0.2,0.0,0.05
t1_ht1oivh,0.188,0.79,0.022,-0.9282,0.0625,0.1875,0.09375,0.125,0.09375,0.03125,0.0625,0.0625
t1_g4d2mm3,0.053,0.828,0.119,0.8588,0.1111111111111111,0.1111111111111111,0.1111111111111111,0.0,0.05555555555555555,0.1111111111111111,0.05555555555555555,0.1111111111111111
t1_ikxuzoe,0.112,0.772,0.116,-0.2006,0.08695652173913043,0.08695652173913043,0.08695652173913043,0.2608695652173913,0.0,0.08695652173913043,0.043478260869565216,0.08695652173913043
t1_hdry65j,0.0,1.0,0.0,0.0,0.0,0.0,0.0,0.5,0.0,0.0,0.0,0.0
t1_ff6n7ag,0.069,0.894,0.037,-0.4767,0.16666666666666666,0.125,0.041666666666666664,0.08333333333333333,0.0,0.041666666666666664,0.08333333333333333,0.125
t1_j1dedfj,0.017,0.884,0.099,0.8964,0.07692307692307693,0.038461538461538464,0.038461538461538464,0.19230769230769232,0.0,0.07692307692307693,0.07692307692307693,0.11538461538461539
t1_frimgth,0.034,0.966,0.0,-0.1027,0.1111111111111111,0.2222222222222222,0.1111111111111111,0.1111111111111111,0.0,0.1111111111111111,0.0,0.1111111111111111
t1_emtcrts,0.0,1.0,0.0,0.0,0.14285714285714285,0.0,0.0,0.14285714285714285,0.0,0.0,0.14285714285714285,0.0
t1_h9d7oou,0.107,0.714,0.179,0.6124,0.17391304347826086,0.17391304347826086,0.0,0.043478260869565216,0.0,0.043478260869565216,0.043478260869565216,0.17391304347826086
t1_k18kbo0,0.0,0.959,0.041,0.4019,0.14285714285714285,0.0,0.14285714285714285,0.14285714285714285,0.0,0.14285714285714285,0.0,0.0
t1_h7cx44m,0.029,0.945,0.026,-0.0516,0.1,0.0,0.1,0.1,0.1,0.1,0.0,0.0
t1_e8e4n3y,0.0,0.758,0.242,0.8794,0.0,0.0,0.4,0.2,0.0,0.0,0.2,0.0
t1_jupe166,0.0,1.0,0.0,0.0,0.0,0.0,0.0,0.0,0.0,0.0,0.0,0.3333333333333333
t1_hn52wjp,0.0,0.776,0.224,0.9423,0.06666666666666667,0.0,0.13333333333333333,0.13333333333333333,0.0,0.0,0.2,0.0
t1_h7x79cs,0.062,0.938,0.0,-0.6486,0.19047619047619047,0.23809523809523808,0.0,0.047619047619047616,0.047619047619047616,0.047619047619047616,0.0,0.047619047619047616
t1_h0xvcsl,0.102,0.872,0.026,-0.7096,0.1794871794871795,0.1282051282051282,0.05128205128205128,0.10256410256410256,0.05128205128205128,0.1282051282051282,0.02564102564102564,0.05128205128205128
t1_f8fvvst,0.153,0.705,0.142,-0.6249,0.17647058823529413,0.14705882352941177,0.029411764705882353,0.058823529411764705,0.029411764705882353,0.029411764705882353,0.11764705882352941,0.058823529411764705
t1_gbe2sc1,0.0,1.0,0.0,0.0,0.0,0.0,0.0,0.0,0.0,0.0,0.0,0.0
t1_gte95yx,0.0,0.933,0.067,0.802,0.125,0.0,0.125,0.25,0.0,0.0,0.0,0.0625
t1_jiwlr64,0.0,0.861,0.139,0.8588,0.0,0.0,0.1,0.2,0.1,0.0,0.2,0.0
t1_gyh6dv3,0.155,0.747,0.098,-0.5994,0.13333333333333333,0.13333333333333333,0.0,0.06666666666666667,0.0,0.13333333333333333,0.0,0.13333333333333333
t1_dtbufji,0.028,0.924,0.048,0.0772,0.3333333333333333,0.16666666666666666,0.16666666666666666,0.0,0.0,0.0,0.0,0.0
t1_i3wbj8n,0.212,0.56,0.228,0.0102,0.1,0.1,0.1,0.125,0.025,0.1,0.05,0.05
t1_dssvnhe,0.112,0.778,0.11,-0.0258,0.0,0.09090909090909091,0.18181818181818182,0.09090909090909091,0.0,0.0,0.09090909090909091,0.0
t1_j0oqoc1,0.053,0.896,0.051,-0.0387,0.08333333333333333,0.08333333333333333,0.25,0.16666666666666666,0.0,0.0,0.08333333333333333,0.0
t1_hf5tkj3,0.275,0.68,0.045,-0.9314,0.25,0.16666666666666666,0.08333333333333333,0.0,0.0,0.0,0.0,0.08333333333333333
t1_jsis2tb,0.091,0.909,0.0,-0.5267,0.2857142857142857,0.14285714285714285,0.0,0.14285714285714285,0.0,0.0,0.0,0.0
t1_g4m6sza,0.186,0.814,0.0,-0.8253,0.16666666666666666,0.0,0.16666666666666666,0.16666666666666666,0.0,0.16666666666666666,0.0,0.0
t1_gi5epn1,0.0,0.9,0.1,0.7717,0.0,0.25,0.0,0.0,0.0,0.125,0.125,0.125
t1_dfumrce,0.064,0.822,0.114,0.264,0.18181818181818182,0.09090909090909091,0.09090909090909091,0.0,0.0,0.09090909090909091,0.0,0.0
t1_gze1qn3,0.153,0.714,0.133,-0.5719,0.10526315789473684,0.10526315789473684,0.13157894736842105,0.13157894736842105,0.02631578947368421,0.02631578947368421,0.05263157894736842,0.0
t1_hg0knnu,0.02,0.89,0.09,0.7351,0.125,0.0,0.0,0.25,0.0,0.0,0.0,0.0
t1_gn4a9my,0.056,0.795,0.149,0.911,0.13333333333333333,0.0,0.13333333333333333,0.0,0.0,0.06666666666666667,0.0,0.06666666666666667
t1_gnq5t25,0.0,0.928,0.072,0.5859,0.1,0.1,0.1,0.3,0.0,0.0,0.0,0.0
t1_dumn2t3,0.107,0.763,0.13,0.0644,0.0,0.09090909090909091,0.0,0.2727272727272727,0.09090909090909091,0.09090909090909091,0.0,0.09090909090909091
t1_e3db1q8,0.07,0.81,0.12,0.4497,0.0,0.0,0.1111111111111111,0.3333333333333333,0.1111111111111111,0.0,0.1111111111111111,0.0
t1_j1dedfj,0.017,0.884,0.099,0.8964,0.07692307692307693,0.038461538461538464,0.038461538461538464,0.19230769230769232,0.0,0.07692307692307693,0.07692307692307693,0.11538461538461539
t1_dut2dou,0.129,0.655,0.216,0.6709,0.09523809523809523,0.09523809523809523,0.14285714285714285,0.09523809523809523,0.09523809523809523,0.047619047619047616,0.09523809523809523,0.047619047619047616
t1_h0bzyyo,0.0,1.0,0.0,0.0,0.0,0.0,0.0,0.5,0.0,0.0,0.0,0.0
t1_kf4zudh,0.0,1.0,0.0,0.0,0.08333333333333333,0.0,0.08333333333333333,0.3333333333333333,0.0,0.0,0.0,0.0
t1_eaag5ml,0.039,0.772,0.189,0.9829,0.05714285714285714,0.02857142857142857,0.17142857142857143,0.14285714285714285,0.05714285714285714,0.02857142857142857,0.08571428571428572,0.02857142857142857
t1_ewi3drn,0.142,0.756,0.102,-0.4215,0.2,0.2,0.0,0.0,0.0,0.2,0.0,0.0
t1_j2a1yv0,0.031,0.785,0.184,0.9564,0.03571428571428571,0.07142857142857142,0.10714285714285714,0.32142857142857145,0.0,0.0,0.14285714285714285,0.03571428571428571
t1_h5s2rnc,0.065,0.852,0.082,0.1531,0.0,0.0,0.0,0.25,0.0,0.0,0.0,0.0
t1_hu5ez2a,0.098,0.719,0.183,0.8492,0.15789473684210525,0.05263157894736842,0.05263157894736842,0.15789473684210525,0.0,0.05263157894736842,0.05263157894736842,0.05263157894736842
t1_k63z1cv,0.0,0.747,0.253,0.9317,0.07142857142857142,0.07142857142857142,0.14285714285714285,0.14285714285714285,0.07142857142857142,0.0,0.07142857142857142,0.07142857142857142
t1_jjcqhut,0.083,0.917,0.0,-0.4404,0.0,0.0,0.16666666666666666,0.16666666666666666,0.16666666666666666,0.16666666666666666,0.0,0.0
t1_gjuqlcb,0.0,0.957,0.043,0.2263,0.0,0.0,0.0,0.0,0.0,0.0,0.0,0.0
t1_iv7fmry,0.067,0.845,0.088,0.3156,0.06451612903225806,0.03225806451612903,0.12903225806451613,0.22580645161290322,0.0,0.06451612903225806,0.0967741935483871,0.0
t1_hnysrov,0.0,0.893,0.107,0.5106,0.0,0.0,0.0,0.6,0.0,0.0,0.0,0.0
t1_i2jemch,0.265,0.735,0.0,-0.9279,0.08333333333333333,0.08333333333333333,0.08333333333333333,0.25,0.0,0.08333333333333333,0.0,0.08333333333333333
t1_gvwoirj,0.0,0.987,0.013,0.128,0.05555555555555555,0.0,0.1111111111111111,0.2222222222222222,0.05555555555555555,0.05555555555555555,0.1111111111111111,0.0
t1_h0b0n30,0.105,0.836,0.059,-0.5106,0.13333333333333333,0.13333333333333333,0.13333333333333333,0.06666666666666667,0.0,0.06666666666666667,0.0,0.0
t1_j2a1yv0,0.031,0.785,0.184,0.9564,0.03571428571428571,0.07142857142857142,0.10714285714285714,0.32142857142857145,0.0,0.0,0.14285714285714285,0.03571428571428571
t1_hsm4zo8,0.16,0.84,0.0,-0.7096,0.14285714285714285,0.14285714285714285,0.0,0.14285714285714285,0.0,0.0,0.0,0.2857142857142857
t1_igad9lf,0.101,0.783,0.116,0.3989,0.075,0.1,0.1,0.175,0.05,0.05,0.1,0.025
t1_ivc5hrl,0.097,0.729,0.174,0.81,0.06451612903225806,0.06451612903225806,0.12903225806451613,0.22580645161290322,0.03225806451612903,0.06451612903225806,0.03225806451612903,0.03225806451612903
t1_jm7zwd0,0.271,0.718,0.012,-0.9811,0.06666666666666667,0.13333333333333333,0.06666666666666667,0.13333333333333333,0.03333333333333333,0.03333333333333333,0.03333333333333333,0.13333333333333333
t1_gnqb3pm,0.069,0.91,0.021,-0.6249,0.09090909090909091,0.0,0.09090909090909091,0.18181818181818182,0.0,0.09090909090909091,0.0,0.0
t1_dxwmmgu,0.0,1.0,0.0,0.0,0.0,0.0,0.0,0.0,0.0,0.0,0.0,0.0
t1_jp33k4v,0.0,0.824,0.176,0.9246,0.125,0.0,0.125,0.0,0.0,0.0,0.125,0.0
t1_hi5eww5,0.064,0.874,0.062,-0.0258,0.0,0.0,0.0,0.0,0.0,0.0,0.0,0.0
t1_gru6wpa,0.0,0.902,0.098,0.7906,0.0,0.0,0.125,0.25,0.0,0.0,0.0,0.0
t1_j4lsctc,0.0,0.87,0.13,0.8689,0.0,0.16666666666666666,0.16666666666666666,0.0,0.0,0.0,0.0,0.0
t1_h05jemi,0.192,0.621,0.187,-0.0572,0.058823529411764705,0.11764705882352941,0.058823529411764705,0.11764705882352941,0.058823529411764705,0.058823529411764705,0.11764705882352941,0.058823529411764705
t1_ezicc6z,0.134,0.724,0.142,-0.0772,0.125,0.125,0.0,0.1875,0.0625,0.125,0.0,0.125
t1_girn761,0.153,0.764,0.082,-0.7265,0.10810810810810811,0.02702702702702703,0.10810810810810811,0.08108108108108109,0.02702702702702703,0.10810810810810811,0.05405405405405406,0.05405405405405406
t1_i9j8od5,0.0,0.959,0.041,0.7351,0.058823529411764705,0.058823529411764705,0.058823529411764705,0.23529411764705882,0.058823529411764705,0.058823529411764705,0.0,0.058823529411764705
t1_hpou96n,0.103,0.744,0.153,0.5023,0.0,0.0,0.18181818181818182,0.36363636363636365,0.09090909090909091,0.0,0.09090909090909091,0.0
t1_gncdmbt,0.046,0.822,0.131,0.9379,0.08571428571428572,0.08571428571428572,0.08571428571428572,0.14285714285714285,0.05714285714285714,0.02857142857142857,0.11428571428571428,0.02857142857142857
t1_fkt5ng2,0.105,0.807,0.088,-0.3837,0.06896551724137931,0.06896551724137931,0.06896551724137931,0.1724137931034483,0.034482758620689655,0.034482758620689655,0.06896551724137931,0.06896551724137931
t1_e50geae,0.057,0.731,0.212,0.9075,0.08695652173913043,0.043478260869565216,0.08695652173913043,0.17391304347826086,0.043478260869565216,0.13043478260869565,0.043478260869565216,0.043478260869565216
t1_h87wuuf,0.038,0.922,0.04,0.0258,0.5,0.0,0.0,0.0,0.0,0.0,0.0,0.0
t1_gsdgupf,0.05,0.727,0.224,0.9756,0.05555555555555555,0.05555555555555555,0.027777777777777776,0.2222222222222222,0.05555555555555555,0.05555555555555555,0.1111111111111111,0.027777777777777776
t1_jgcaxki,0.178,0.66,0.162,-0.3058,0.1875,0.125,0.125,0.125,0.0,0.0,0.0625,0.0
t1_hrtpeb6,0.143,0.79,0.067,-0.9224,0.17647058823529413,0.14705882352941177,0.058823529411764705,0.08823529411764706,0.029411764705882353,0.029411764705882353,0.0,0.08823529411764706
t1_froim3v,0.09,0.868,0.043,-0.4137,0.14285714285714285,0.14285714285714285,0.0,0.14285714285714285,0.0,0.0,0.0,0.0
t1_j6hoxz0,0.028,0.918,0.054,0.5089,0.06896551724137931,0.0,0.10344827586206896,0.20689655172413793,0.0,0.034482758620689655,0.1724137931034483,0.0
t1_h7hwebn,0.011,0.82,0.169,0.9607,0.029411764705882353,0.029411764705882353,0.20588235294117646,0.11764705882352941,0.08823529411764706,0.058823529411764705,0.08823529411764706,0.029411764705882353
t1_hzqzx89,0.063,0.895,0.043,-0.1548,0.15789473684210525,0.05263157894736842,0.10526315789473684,0.15789473684210525,0.0,0.10526315789473684,0.05263157894736842,0.05263157894736842
t1_et6hm26,0.0,0.945,0.055,0.5106,0.2727272727272727,0.18181818181818182,0.09090909090909091,0.0,0.0,0.09090909090909091,0.0,0.09090909090909091
t1_ibu5a2r,0.073,0.927,0.0,-0.4874,0.0,0.0,0.0,0.25,0.0,0.0,0.25,0.0
t1_dg81f6h,0.077,0.827,0.096,0.34,0.07142857142857142,0.07142857142857142,0.0,0.21428571428571427,0.0,0.07142857142857142,0.14285714285714285,0.0
t1_gx3tiqm,0.131,0.799,0.069,-0.831,0.15384615384615385,0.07692307692307693,0.07692307692307693,0.23076923076923078,0.0,0.0,0.0,0.0
t1_hvau3fr,0.177,0.823,0.0,-0.743,0.0,0.0,0.25,0.0,0.0,0.0,0.0,0.0
t1_i8p5l14,0.0,0.869,0.131,0.7514,0.10526315789473684,0.10526315789473684,0.05263157894736842,0.15789473684210525,0.05263157894736842,0.15789473684210525,0.05263157894736842,0.0
t1_k4egrf9,0.0,0.841,0.159,0.9531,0.0,0.0,0.18181818181818182,0.18181818181818182,0.09090909090909091,0.0,0.18181818181818182,0.0
t1_gxecbxa,0.0,0.898,0.102,0.7783,0.0,0.0,0.0,0.0,0.0,0.0,0.0,0.0
t1_hrb4wq1,0.053,0.895,0.053,0.0,0.16666666666666666,0.0,0.0,0.16666666666666666,0.0,0.0,0.0,0.16666666666666666
t1_hgnnbc1,0.023,0.936,0.042,0.2023,0.0,0.0,0.25,0.0,0.0,0.125,0.0,0.125
t1_hfx9evz,0.07,0.93,0.0,-0.6783,0.2,0.06666666666666667,0.13333333333333333,0.06666666666666667,0.06666666666666667,0.06666666666666667,0.06666666666666667,0.06666666666666667
t1_hdveh5b,0.068,0.857,0.075,0.0516,0.0,0.0,0.25,0.0,0.0,0.0,0.25,0.0
t1_jxrnz3n,0.045,0.776,0.178,0.9225,0.05555555555555555,0.0,0.2222222222222222,0.1111111111111111,0.05555555555555555,0.05555555555555555,0.1111111111111111,0.05555555555555555
t1_i7n8om3,0.206,0.733,0.061,-0.9007,0.125,0.09375,0.09375,0.125,0.0625,0.09375,0.0625,0.0
t1_dzpw21t,0.0,0.923,0.077,0.4588,0.0,0.0,0.0,0.0,0.0,0.0,0.0,0.0
t1_d375flm,0.0,0.922,0.078,0.3182,0.0,0.0,0.0,0.5,0.0,0.0,0.0,0.0
t1_d01kd3o,0.089,0.786,0.125,0.6858,0.09523809523809523,0.09523809523809523,0.09523809523809523,0.19047619047619047,0.09523809523809523,0.047619047619047616,0.09523809523809523,0.047619047619047616
t1_kay9hdx,0.0,0.967,0.033,0.3182,0.25,0.0,0.5,0.0,0.0,0.0,0.0,0.0
t1_e9p6lst,0.059,0.941,0.0,-0.4215,0.25,0.25,0.0,0.25,0.0,0.0,0.0,0.0
t1_gxid4jd,0.049,0.812,0.139,0.6249,0.0,0.0,0.1111111111111111,0.1111111111111111,0.0,0.0,0.1111111111111111,0.0
t1_jqugkxd,0.0,0.86,0.14,0.9454,0.058823529411764705,0.0,0.17647058823529413,0.23529411764705882,0.0,0.0,0.058823529411764705,0.0
t1_f60l2vj,0.093,0.875,0.031,-0.8591,0.07692307692307693,0.07692307692307693,0.0,0.15384615384615385,0.038461538461538464,0.11538461538461539,0.0,0.038461538461538464
t1_ezf3mf3,0.112,0.733,0.155,0.4206,0.07692307692307693,0.0,0.0,0.07692307692307693,0.0,0.15384615384615385,0.07692307692307693,0.15384615384615385
t1_e70rwuj,0.212,0.755,0.033,-0.8968,0.0,0.1875,0.0625,0.25,0.0625,0.0,0.0625,0.0
t1_htwwxhl,0.109,0.692,0.199,0.5538,0.08333333333333333,0.0,0.16666666666666666,0.25,0.0,0.08333333333333333,0.16666666666666666,0.0
t1_jx42ted,0.101,0.808,0.091,-0.1591,0.1388888888888889,0.08333333333333333,0.08333333333333333,0.05555555555555555,0.05555555555555555,0.05555555555555555,0.05555555555555555,0.027777777777777776
t1_dyh6zk0,0.091,0.851,0.058,-0.3818,0.15,0.1,0.1,0.05,0.1,0.05,0.1,0.1
t1_kfgksr7,0.124,0.673,0.204,0.6597,0.058823529411764705,0.058823529411764705,0.23529411764705882,0.11764705882352941,0.11764705882352941,0.11764705882352941,0.058823529411764705,0.11764705882352941
t1_ke66zkr,0.0,1.0,0.0,0.0,0.0,0.0,0.0,0.0,0.0,0.0,0.0,0.0
t1_j6n8uxn,0.086,0.604,0.31,0.8352,0.0,0.0625,0.125,0.125,0.125,0.0,0.125,0.0625
t1_gtbn8yr,0.059,0.941,0.0,-0.4391,0.14285714285714285,0.14285714285714285,0.0,0.0,0.0,0.14285714285714285,0.0,0.14285714285714285
t1_ex35709,0.0,0.791,0.209,0.765,0.0,0.0,0.2857142857142857,0.14285714285714285,0.0,0.0,0.2857142857142857,0.0
t1_h81gdqi,0.087,0.881,0.031,-0.4497,0.11764705882352941,0.11764705882352941,0.0,0.29411764705882354,0.0,0.0,0.0,0.058823529411764705
t1_fm0n822,0.012,0.952,0.036,0.3716,0.1,0.0,0.1,0.1,0.1,0.1,0.1,0.0
t1_g3kjdpy,0.254,0.692,0.055,-0.9176,0.16666666666666666,0.08333333333333333,0.08333333333333333,0.0,0.08333333333333333,0.16666666666666666,0.08333333333333333,0.08333333333333333
t1_dy5sjng,0.107,0.848,0.045,-0.7096,0.10526315789473684,0.05263157894736842,0.02631578947368421,0.18421052631578946,0.0,0.05263157894736842,0.05263157894736842,0.07894736842105263
t1_fzp0p9m,0.121,0.735,0.144,0.0941,0.13333333333333333,0.03333333333333333,0.06666666666666667,0.16666666666666666,0.13333333333333333,0.06666666666666667,0.1,0.03333333333333333
t1_ho90o4u,0.198,0.802,0.0,-0.8119,0.14285714285714285,0.14285714285714285,0.14285714285714285,0.14285714285714285,0.0,0.0,0.0,0.14285714285714285
t1_f0kddf1,0.0,1.0,0.0,0.0,0.0,0.0,0.0,1.0,0.0,0.0,0.0,0.0
t1_gx53qzu,0.111,0.729,0.16,0.6974,0.05555555555555555,0.05555555555555555,0.16666666666666666,0.1111111111111111,0.05555555555555555,0.05555555555555555,0.05555555555555555,0.0
t1_kbj0kca,0.037,0.928,0.034,-0.1124,0.0,0.0,0.13043478260869565,0.13043478260869565,0.0,0.13043478260869565,0.13043478260869565,0.043478260869565216
t1_f49k0yo,0.14,0.844,0.016,-0.8271,0.1,0.1,0.1,0.3,0.0,0.0,0.0,0.1
t1_f7evkom,0.532,0.468,0.0,-0.9652,0.23809523809523808,0.19047619047619047,0.0,0.0,0.047619047619047616,0.09523809523809523,0.0,0.14285714285714285
t1_gv1ih2a,0.104,0.839,0.058,-0.4939,0.20833333333333334,0.14583333333333334,0.020833333333333332,0.0625,0.0625,0.10416666666666667,0.0,0.020833333333333332
t1_elgc8jr,0.098,0.789,0.114,-0.128,0.1111111111111111,0.1111111111111111,0.1111111111111111,0.0,0.0,0.1111111111111111,0.0,0.1111111111111111
t1_gt2hqjo,0.0,0.894,0.106,0.9052,0.0625,0.0,0.0625,0.3125,0.0,0.0625,0.0625,0.0
t1_gzn7a5i,0.101,0.835,0.064,-0.6934,0.0,0.1,0.0,0.15,0.0,0.15,0.1,0.1
t1_fjtrkun,0.217,0.579,0.204,-0.3939,0.1935483870967742,0.0967741935483871,0.06451612903225806,0.0967741935483871,0.0,0.03225806451612903,0.06451612903225806,0.06451612903225806
t1_fgezaei,0.187,0.813,0.0,-0.9568,0.07692307692307693,0.07692307692307693,0.07692307692307693,0.07692307692307693,0.0,0.07692307692307693,0.0,0.07692307692307693
t1_hjl0t4f,0.056,0.834,0.109,0.6486,0.11764705882352941,0.058823529411764705,0.11764705882352941,0.17647058823529413,0.058823529411764705,0.058823529411764705,0.0,0.058823529411764705
t1_hg0l3o7,0.02,0.89,0.09,0.7351,0.125,0.0,0.0,0.25,0.0,0.0,0.0,0.0
t1_dszbrna,0.074,0.741,0.185,0.802,0.09090909090909091,0.0,0.09090909090909091,0.2727272727272727,0.0,0.0,0.2727272727272727,0.0
t1_gny21qm,0.0,0.964,0.036,0.3182,0.0,0.0,0.0,0.5,0.0,0.0,0.0,0.0
t1_jgurspo,0.069,0.854,0.077,0.477,0.1,0.1,0.1,0.25,0.0,0.15,0.05,0.0
t1_jms9dfm,0.105,0.843,0.052,-0.8893,0.13636363636363635,0.13636363636363635,0.0,0.045454545454545456,0.0,0.09090909090909091,0.045454545454545456,0.045454545454545456
t1_i0jh8vn,0.026,0.974,0.0,-0.1531,0.0,0.0,0.4,0.2,0.0,0.0,0.0,0.0
t1_gimrykx,0.203,0.797,0.0,-0.782,0.0,0.2,0.0,0.2,0.0,0.0,0.0,0.2
t1_juvl0tw,0.025,0.84,0.135,0.8708,0.05,0.0,0.1,0.3,0.05,0.05,0.15,0.0
t1_ggkf63c,0.123,0.818,0.058,-0.544,0.14814814814814814,0.14814814814814814,0.14814814814814814,0.14814814814814814,0.0,0.0,0.0,0.037037037037037035
t1_f5q9f7e,0.09,0.834,0.076,-0.5097,0.14285714285714285,0.07142857142857142,0.07142857142857142,0.07142857142857142,0.14285714285714285,0.14285714285714285,0.07142857142857142,0.07142857142857142
t1_f8rl2k6,0.067,0.88,0.053,-0.1441,0.2857142857142857,0.14285714285714285,0.0,0.0,0.0,0.14285714285714285,0.0,0.0
t1_gtaz80l,0.029,0.905,0.066,0.5423,0.16666666666666666,0.05555555555555555,0.0,0.1111111111111111,0.0,0.2222222222222222,0.0,0.05555555555555555
t1_h6x17yh,0.156,0.83,0.015,-0.9323,0.17857142857142858,0.10714285714285714,0.25,0.03571428571428571,0.0,0.10714285714285714,0.0,0.0
t1_iiyi6oe,0.0,0.795,0.205,0.8169,0.0,0.14285714285714285,0.07142857142857142,0.14285714285714285,0.07142857142857142,0.0,0.07142857142857142,0.07142857142857142
t1_j1r7how,0.031,0.833,0.136,0.7351,0.125,0.0,0.125,0.0,0.0,0.125,0.125,0.0
t1_hfx8t1p,0.07,0.93,0.0,-0.6783,0.2,0.06666666666666667,0.13333333333333333,0.06666666666666667,0.06666666666666667,0.06666666666666667,0.06666666666666667,0.06666666666666667
t1_exta6a0,0.059,0.878,0.064,0.0498,0.2,0.0,0.2,0.2,0.0,0.0,0.0,0.0
t1_de2711z,0.022,0.961,0.017,-0.128,0.1,0.0,0.1,0.1,0.1,0.1,0.1,0.0
t1_eutiq8t,0.098,0.83,0.072,-0.4111,0.14285714285714285,0.07142857142857142,0.03571428571428571,0.10714285714285714,0.0,0.17857142857142858,0.0,0.07142857142857142
t1_jwn2hn5,0.0,1.0,0.0,0.0,0.0,0.0,0.5,0.0,0.0,0.0,0.0,0.0
t1_fojx4yc,0.083,0.917,0.0,-0.4404,0.07692307692307693,0.07692307692307693,0.23076923076923078,0.15384615384615385,0.07692307692307693,0.07692307692307693,0.0,0.07692307692307693
t1_f5rmti5,0.173,0.723,0.104,-0.7269,0.07692307692307693,0.07692307692307693,0.15384615384615385,0.15384615384615385,0.0,0.07692307692307693,0.15384615384615385,0.0
t1_cwebif6,0.166,0.834,0.0,-0.8205,0.0,0.0,1.0,0.0,0.0,0.0,0.0,0.0
t1_hfk1fyt,0.137,0.693,0.17,0.3664,0.19047619047619047,0.14285714285714285,0.047619047619047616,0.0,0.047619047619047616,0.14285714285714285,0.0,0.14285714285714285
t1_dytohsf,0.016,0.871,0.114,0.8315,0.0,0.1111111111111111,0.1111111111111111,0.2222222222222222,0.05555555555555555,0.0,0.05555555555555555,0.05555555555555555
t1_f4k1n4y,0.087,0.82,0.093,0.1813,0.043478260869565216,0.0,0.13043478260869565,0.17391304347826086,0.08695652173913043,0.08695652173913043,0.13043478260869565,0.043478260869565216
t1_ecjhbjz,0.047,0.814,0.139,0.6908,0.08,0.0,0.08,0.36,0.08,0.0,0.12,0.0
t1_j7zj9a7,0.132,0.684,0.183,0.759,0.0,0.05,0.25,0.05,0.05,0.1,0.1,0.05
t1_is5xw7j,0.107,0.87,0.023,-0.8442,0.15384615384615385,0.15384615384615385,0.07692307692307693,0.0,0.0,0.3076923076923077,0.0,0.15384615384615385
t1_jpn0c1k,0.054,0.911,0.035,-0.1121,0.1,0.13333333333333333,0.1,0.1,0.0,0.06666666666666667,0.06666666666666667,0.1
t1_faejhk5,0.225,0.722,0.053,-0.836,0.16666666666666666,0.16666666666666666,0.0,0.16666666666666666,0.0,0.0,0.08333333333333333,0.0
t1_gt5j6j5,0.103,0.828,0.068,-0.7783,0.11764705882352941,0.11764705882352941,0.08823529411764706,0.17647058823529413,0.0,0.11764705882352941,0.029411764705882353,0.0
t1_hlpywha,0.031,0.904,0.066,0.4404,0.03225806451612903,0.03225806451612903,0.12903225806451613,0.1935483870967742,0.03225806451612903,0.06451612903225806,0.16129032258064516,0.0
t1_hnysf8b,0.189,0.811,0.0,-0.743,0.14285714285714285,0.14285714285714285,0.42857142857142855,0.0,0.0,0.0,0.0,0.0
t1_g0pb1bn,0.055,0.913,0.033,-0.1779,0.14285714285714285,0.14285714285714285,0.0,0.14285714285714285,0.0,0.0,0.0,0.0
t1_hujpo09,0.055,0.945,0.0,-0.296,0.2,0.2,0.2,0.2,0.0,0.0,0.0,0.0
t1_kcncpiq,0.07,0.93,0.0,-0.5994,0.1111111111111111,0.0,0.1111111111111111,0.1111111111111111,0.0,0.0,0.1111111111111111,0.0
t1_ici7loy,0.226,0.598,0.176,-0.7625,0.043478260869565216,0.08695652173913043,0.08695652173913043,0.13043478260869565,0.08695652173913043,0.043478260869565216,0.08695652173913043,0.043478260869565216
t1_iz727t6,0.122,0.797,0.081,-0.7745,0.19047619047619047,0.11904761904761904,0.047619047619047616,0.11904761904761904,0.07142857142857142,0.09523809523809523,0.09523809523809523,0.0
t1_gtludqe,0.0,0.953,0.047,0.6124,0.10714285714285714,0.0,0.10714285714285714,0.21428571428571427,0.0,0.10714285714285714,0.0,0.07142857142857142
t1_dyp3e6m,0.078,0.922,0.0,-0.4019,0.125,0.125,0.0,0.0,0.125,0.125,0.0,0.25
t1_i1w3w9c,0.112,0.888,0.0,-0.7236,0.2,0.1,0.1,0.2,0.1,0.1,0.0,0.1
t1_f17mla9,0.084,0.831,0.085,0.0516,0.10526315789473684,0.10526315789473684,0.0,0.21052631578947367,0.05263157894736842,0.15789473684210525,0.0,0.0
t1_dydpc83,0.039,0.906,0.055,0.2023,0.2,0.1,0.2,0.1,0.1,0.0,0.0,0.1
t1_iagrkzk,0.0,1.0,0.0,0.0,0.0,0.0,1.0,0.0,0.0,0.0,0.0,0.0
t1_k4u8bjj,0.032,0.896,0.072,0.4588,0.2,0.0,0.2,0.0,0.0,0.0,0.0,0.0
t1_ebzl00l,0.26,0.74,0.0,-0.8979,0.14285714285714285,0.14285714285714285,0.0,0.0,0.14285714285714285,0.14285714285714285,0.0,0.14285714285714285
t1_e7xn9br,0.219,0.719,0.062,-0.971,0.36666666666666664,0.13333333333333333,0.06666666666666667,0.0,0.06666666666666667,0.03333333333333333,0.0,0.03333333333333333
t1_e33d68o,0.268,0.695,0.037,-0.9668,0.125,0.125,0.0625,0.0625,0.0625,0.0625,0.0,0.125
t1_h3wkzec,0.217,0.747,0.036,-0.8855,0.0,0.1111111111111111,0.1111111111111111,0.1111111111111111,0.0,0.0,0.0,0.1111111111111111
t1_k2kngnj,0.038,0.915,0.047,0.0065,0.06666666666666667,0.06666666666666667,0.13333333333333333,0.13333333333333333,0.06666666666666667,0.06666666666666667,0.06666666666666667,0.06666666666666667
t1_e8goh8m,0.026,0.948,0.026,-0.0027,0.07142857142857142,0.07142857142857142,0.21428571428571427,0.14285714285714285,0.0,0.07142857142857142,0.0,0.07142857142857142
t1_hell83p,0.197,0.747,0.056,-0.9739,0.09433962264150944,0.05660377358490566,0.09433962264150944,0.09433962264150944,0.07547169811320754,0.1509433962264151,0.03773584905660377,0.05660377358490566
t1_gny1lfx,0.076,0.896,0.028,-0.6705,0.14285714285714285,0.07142857142857142,0.0,0.0,0.07142857142857142,0.14285714285714285,0.0,0.0
t1_jtse98m,0.118,0.741,0.141,0.25,0.38461538461538464,0.07692307692307693,0.07692307692307693,0.07692307692307693,0.0,0.0,0.07692307692307693,0.0
t1_ifeyj61,0.0,0.932,0.068,0.4019,0.0,0.09090909090909091,0.2727272727272727,0.09090909090909091,0.09090909090909091,0.0,0.09090909090909091,0.0
t1_gomzx4e,0.088,0.896,0.016,-0.7184,0.05,0.05,0.1,0.15,0.05,0.05,0.1,0.0
t1_i9ftbk6,0.218,0.762,0.021,-0.9354,0.2,0.13333333333333333,0.06666666666666667,0.06666666666666667,0.06666666666666667,0.13333333333333333,0.06666666666666667,0.0
t1_gugg67i,0.142,0.799,0.059,-0.8617,0.21052631578947367,0.0,0.10526315789473684,0.21052631578947367,0.05263157894736842,0.05263157894736842,0.0,0.05263157894736842
t1_hg0l0tz,0.02,0.89,0.09,0.7351,0.125,0.0,0.0,0.25,0.0,0.0,0.0,0.0
t1_gzy7yec,0.156,0.798,0.046,-0.8658,0.17647058823529413,0.0,0.11764705882352941,0.058823529411764705,0.058823529411764705,0.11764705882352941,0.058823529411764705,0.0
t1_j467bok,0.077,0.741,0.182,0.8908,0.1,0.0,0.1,0.2,0.0,0.0,0.1,0.1
t1_fte757n,0.0,0.776,0.224,0.9052,0.0,0.0,0.125,0.25,0.125,0.0,0.25,0.0
t1_dam0h7s,0.053,0.913,0.034,-0.2023,0.16666666666666666,0.16666666666666666,0.0,0.16666666666666666,0.0,0.0,0.0,0.16666666666666666
t1_hfk1jxm,0.137,0.693,0.17,0.3664,0.19047619047619047,0.14285714285714285,0.047619047619047616,0.0,0.047619047619047616,0.14285714285714285,0.0,0.14285714285714285
t1_kb0s786,0.049,0.886,0.065,0.3607,0.10526315789473684,0.10526315789473684,0.15789473684210525,0.10526315789473684,0.0,0.05263157894736842,0.05263157894736842,0.05263157894736842
t1_kf88cba,0.028,0.792,0.18,0.9136,0.11764705882352941,0.11764705882352941,0.058823529411764705,0.058823529411764705,0.0,0.11764705882352941,0.058823529411764705,0.0
t1_g1ky466,0.087,0.853,0.06,-0.5707,0.0,0.0,0.0,0.08333333333333333,0.0,0.25,0.0,0.25
t1_j75wwee,0.063,0.768,0.17,0.743,0.09090909090909091,0.09090909090909091,0.0,0.2727272727272727,0.0,0.0,0.09090909090909091,0.09090909090909091
t1_gzwhjoa,0.068,0.879,0.053,-0.296,0.19047619047619047,0.14285714285714285,0.09523809523809523,0.14285714285714285,0.09523809523809523,0.09523809523809523,0.0,0.0
t1_il1mxfw,0.159,0.841,0.0,-0.9638,0.10344827586206896,0.13793103448275862,0.06896551724137931,0.13793103448275862,0.0,0.10344827586206896,0.06896551724137931,0.0
t1_ef7tvwt,0.099,0.852,0.049,-0.6597,0.0,0.15384615384615385,0.0,0.23076923076923078,0.0,0.0,0.07692307692307693,0.0
t1_dytohsf,0.016,0.871,0.114,0.8315,0.0,0.1111111111111111,0.1111111111111111,0.2222222222222222,0.05555555555555555,0.0,0.05555555555555555,0.05555555555555555
t1_dyy7u1z,0.149,0.739,0.112,-0.6486,0.15384615384615385,0.15384615384615385,0.038461538461538464,0.15384615384615385,0.038461538461538464,0.07692307692307693,0.0,0.11538461538461539
t1_gpq6pey,0.068,0.932,0.0,-0.5719,0.4,0.0,0.0,0.0,0.0,0.2,0.0,0.2
t1_k2ko8ma,0.038,0.915,0.047,0.0065,0.06666666666666667,0.06666666666666667,0.13333333333333333,0.13333333333333333,0.06666666666666667,0.06666666666666667,0.06666666666666667,0.06666666666666667
t1_h2juajq,0.018,0.83,0.151,0.886,0.0,0.09523809523809523,0.09523809523809523,0.14285714285714285,0.0,0.047619047619047616,0.047619047619047616,0.047619047619047616
t1_i35ht1l,0.076,0.797,0.127,0.7506,0.09090909090909091,0.09090909090909091,0.06818181818181818,0.18181818181818182,0.045454545454545456,0.022727272727272728,0.09090909090909091,0.022727272727272728
t1_evbmxqn,0.052,0.948,0.0,-0.3182,0.2,0.2,0.0,0.1,0.1,0.1,0.0,0.0
t1_joi7so1,0.055,0.885,0.06,-0.1779,0.16666666666666666,0.0,0.8333333333333334,0.0,0.0,0.0,0.0,0.0
t1_e3n8u6b,0.114,0.751,0.135,-0.0077,0.045454545454545456,0.09090909090909091,0.09090909090909091,0.09090909090909091,0.09090909090909091,0.045454545454545456,0.09090909090909091,0.13636363636363635
t1_e87u4im,0.048,0.854,0.098,0.6786,0.2857142857142857,0.0,0.0,0.0,0.0,0.14285714285714285,0.0,0.14285714285714285
t1_gmn5453,0.149,0.765,0.086,-0.636,0.0,0.1111111111111111,0.1111111111111111,0.1111111111111111,0.0,0.1111111111111111,0.1111111111111111,0.1111111111111111
t1_jn7npig,0.032,0.845,0.123,0.7096,0.14285714285714285,0.0,0.07142857142857142,0.21428571428571427,0.07142857142857142,0.0,0.21428571428571427,0.0
t1_inri62x,0.106,0.894,0.0,-0.7882,0.15,0.1,0.1,0.05,0.05,0.0,0.0,0.1
t1_gxdaz6x,0.048,0.856,0.095,0.2845,0.125,0.0,0.125,0.1875,0.0625,0.0,0.0,0.0
t1_ivcmeib,0.072,0.834,0.094,-0.0378,0.2,0.2,0.0,0.0,0.0,0.2,0.0,0.0
t1_e5myckn,0.0,0.789,0.211,0.7906,0.2,0.0,0.0,0.1,0.2,0.0,0.0,0.0
t1_hgnsml7,0.023,0.936,0.042,0.2023,0.0,0.0,0.25,0.0,0.0,0.125,0.0,0.125
t1_id3dtoj,0.147,0.781,0.072,-0.7964,0.3333333333333333,0.13333333333333333,0.0,0.06666666666666667,0.06666666666666667,0.06666666666666667,0.0,0.0
t1_jhj434n,0.13,0.819,0.051,-0.5574,0.0,0.0,0.16666666666666666,0.3333333333333333,0.0,0.0,0.16666666666666666,0.0
t1_hua6u8o,0.0,0.952,0.048,0.2732,0.0,0.0,0.3333333333333333,0.0,0.0,0.3333333333333333,0.0,0.0
t1_dnehbdr,0.056,0.762,0.182,0.8828,0.07692307692307693,0.07692307692307693,0.11538461538461539,0.11538461538461539,0.038461538461538464,0.0,0.07692307692307693,0.0
t1_i9j4jkp,0.092,0.908,0.0,-0.4141,0.0,0.0,1.0,0.0,0.0,0.0,0.0,0.0
t1_gcqqfut,0.088,0.912,0.0,-0.6249,0.0,0.1111111111111111,0.2222222222222222,0.3333333333333333,0.0,0.0,0.0,0.0
t1_kbtpo43,0.15,0.787,0.063,-0.5984,0.3,0.0,0.1,0.3,0.0,0.0,0.1,0.0
t1_ik2z128,0.025,0.975,0.0,-0.128,0.0,0.16666666666666666,0.0,0.16666666666666666,0.0,0.16666666666666666,0.0,0.0
t1_gojbzbr,0.0,0.878,0.122,0.5574,0.0,0.15384615384615385,0.15384615384615385,0.15384615384615385,0.15384615384615385,0.0,0.15384615384615385,0.0
t1_k6oi5i0,0.033,0.799,0.169,0.9017,0.045454545454545456,0.045454545454545456,0.09090909090909091,0.18181818181818182,0.045454545454545456,0.09090909090909091,0.13636363636363635,0.0
t1_hjvzntt,0.097,0.837,0.065,-0.4939,0.05263157894736842,0.0,0.10526315789473684,0.10526315789473684,0.0,0.10526315789473684,0.0,0.0
t1_exlxtk5,0.04,0.924,0.036,-0.0711,0.2,0.0,0.1,0.2,0.0,0.2,0.0,0.0
t1_gkxxoay,0.12,0.744,0.136,0.1779,0.0,0.25,0.0,0.25,0.0,0.0,0.0,0.25
t1_j4jcw1z,0.0,0.678,0.322,0.9833,0.0,0.0,0.1875,0.1875,0.0,0.0,0.25,0.0
t1_jbafu53,0.245,0.65,0.106,-0.9559,0.2,0.06666666666666667,0.1,0.03333333333333333,0.0,0.03333333333333333,0.03333333333333333,0.0
t1_fo5mkln,0.038,0.941,0.022,-0.3983,0.2,0.1,0.0,0.1,0.0,0.0,0.0,0.0
t1_eqqnc2u,0.0,0.756,0.244,0.9263,0.0,0.0,0.0,0.16666666666666666,0.0,0.0,0.0,0.0
t1_eeyang8,0.143,0.721,0.135,-0.0036,0.11428571428571428,0.2,0.05714285714285714,0.05714285714285714,0.0,0.05714285714285714,0.02857142857142857,0.0
t1_e14vx9e,0.101,0.874,0.025,-0.5267,0.0,0.0,0.0,0.0,0.0,0.0,0.0,0.0
t1_gn43hmb,0.017,0.959,0.024,0.2023,0.1,0.1,0.2,0.1,0.1,0.1,0.0,0.0
t1_e16wwap,0.1,0.843,0.057,-0.8281,0.18181818181818182,0.09090909090909091,0.09090909090909091,0.09090909090909091,0.09090909090909091,0.045454545454545456,0.0,0.09090909090909091
t1_gimrykx,0.203,0.797,0.0,-0.782,0.0,0.2,0.0,0.2,0.0,0.0,0.0,0.2
t1_gdwhsjp,0.057,0.82,0.123,0.8003,0.10344827586206896,0.0,0.10344827586206896,0.10344827586206896,0.06896551724137931,0.10344827586206896,0.10344827586206896,0.0
t1_f8gzw4g,0.131,0.72,0.15,0.2168,0.0,0.0,0.0,0.25,0.0,0.0,0.25,0.0
t1_fofxaml,0.055,0.945,0.0,-0.296,0.125,0.125,0.0,0.25,0.0,0.125,0.0,0.0
t1_izf53vf,0.031,0.874,0.095,0.7683,0.2,0.2,0.0,0.2,0.0,0.2,0.0,0.0
t1_e9ukj75,0.234,0.735,0.031,-0.9665,0.2,0.13333333333333333,0.06666666666666667,0.06666666666666667,0.03333333333333333,0.03333333333333333,0.03333333333333333,0.03333333333333333
t1_jpmueic,0.0,0.841,0.159,0.8316,0.041666666666666664,0.041666666666666664,0.08333333333333333,0.16666666666666666,0.08333333333333333,0.0,0.16666666666666666,0.08333333333333333
t1_jzvheuw,0.164,0.806,0.03,-0.743,0.3333333333333333,0.0,0.0,0.0,0.0,0.0,0.0,0.0
t1_k9pbjdg,0.0,0.795,0.205,0.9617,0.16666666666666666,0.0,0.0,0.5,0.0,0.0,0.0,0.0
t1_g3wdnry,0.058,0.921,0.021,-0.6298,0.07142857142857142,0.07142857142857142,0.14285714285714285,0.14285714285714285,0.07142857142857142,0.07142857142857142,0.07142857142857142,0.07142857142857142
t1_gv6j40f,0.131,0.757,0.112,-0.2263,0.125,0.125,0.0,0.125,0.0,0.125,0.0,0.0
t1_etlqsfg,0.202,0.681,0.116,-0.6486,0.08333333333333333,0.08333333333333333,0.08333333333333333,0.16666666666666666,0.08333333333333333,0.08333333333333333,0.08333333333333333,0.08333333333333333
t1_h2othom,0.26,0.698,0.042,-0.9345,0.0,0.0,0.2222222222222222,0.2222222222222222,0.1111111111111111,0.0,0.1111111111111111,0.1111111111111111
t1_e5ndxmd,0.124,0.828,0.048,-0.5478,0.13636363636363635,0.13636363636363635,0.045454545454545456,0.09090909090909091,0.0,0.09090909090909091,0.045454545454545456,0.045454545454545456
t1_k7r2p8d,0.023,0.918,0.058,0.5007,0.0,0.16666666666666666,0.16666666666666666,0.0,0.0,0.0,0.0,0.0
t1_e4ktm1i,0.141,0.795,0.064,-0.34,0.1111111111111111,0.2222222222222222,0.1111111111111111,0.1111111111111111,0.0,0.1111111111111111,0.1111111111111111,0.0
t1_fklk70k,0.0,0.854,0.146,0.8357,0.0,0.0,0.125,0.25,0.0,0.0,0.0,0.0
t1_k7jm7ij,0.142,0.809,0.049,-0.4939,0.14285714285714285,0.14285714285714285,0.0,0.14285714285714285,0.0,0.0,0.0,0.0
t1_fi21xdt,0.0,0.786,0.214,0.88,0.0,0.0,0.16666666666666666,0.16666666666666666,0.16666666666666666,0.0,0.16666666666666666,0.0
t1_frearhu,0.075,0.776,0.148,0.5927,0.11538461538461539,0.0,0.23076923076923078,0.07692307692307693,0.038461538461538464,0.07692307692307693,0.07692307692307693,0.0
t1_gptvybx,0.213,0.692,0.095,-0.8074,0.058823529411764705,0.11764705882352941,0.11764705882352941,0.058823529411764705,0.0,0.17647058823529413,0.058823529411764705,0.11764705882352941
t1_dxbnu39,0.0,1.0,0.0,0.0,0.0,0.0,0.0,0.0,0.0,0.0,0.0,0.0
t1_gg2x8e5,0.0,0.966,0.034,0.25,0.14285714285714285,0.0,0.14285714285714285,0.0,0.14285714285714285,0.0,0.0,0.0
t1_gx3s9gz,0.077,0.856,0.067,-0.34,0.1282051282051282,0.07692307692307693,0.07692307692307693,0.10256410256410256,0.02564102564102564,0.1282051282051282,0.02564102564102564,0.0
t1_i6fdyqw,0.15,0.74,0.11,-0.4656,0.12,0.16,0.08,0.08,0.0,0.12,0.0,0.08
t1_eceugpx,0.083,0.718,0.199,0.7664,0.1,0.1,0.15,0.15,0.0,0.05,0.15,0.05
t1_hctxa0m,0.077,0.821,0.102,0.2413,0.0,0.0,0.23076923076923078,0.23076923076923078,0.07692307692307693,0.0,0.15384615384615385,0.0
t1_gxf6ukd,0.157,0.778,0.065,-0.8302,0.13636363636363635,0.0,0.13636363636363635,0.045454545454545456,0.0,0.045454545454545456,0.045454545454545456,0.13636363636363635
t1_gf6x2th,0.0,0.781,0.219,0.8176,0.0,0.0,0.23076923076923078,0.3076923076923077,0.0,0.0,0.0,0.0
t1_fyk95oc,0.035,0.882,0.083,0.3818,0.0,0.0,0.3333333333333333,0.0,0.0,0.0,0.0,0.0
t1_eaxonx6,0.041,0.844,0.115,0.2263,0.0,0.0,0.0,0.0,0.0,0.3333333333333333,0.0,0.0
t1_f5dvkky,0.0,0.826,0.174,0.872,0.0,0.0,0.1111111111111111,0.3333333333333333,0.1111111111111111,0.0,0.1111111111111111,0.0
t1_gs37rdx,0.057,0.862,0.081,0.5789,0.1111111111111111,0.0,0.1111111111111111,0.0,0.0,0.1111111111111111,0.0,0.0
t1_dxbihwe,0.18,0.82,0.0,-0.6908,0.0,0.25,0.0,0.0,0.0,0.0,0.0,0.25
t1_jspvj43,0.061,0.814,0.125,0.296,0.2,0.0,0.2,0.2,0.0,0.0,0.2,0.0
t1_inown2o,0.136,0.719,0.145,0.1779,0.07142857142857142,0.0,0.14285714285714285,0.14285714285714285,0.0,0.0,0.07142857142857142,0.0
t1_gu8e380,0.046,0.893,0.06,0.124,0.25,0.125,0.0,0.125,0.0,0.0,0.0,0.0
t1_fl932o7,0.045,0.878,0.077,0.5859,0.041666666666666664,0.0,0.16666666666666666,0.3333333333333333,0.08333333333333333,0.041666666666666664,0.08333333333333333,0.0
t1_dgpu8vz,0.0,1.0,0.0,0.0,0.0,0.0,0.0,0.25,0.0,0.0,0.0,0.0
t1_guzoaa2,0.0,0.893,0.107,0.6369,0.0,0.0,0.0,0.0,0.0,0.0,0.0,0.0
t1_j5llbph,0.056,0.86,0.084,0.3736,0.10526315789473684,0.10526315789473684,0.07894736842105263,0.18421052631578946,0.05263157894736842,0.07894736842105263,0.07894736842105263,0.02631578947368421
t1_eau536z,0.099,0.901,0.0,-0.6486,0.0,0.08333333333333333,0.08333333333333333,0.08333333333333333,0.25,0.0,0.08333333333333333,0.16666666666666666
t1_gbubl02,0.045,0.774,0.181,0.7717,0.0,0.0,0.15,0.2,0.0,0.0,0.2,0.0
t1_foybyho,0.0,0.874,0.126,0.6341,0.0,0.0,0.0,0.3333333333333333,0.0,0.0,0.0,0.0
t1_k7atoac,0.0,0.906,0.094,0.4019,0.0,0.0,0.0,0.0,0.0,0.0,0.3333333333333333,0.0
t1_ezklioc,0.058,0.785,0.157,0.865,0.14285714285714285,0.14285714285714285,0.14285714285714285,0.0,0.14285714285714285,0.14285714285714285,0.0,0.0
t1_ect7ayw,0.126,0.664,0.209,0.8384,0.2,0.1,0.05,0.15,0.0,0.1,0.05,0.1
t1_e0neni3,0.12,0.779,0.101,-0.2263,0.3333333333333333,0.0,0.0,0.3333333333333333,0.0,0.0,0.0,0.0
t1_f698jqa,0.0,0.89,0.11,0.4933,0.0,0.0,0.0,0.0,0.0,0.0,0.0,0.0
t1_hh8glho,0.093,0.907,0.0,-0.4215,0.14285714285714285,0.14285714285714285,0.0,0.0,0.0,0.0,0.0,0.0
t1_gjarv7f,0.054,0.862,0.084,0.5442,0.045454545454545456,0.13636363636363635,0.045454545454545456,0.13636363636363635,0.0,0.09090909090909091,0.09090909090909091,0.09090909090909091
t1_g6of9pt,0.094,0.877,0.029,-0.694,0.1111111111111111,0.1111111111111111,0.3333333333333333,0.0,0.0,0.1111111111111111,0.0,0.1111111111111111
t1_e2hnuzb,0.034,0.966,0.0,-0.296,0.0,0.0,0.14285714285714285,0.2857142857142857,0.0,0.0,0.14285714285714285,0.0
t1_is6fx44,0.089,0.8,0.111,0.4374,0.07142857142857142,0.07142857142857142,0.07142857142857142,0.2857142857142857,0.0,0.0,0.07142857142857142,0.0
t1_ewlqjv4,0.0,1.0,0.0,0.0,0.0,0.0,0.0,0.0,0.0,0.0,0.0,0.0
t1_fcut805,0.028,0.789,0.182,0.8979,0.125,0.0625,0.0625,0.1875,0.0625,0.0,0.1875,0.0
t1_g2ybjmq,0.036,0.964,0.0,-0.1027,0.0,0.0,0.0,0.0,0.0,0.0,0.0,0.0
t1_e0l2zt6,0.0,0.908,0.092,0.5943,0.14285714285714285,0.0,0.14285714285714285,0.14285714285714285,0.14285714285714285,0.0,0.14285714285714285,0.0
t1_eqz3ibj,0.047,0.953,0.0,-0.1926,0.0,0.08333333333333333,0.16666666666666666,0.25,0.0,0.0,0.16666666666666666,0.0
t1_jn2v79k,0.097,0.789,0.114,0.4186,0.16666666666666666,0.125,0.16666666666666666,0.08333333333333333,0.0,0.125,0.041666666666666664,0.041666666666666664
t1_e2g8n1d,0.073,0.829,0.099,0.5095,0.05555555555555555,0.05555555555555555,0.05555555555555555,0.1111111111111111,0.05555555555555555,0.0,0.1111111111111111,0.05555555555555555
t1_e1u236u,0.119,0.812,0.069,-0.8109,0.1724137931034483,0.13793103448275862,0.13793103448275862,0.06896551724137931,0.0,0.06896551724137931,0.06896551724137931,0.034482758620689655
t1_gsyp68f,0.031,0.899,0.07,0.4019,0.0,0.0,0.0,0.5,0.0,0.0,0.0,0.0
t1_hoh33kk,0.077,0.869,0.055,-0.2244,0.0,0.0,0.25,0.25,0.0,0.0,0.25,0.0
t1_hd6eq4e,0.152,0.798,0.049,-0.5291,0.4,0.0,0.0,0.0,0.0,0.2,0.0,0.0
t1_ducu5l7,0.2,0.58,0.22,-0.0772,0.10526315789473684,0.05263157894736842,0.10526315789473684,0.15789473684210525,0.05263157894736842,0.05263157894736842,0.10526315789473684,0.05263157894736842
t1_gzy7v12,0.156,0.798,0.046,-0.8658,0.17647058823529413,0.0,0.11764705882352941,0.058823529411764705,0.058823529411764705,0.11764705882352941,0.058823529411764705,0.0
t1_fm0vcj8,0.075,0.727,0.198,0.925,0.08695652173913043,0.08695652173913043,0.0,0.17391304347826086,0.0,0.043478260869565216,0.08695652173913043,0.043478260869565216
t1_dww0zqu,0.213,0.714,0.072,-0.9275,0.2,0.1,0.1,0.06666666666666667,0.03333333333333333,0.1,0.03333333333333333,0.03333333333333333
t1_frzg3ff,0.145,0.814,0.041,-0.8519,0.1875,0.1875,0.0,0.0625,0.0625,0.0,0.0,0.0
t1_gs7tgq9,0.047,0.796,0.157,0.9231,0.058823529411764705,0.0196078431372549,0.09803921568627451,0.11764705882352941,0.0,0.19607843137254902,0.0784313725490196,0.0
t1_gjkwzr3,0.11,0.717,0.173,0.6893,0.08823529411764706,0.14705882352941177,0.11764705882352941,0.11764705882352941,0.08823529411764706,0.029411764705882353,0.08823529411764706,0.058823529411764705
t1_j00yn1x,0.0,0.893,0.107,0.9461,0.07142857142857142,0.03571428571428571,0.03571428571428571,0.25,0.03571428571428571,0.10714285714285714,0.10714285714285714,0.0
t1_ivaf0yr,0.082,0.896,0.022,-0.802,0.043478260869565216,0.0,0.17391304347826086,0.13043478260869565,0.0,0.08695652173913043,0.08695652173913043,0.0
t1_k9f4xnn,0.075,0.925,0.0,-0.5766,0.1111111111111111,0.0,0.1111111111111111,0.2222222222222222,0.0,0.0,0.0,0.1111111111111111
t1_jtej679,0.0,0.95,0.05,0.6362,0.0,0.0,0.0,0.0,0.0,0.0,0.0,0.0
t1_fp9mhw5,0.0,0.871,0.129,0.5994,0.06666666666666667,0.0,0.2,0.13333333333333333,0.0,0.06666666666666667,0.13333333333333333,0.06666666666666667
t1_i7p08qh,0.061,0.737,0.202,0.8948,0.15384615384615385,0.15384615384615385,0.15384615384615385,0.0,0.0,0.07692307692307693,0.07692307692307693,0.07692307692307693
t1_gt7tsr9,0.113,0.842,0.046,-0.915,0.14285714285714285,0.14285714285714285,0.14285714285714285,0.07142857142857142,0.07142857142857142,0.03571428571428571,0.03571428571428571,0.14285714285714285
t1_gt74bfj,0.077,0.904,0.019,-0.5994,0.25,0.0,0.0,0.0,0.25,0.25,0.0,0.0
t1_jsq8lr5,0.0,0.896,0.104,0.628,0.09090909090909091,0.09090909090909091,0.0,0.18181818181818182,0.09090909090909091,0.09090909090909091,0.0,0.09090909090909091
t1_iqdjrhf,0.03,0.97,0.0,-0.34,0.1111111111111111,0.0,0.1111111111111111,0.1111111111111111,0.2222222222222222,0.1111111111111111,0.1111111111111111,0.0
t1_hayud60,0.048,0.766,0.186,0.743,0.0,0.0,0.0,0.5,0.0,0.0,0.25,0.0
t1_e36z24u,0.216,0.497,0.287,0.5705,0.08333333333333333,0.08333333333333333,0.08333333333333333,0.08333333333333333,0.08333333333333333,0.08333333333333333,0.08333333333333333,0.16666666666666666
t1_hdeovva,0.073,0.801,0.126,0.4588,0.07142857142857142,0.07142857142857142,0.07142857142857142,0.14285714285714285,0.07142857142857142,0.07142857142857142,0.07142857142857142,0.07142857142857142
t1_iim97hn,0.0,0.969,0.031,0.2235,0.125,0.0,0.375,0.0,0.0,0.125,0.0,0.0
t1_gnlp8b9,0.0,0.906,0.094,0.6597,0.0,0.0,0.14285714285714285,0.2857142857142857,0.0,0.0,0.14285714285714285,0.0
t1_h9ynukf,0.026,0.974,0.0,-0.0772,0.0,0.0,0.0,0.3333333333333333,0.0,0.0,0.0,0.0
t1_k5srja1,0.0,0.938,0.062,0.2732,0.0,0.0,0.0,0.0,0.0,0.0,0.0,0.0
t1_ixlhdyb,0.141,0.801,0.058,-0.8807,0.16,0.12,0.08,0.08,0.04,0.12,0.08,0.0
t1_grzjsoy,0.0,1.0,0.0,0.0,0.2,0.2,0.0,0.0,0.0,0.0,0.0,0.2
t1_imj3m9j,0.06,0.829,0.111,0.3976,0.16666666666666666,0.08333333333333333,0.0,0.16666666666666666,0.0,0.08333333333333333,0.08333333333333333,0.16666666666666666
t1_duzom1l,0.109,0.809,0.082,-0.7003,0.0975609756097561,0.024390243902439025,0.14634146341463414,0.0975609756097561,0.024390243902439025,0.0975609756097561,0.07317073170731707,0.04878048780487805
t1_ig95wp8,0.0,0.908,0.092,0.6666,0.0,0.0,0.0,0.0,0.0,0.0,0.5,0.0
t1_h8gik8g,0.08,0.855,0.065,-0.3597,0.1875,0.125,0.0625,0.0625,0.0625,0.0625,0.0625,0.0
t1_fyjpsbb,0.116,0.83,0.054,-0.5267,0.25,0.0,0.0,0.0,0.0,0.25,0.0,0.0
t1_f2q5omz,0.107,0.727,0.166,0.7275,0.043478260869565216,0.043478260869565216,0.08695652173913043,0.17391304347826086,0.043478260869565216,0.13043478260869565,0.043478260869565216,0.043478260869565216
t1_hfs6ft4,0.031,0.924,0.046,0.128,0.25,0.0,0.125,0.25,0.0,0.125,0.0,0.0
t1_gzvvki2,0.074,0.86,0.066,-0.2383,0.10526315789473684,0.05263157894736842,0.05263157894736842,0.10526315789473684,0.0,0.10526315789473684,0.05263157894736842,0.05263157894736842
t1_dwis2v9,0.113,0.848,0.039,-0.6497,0.2222222222222222,0.0,0.0,0.1111111111111111,0.0,0.0,0.1111111111111111,0.1111111111111111
t1_feka8b4,0.079,0.696,0.225,0.7418,0.0625,0.0,0.0625,0.125,0.0625,0.0625,0.1875,0.0
t1_ee0zen9,0.13,0.817,0.053,-0.7845,0.125,0.0,0.0,0.125,0.0,0.125,0.125,0.125
t1_iic49ld,0.0,0.937,0.063,0.3898,0.0,0.0,0.1111111111111111,0.1111111111111111,0.0,0.0,0.0,0.0
t1_ia1vrsn,0.048,0.826,0.126,0.6369,0.13333333333333333,0.0,0.13333333333333333,0.26666666666666666,0.06666666666666667,0.06666666666666667,0.06666666666666667,0.06666666666666667
t1_f5zfl65,0.019,0.827,0.154,0.8687,0.15384615384615385,0.07692307692307693,0.07692307692307693,0.23076923076923078,0.0,0.15384615384615385,0.0,0.0
t1_dxi2lw2,0.159,0.707,0.134,-0.4767,0.125,0.0625,0.125,0.125,0.0625,0.0,0.125,0.0
t1_e22zjhm,0.029,0.931,0.041,0.2023,0.0,0.07692307692307693,0.23076923076923078,0.07692307692307693,0.07692307692307693,0.15384615384615385,0.07692307692307693,0.07692307692307693
t1_fa0er9k,0.117,0.567,0.317,0.6549,0.0,0.0,0.125,0.125,0.0,0.125,0.25,0.0
t1_gx6cbxa,0.12,0.88,0.0,-0.6597,0.17647058823529413,0.0,0.17647058823529413,0.17647058823529413,0.0,0.058823529411764705,0.0,0.0
t1_f2gddv5,0.18,0.599,0.221,0.4201,0.0,0.0,1.0,0.0,0.0,0.0,0.0,0.0
t1_ic8kv2s,0.0,0.939,0.061,0.5423,0.0,0.0,0.5,0.0,0.0,0.0,0.0,0.0
t1_ergh9jy,0.0,0.891,0.109,0.8316,0.0,0.2,0.0,0.2,0.0,0.2,0.0,0.0
t1_ggiudmc,0.161,0.749,0.09,-0.6672,0.07142857142857142,0.07142857142857142,0.07142857142857142,0.0,0.0,0.21428571428571427,0.0,0.0
t1_f35q1dv,0.158,0.808,0.033,-0.93,0.0,0.125,0.0,0.125,0.0625,0.0625,0.0,0.125
t1_gxab53t,0.0,0.777,0.223,0.9573,0.0,0.0,0.25,0.0,0.0,0.0,0.0,0.0
t1_e43isyj,0.102,0.898,0.0,-0.3182,0.2727272727272727,0.09090909090909091,0.0,0.18181818181818182,0.0,0.0,0.09090909090909091,0.0
t1_ei9o7aj,0.0,0.928,0.072,0.3612,0.0,0.0,0.0,0.0,0.0,0.0,0.0,0.0
t1_h9dxqrq,0.089,0.868,0.044,-0.6441,0.0,0.0,0.06666666666666667,0.06666666666666667,0.0,0.06666666666666667,0.0,0.3333333333333333
t1_dm3zsyx,0.047,0.953,0.0,-0.34,0.0,0.0,0.0,0.25,0.0,0.0,0.0,0.0
t1_izax2fo,0.088,0.657,0.256,0.9312,0.05555555555555555,0.05555555555555555,0.16666666666666666,0.1388888888888889,0.0,0.027777777777777776,0.08333333333333333,0.0
t1_fbg1di2,0.175,0.75,0.075,-0.888,0.15555555555555556,0.08888888888888889,0.022222222222222223,0.17777777777777778,0.022222222222222223,0.044444444444444446,0.022222222222222223,0.044444444444444446
t1_ekyxflx,0.055,0.809,0.136,0.4767,1.0,0.0,0.0,0.0,0.0,0.0,0.0,0.0
t1_fbh388o,0.0,0.922,0.078,0.4215,0.1,0.1,0.1,0.1,0.0,0.1,0.1,0.0
t1_hympdkc,0.0,1.0,0.0,0.0,0.2222222222222222,0.1111111111111111,0.0,0.1111111111111111,0.1111111111111111,0.0,0.0,0.0
t1_kde9akw,0.05,0.905,0.045,0.1798,0.3333333333333333,0.0,0.1111111111111111,0.0,0.0,0.0,0.0,0.0
t1_gzb9qr4,0.0,0.917,0.083,0.8796,0.0,0.0,0.2,0.1,0.1,0.0,0.1,0.0
t1_i724qx9,0.066,0.82,0.114,0.2006,0.07692307692307693,0.15384615384615385,0.0,0.15384615384615385,0.07692307692307693,0.0,0.15384615384615385,0.07692307692307693
t1_ibdcwbz,0.023,0.875,0.102,0.7216,0.0,0.0,0.18181818181818182,0.2727272727272727,0.0,0.09090909090909091,0.0,0.0
t1_iok40pt,0.026,0.916,0.058,0.2732,0.11764705882352941,0.058823529411764705,0.11764705882352941,0.11764705882352941,0.0,0.058823529411764705,0.11764705882352941,0.11764705882352941
t1_gt38mql,0.106,0.845,0.049,-0.4767,0.08333333333333333,0.0,0.25,0.25,0.0,0.0,0.0,0.0
t1_gx5ab26,0.112,0.888,0.0,-0.7096,0.0,0.0,0.09090909090909091,0.36363636363636365,0.0,0.0,0.09090909090909091,0.0
t1_fwohu2c,0.0,0.781,0.219,0.9509,0.1111111111111111,0.0,0.0,0.3333333333333333,0.0,0.0,0.0,0.0
t1_gz60v3d,0.075,0.802,0.123,0.2342,0.3333333333333333,0.0,0.0,0.0,0.0,0.0,0.0,0.0
t1_g5tauf3,0.038,0.962,0.0,-0.1779,0.0,0.16666666666666666,0.16666666666666666,0.0,0.0,0.0,0.0,0.16666666666666666
t1_duy8wzv,0.227,0.733,0.04,-0.954,0.1,0.15,0.15,0.05,0.0,0.15,0.0,0.05
t1_gvtosdi,0.055,0.871,0.074,0.5994,0.0,0.0,0.25,0.125,0.0,0.0,0.25,0.0
t1_ghvaxat,0.031,0.889,0.079,0.3597,0.09090909090909091,0.09090909090909091,0.0,0.36363636363636365,0.0,0.0,0.0,0.0
t1_ibdro25,0.051,0.874,0.075,0.3506,0.0,0.0,0.25,0.125,0.0,0.0,0.125,0.0
t1_gomzx4e,0.088,0.896,0.016,-0.7184,0.05,0.05,0.1,0.15,0.05,0.05,0.1,0.0
t1_k03lag2,0.041,0.901,0.058,0.1973,0.1,0.05,0.15,0.1,0.05,0.05,0.0,0.05
t1_gxfaf0s,0.016,0.9,0.085,0.729,0.10526315789473684,0.05263157894736842,0.21052631578947367,0.05263157894736842,0.05263157894736842,0.05263157894736842,0.0,0.0
t1_jmtqugd,0.111,0.775,0.114,-0.2023,0.13333333333333333,0.13333333333333333,0.0,0.13333333333333333,0.0,0.13333333333333333,0.0,0.13333333333333333
t1_dxqic5r,0.075,0.925,0.0,-0.4525,0.0,0.0,0.0,0.0,0.3333333333333333,0.0,0.0,0.0
t1_gx5fcgo,0.111,0.729,0.16,0.6974,0.05555555555555555,0.05555555555555555,0.16666666666666666,0.1111111111111111,0.05555555555555555,0.05555555555555555,0.05555555555555555,0.0
t1_iqxubn0,0.078,0.75,0.171,0.4956,0.0,0.0,0.1111111111111111,0.1111111111111111,0.2222222222222222,0.0,0.1111111111111111,0.1111111111111111
t1_ese2a19,0.0,1.0,0.0,0.0,0.0,0.0,0.2,0.0,0.0,0.0,0.0,0.2
t1_e2s3wrh,0.0,1.0,0.0,0.0,0.0,0.0,0.0,0.0,0.0,0.0,0.0,0.0
t1_du4jf3a,0.0,0.93,0.07,0.3612,0.0,0.0,0.0,0.3333333333333333,0.16666666666666666,0.0,0.16666666666666666,0.0
t1_jb1z2bv,0.197,0.747,0.057,-0.629,0.125,0.125,0.125,0.0,0.0,0.0,0.0,0.0
t1_dvlqcth,0.012,0.664,0.324,0.9878,0.03125,0.0,0.21875,0.15625,0.03125,0.0,0.1875,0.0
t1_ezbird4,0.09,0.889,0.021,-0.7391,0.0,0.0,0.0,0.3333333333333333,0.0,0.0,0.0,0.0
t1_dygzkq8,0.026,0.938,0.036,0.1779,0.0,0.0,0.2222222222222222,0.2222222222222222,0.0,0.0,0.2222222222222222,0.0
t1_hf2v9r5,0.0,0.926,0.074,0.4215,0.0,0.0,0.0,0.0,0.0,0.0,0.0,0.0
t1_h6orttf,0.124,0.787,0.089,-0.6915,0.125,0.16666666666666666,0.08333333333333333,0.08333333333333333,0.0,0.08333333333333333,0.041666666666666664,0.125
t1_gfnj6eo,0.117,0.744,0.139,0.1128,0.125,0.0,0.0,0.25,0.0,0.0,0.125,0.0
t1_igfmdu1,0.181,0.819,0.0,-0.8271,0.4,0.0,0.2,0.2,0.0,0.0,0.0,0.0
t1_jrfma0j,0.056,0.738,0.206,0.981,0.07692307692307693,0.02564102564102564,0.15384615384615385,0.1794871794871795,0.1282051282051282,0.02564102564102564,0.15384615384615385,0.02564102564102564
t1_kdhi7b1,0.171,0.829,0.0,-0.8442,0.375,0.125,0.125,0.125,0.0,0.0,0.0,0.0
t1_h3kyfie,0.239,0.692,0.069,-0.9186,0.16666666666666666,0.05555555555555555,0.0,0.0,0.0,0.1111111111111111,0.0,0.1111111111111111
t1_jnj5gn1,0.059,0.879,0.062,0.0772,0.08333333333333333,0.08333333333333333,0.08333333333333333,0.125,0.125,0.08333333333333333,0.08333333333333333,0.041666666666666664
t1_ettuzzy,0.137,0.82,0.044,-0.8646,0.07142857142857142,0.07142857142857142,0.07142857142857142,0.07142857142857142,0.07142857142857142,0.21428571428571427,0.0,0.07142857142857142
t1_dypedvw,0.124,0.67,0.205,0.7663,0.25,0.0,0.08333333333333333,0.25,0.08333333333333333,0.0,0.0,0.0
t1_e8p8xs5,0.041,0.959,0.0,-0.1779,0.0,0.0,0.0,0.25,0.0,0.0,0.0,0.25
t1_hyhrrae,0.0,0.957,0.043,0.25,0.25,0.125,0.25,0.0,0.0,0.0,0.0,0.0
t1_e9mu9iy,0.0,1.0,0.0,0.0,0.0,0.0,0.0,0.0,0.0,0.0,0.0,0.0
t1_gxtkr3e,0.069,0.838,0.093,0.5267,0.05714285714285714,0.08571428571428572,0.14285714285714285,0.17142857142857143,0.08571428571428572,0.05714285714285714,0.08571428571428572,0.02857142857142857
t1_h4g0a3y,0.0,1.0,0.0,0.0,0.0,0.0,0.0,0.6666666666666666,0.0,0.0,0.0,0.0
t1_f3otibj,0.181,0.819,0.0,-0.9377,0.0,0.0,0.2857142857142857,0.0,0.0,0.2857142857142857,0.0,0.0
t1_i1i6rcg,0.211,0.614,0.175,-0.4588,0.14285714285714285,0.14285714285714285,0.0,0.14285714285714285,0.0,0.0,0.0,0.14285714285714285
t1_fe1g8qr,0.167,0.772,0.061,-0.8271,0.14814814814814814,0.14814814814814814,0.07407407407407407,0.1111111111111111,0.037037037037037035,0.1111111111111111,0.037037037037037035,0.07407407407407407
t1_jw0q45y,0.089,0.831,0.08,-0.2204,0.2,0.12,0.04,0.04,0.08,0.12,0.04,0.04
t1_fn84ssf,0.12,0.804,0.076,-0.5719,0.05405405405405406,0.05405405405405406,0.16216216216216217,0.1891891891891892,0.02702702702702703,0.05405405405405406,0.10810810810810811,0.05405405405405406
t1_h8eio72,0.082,0.84,0.078,-0.0543,0.2,0.0,0.4,0.2,0.0,0.0,0.0,0.0
t1_gkt8j15,0.084,0.916,0.0,-0.5106,0.0,0.0,0.5,0.0,0.0,0.0,0.0,0.0
t1_ibj6t6i,0.139,0.861,0.0,-0.6486,0.1111111111111111,0.1111111111111111,0.1111111111111111,0.1111111111111111,0.1111111111111111,0.0,0.1111111111111111,0.0
t1_fs99u6w,0.0,0.858,0.142,0.7003,0.0,0.0,0.3333333333333333,0.16666666666666666,0.16666666666666666,0.0,0.16666666666666666,0.0
t1_gv2bc4r,0.098,0.84,0.062,-0.5994,0.15,0.15,0.15,0.1,0.0,0.05,0.05,0.05
t1_etxuout,0.0,1.0,0.0,0.0,0.125,0.0,0.0,0.375,0.0,0.0,0.0,0.0
t1_iic49ld,0.0,0.937,0.063,0.3898,0.0,0.0,0.1111111111111111,0.1111111111111111,0.0,0.0,0.0,0.0
t1_gcr5di2,0.069,0.751,0.179,0.5859,0.125,0.125,0.125,0.0,0.0,0.125,0.0,0.0
t1_fwisv1v,0.054,0.864,0.081,0.1531,0.0625,0.0625,0.0,0.25,0.0,0.0625,0.125,0.0625
t1_du2l4d7,0.044,0.798,0.158,0.8083,0.0,0.0,0.0,0.0,0.0,0.0,0.0,0.0
t1_k7635ks,0.071,0.743,0.187,0.7717,0.0,0.07692307692307693,0.07692307692307693,0.15384615384615385,0.0,0.07692307692307693,0.15384615384615385,0.07692307692307693
t1_d438c0g,0.078,0.823,0.099,0.2732,0.07692307692307693,0.038461538461538464,0.15384615384615385,0.15384615384615385,0.038461538461538464,0.07692307692307693,0.038461538461538464,0.038461538461538464
t1_i9c5aaw,0.0,0.757,0.243,0.9144,0.0,0.0,0.0,0.4,0.0,0.0,0.2,0.0
t1_f9kl989,0.097,0.845,0.058,-0.4767,0.0,0.14285714285714285,0.14285714285714285,0.07142857142857142,0.07142857142857142,0.0,0.07142857142857142,0.07142857142857142
t1_gv52h3s,0.089,0.853,0.058,-0.6597,0.125,0.125,0.0,0.25,0.0,0.0,0.0,0.0
t1_ig95wp8,0.0,0.908,0.092,0.6666,0.0,0.0,0.0,0.0,0.0,0.0,0.5,0.0
t1_h6zqd2g,0.053,0.824,0.122,0.7149,0.16666666666666666,0.13333333333333333,0.06666666666666667,0.06666666666666667,0.06666666666666667,0.13333333333333333,0.03333333333333333,0.1
t1_dx77lpo,0.0,0.906,0.094,0.4019,0.0,0.0,0.25,0.25,0.0,0.0,0.0,0.0
t1_ggrwrg7,0.077,0.875,0.048,-0.5423,0.0,0.2857142857142857,0.0,0.07142857142857142,0.0,0.14285714285714285,0.0,0.07142857142857142
t1_fwv5z36,0.049,0.837,0.114,0.4754,0.05,0.05,0.05,0.25,0.0,0.05,0.1,0.05
t1_gyvl0jm,0.0,0.831,0.169,0.6486,0.0,0.0,0.3333333333333333,0.1111111111111111,0.1111111111111111,0.0,0.1111111111111111,0.0
t1_ff7b6c3,0.069,0.891,0.04,-0.3182,0.0,0.14285714285714285,0.0,0.14285714285714285,0.14285714285714285,0.14285714285714285,0.0,0.14285714285714285
t1_id404h8,0.121,0.768,0.11,-0.4588,0.1111111111111111,0.05555555555555555,0.16666666666666666,0.1111111111111111,0.05555555555555555,0.1111111111111111,0.0,0.05555555555555555
t1_i0abqp1,0.163,0.837,0.0,-0.7783,0.06666666666666667,0.06666666666666667,0.13333333333333333,0.13333333333333333,0.06666666666666667,0.13333333333333333,0.06666666666666667,0.06666666666666667
t1_dvcvd3x,0.03,0.906,0.064,0.4939,0.09090909090909091,0.09090909090909091,0.0,0.2727272727272727,0.09090909090909091,0.09090909090909091,0.09090909090909091,0.09090909090909091
t1_hf25e5x,0.175,0.825,0.0,-0.6249,0.0,0.0,1.0,0.0,0.0,0.0,0.0,0.0
t1_gvtomez,0.055,0.871,0.074,0.5994,0.0,0.0,0.25,0.125,0.0,0.0,0.25,0.0
t1_hl51m8k,0.188,0.812,0.0,-0.92,0.0,0.0,0.0,0.18181818181818182,0.0,0.2727272727272727,0.0,0.0
t1_kd4yc1l,0.0,0.851,0.149,0.7425,0.0,0.0,0.08333333333333333,0.16666666666666666,0.08333333333333333,0.0,0.08333333333333333,0.08333333333333333
t1_feywp3e,0.177,0.823,0.0,-0.7003,0.0,0.2,0.0,0.2,0.2,0.0,0.0,0.2
t1_e0ayvim,0.261,0.667,0.073,-0.9246,0.25,0.125,0.125,0.0625,0.0,0.125,0.0,0.0625
t1_hkwzb2z,0.114,0.886,0.0,-0.7893,0.13333333333333333,0.2,0.0,0.13333333333333333,0.0,0.06666666666666667,0.0,0.06666666666666667
t1_e4ldsg4,0.251,0.749,0.0,-0.9246,0.06666666666666667,0.26666666666666666,0.0,0.0,0.0,0.13333333333333333,0.0,0.2
t1_gxdjmfk,0.101,0.899,0.0,-0.8442,0.3076923076923077,0.0,0.23076923076923078,0.07692307692307693,0.0,0.07692307692307693,0.0,0.0
t1_f4s1k76,0.07,0.797,0.133,0.9295,0.06451612903225806,0.0967741935483871,0.06451612903225806,0.12903225806451613,0.0,0.0967741935483871,0.06451612903225806,0.12903225806451613
t1_dxuaw5q,0.235,0.651,0.113,-0.7622,0.07692307692307693,0.07692307692307693,0.07692307692307693,0.07692307692307693,0.0,0.07692307692307693,0.07692307692307693,0.07692307692307693
t1_gqyt65v,0.131,0.801,0.068,-0.7269,0.08333333333333333,0.16666666666666666,0.08333333333333333,0.25,0.08333333333333333,0.0,0.08333333333333333,0.0
t1_i1f1hqu,0.074,0.893,0.033,-0.4033,0.09090909090909091,0.09090909090909091,0.0,0.09090909090909091,0.0,0.18181818181818182,0.09090909090909091,0.0
t1_gtjfzbr,0.036,0.915,0.049,0.0516,0.07692307692307693,0.15384615384615385,0.07692307692307693,0.15384615384615385,0.0,0.07692307692307693,0.0,0.0
t1_gtndovs,0.041,0.88,0.079,0.6486,0.05263157894736842,0.02631578947368421,0.02631578947368421,0.23684210526315788,0.0,0.05263157894736842,0.23684210526315788,0.02631578947368421
t1_hfs6occ,0.031,0.924,0.046,0.128,0.25,0.0,0.125,0.25,0.0,0.125,0.0,0.0
t1_k6bxh7x,0.081,0.832,0.087,0.0772,0.1111111111111111,0.1111111111111111,0.1111111111111111,0.1111111111111111,0.1111111111111111,0.1111111111111111,0.0,0.1111111111111111
t1_gnlpnji,0.103,0.835,0.061,-0.1779,0.14285714285714285,0.0,0.14285714285714285,0.14285714285714285,0.14285714285714285,0.0,0.0,0.0
t1_fdim3ht,0.109,0.766,0.125,-0.0516,0.16666666666666666,0.08333333333333333,0.08333333333333333,0.08333333333333333,0.08333333333333333,0.08333333333333333,0.08333333333333333,0.0
t1_glrxz2u,0.025,0.93,0.045,0.25,0.0625,0.0,0.125,0.25,0.0,0.0,0.0,0.0625
t1_dvi1sb9,0.222,0.697,0.081,-0.923,0.22727272727272727,0.13636363636363635,0.13636363636363635,0.09090909090909091,0.045454545454545456,0.0,0.045454545454545456,0.045454545454545456
t1_e42of0s,0.09,0.872,0.038,-0.4222,0.10526315789473684,0.05263157894736842,0.10526315789473684,0.21052631578947367,0.0,0.05263157894736842,0.10526315789473684,0.05263157894736842
t1_iwaxo8r,0.052,0.825,0.123,0.7793,0.0,0.0,0.0,0.3333333333333333,0.3333333333333333,0.0,0.0,0.3333333333333333
t1_gycivvf,0.083,0.917,0.0,-0.4588,0.1111111111111111,0.0,0.1111111111111111,0.2222222222222222,0.0,0.0,0.1111111111111111,0.1111111111111111
t1_dz9aqw3,0.0,0.871,0.129,0.6705,0.0,0.0,0.14285714285714285,0.14285714285714285,0.14285714285714285,0.14285714285714285,0.14285714285714285,0.0
t1_heaw3yi,0.094,0.761,0.145,0.6164,0.125,0.0625,0.1875,0.1875,0.0,0.0,0.0625,0.0
t1_gz13izl,0.0,1.0,0.0,0.0,0.0,0.0,0.0,0.125,0.0,0.0,0.0,0.0
t1_fq3jd98,0.0,0.804,0.196,0.9,0.0,0.0,0.14285714285714285,0.0,0.0,0.0,0.2857142857142857,0.0
t1_ii1abre,0.161,0.714,0.125,-0.5848,0.2857142857142857,0.0,0.14285714285714285,0.21428571428571427,0.0,0.0,0.07142857142857142,0.0
t1_hf5szod,0.275,0.68,0.045,-0.9314,0.25,0.16666666666666666,0.08333333333333333,0.0,0.0,0.0,0.0,0.08333333333333333
t1_hc9gxog,0.117,0.732,0.152,0.0772,0.0,0.0,0.2,0.2,0.2,0.0,0.2,0.0
t1_e8roglc,0.171,0.777,0.051,-0.7681,0.13636363636363635,0.09090909090909091,0.045454545454545456,0.13636363636363635,0.045454545454545456,0.045454545454545456,0.045454545454545456,0.13636363636363635
t1_kev1fij,0.097,0.827,0.076,-0.4767,0.0,0.0,0.0,0.14285714285714285,0.0,0.0,0.0,0.2857142857142857
t1_io627nq,0.188,0.812,0.0,-0.891,0.1111111111111111,0.05555555555555555,0.1111111111111111,0.16666666666666666,0.1111111111111111,0.05555555555555555,0.0,0.05555555555555555
t1_gg2tyhl,0.011,0.838,0.151,0.8975,0.0,0.0,0.2,0.2,0.0,0.2,0.2,0.0
t1_gtugwwa,0.102,0.847,0.051,-0.34,0.07142857142857142,0.07142857142857142,0.07142857142857142,0.21428571428571427,0.0,0.07142857142857142,0.07142857142857142,0.07142857142857142
t1_gs5q57j,0.099,0.772,0.13,0.25,0.14285714285714285,0.0,0.14285714285714285,0.14285714285714285,0.14285714285714285,0.0,0.14285714285714285,0.0
t1_hxwbas0,0.103,0.851,0.046,-0.8429,0.14285714285714285,0.14285714285714285,0.047619047619047616,0.14285714285714285,0.0,0.14285714285714285,0.0,0.09523809523809523
t1_i5j4tlg,0.076,0.839,0.086,0.1454,0.0,0.0,0.0,0.16666666666666666,0.0,0.16666666666666666,0.0,0.0
t1_fk1uyfa,0.0,0.849,0.151,0.6705,0.09090909090909091,0.09090909090909091,0.09090909090909091,0.0,0.0,0.09090909090909091,0.09090909090909091,0.09090909090909091
t1_h3cfhxp,0.102,0.898,0.0,-0.6249,0.0,0.0,0.0,0.0,0.5,0.0,0.0,0.0
t1_hwvdodb,0.045,0.809,0.146,0.7579,0.0,0.2,0.0,0.0,0.0,0.2,0.2,0.0
t1_es8hyiq,0.073,0.871,0.057,-0.2732,0.1,0.2,0.0,0.2,0.1,0.0,0.0,0.0
t1_e7kj243,0.155,0.845,0.0,-0.8925,0.3333333333333333,0.0,0.0,0.1111111111111111,0.1111111111111111,0.2222222222222222,0.0,0.0
t1_gny16id,0.053,0.928,0.019,-0.4939,0.0,0.0,0.15384615384615385,0.07692307692307693,0.0,0.07692307692307693,0.07692307692307693,0.0
t1_ehbhtjz,0.0,0.939,0.061,0.3818,0.0,0.0,0.0,0.3333333333333333,0.0,0.0,0.0,0.0
t1_g67swpi,0.031,0.83,0.139,0.8885,0.16666666666666666,0.041666666666666664,0.08333333333333333,0.16666666666666666,0.041666666666666664,0.08333333333333333,0.041666666666666664,0.041666666666666664
t1_hkf7gff,0.081,0.836,0.084,0.0258,0.07692307692307693,0.0,0.07692307692307693,0.23076923076923078,0.0,0.07692307692307693,0.23076923076923078,0.0
t1_g36n90z,0.217,0.783,0.0,-0.802,0.16666666666666666,0.16666666666666666,0.0,0.0,0.16666666666666666,0.16666666666666666,0.0,0.16666666666666666
t1_jn0br6j,0.077,0.822,0.101,0.6322,0.23076923076923078,0.0,0.15384615384615385,0.15384615384615385,0.07692307692307693,0.07692307692307693,0.07692307692307693,0.0
t1_gj5dzhj,0.05,0.823,0.128,0.5484,0.14285714285714285,0.0,0.0,0.21428571428571427,0.0,0.14285714285714285,0.0,0.0
t1_fyk95oc,0.035,0.882,0.083,0.3818,0.0,0.0,0.3333333333333333,0.0,0.0,0.0,0.0,0.0
t1_gvqacic,0.0,0.948,0.052,0.743,0.15789473684210525,0.0,0.15789473684210525,0.3157894736842105,0.0,0.0,0.0,0.10526315789473684
t1_h0sa9ak,0.044,0.956,0.0,-0.1232,0.0,0.0,0.3333333333333333,0.0,0.0,0.0,0.0,0.0
t1_jxac7m1,0.024,0.976,0.0,-0.1154,0.07692307692307693,0.07692307692307693,0.07692307692307693,0.07692307692307693,0.07692307692307693,0.07692307692307693,0.07692307692307693,0.0
t1_gxierxj,0.134,0.753,0.113,-0.3919,0.1111111111111111,0.037037037037037035,0.07407407407407407,0.14814814814814814,0.07407407407407407,0.07407407407407407,0.07407407407407407,0.07407407407407407
t1_h8m2ksd,0.043,0.714,0.243,0.9649,0.1724137931034483,0.034482758620689655,0.10344827586206896,0.13793103448275862,0.0,0.034482758620689655,0.10344827586206896,0.0
t1_f7e7hib,0.137,0.737,0.126,-0.4215,0.13333333333333333,0.13333333333333333,0.2,0.06666666666666667,0.0,0.13333333333333333,0.06666666666666667,0.0
t1_e6biv9y,0.109,0.891,0.0,-0.6808,0.058823529411764705,0.0,0.058823529411764705,0.058823529411764705,0.0,0.058823529411764705,0.0,0.29411764705882354
t1_i5mlqng,0.0,0.982,0.018,0.0909,0.0,0.0,0.0,0.14285714285714285,0.14285714285714285,0.0,0.0,0.0
t1_heo0ew1,0.153,0.707,0.14,0.4166,0.12,0.12,0.04,0.08,0.08,0.08,0.04,0.12
t1_i82c4yf,0.096,0.845,0.06,-0.5859,0.14814814814814814,0.1111111111111111,0.037037037037037035,0.07407407407407407,0.037037037037037035,0.07407407407407407,0.037037037037037035,0.0
t1_gxdj28n,0.018,0.931,0.052,0.5106,0.0,0.1111111111111111,0.1111111111111111,0.2222222222222222,0.1111111111111111,0.0,0.1111111111111111,0.1111111111111111
t1_g00k78y,0.056,0.944,0.0,-0.3825,0.3333333333333333,0.0,0.1111111111111111,0.1111111111111111,0.0,0.1111111111111111,0.0,0.0
t1_f4yf6qc,0.045,0.955,0.0,-0.3818,0.0,0.0,0.0,0.0,0.0,0.0,0.0,0.0
t1_f88zppf,0.212,0.678,0.11,-0.8519,0.09090909090909091,0.09090909090909091,0.09090909090909091,0.18181818181818182,0.09090909090909091,0.09090909090909091,0.0,0.09090909090909091
t1_cledddm,0.073,0.815,0.112,0.2975,0.08333333333333333,0.08333333333333333,0.041666666666666664,0.125,0.041666666666666664,0.125,0.125,0.041666666666666664
t1_jo70uxh,0.128,0.781,0.09,0.1143,0.11538461538461539,0.038461538461538464,0.19230769230769232,0.11538461538461539,0.0,0.038461538461538464,0.19230769230769232,0.038461538461538464
t1_dk42wwt,0.029,0.829,0.143,0.872,0.06666666666666667,0.0,0.06666666666666667,0.26666666666666666,0.0,0.0,0.13333333333333333,0.06666666666666667
t1_gte8bhk,0.0,0.852,0.148,0.9459,0.05263157894736842,0.05263157894736842,0.10526315789473684,0.10526315789473684,0.0,0.05263157894736842,0.05263157894736842,0.0
t1_igo2c28,0.238,0.636,0.126,-0.8676,0.13333333333333333,0.06666666666666667,0.03333333333333333,0.13333333333333333,0.06666666666666667,0.1,0.06666666666666667,0.13333333333333333
t1_e4l98z8,0.24,0.664,0.097,-0.872,0.17647058823529413,0.0,0.058823529411764705,0.11764705882352941,0.058823529411764705,0.0,0.0,0.0
t1_e1kpkb9,0.0,0.958,0.042,0.0772,0.0,0.0,0.0,0.0,0.0,1.0,0.0,0.0
t1_h4n3x6x,0.0,0.836,0.164,0.9111,0.0,0.0,0.14285714285714285,0.14285714285714285,0.2857142857142857,0.0,0.14285714285714285,0.0
t1_hgntai6,0.149,0.851,0.0,-0.5994,0.16666666666666666,0.16666666666666666,0.0,0.0,0.0,0.16666666666666666,0.0,0.16666666666666666
t1_ekqm6po,0.0,0.916,0.084,0.3919,0.5,0.0,0.0,0.5,0.0,0.0,0.0,0.0
t1_h85c3yl,0.115,0.778,0.107,-0.5023,0.21739130434782608,0.0,0.0,0.17391304347826086,0.043478260869565216,0.08695652173913043,0.0,0.0
t1_i216olh,0.228,0.626,0.147,-0.6298,0.0,0.0,0.0,0.1111111111111111,0.0,0.0,0.2222222222222222,0.1111111111111111
t1_ho5lm7v,0.0,0.944,0.056,0.4173,0.08333333333333333,0.08333333333333333,0.08333333333333333,0.08333333333333333,0.0,0.08333333333333333,0.0,0.08333333333333333
t1_elgmxbd,0.071,0.882,0.046,-0.2975,0.1111111111111111,0.0,0.0,0.4444444444444444,0.0,0.0,0.0,0.0
t1_fo0rwub,0.239,0.761,0.0,-0.9001,0.11764705882352941,0.11764705882352941,0.058823529411764705,0.058823529411764705,0.0,0.11764705882352941,0.058823529411764705,0.11764705882352941
t1_f9vl57l,0.167,0.692,0.141,-0.2156,0.058823529411764705,0.058823529411764705,0.058823529411764705,0.17647058823529413,0.11764705882352941,0.058823529411764705,0.058823529411764705,0.058823529411764705
t1_gqthlr2,0.0,0.875,0.125,0.8704,0.038461538461538464,0.0,0.07692307692307693,0.11538461538461539,0.038461538461538464,0.07692307692307693,0.11538461538461539,0.038461538461538464
t1_k6iq30w,0.071,0.841,0.088,0.0772,0.06666666666666667,0.06666666666666667,0.0,0.2,0.0,0.06666666666666667,0.0,0.06666666666666667
t1_izuflvu,0.021,0.889,0.091,0.7941,0.10526315789473684,0.02631578947368421,0.15789473684210525,0.13157894736842105,0.05263157894736842,0.10526315789473684,0.07894736842105263,0.0
t1_f8dfqmz,0.072,0.799,0.13,0.8419,0.13636363636363635,0.13636363636363635,0.09090909090909091,0.18181818181818182,0.045454545454545456,0.0,0.045454545454545456,0.045454545454545456
t1_fm81ueh,0.024,0.833,0.143,0.9259,0.06896551724137931,0.10344827586206896,0.13793103448275862,0.20689655172413793,0.0,0.06896551724137931,0.034482758620689655,0.0
t1_juhu2vo,0.06,0.846,0.093,0.2263,0.13333333333333333,0.06666666666666667,0.06666666666666667,0.06666666666666667,0.06666666666666667,0.13333333333333333,0.06666666666666667,0.06666666666666667
t1_k83jz0w,0.103,0.696,0.202,0.6901,0.2222222222222222,0.0,0.0,0.2222222222222222,0.1111111111111111,0.1111111111111111,0.1111111111111111,0.0
t1_i5qy5qi,0.195,0.711,0.094,-0.6908,0.0,0.14285714285714285,0.14285714285714285,0.19047619047619047,0.0,0.047619047619047616,0.09523809523809523,0.0
t1_hhj181y,0.0,0.844,0.156,0.5994,0.5,0.0,0.25,0.0,0.0,0.25,0.0,0.0
t1_e824ci7,0.207,0.755,0.038,-0.9324,0.14285714285714285,0.10714285714285714,0.10714285714285714,0.03571428571428571,0.14285714285714285,0.10714285714285714,0.03571428571428571,0.07142857142857142
t1_fagzc1e,0.077,0.877,0.046,-0.7184,0.045454545454545456,0.18181818181818182,0.09090909090909091,0.13636363636363635,0.09090909090909091,0.0,0.09090909090909091,0.045454545454545456
t1_huginaf,0.019,0.981,0.0,-0.1232,0.0,0.09090909090909091,0.18181818181818182,0.2727272727272727,0.0,0.0,0.18181818181818182,0.0
t1_dxuaw5q,0.235,0.651,0.113,-0.7622,0.07692307692307693,0.07692307692307693,0.07692307692307693,0.07692307692307693,0.0,0.07692307692307693,0.07692307692307693,0.07692307692307693
t1_d5c5cfi,0.197,0.773,0.029,-0.7425,0.0,0.0,0.16666666666666666,0.16666666666666666,0.0,0.08333333333333333,0.16666666666666666,0.0
t1_ihqebwb,0.046,0.793,0.161,0.9648,0.14285714285714285,0.0,0.10714285714285714,0.17857142857142858,0.0,0.03571428571428571,0.0,0.10714285714285714
t1_f5jjewk,0.084,0.866,0.051,-0.2732,1.0,0.0,0.0,0.0,0.0,0.0,0.0,0.0
t1_grudkaw,0.085,0.881,0.034,-0.6249,0.17307692307692307,0.09615384615384616,0.07692307692307693,0.07692307692307693,0.038461538461538464,0.11538461538461539,0.038461538461538464,0.09615384615384616
t1_hg6ky1l,0.13,0.811,0.059,-0.7269,0.25,0.08333333333333333,0.08333333333333333,0.08333333333333333,0.0,0.0,0.0,0.08333333333333333
t1_jw7r4no,0.0,0.95,0.05,0.4391,0.125,0.0,0.125,0.25,0.0,0.0,0.0,0.0
t1_gjkwzr3,0.11,0.717,0.173,0.6893,0.08823529411764706,0.14705882352941177,0.11764705882352941,0.11764705882352941,0.08823529411764706,0.029411764705882353,0.08823529411764706,0.058823529411764705
t1_elbg9hh,0.167,0.787,0.046,-0.824,0.0,0.23076923076923078,0.07692307692307693,0.0,0.0,0.07692307692307693,0.0,0.23076923076923078
t1_f8t6on2,0.0,0.855,0.145,0.8988,0.0,0.0,0.11764705882352941,0.23529411764705882,0.11764705882352941,0.058823529411764705,0.058823529411764705,0.0
t1_e8e4n3y,0.0,0.758,0.242,0.8794,0.0,0.0,0.4,0.2,0.0,0.0,0.2,0.0
t1_i6suo3w,0.049,0.842,0.109,0.4724,0.2,0.0,0.06666666666666667,0.13333333333333333,0.0,0.13333333333333333,0.06666666666666667,0.0
t1_gzwheyl,0.068,0.879,0.053,-0.296,0.19047619047619047,0.14285714285714285,0.09523809523809523,0.14285714285714285,0.09523809523809523,0.09523809523809523,0.0,0.0
t1_h6vqi2p,0.029,0.622,0.348,0.9549,0.0,0.0,0.15384615384615385,0.23076923076923078,0.07692307692307693,0.0,0.23076923076923078,0.0
t1_e4hwk5m,0.0,0.918,0.082,0.5267,0.1,0.0,0.2,0.2,0.2,0.0,0.0,0.0
t1_jshmoq4,0.0,0.762,0.238,0.9081,0.0625,0.0,0.1875,0.125,0.0625,0.0625,0.125,0.0625
t1_e3zmzqb,0.0,1.0,0.0,0.0,0.2,0.2,0.0,0.2,0.0,0.0,0.0,0.1
t1_em4zymp,0.216,0.784,0.0,-0.8807,0.125,0.25,0.125,0.0,0.0,0.125,0.0,0.125
t1_gh89a1x,0.124,0.75,0.125,0.0258,0.0,0.058823529411764705,0.17647058823529413,0.17647058823529413,0.058823529411764705,0.058823529411764705,0.058823529411764705,0.058823529411764705
t1_gl7nx9t,0.183,0.725,0.092,-0.7351,0.2222222222222222,0.0,0.0,0.1111111111111111,0.0,0.0,0.1111111111111111,0.0
t1_fbi2sac,0.056,0.944,0.0,-0.2406,0.5,0.0,0.0,0.0,0.0,0.0,0.0,0.0
t1_dvi5pre,0.187,0.711,0.102,-0.7003,0.25,0.0,0.0,0.08333333333333333,0.0,0.16666666666666666,0.0,0.08333333333333333
t1_hc90cxf,0.282,0.718,0.0,-0.91,0.06666666666666667,0.06666666666666667,0.1,0.06666666666666667,0.06666666666666667,0.16666666666666666,0.06666666666666667,0.13333333333333333
t1_fd6bp9h,0.0,0.93,0.07,0.4215,0.1111111111111111,0.1111111111111111,0.1111111111111111,0.2222222222222222,0.0,0.0,0.1111111111111111,0.1111111111111111
t1_evrlebq,0.038,0.924,0.038,0.0,0.0,0.0,0.3333333333333333,0.3333333333333333,0.0,0.0,0.0,0.0
t1_k9mk7ta,0.035,0.92,0.045,-0.0772,0.08333333333333333,0.08333333333333333,0.08333333333333333,0.08333333333333333,0.08333333333333333,0.041666666666666664,0.08333333333333333,0.08333333333333333
t1_kbx7thu,0.033,0.913,0.054,0.1901,0.2,0.0,0.0,0.0,0.2,0.2,0.0,0.0
t1_gzrlwqz,0.124,0.672,0.204,0.7231,0.15,0.2,0.05,0.05,0.0,0.15,0.05,0.1
t1_ff0qevp,0.083,0.917,0.0,-0.5574,0.14285714285714285,0.14285714285714285,0.14285714285714285,0.14285714285714285,0.0,0.14285714285714285,0.0,0.14285714285714285
t1_fliybvm,0.0,1.0,0.0,0.0,0.09090909090909091,0.09090909090909091,0.18181818181818182,0.18181818181818182,0.0,0.0,0.09090909090909091,0.0
t1_ifuoocz,0.063,0.752,0.186,0.7096,0.2,0.0,0.0,0.2,0.0,0.0,0.0,0.2
t1_h1mk18h,0.0,1.0,0.0,0.0,0.0,0.0,0.3333333333333333,0.0,0.0,0.0,0.0,0.0
t1_fnprll4,0.03,0.888,0.083,0.5627,0.0,0.0,0.0,0.2,0.2,0.2,0.0,0.0
t1_gy4jmlt,0.181,0.735,0.084,-0.8341,0.0,0.2,0.0,0.2,0.0,0.0,0.0,0.0
t1_e4v4mdb,0.011,0.952,0.037,0.682,0.17647058823529413,0.0,0.058823529411764705,0.23529411764705882,0.0,0.058823529411764705,0.0,0.0
t1_i0m9kjx,0.159,0.683,0.159,-0.6152,0.18181818181818182,0.06818181818181818,0.06818181818181818,0.09090909090909091,0.06818181818181818,0.06818181818181818,0.045454545454545456,0.045454545454545456
t1_ia1x5em,0.048,0.826,0.126,0.6369,0.13333333333333333,0.0,0.13333333333333333,0.26666666666666666,0.06666666666666667,0.06666666666666667,0.06666666666666667,0.06666666666666667
t1_gtwe8b6,0.114,0.774,0.112,-0.3291,0.05714285714285714,0.02857142857142857,0.17142857142857143,0.2,0.0,0.05714285714285714,0.11428571428571428,0.0
t1_ei9o7aj,0.0,0.928,0.072,0.3612,0.0,0.0,0.0,0.0,0.0,0.0,0.0,0.0
t1_j0ixlz8,0.139,0.767,0.094,-0.701,0.2,0.2,0.0,0.0,0.0,0.0,0.0,0.06666666666666667
t1_e0vvs4n,0.0,0.884,0.116,0.8604,0.07692307692307693,0.0,0.15384615384615385,0.07692307692307693,0.0,0.0,0.0,0.0
t1_g2c0e26,0.051,0.82,0.129,0.4588,0.0,0.0,0.16666666666666666,0.3333333333333333,0.0,0.0,0.0,0.0
t1_gsk32qb,0.072,0.928,0.0,-0.7579,0.1111111111111111,0.0,0.1111111111111111,0.1111111111111111,0.1111111111111111,0.0,0.1111111111111111,0.0
t1_e0j0mo5,0.045,0.705,0.25,0.9371,0.14285714285714285,0.0,0.14285714285714285,0.14285714285714285,0.0,0.14285714285714285,0.14285714285714285,0.0
t1_j15yj9u,0.261,0.655,0.084,-0.9552,0.17647058823529413,0.058823529411764705,0.058823529411764705,0.058823529411764705,0.0,0.17647058823529413,0.0,0.058823529411764705
t1_ffurfu0,0.103,0.647,0.25,0.8119,0.0,0.0,0.07142857142857142,0.14285714285714285,0.14285714285714285,0.07142857142857142,0.21428571428571427,0.0
t1_gxg6b8i,0.089,0.869,0.043,-0.4215,0.06666666666666667,0.0,0.06666666666666667,0.26666666666666666,0.0,0.06666666666666667,0.0,0.06666666666666667
t1_i0oe104,0.122,0.878,0.0,-0.5994,0.09090909090909091,0.18181818181818182,0.09090909090909091,0.0,0.09090909090909091,0.09090909090909091,0.0,0.09090909090909091
t1_hu7e05r,0.041,0.927,0.032,-0.1689,0.0,0.25,0.0,0.25,0.0,0.0,0.0,0.25
t1_dtjgllf,0.0,1.0,0.0,0.0,0.0,0.0,0.0,0.14285714285714285,0.0,0.14285714285714285,0.14285714285714285,0.14285714285714285
t1_jgk4mnd,0.0,1.0,0.0,0.0,0.0,0.0,0.0,0.2,0.0,0.0,0.2,0.0
t1_k7gtjrm,0.0,0.879,0.121,0.8316,0.0,0.0,0.0,0.625,0.0,0.0,0.0,0.0
t1_dxxjz9u,0.039,0.865,0.096,0.7506,0.038461538461538464,0.038461538461538464,0.07692307692307693,0.11538461538461539,0.0,0.23076923076923078,0.07692307692307693,0.0
t1_ew74lov,0.207,0.672,0.122,-0.5722,0.16129032258064516,0.1935483870967742,0.06451612903225806,0.0967741935483871,0.03225806451612903,0.06451612903225806,0.03225806451612903,0.0967741935483871
t1_dyldb78,0.158,0.749,0.094,-0.5052,0.16666666666666666,0.16666666666666666,0.16666666666666666,0.3333333333333333,0.0,0.0,0.0,0.0
t1_elq3yen,0.126,0.874,0.0,-0.5574,0.09090909090909091,0.09090909090909091,0.0,0.18181818181818182,0.09090909090909091,0.09090909090909091,0.0,0.18181818181818182
t1_gnr35ii,0.0,0.919,0.081,0.4404,0.0,0.0,0.0,0.0,0.0,0.0,0.0,0.0
t1_gujynzm,0.042,0.849,0.109,0.8126,0.09523809523809523,0.14285714285714285,0.0,0.09523809523809523,0.0,0.047619047619047616,0.047619047619047616,0.09523809523809523
t1_du941xr,0.046,0.778,0.176,0.7719,0.5714285714285714,0.0,0.0,0.14285714285714285,0.0,0.0,0.0,0.0
t1_fup2kn2,0.106,0.793,0.102,-0.4019,0.05555555555555555,0.09259259259259259,0.07407407407407407,0.16666666666666666,0.07407407407407407,0.07407407407407407,0.09259259259259259,0.05555555555555555
t1_gbo9rfp,0.02,0.849,0.13,0.9178,0.05263157894736842,0.05263157894736842,0.15789473684210525,0.05263157894736842,0.0,0.0,0.10526315789473684,0.0
t1_e9b1wh3,0.114,0.678,0.208,0.8911,0.17857142857142858,0.10714285714285714,0.03571428571428571,0.17857142857142858,0.03571428571428571,0.07142857142857142,0.03571428571428571,0.03571428571428571
t1_clwcokq,0.033,0.898,0.069,0.3898,0.0,0.0,0.0,0.75,0.0,0.0,0.0,0.0
t1_gmq4b61,0.0,0.785,0.215,0.8519,0.3333333333333333,0.0,0.3333333333333333,0.0,0.0,0.0,0.0,0.0
t1_gyaq91m,0.127,0.78,0.093,-0.4951,0.17647058823529413,0.11764705882352941,0.11764705882352941,0.0,0.11764705882352941,0.17647058823529413,0.0,0.058823529411764705
t1_h89u1bv,0.0,0.868,0.132,0.7985,0.0,0.0,0.09090909090909091,0.2727272727272727,0.0,0.09090909090909091,0.18181818181818182,0.0
t1_hd23oxk,0.0,0.855,0.145,0.743,0.14285714285714285,0.07142857142857142,0.07142857142857142,0.07142857142857142,0.07142857142857142,0.07142857142857142,0.07142857142857142,0.07142857142857142
t1_fv3707r,0.18,0.738,0.082,-0.7007,0.0,0.09090909090909091,0.0,0.18181818181818182,0.0,0.18181818181818182,0.0,0.0
t1_j1qmyl4,0.0,0.892,0.108,0.6249,0.2222222222222222,0.2222222222222222,0.0,0.0,0.4444444444444444,0.0,0.0,0.0
t1_ekj9tua,0.212,0.772,0.015,-0.936,0.2,0.15,0.0,0.0,0.1,0.1,0.0,0.05
t1_gs4s5c0,0.198,0.729,0.074,-0.917,0.07142857142857142,0.07142857142857142,0.03571428571428571,0.07142857142857142,0.03571428571428571,0.07142857142857142,0.07142857142857142,0.07142857142857142
t1_il6cs4i,0.265,0.642,0.093,-0.7778,0.14285714285714285,0.0,0.14285714285714285,0.0,0.0,0.2857142857142857,0.0,0.14285714285714285
t1_gzy73nu,0.084,0.82,0.096,-0.4082,0.16666666666666666,0.08333333333333333,0.08333333333333333,0.08333333333333333,0.08333333333333333,0.08333333333333333,0.041666666666666664,0.041666666666666664
t1_jktfxls,0.029,0.897,0.074,0.5267,0.125,0.0,0.125,0.1875,0.0,0.0,0.0,0.0
t1_eure0z8,0.089,0.875,0.035,-0.4939,0.25,0.125,0.0,0.0,0.0,0.125,0.0,0.125
t1_joi7ulu,0.055,0.885,0.06,-0.1779,0.16666666666666666,0.0,0.8333333333333334,0.0,0.0,0.0,0.0,0.0
t1_dlfcfb8,0.0,0.981,0.019,0.1531,0.0,0.0,0.0,0.2,0.0,0.0,0.2,0.0
t1_g4am4y9,0.0,0.842,0.158,0.8151,0.0,0.0,0.1111111111111111,0.3333333333333333,0.1111111111111111,0.0,0.1111111111111111,0.0
t1_ebmyyqt,0.14,0.723,0.137,-0.0717,0.25,0.17857142857142858,0.0,0.07142857142857142,0.0,0.07142857142857142,0.0,0.07142857142857142
t1_fl1r4a3,0.0,1.0,0.0,0.0,0.0,0.0,0.0,0.0,0.3333333333333333,0.0,0.0,0.0
t1_h5ge58t,0.09,0.89,0.02,-0.6868,0.0,0.08695652173913043,0.043478260869565216,0.043478260869565216,0.08695652173913043,0.21739130434782608,0.043478260869565216,0.08695652173913043
t1_g3webly,0.058,0.921,0.021,-0.6298,0.07142857142857142,0.07142857142857142,0.14285714285714285,0.14285714285714285,0.07142857142857142,0.07142857142857142,0.07142857142857142,0.07142857142857142
t1_erl8xcx,0.167,0.79,0.042,-0.9062,0.13333333333333333,0.08888888888888889,0.08888888888888889,0.08888888888888889,0.022222222222222223,0.044444444444444446,0.06666666666666667,0.044444444444444446
t1_htisd5x,0.097,0.738,0.165,0.5113,0.14285714285714285,0.07142857142857142,0.07142857142857142,0.14285714285714285,0.07142857142857142,0.07142857142857142,0.07142857142857142,0.0
t1_gx4jjr2,0.124,0.876,0.0,-0.7351,0.11538461538461539,0.07692307692307693,0.038461538461538464,0.11538461538461539,0.038461538461538464,0.07692307692307693,0.11538461538461539,0.07692307692307693
t1_gd8cryt,0.234,0.711,0.055,-0.8221,0.11764705882352941,0.11764705882352941,0.11764705882352941,0.0,0.058823529411764705,0.17647058823529413,0.058823529411764705,0.058823529411764705
t1_gxydqk9,0.079,0.921,0.0,-0.4767,0.0,0.0,0.0,0.3333333333333333,0.0,0.0,0.0,0.0
t1_gzy6j29,0.041,0.925,0.033,-0.0772,0.14285714285714285,0.0,0.14285714285714285,0.14285714285714285,0.0,0.07142857142857142,0.07142857142857142,0.0
t1_h02yqjb,0.035,0.871,0.094,0.8478,0.0,0.0,0.23076923076923078,0.3076923076923077,0.15384615384615385,0.0,0.0,0.0
t1_em9h6f2,0.04,0.822,0.138,0.8316,0.0,0.0,0.1,0.3,0.1,0.0,0.2,0.0
t1_dtzkauz,0.0,1.0,0.0,0.0,0.0,0.0,0.15384615384615385,0.15384615384615385,0.15384615384615385,0.07692307692307693,0.15384615384615385,0.07692307692307693
t1_hbqots5,0.022,0.935,0.043,0.2617,0.043478260869565216,0.043478260869565216,0.17391304347826086,0.21739130434782608,0.043478260869565216,0.0,0.043478260869565216,0.0
t1_glpx2fm,0.0,0.821,0.179,0.8268,0.0,0.25,0.0,0.0,0.0,0.0,0.0,0.0
t1_h1bqp5u,0.097,0.791,0.111,0.3808,0.15,0.125,0.075,0.1,0.075,0.075,0.05,0.075
t1_ekvq976,0.132,0.695,0.173,0.6369,0.08695652173913043,0.0,0.13043478260869565,0.2608695652173913,0.0,0.0,0.08695652173913043,0.043478260869565216
t1_gxdbb93,0.177,0.56,0.263,0.7999,0.12121212121212122,0.09090909090909091,0.030303030303030304,0.12121212121212122,0.0,0.12121212121212122,0.06060606060606061,0.12121212121212122
t1_jiq41ie,0.214,0.677,0.109,-0.9415,0.16666666666666666,0.0,0.03333333333333333,0.1,0.03333333333333333,0.1,0.03333333333333333,0.06666666666666667
t1_jyvvbz9,0.031,0.858,0.111,0.5859,0.13333333333333333,0.13333333333333333,0.06666666666666667,0.2,0.06666666666666667,0.06666666666666667,0.0,0.06666666666666667
t1_hljxln6,0.0,0.868,0.132,0.8464,0.09090909090909091,0.0,0.2727272727272727,0.09090909090909091,0.09090909090909091,0.0,0.09090909090909091,0.0
t1_iqd0zw4,0.0,0.976,0.024,0.2263,0.0,0.2,0.2,0.2,0.0,0.0,0.0,0.0
t1_gx7ge0u,0.054,0.878,0.069,0.1761,0.16666666666666666,0.0,0.08333333333333333,0.0,0.0,0.08333333333333333,0.0,0.0
t1_ek6j5l2,0.128,0.872,0.0,-0.872,0.1111111111111111,0.1111111111111111,0.05555555555555555,0.05555555555555555,0.05555555555555555,0.05555555555555555,0.05555555555555555,0.05555555555555555
t1_ejjbjc4,0.108,0.705,0.186,0.743,0.0,0.0,0.14285714285714285,0.07142857142857142,0.14285714285714285,0.07142857142857142,0.14285714285714285,0.0
t1_e9mgm6k,0.0,0.953,0.047,0.0951,0.2,0.2,0.0,0.0,0.0,0.2,0.0,0.2
t1_h19q0ru,0.118,0.832,0.05,-0.7114,0.2,0.0,0.0,0.0,0.0,0.2,0.0,0.2
t1_fe1g8qr,0.167,0.772,0.061,-0.8271,0.14814814814814814,0.14814814814814814,0.07407407407407407,0.1111111111111111,0.037037037037037035,0.1111111111111111,0.037037037037037035,0.07407407407407407
t1_dk87iid,0.042,0.837,0.121,0.5563,0.1,0.0,0.0,0.2,0.0,0.1,0.2,0.0
t1_hmp43v2,0.103,0.817,0.08,-0.1654,0.26666666666666666,0.2,0.06666666666666667,0.06666666666666667,0.0,0.0,0.0,0.06666666666666667
t1_d5c5cfi,0.197,0.773,0.029,-0.7425,0.0,0.0,0.16666666666666666,0.16666666666666666,0.0,0.08333333333333333,0.16666666666666666,0.0
t1_gny0jbj,0.194,0.769,0.038,-0.9505,0.14285714285714285,0.11428571428571428,0.05714285714285714,0.14285714285714285,0.05714285714285714,0.08571428571428572,0.02857142857142857,0.05714285714285714
t1_hemfft1,0.177,0.823,0.0,-0.6992,0.0,0.0,0.0,0.3333333333333333,0.0,0.0,0.3333333333333333,0.0
t1_cqcc3il,0.079,0.864,0.056,-0.3197,0.07142857142857142,0.0,0.14285714285714285,0.2857142857142857,0.07142857142857142,0.0,0.07142857142857142,0.0
t1_gsieouv,0.092,0.851,0.057,-0.6705,0.13333333333333333,0.13333333333333333,0.0,0.2,0.0,0.0,0.0,0.0
t1_e854lr4,0.0,0.799,0.201,0.8834,0.0,0.0,0.08333333333333333,0.16666666666666666,0.08333333333333333,0.08333333333333333,0.08333333333333333,0.08333333333333333
t1_dfumrce,0.064,0.822,0.114,0.264,0.18181818181818182,0.09090909090909091,0.09090909090909091,0.0,0.0,0.09090909090909091,0.0,0.0
t1_jbythji,0.0,0.935,0.065,0.4019,0.25,0.0,0.0,0.0,0.0,0.0,0.0,0.0
t1_k1khyot,0.085,0.89,0.026,-0.7748,0.0,0.0,0.25,0.1875,0.125,0.0,0.125,0.0625
t1_gr8vb8v,0.08,0.682,0.238,0.9109,0.10416666666666667,0.08333333333333333,0.08333333333333333,0.10416666666666667,0.0,0.10416666666666667,0.08333333333333333,0.0625
t1_f4wdbvk,0.067,0.875,0.058,-0.1045,0.1111111111111111,0.1111111111111111,0.0,0.1111111111111111,0.0,0.1111111111111111,0.1111111111111111,0.0
t1_gxfan4m,0.016,0.9,0.085,0.729,0.10526315789473684,0.05263157894736842,0.21052631578947367,0.05263157894736842,0.05263157894736842,0.05263157894736842,0.0,0.0
t1_gf01cpk,0.258,0.639,0.103,-0.8497,0.08333333333333333,0.08333333333333333,0.16666666666666666,0.08333333333333333,0.0,0.08333333333333333,0.0,0.16666666666666666
t1_gdk8bc4,0.037,0.857,0.106,0.7717,0.03225806451612903,0.06451612903225806,0.0967741935483871,0.1935483870967742,0.0,0.0967741935483871,0.12903225806451613,0.03225806451612903
t1_gvq5opw,0.104,0.833,0.062,-0.4939,0.22727272727272727,0.13636363636363635,0.09090909090909091,0.045454545454545456,0.0,0.13636363636363635,0.0,0.0
t1_gr95xon,0.0,1.0,0.0,0.0,0.0,0.0,0.2,0.2,0.2,0.0,0.2,0.0
t1_eamh3bc,0.335,0.563,0.102,-0.9267,0.2,0.2,0.0,0.0,0.1,0.1,0.0,0.2
t1_hnmn7ce,0.036,0.908,0.057,0.3182,0.05263157894736842,0.05263157894736842,0.05263157894736842,0.10526315789473684,0.0,0.21052631578947367,0.05263157894736842,0.05263157894736842
t1_h2z2373,0.156,0.796,0.048,-0.8524,0.15,0.1,0.05,0.15,0.0,0.05,0.05,0.1
t1_fqlefgu,0.056,0.907,0.037,-0.2263,0.0,0.0,0.0,0.16666666666666666,0.0,0.0,0.16666666666666666,0.0
t1_k9s8wnp,0.0,0.813,0.187,0.8668,0.07142857142857142,0.07142857142857142,0.0,0.14285714285714285,0.07142857142857142,0.07142857142857142,0.0,0.07142857142857142
t1_gk770a9,0.206,0.764,0.03,-0.9442,0.13333333333333333,0.1,0.1,0.1,0.03333333333333333,0.06666666666666667,0.06666666666666667,0.06666666666666667
t1_inxupgd,0.072,0.847,0.08,0.1779,0.07692307692307693,0.07692307692307693,0.07692307692307693,0.07692307692307693,0.07692307692307693,0.15384615384615385,0.07692307692307693,0.07692307692307693
t1_gnqrmjp,0.066,0.922,0.013,-0.743,0.08333333333333333,0.0,0.3333333333333333,0.0,0.08333333333333333,0.0,0.0,0.0
t1_hr0osz7,0.0,0.809,0.191,0.7761,0.0,0.0,0.08333333333333333,0.3333333333333333,0.08333333333333333,0.0,0.16666666666666666,0.0
t1_ekh5yq7,0.031,0.909,0.06,0.202,0.25,0.0,0.08333333333333333,0.08333333333333333,0.0,0.08333333333333333,0.0,0.08333333333333333
t1_ivr5p1o,0.036,0.939,0.025,-0.2023,0.14285714285714285,0.0,0.07142857142857142,0.21428571428571427,0.0,0.0,0.0,0.07142857142857142
t1_gzv1yoz,0.064,0.863,0.073,0.2617,0.15384615384615385,0.0,0.19230769230769232,0.23076923076923078,0.07692307692307693,0.0,0.07692307692307693,0.0
t1_etbkkhn,0.064,0.829,0.107,0.3919,0.0,0.1111111111111111,0.0,0.1111111111111111,0.0,0.1111111111111111,0.1111111111111111,0.0
t1_hnv01yp,0.181,0.718,0.101,-0.4588,0.14285714285714285,0.0,0.0,0.14285714285714285,0.14285714285714285,0.2857142857142857,0.0,0.0
t1_g5j3z0j,0.106,0.774,0.12,0.3886,0.06896551724137931,0.06896551724137931,0.06896551724137931,0.13793103448275862,0.06896551724137931,0.0,0.10344827586206896,0.034482758620689655
t1_hd23o8s,0.0,0.855,0.145,0.743,0.14285714285714285,0.07142857142857142,0.07142857142857142,0.07142857142857142,0.07142857142857142,0.07142857142857142,0.07142857142857142,0.07142857142857142
t1_ihlyzfh,0.14,0.803,0.057,-0.7994,0.20833333333333334,0.125,0.16666666666666666,0.041666666666666664,0.0,0.041666666666666664,0.041666666666666664,0.041666666666666664
t1_gxbf2xf,0.024,0.793,0.183,0.9601,0.0,0.0,0.09090909090909091,0.09090909090909091,0.0,0.0,0.09090909090909091,0.0
t1_dso9d57,0.064,0.772,0.164,0.6486,0.047619047619047616,0.0,0.14285714285714285,0.19047619047619047,0.14285714285714285,0.0,0.19047619047619047,0.0
t1_e6c5nf7,0.047,0.884,0.069,0.3182,0.12903225806451613,0.03225806451612903,0.0967741935483871,0.16129032258064516,0.0,0.03225806451612903,0.12903225806451613,0.0
t1_h4auy5p,0.0,1.0,0.0,0.0,0.16666666666666666,0.16666666666666666,0.16666666666666666,0.0,0.16666666666666666,0.0,0.0,0.0
t1_etaa75u,0.108,0.791,0.101,-0.0772,0.25,0.25,0.0,0.0,0.0,0.25,0.0,0.0
t1_j6b3bma,0.239,0.678,0.083,-0.7785,0.18181818181818182,0.18181818181818182,0.0,0.0,0.0,0.0,0.09090909090909091,0.09090909090909091
t1_jvmey8z,0.0,1.0,0.0,0.0,0.0,0.0,0.14285714285714285,0.2857142857142857,0.14285714285714285,0.0,0.0,0.0
t1_g7c66qe,0.102,0.766,0.132,0.3638,0.09090909090909091,0.0,0.045454545454545456,0.18181818181818182,0.045454545454545456,0.09090909090909091,0.09090909090909091,0.09090909090909091
t1_i6fdyqw,0.15,0.74,0.11,-0.4656,0.12,0.16,0.08,0.08,0.0,0.12,0.0,0.08
t1_gnqrcge,0.082,0.918,0.0,-0.7184,0.19047619047619047,0.047619047619047616,0.14285714285714285,0.0,0.047619047619047616,0.14285714285714285,0.0,0.19047619047619047
t1_ju4re7v,0.081,0.886,0.033,-0.5423,0.08333333333333333,0.16666666666666666,0.08333333333333333,0.0,0.0,0.08333333333333333,0.0,0.08333333333333333
t1_duld2do,0.162,0.699,0.14,-0.0258,0.1111111111111111,0.1111111111111111,0.2222222222222222,0.1111111111111111,0.1111111111111111,0.0,0.1111111111111111,0.0
t1_e1kv4sz,0.0,1.0,0.0,0.0,0.0,0.0,0.25,0.5,0.0,0.0,0.0,0.0
t1_eszo1qx,0.03,0.97,0.0,-0.1779,0.08333333333333333,0.08333333333333333,0.08333333333333333,0.16666666666666666,0.16666666666666666,0.08333333333333333,0.0,0.08333333333333333
t1_fl932o7,0.045,0.878,0.077,0.5859,0.041666666666666664,0.0,0.16666666666666666,0.3333333333333333,0.08333333333333333,0.041666666666666664,0.08333333333333333,0.0
t1_hteipvy,0.068,0.839,0.093,0.2525,0.0,0.0,0.36363636363636365,0.18181818181818182,0.0,0.0,0.18181818181818182,0.0
t1_gejcstt,0.088,0.801,0.111,-0.0258,0.0,0.0,0.0,0.5,0.0,0.0,0.0,0.0
t1_jikjg3s,0.275,0.67,0.056,-0.9765,0.21875,0.125,0.0,0.0,0.0,0.1875,0.0,0.0625
t1_hj38gdl,0.068,0.932,0.0,-0.34,0.0,0.2,0.2,0.0,0.2,0.0,0.0,0.0
t1_ffclziw,0.11,0.848,0.042,-0.7414,0.2,0.06666666666666667,0.06666666666666667,0.0,0.0,0.06666666666666667,0.0,0.06666666666666667
t1_ezldrs8,0.154,0.846,0.0,-0.4588,0.3333333333333333,0.0,0.0,0.0,0.0,0.0,0.0,0.3333333333333333
t1_gynp4ml,0.15,0.73,0.12,-0.4765,0.0,0.0,0.2,0.2,0.0,0.1,0.0,0.0
t1_eao0lp2,0.212,0.662,0.126,-0.5859,0.2857142857142857,0.0,0.14285714285714285,0.14285714285714285,0.0,0.14285714285714285,0.0,0.0
t1_grzkwj5,0.03,0.894,0.076,0.6444,0.15789473684210525,0.10526315789473684,0.10526315789473684,0.15789473684210525,0.05263157894736842,0.05263157894736842,0.0,0.0
t1_f32c3rv,0.162,0.765,0.074,-0.7184,0.2727272727272727,0.0,0.18181818181818182,0.09090909090909091,0.0,0.18181818181818182,0.0,0.0
t1_gxdaz6x,0.048,0.856,0.095,0.2845,0.125,0.0,0.125,0.1875,0.0625,0.0,0.0,0.0
t1_fajd5sf,0.115,0.812,0.073,-0.9904,0.1320754716981132,0.11320754716981132,0.0880503144654088,0.08176100628930817,0.06918238993710692,0.11949685534591195,0.031446540880503145,0.06289308176100629
t1_gnssiy8,0.089,0.762,0.149,0.7964,0.4,0.0,0.05,0.2,0.0,0.05,0.0,0.0
t1_gny0jbj,0.194,0.769,0.038,-0.9505,0.14285714285714285,0.11428571428571428,0.05714285714285714,0.14285714285714285,0.05714285714285714,0.08571428571428572,0.02857142857142857,0.05714285714285714
t1_gnqwjgt,0.194,0.769,0.038,-0.9505,0.14285714285714285,0.11428571428571428,0.05714285714285714,0.14285714285714285,0.05714285714285714,0.08571428571428572,0.02857142857142857,0.05714285714285714
t1_hf9890p,0.0,1.0,0.0,0.0,0.0,0.1,0.1,0.0,0.1,0.1,0.1,0.1
t1_gyesj2t,0.018,0.831,0.151,0.8453,0.14285714285714285,0.0,0.14285714285714285,0.07142857142857142,0.14285714285714285,0.07142857142857142,0.07142857142857142,0.0
t1_gxierxj,0.134,0.753,0.113,-0.3919,0.1111111111111111,0.037037037037037035,0.07407407407407407,0.14814814814814814,0.07407407407407407,0.07407407407407407,0.07407407407407407,0.07407407407407407
t1_gr0va2e,0.026,0.916,0.058,0.4159,0.0,0.0,0.17647058823529413,0.35294117647058826,0.11764705882352941,0.0,0.11764705882352941,0.0
t1_gt3fd2a,0.073,0.727,0.2,0.9287,0.0,0.05263157894736842,0.05263157894736842,0.10526315789473684,0.0,0.05263157894736842,0.05263157894736842,0.0
t1_itrqhx6,0.161,0.818,0.021,-0.9539,0.1111111111111111,0.08333333333333333,0.1111111111111111,0.1388888888888889,0.05555555555555555,0.1111111111111111,0.027777777777777776,0.1388888888888889
t1_kbhniqh,0.023,0.867,0.11,0.8885,0.058823529411764705,0.0,0.11764705882352941,0.17647058823529413,0.058823529411764705,0.0,0.17647058823529413,0.0
t1_i2rjywd,0.114,0.886,0.0,-0.5574,0.0,0.16666666666666666,0.16666666666666666,0.0,0.0,0.0,0.0,0.16666666666666666
t1_f7bzvwr,0.147,0.773,0.08,-0.8074,0.13333333333333333,0.13333333333333333,0.06666666666666667,0.06666666666666667,0.06666666666666667,0.13333333333333333,0.06666666666666667,0.0
t1_gvszglg,0.133,0.82,0.047,-0.5657,0.0,0.5,0.0,0.0,0.0,0.0,0.0,0.0
t1_e3zcfgq,0.0,0.945,0.055,0.5792,0.16666666666666666,0.08333333333333333,0.16666666666666666,0.08333333333333333,0.08333333333333333,0.08333333333333333,0.0,0.08333333333333333
t1_ffaj0yv,0.166,0.772,0.062,-0.8,0.09090909090909091,0.09090909090909091,0.0,0.2727272727272727,0.0,0.09090909090909091,0.0,0.0
t1_elzyly8,0.0,1.0,0.0,0.0,0.21428571428571427,0.14285714285714285,0.14285714285714285,0.07142857142857142,0.07142857142857142,0.07142857142857142,0.0,0.0
t1_g6opqrt,0.089,0.848,0.062,-0.368,0.1111111111111111,0.1111111111111111,0.3333333333333333,0.0,0.0,0.1111111111111111,0.0,0.1111111111111111
t1_kcbozh1,0.097,0.903,0.0,-0.6597,0.26666666666666666,0.0,0.06666666666666667,0.06666666666666667,0.13333333333333333,0.2,0.0,0.0
t1_ic5ew02,0.0,0.981,0.019,0.2144,0.0,0.0,0.2222222222222222,0.2222222222222222,0.1111111111111111,0.1111111111111111,0.1111111111111111,0.0
t1_h3jya4e,0.142,0.689,0.169,0.5106,0.16666666666666666,0.125,0.0,0.20833333333333334,0.0,0.125,0.0,0.041666666666666664
t1_dyo8qrm,0.097,0.855,0.047,-0.8405,0.043478260869565216,0.0,0.13043478260869565,0.17391304347826086,0.17391304347826086,0.0,0.13043478260869565,0.0
t1_e5w0479,0.159,0.674,0.167,0.3291,0.125,0.125,0.0,0.0,0.0,0.125,0.125,0.0
t1_gxidf0t,0.049,0.812,0.139,0.6249,0.0,0.0,0.1111111111111111,0.1111111111111111,0.0,0.0,0.1111111111111111,0.0
t1_e2yu5fw,0.0,0.945,0.055,0.7391,0.05263157894736842,0.10526315789473684,0.10526315789473684,0.10526315789473684,0.0,0.10526315789473684,0.10526315789473684,0.05263157894736842
t1_gs4245j,0.049,0.87,0.082,0.5267,0.125,0.0625,0.125,0.1875,0.0,0.0625,0.0625,0.0
t1_eyllw4z,0.03,0.894,0.075,0.698,0.1,0.05,0.15,0.2,0.05,0.1,0.0,0.1
t1_fnkauqo,0.064,0.845,0.09,0.2263,0.2857142857142857,0.0,0.07142857142857142,0.14285714285714285,0.07142857142857142,0.07142857142857142,0.14285714285714285,0.0
t1_jjrbdje,0.0,0.914,0.086,0.7184,0.0,0.0,0.3333333333333333,0.3333333333333333,0.0,0.0,0.0,0.0
t1_gu2p3zv,0.0,0.983,0.017,0.1027,0.21052631578947367,0.05263157894736842,0.05263157894736842,0.15789473684210525,0.0,0.0,0.05263157894736842,0.0
t1_g7d3z1s,0.224,0.754,0.022,-0.8979,0.17391304347826086,0.13043478260869565,0.08695652173913043,0.043478260869565216,0.0,0.13043478260869565,0.043478260869565216,0.043478260869565216
t1_gzy73nu,0.084,0.82,0.096,-0.4082,0.16666666666666666,0.08333333333333333,0.08333333333333333,0.08333333333333333,0.08333333333333333,0.08333333333333333,0.041666666666666664,0.041666666666666664
t1_gnceete,0.11,0.852,0.038,-0.875,0.0,0.038461538461538464,0.0,0.11538461538461539,0.038461538461538464,0.07692307692307693,0.038461538461538464,0.19230769230769232
t1_dzz28sn,0.071,0.72,0.209,0.9728,0.07692307692307693,0.02564102564102564,0.1794871794871795,0.07692307692307693,0.0,0.07692307692307693,0.15384615384615385,0.02564102564102564
t1_e4x2ums,0.0,0.788,0.212,0.8458,0.0,0.0,0.3333333333333333,0.16666666666666666,0.16666666666666666,0.0,0.16666666666666666,0.0
t1_jm7zwd0,0.271,0.718,0.012,-0.9811,0.06666666666666667,0.13333333333333333,0.06666666666666667,0.13333333333333333,0.03333333333333333,0.03333333333333333,0.03333333333333333,0.13333333333333333
t1_iqzvon0,0.075,0.773,0.152,0.9035,0.13793103448275862,0.10344827586206896,0.034482758620689655,0.13793103448275862,0.0,0.10344827586206896,0.0,0.10344827586206896
t1_k53hblq,0.052,0.884,0.063,0.1531,0.0,0.0,0.2,0.26666666666666666,0.0,0.06666666666666667,0.06666666666666667,0.0
t1_fzo408e,0.07,0.93,0.0,-0.34,0.2,0.2,0.0,0.0,0.0,0.2,0.0,0.0
t1_htef5i7,0.0,0.965,0.035,0.0258,0.3333333333333333,0.0,0.0,0.0,0.3333333333333333,0.0,0.0,0.0
t1_gzbcd4b,0.076,0.874,0.05,-0.2263,0.05555555555555555,0.0,0.1111111111111111,0.2777777777777778,0.05555555555555555,0.05555555555555555,0.0,0.0
t1_hobbgss,0.127,0.722,0.152,0.3612,0.07692307692307693,0.07692307692307693,0.038461538461538464,0.15384615384615385,0.0,0.11538461538461539,0.038461538461538464,0.11538461538461539
t1_d0rprc3,0.0,1.0,0.0,0.0,0.0,0.0,0.25,0.25,0.125,0.0,0.125,0.0
t1_jtqktnz,0.075,0.867,0.058,-0.3182,0.2,0.06666666666666667,0.06666666666666667,0.13333333333333333,0.0,0.06666666666666667,0.0,0.0
t1_i3ly7xn,0.036,0.852,0.112,0.7845,0.0,0.0,0.5,0.0,0.0,0.0,0.0,0.0
t1_gny2q5a,0.051,0.906,0.043,-0.0258,0.2,0.1,0.05,0.05,0.0,0.1,0.0,0.05
t1_g7hbuhg,0.155,0.845,0.0,-0.872,0.16666666666666666,0.16666666666666666,0.16666666666666666,0.0,0.0,0.16666666666666666,0.0,0.0
t1_feknz16,0.161,0.719,0.12,-0.4442,0.125,0.0,0.125,0.25,0.125,0.0,0.125,0.0
t1_j0erf6h,0.14,0.705,0.155,-0.0554,0.0,0.0,0.2,0.2,0.06666666666666667,0.0,0.2,0.0
t1_i6b5zs8,0.175,0.775,0.05,-0.9682,0.15789473684210525,0.10526315789473684,0.08771929824561403,0.12280701754385964,0.08771929824561403,0.08771929824561403,0.0,0.08771929824561403
t1_gs5e91z,0.0,0.898,0.102,0.7506,0.09523809523809523,0.0,0.14285714285714285,0.19047619047619047,0.0,0.09523809523809523,0.047619047619047616,0.0
t1_g3wep6v,0.058,0.921,0.021,-0.6298,0.07142857142857142,0.07142857142857142,0.14285714285714285,0.14285714285714285,0.07142857142857142,0.07142857142857142,0.07142857142857142,0.07142857142857142
t1_e8pvy3n,0.0,0.676,0.324,0.889,0.125,0.125,0.125,0.125,0.0,0.0,0.0,0.0
t1_ju2n90v,0.041,0.921,0.038,-0.0498,0.25,0.25,0.08333333333333333,0.0,0.0,0.08333333333333333,0.0,0.0
t1_h00h7j0,0.064,0.801,0.136,0.7184,0.07894736842105263,0.05263157894736842,0.15789473684210525,0.10526315789473684,0.05263157894736842,0.05263157894736842,0.05263157894736842,0.0
t1_hyg6t1f,0.064,0.82,0.116,0.3182,0.0,0.0,0.5,0.0,0.0,0.0,0.0,0.0
t1_iu0mggv,0.316,0.64,0.044,-0.9313,0.3333333333333333,0.1111111111111111,0.0,0.0,0.0,0.0,0.0,0.0
t1_e3l7e35,0.066,0.859,0.075,0.1154,0.14285714285714285,0.14285714285714285,0.0,0.0,0.0,0.14285714285714285,0.0,0.0
t1_hlpg403,0.092,0.813,0.095,0.3074,0.0,0.16666666666666666,0.16666666666666666,0.0,0.16666666666666666,0.16666666666666666,0.0,0.0
t1_gtin8vz,0.0,0.959,0.041,0.3612,0.030303030303030304,0.06060606060606061,0.06060606060606061,0.3333333333333333,0.06060606060606061,0.06060606060606061,0.06060606060606061,0.0
t1_hfjtqjk,0.137,0.693,0.17,0.3664,0.19047619047619047,0.14285714285714285,0.047619047619047616,0.0,0.047619047619047616,0.14285714285714285,0.0,0.14285714285714285
t1_i6bod7h,0.0,0.889,0.111,0.6249,0.0,0.0,0.0,0.0,0.0,0.0,0.0,0.0
t1_j4nk5wn,0.0,0.82,0.18,0.8047,0.14285714285714285,0.0,0.14285714285714285,0.14285714285714285,0.0,0.14285714285714285,0.14285714285714285,0.0
t1_gnz2jyc,0.094,0.851,0.054,-0.4389,0.037037037037037035,0.037037037037037035,0.18518518518518517,0.18518518518518517,0.1111111111111111,0.0,0.1111111111111111,0.0
t1_h5w43gd,0.048,0.867,0.085,0.0772,0.0,0.0,0.1,0.4,0.0,0.0,0.1,0.0
t1_frm26a8,0.0,0.884,0.116,0.6124,0.08695652173913043,0.043478260869565216,0.13043478260869565,0.13043478260869565,0.08695652173913043,0.08695652173913043,0.08695652173913043,0.0
t1_f7uwmxo,0.02,0.834,0.147,0.932,0.0,0.13333333333333333,0.06666666666666667,0.3,0.03333333333333333,0.03333333333333333,0.06666666666666667,0.0
t1_g4r8lu0,0.063,0.865,0.071,0.1027,0.0,0.0,1.0,0.0,0.0,0.0,0.0,0.0
t1_iaxu099,0.14,0.742,0.118,-0.0,0.2222222222222222,0.2222222222222222,0.0,0.0,0.1111111111111111,0.1111111111111111,0.0,0.1111111111111111
t1_gnql7x6,0.087,0.866,0.047,-0.4077,0.09090909090909091,0.030303030303030304,0.09090909090909091,0.21212121212121213,0.09090909090909091,0.030303030303030304,0.06060606060606061,0.06060606060606061
t1_h1zw81r,0.142,0.774,0.085,-0.4588,0.25,0.375,0.0,0.0,0.0,0.0,0.0,0.0
t1_ite66co,0.0,0.94,0.06,0.4767,0.3333333333333333,0.0,0.0,0.16666666666666666,0.0,0.0,0.16666666666666666,0.0
t1_h4lptfh,0.132,0.868,0.0,-0.7269,0.0625,0.125,0.0625,0.0625,0.125,0.125,0.125,0.0625
t1_di0wads,0.12,0.778,0.102,-0.25,0.0,0.0,0.16666666666666666,0.25,0.08333333333333333,0.0,0.16666666666666666,0.0
t1_e20h5nm,0.0,0.904,0.096,0.6124,0.0,0.0,0.0,0.5,0.0,0.0,0.0,0.0
t1_gx254v2,0.117,0.85,0.033,-0.8555,0.075,0.1,0.125,0.125,0.075,0.025,0.1,0.025
t1_hemu1t5,0.033,0.93,0.037,0.0516,0.2,0.0,0.2,0.2,0.0,0.0,0.0,0.0
t1_jvo6kcj,0.037,0.908,0.055,0.4976,0.09090909090909091,0.09090909090909091,0.09090909090909091,0.09090909090909091,0.09090909090909091,0.09090909090909091,0.09090909090909091,0.09090909090909091
t1_engiv2p,0.181,0.733,0.086,-0.9563,0.1368421052631579,0.09473684210526316,0.1368421052631579,0.042105263157894736,0.09473684210526316,0.08421052631578947,0.09473684210526316,0.042105263157894736
t1_fegai80,0.075,0.752,0.173,0.532,0.2,0.0,0.0,0.4,0.0,0.0,0.0,0.0
t1_hbit9ab,0.0,0.969,0.031,0.4404,0.0,0.0,0.0,0.16666666666666666,0.0,0.0,0.0,0.0
t1_hpuj34d,0.223,0.715,0.062,-0.9416,0.2413793103448276,0.13793103448275862,0.0,0.0,0.0,0.1724137931034483,0.034482758620689655,0.06896551724137931
t1_i6ezzgc,0.0,0.897,0.103,0.5864,0.0,0.0,0.0,0.0,0.0,0.0,0.0,0.0
t1_h40iw2x,0.063,0.852,0.085,0.0516,0.2,0.0,0.2,0.2,0.0,0.0,0.0,0.0
t1_e9a31kj,0.055,0.753,0.191,0.8516,0.14285714285714285,0.0,0.0,0.42857142857142855,0.0,0.0,0.14285714285714285,0.0
t1_dup7shv,0.083,0.804,0.113,0.34,0.0,0.25,0.0,0.0,0.0,0.0,0.0,0.25
t1_f8pkzec,0.037,0.93,0.032,-0.079,0.2,0.0,0.3,0.0,0.1,0.0,0.0,0.0
t1_iu00ymu,0.129,0.79,0.081,-0.7178,0.11764705882352941,0.08823529411764706,0.058823529411764705,0.08823529411764706,0.058823529411764705,0.08823529411764706,0.08823529411764706,0.058823529411764705
t1_ewn1u80,0.107,0.808,0.085,-0.2406,0.0,0.0,0.0,0.5,0.0,0.0,0.0,0.0
t1_heq38kk,0.0,1.0,0.0,0.0,0.0,0.0,0.14285714285714285,0.14285714285714285,0.2857142857142857,0.0,0.14285714285714285,0.0
t1_k0siuha,0.024,0.892,0.084,0.5423,0.1111111111111111,0.0,0.07407407407407407,0.25925925925925924,0.0,0.0,0.07407407407407407,0.0
t1_gnckzih,0.112,0.851,0.037,-0.7845,0.12,0.04,0.12,0.16,0.0,0.04,0.08,0.04
t1_f8pkzec,0.037,0.93,0.032,-0.079,0.2,0.0,0.3,0.0,0.1,0.0,0.0,0.0
t1_e3r591d,0.097,0.825,0.078,-0.3182,0.22727272727272727,0.09090909090909091,0.09090909090909091,0.045454545454545456,0.045454545454545456,0.18181818181818182,0.0,0.09090909090909091
t1_gxifdus,0.134,0.753,0.113,-0.3919,0.1111111111111111,0.037037037037037035,0.07407407407407407,0.14814814814814814,0.07407407407407407,0.07407407407407407,0.07407407407407407,0.07407407407407407
t1_g23dhr4,0.019,0.824,0.157,0.9676,0.06,0.1,0.08,0.14,0.02,0.06,0.08,0.04
t1_jyits3g,0.061,0.672,0.266,0.8196,0.058823529411764705,0.058823529411764705,0.058823529411764705,0.17647058823529413,0.058823529411764705,0.058823529411764705,0.11764705882352941,0.058823529411764705
t1_g0zx9ud,0.054,0.901,0.046,-0.1882,0.10526315789473684,0.10526315789473684,0.10526315789473684,0.15789473684210525,0.0,0.10526315789473684,0.05263157894736842,0.10526315789473684
t1_j7uxybj,0.103,0.754,0.143,0.4019,0.15789473684210525,0.0,0.05263157894736842,0.10526315789473684,0.10526315789473684,0.05263157894736842,0.10526315789473684,0.05263157894736842
t1_du163mv,0.118,0.738,0.144,0.145,0.13636363636363635,0.045454545454545456,0.0,0.22727272727272727,0.0,0.09090909090909091,0.0,0.045454545454545456
t1_jxgo3fs,0.0,1.0,0.0,0.0,0.0,0.0,0.0,0.3333333333333333,0.0,0.0,0.0,0.0
t1_g056a36,0.105,0.895,0.0,-0.5267,0.0,0.2,0.0,0.2,0.0,0.0,0.0,0.2
t1_dmurcyz,0.066,0.797,0.137,0.8831,0.0,0.0,0.0,0.2857142857142857,0.0,0.0,0.0,0.0
t1_heaqu0z,0.094,0.761,0.145,0.6164,0.125,0.0625,0.1875,0.1875,0.0,0.0,0.0625,0.0
t1_gjeemd8,0.0,0.952,0.048,0.3832,0.0,0.0,0.0,0.0,0.0,0.0,0.0,0.0
t1_jnrprpx,0.229,0.735,0.036,-0.9814,0.21875,0.15625,0.03125,0.0,0.0625,0.09375,0.0,0.0625
t1_g7sd731,0.099,0.901,0.0,-0.6486,0.14285714285714285,0.14285714285714285,0.0,0.0,0.14285714285714285,0.14285714285714285,0.0,0.14285714285714285
t1_gsk0iw2,0.103,0.803,0.094,-0.2901,0.041666666666666664,0.041666666666666664,0.125,0.25,0.041666666666666664,0.041666666666666664,0.08333333333333333,0.041666666666666664
t1_ezq71p1,0.059,0.876,0.065,0.0772,0.13333333333333333,0.06666666666666667,0.06666666666666667,0.2,0.06666666666666667,0.06666666666666667,0.13333333333333333,0.0
t1_d2odas9,0.131,0.792,0.077,-0.5719,0.07692307692307693,0.07692307692307693,0.07692307692307693,0.15384615384615385,0.07692307692307693,0.07692307692307693,0.15384615384615385,0.0
t1_htgwao7,0.09,0.854,0.056,-0.128,0.0,0.0,0.0,0.0,0.0,0.25,0.0,0.0
t1_i7akby3,0.148,0.815,0.037,-0.7903,0.0,0.0,0.0,0.25,0.0,0.0,0.25,0.0
t1_fofxaml,0.055,0.945,0.0,-0.296,0.125,0.125,0.0,0.25,0.0,0.125,0.0,0.0
t1_je3y3oq,0.105,0.738,0.157,0.4456,0.1724137931034483,0.13793103448275862,0.06896551724137931,0.10344827586206896,0.06896551724137931,0.10344827586206896,0.06896551724137931,0.034482758620689655
t1_hh22syv,0.066,0.855,0.08,0.128,0.05,0.1,0.1,0.15,0.1,0.1,0.15,0.0
t1_czzbb41,0.257,0.691,0.052,-0.8074,0.2,0.1,0.0,0.2,0.0,0.1,0.0,0.1
t1_efbdmm3,0.088,0.912,0.0,-0.775,0.1111111111111111,0.1111111111111111,0.1111111111111111,0.0,0.0,0.1111111111111111,0.0,0.1111111111111111
t1_ic5ew02,0.0,0.981,0.019,0.2144,0.0,0.0,0.2222222222222222,0.2222222222222222,0.1111111111111111,0.1111111111111111,0.1111111111111111,0.0
t1_kdfxwfi,0.028,0.91,0.063,0.3291,0.0,0.0,0.0,0.0,0.0,0.0,0.0,0.0
t1_k5l4ld1,0.052,0.948,0.0,-0.4404,0.25,0.125,0.125,0.0,0.125,0.125,0.0,0.0
t1_hq9whhr,0.022,0.954,0.024,0.0523,0.0,0.2,0.0,0.0,0.0,0.0,0.0,0.0
t1_jj8pzai,0.077,0.801,0.123,0.6597,0.14814814814814814,0.1111111111111111,0.037037037037037035,0.18518518518518517,0.0,0.037037037037037035,0.14814814814814814,0.037037037037037035
t1_dvxjxtq,0.053,0.947,0.0,-0.5859,0.07142857142857142,0.07142857142857142,0.0,0.14285714285714285,0.0,0.07142857142857142,0.0,0.0
t1_e2zok2d,0.069,0.801,0.13,0.7005,0.14285714285714285,0.0,0.14285714285714285,0.2857142857142857,0.0,0.0,0.0,0.0
t1_hf5szod,0.275,0.68,0.045,-0.9314,0.25,0.16666666666666666,0.08333333333333333,0.0,0.0,0.0,0.0,0.08333333333333333
t1_foateet,0.056,0.944,0.0,-0.4567,0.0,0.16666666666666666,0.0,0.16666666666666666,0.0,0.0,0.0,0.0
t1_fgrw5nt,0.046,0.89,0.063,0.3614,0.0,0.07407407407407407,0.14814814814814814,0.14814814814814814,0.1111111111111111,0.1111111111111111,0.07407407407407407,0.0
t1_g2cefyi,0.154,0.806,0.04,-0.7035,0.18181818181818182,0.0,0.09090909090909091,0.18181818181818182,0.0,0.09090909090909091,0.09090909090909091,0.0
t1_kfgrt31,0.06,0.826,0.114,0.4767,0.1111111111111111,0.16666666666666666,0.05555555555555555,0.16666666666666666,0.05555555555555555,0.0,0.1111111111111111,0.0
t1_dlydyod,0.106,0.733,0.161,0.6682,0.08163265306122448,0.08163265306122448,0.14285714285714285,0.12244897959183673,0.04081632653061224,0.10204081632653061,0.08163265306122448,0.02040816326530612
t1_jbc6bd9,0.034,0.898,0.068,0.2263,0.0,0.0,0.13333333333333333,0.13333333333333333,0.06666666666666667,0.13333333333333333,0.13333333333333333,0.06666666666666667
t1_k9f4xnn,0.075,0.925,0.0,-0.5766,0.1111111111111111,0.0,0.1111111111111111,0.2222222222222222,0.0,0.0,0.0,0.1111111111111111
t1_g5bgdrb,0.169,0.582,0.249,0.5104,0.16666666666666666,0.0,0.08333333333333333,0.16666666666666666,0.08333333333333333,0.08333333333333333,0.08333333333333333,0.0
t1_hfe1rqa,0.166,0.79,0.044,-0.8209,0.125,0.125,0.0625,0.125,0.0,0.0625,0.0,0.0625
t1_g2zxe4a,0.133,0.789,0.078,-0.6378,0.17857142857142858,0.10714285714285714,0.03571428571428571,0.07142857142857142,0.17857142857142858,0.07142857142857142,0.07142857142857142,0.03571428571428571
t1_hd23mrq,0.0,0.855,0.145,0.743,0.14285714285714285,0.07142857142857142,0.07142857142857142,0.07142857142857142,0.07142857142857142,0.07142857142857142,0.07142857142857142,0.07142857142857142
t1_i6dqn7i,0.0,0.745,0.255,0.8614,0.0,0.0,0.0,0.0,0.0,0.0,0.0,0.0
t1_gxd8rqf,0.0,0.859,0.141,0.9277,0.0,0.05555555555555555,0.16666666666666666,0.16666666666666666,0.0,0.05555555555555555,0.1111111111111111,0.0
t1_e4hfeo0,0.063,0.738,0.199,0.8793,0.06666666666666667,0.13333333333333333,0.0,0.13333333333333333,0.0,0.06666666666666667,0.06666666666666667,0.13333333333333333
t1_jdl5d4v,0.067,0.851,0.082,0.1027,0.16666666666666666,0.05555555555555555,0.1111111111111111,0.1111111111111111,0.05555555555555555,0.1111111111111111,0.1111111111111111,0.0
t1_f4k1n4y,0.087,0.82,0.093,0.1813,0.043478260869565216,0.0,0.13043478260869565,0.17391304347826086,0.08695652173913043,0.08695652173913043,0.13043478260869565,0.043478260869565216
t1_ik6pkoe,0.0,1.0,0.0,0.0,0.18181818181818182,0.09090909090909091,0.18181818181818182,0.09090909090909091,0.0,0.18181818181818182,0.0,0.09090909090909091
t1_dm9s243,0.0,0.879,0.121,0.8555,0.1111111111111111,0.1111111111111111,0.0,0.1111111111111111,0.0,0.0,0.0,0.0
t1_g074n2j,0.0,0.833,0.167,0.8313,0.0,0.0,0.1111111111111111,0.2222222222222222,0.0,0.1111111111111111,0.2222222222222222,0.0
t1_f9zkbk5,0.044,0.956,0.0,-0.1531,0.2,0.2,0.0,0.2,0.0,0.0,0.0,0.2
t1_f3uqdls,0.043,0.811,0.146,0.8271,0.0,0.0,0.15384615384615385,0.3076923076923077,0.0,0.0,0.15384615384615385,0.0
t1_gtfa35v,0.079,0.872,0.049,-0.4404,0.0,0.0,0.0,0.0,0.0,0.0,0.0,0.0
t1_k5h7ah6,0.0,0.917,0.083,0.6124,0.5,0.0,0.0,0.5,0.0,0.0,0.0,0.0
t1_gv6gvge,0.0,1.0,0.0,0.0,0.0,0.2,0.2,0.2,0.0,0.0,0.0,0.0
t1_gy3l4m4,0.231,0.739,0.03,-0.9442,0.2571428571428571,0.17142857142857143,0.02857142857142857,0.08571428571428572,0.02857142857142857,0.05714285714285714,0.0,0.02857142857142857
t1_fpdnay0,0.071,0.839,0.09,0.128,0.0,0.0,0.0,0.18181818181818182,0.09090909090909091,0.18181818181818182,0.0,0.0
t1_ewe9ooa,0.209,0.696,0.095,-0.644,0.3333333333333333,0.2,0.0,0.0,0.0,0.0,0.0,0.06666666666666667
t1_dx8k3c8,0.158,0.842,0.0,-0.7635,0.14285714285714285,0.0,0.0,0.14285714285714285,0.0,0.14285714285714285,0.14285714285714285,0.0
t1_e84r7ia,0.0,0.928,0.072,0.4019,0.0,0.0,0.3333333333333333,0.0,0.0,0.0,0.0,0.0
t1_errzw04,0.093,0.854,0.054,-0.2747,0.0,0.0,0.125,0.125,0.0,0.125,0.125,0.0
t1_e29o3cr,0.17,0.819,0.011,-0.9524,0.16666666666666666,0.08333333333333333,0.08333333333333333,0.08333333333333333,0.0,0.0,0.0,0.08333333333333333
t1_kak50al,0.082,0.783,0.134,0.431,0.1,0.1,0.05,0.1,0.0,0.1,0.05,0.2
t1_gbusmjf,0.133,0.867,0.0,-0.6705,0.1111111111111111,0.0,0.0,0.3333333333333333,0.0,0.0,0.1111111111111111,0.0
t1_fgbnl96,0.0,0.92,0.08,0.6956,0.15,0.15,0.05,0.05,0.1,0.05,0.05,0.05
t1_e51nsm1,0.065,0.773,0.161,0.7269,0.09523809523809523,0.19047619047619047,0.0,0.09523809523809523,0.0,0.09523809523809523,0.09523809523809523,0.09523809523809523
t1_ez8ecp5,0.083,0.835,0.082,-0.0258,0.18181818181818182,0.18181818181818182,0.0,0.0,0.0,0.09090909090909091,0.0,0.18181818181818182
t1_go1g852,0.072,0.9,0.028,-0.5719,0.2,0.1,0.05,0.05,0.05,0.15,0.0,0.05
t1_hgntud5,0.149,0.851,0.0,-0.5994,0.16666666666666666,0.16666666666666666,0.0,0.0,0.0,0.16666666666666666,0.0,0.16666666666666666
t1_dzf8dl4,0.051,0.831,0.118,0.4939,0.0625,0.0625,0.125,0.1875,0.0625,0.0625,0.125,0.0
t1_gu29b1q,0.168,0.8,0.032,-0.7269,0.21428571428571427,0.21428571428571427,0.14285714285714285,0.0,0.07142857142857142,0.07142857142857142,0.0,0.14285714285714285
t1_jtqkugn,0.075,0.867,0.058,-0.3182,0.2,0.06666666666666667,0.06666666666666667,0.13333333333333333,0.0,0.06666666666666667,0.0,0.0
t1_gq1z3al,0.04,0.737,0.223,0.925,0.25,0.0,0.25,0.0,0.0,0.0,0.0,0.0
t1_gy54ry7,0.043,0.957,0.0,-0.0572,0.2857142857142857,0.14285714285714285,0.2857142857142857,0.0,0.0,0.0,0.0,0.0
t1_i5cwjii,0.151,0.849,0.0,-0.9011,0.17857142857142858,0.14285714285714285,0.03571428571428571,0.14285714285714285,0.07142857142857142,0.14285714285714285,0.0,0.03571428571428571
t1_ebyyn0j,0.315,0.685,0.0,-0.9081,0.15384615384615385,0.15384615384615385,0.0,0.07692307692307693,0.0,0.15384615384615385,0.0,0.15384615384615385
t1_jn0i7yc,0.07,0.878,0.052,-0.6966,0.05263157894736842,0.05263157894736842,0.10526315789473684,0.05263157894736842,0.0,0.15789473684210525,0.05263157894736842,0.05263157894736842
t1_e5spy7t,0.101,0.899,0.0,-0.6597,0.0,0.0,0.2857142857142857,0.42857142857142855,0.0,0.0,0.0,0.0
t1_gyh2sh5,0.072,0.833,0.096,0.296,0.2,0.0,0.2,0.1,0.0,0.1,0.0,0.0
t1_cm0p49j,0.0,0.951,0.049,0.4515,0.08333333333333333,0.0,0.08333333333333333,0.16666666666666666,0.0,0.0,0.16666666666666666,0.0
t1_gzld7hg,0.125,0.803,0.073,-0.6249,0.25,0.1875,0.0,0.0625,0.0,0.0,0.0,0.0625
t1_joi7w11,0.055,0.885,0.06,-0.1779,0.16666666666666666,0.0,0.8333333333333334,0.0,0.0,0.0,0.0,0.0
t1_fah6rch,0.0,1.0,0.0,0.0,0.2,0.0,0.0,0.0,0.2,0.2,0.0,0.2
t1_gsjiq4i,0.049,0.905,0.046,-0.1027,0.29411764705882354,0.0,0.17647058823529413,0.35294117647058826,0.0,0.0,0.0,0.0
t1_hz62oys,0.046,0.911,0.043,-0.0572,0.08333333333333333,0.08333333333333333,0.08333333333333333,0.16666666666666666,0.08333333333333333,0.0,0.08333333333333333,0.041666666666666664
t1_ea1g6cn,0.139,0.811,0.05,-0.8271,0.0,0.0,0.08333333333333333,0.16666666666666666,0.0,0.16666666666666666,0.08333333333333333,0.16666666666666666
t1_joi7vi8,0.055,0.885,0.06,-0.1779,0.16666666666666666,0.0,0.8333333333333334,0.0,0.0,0.0,0.0,0.0
t1_guzlb8x,0.0,0.893,0.107,0.6369,0.0,0.0,0.0,0.0,0.0,0.0,0.0,0.0
t1_hqgw7x2,0.056,0.868,0.077,0.6249,0.07692307692307693,0.19230769230769232,0.15384615384615385,0.11538461538461539,0.0,0.0,0.11538461538461539,0.07692307692307693
t1_dwv9w1g,0.044,0.768,0.188,0.7845,0.09090909090909091,0.0,0.09090909090909091,0.2727272727272727,0.0,0.0,0.0,0.0
t1_gtfbu6q,0.194,0.741,0.066,-0.6705,0.14285714285714285,0.14285714285714285,0.0,0.07142857142857142,0.0,0.07142857142857142,0.0,0.14285714285714285
t1_dvmjq2f,0.0,0.774,0.226,0.7845,0.16666666666666666,0.0,0.0,0.16666666666666666,0.0,0.0,0.0,0.0
t1_cp9o451,0.083,0.868,0.049,-0.296,0.09523809523809523,0.09523809523809523,0.09523809523809523,0.09523809523809523,0.0,0.19047619047619047,0.09523809523809523,0.0
t1_inown2o,0.136,0.719,0.145,0.1779,0.07142857142857142,0.0,0.14285714285714285,0.14285714285714285,0.0,0.0,0.07142857142857142,0.0
t1_jarac1v,0.175,0.782,0.043,-0.836,0.25,0.375,0.0,0.0,0.0,0.0,0.0,0.0
t1_d31pycf,0.031,0.87,0.099,0.5789,0.05555555555555555,0.0,0.2222222222222222,0.2222222222222222,0.1111111111111111,0.0,0.1111111111111111,0.0
t1_i6q3pgk,0.0,0.943,0.057,0.5423,0.0,0.0,0.4,0.2,0.0,0.0,0.0,0.0
t1_jn0i7yc,0.07,0.878,0.052,-0.6966,0.05263157894736842,0.05263157894736842,0.10526315789473684,0.05263157894736842,0.0,0.15789473684210525,0.05263157894736842,0.05263157894736842
t1_errzoqo,0.093,0.854,0.054,-0.2747,0.0,0.0,0.125,0.125,0.0,0.125,0.125,0.0
t1_gdwhsjp,0.057,0.82,0.123,0.8003,0.10344827586206896,0.0,0.10344827586206896,0.10344827586206896,0.06896551724137931,0.10344827586206896,0.10344827586206896,0.0
t1_fwgy9zo,0.177,0.809,0.014,-0.9606,0.2857142857142857,0.09523809523809523,0.14285714285714285,0.09523809523809523,0.09523809523809523,0.0,0.047619047619047616,0.0
t1_gxc4p9s,0.027,0.848,0.125,0.8625,0.09090909090909091,0.0,0.09090909090909091,0.09090909090909091,0.0,0.0,0.09090909090909091,0.0
t1_g28t387,0.021,0.854,0.125,0.9087,0.0,0.0,0.13333333333333333,0.26666666666666666,0.06666666666666667,0.0,0.2,0.06666666666666667
t1_g4rrkh6,0.111,0.889,0.0,-0.7269,0.16666666666666666,0.16666666666666666,0.08333333333333333,0.0,0.0,0.08333333333333333,0.0,0.08333333333333333
t1_dtgnvhp,0.0,0.93,0.07,0.7647,0.08,0.04,0.16,0.08,0.04,0.0,0.12,0.08
t1_gugg67i,0.142,0.799,0.059,-0.8617,0.21052631578947367,0.0,0.10526315789473684,0.21052631578947367,0.05263157894736842,0.05263157894736842,0.0,0.05263157894736842
t1_irnh8nl,0.097,0.866,0.037,-0.5718,0.0,0.25,0.0,0.0,0.0,0.25,0.0,0.0
t1_g75d9ew,0.0,0.921,0.079,0.6059,0.0,0.16666666666666666,0.08333333333333333,0.16666666666666666,0.08333333333333333,0.0,0.16666666666666666,0.0
t1_evxgssx,0.139,0.805,0.057,-0.8207,0.11764705882352941,0.17647058823529413,0.11764705882352941,0.11764705882352941,0.0,0.0,0.058823529411764705,0.11764705882352941
t1_kcm73ae,0.123,0.822,0.055,-0.3612,0.0,0.0,0.09090909090909091,0.09090909090909091,0.0,0.09090909090909091,0.0,0.0
t1_go0rps8,0.0,0.868,0.132,0.5719,0.125,0.125,0.0,0.125,0.25,0.125,0.0,0.0
t1_gzvvcpi,0.074,0.86,0.066,-0.2383,0.10526315789473684,0.05263157894736842,0.05263157894736842,0.10526315789473684,0.0,0.10526315789473684,0.05263157894736842,0.05263157894736842
t1_i56672y,0.0,0.88,0.12,0.5994,0.0,0.0,0.0,0.5,0.0,0.0,0.0,0.0
t1_jrng3ku,0.064,0.872,0.064,-0.2408,0.05555555555555555,0.0,0.1111111111111111,0.2777777777777778,0.0,0.0,0.16666666666666666,0.0
t1_k3rq6kx,0.018,0.883,0.1,0.8976,0.08333333333333333,0.016666666666666666,0.13333333333333333,0.11666666666666667,0.1,0.016666666666666666,0.06666666666666667,0.05
t1_jxmb30r,0.0,0.751,0.249,0.9229,0.0,0.0,0.1111111111111111,0.2222222222222222,0.1111111111111111,0.0,0.2222222222222222,0.0
t1_e3vh3ys,0.156,0.767,0.077,-0.3818,0.0,0.0,0.3333333333333333,0.0,0.0,0.0,0.3333333333333333,0.0
t1_hf5sp4h,0.275,0.68,0.045,-0.9314,0.25,0.16666666666666666,0.08333333333333333,0.0,0.0,0.0,0.0,0.08333333333333333
t1_gxif15f,0.134,0.753,0.113,-0.3919,0.1111111111111111,0.037037037037037035,0.07407407407407407,0.14814814814814814,0.07407407407407407,0.07407407407407407,0.07407407407407407,0.07407407407407407
t1_hjal99w,0.199,0.801,0.0,-0.8268,0.2,0.05,0.2,0.15,0.05,0.05,0.0,0.05
t1_ik1dorr,0.071,0.871,0.058,0.0,0.18181818181818182,0.09090909090909091,0.18181818181818182,0.09090909090909091,0.0,0.09090909090909091,0.09090909090909091,0.0
t1_fbks8mb,0.229,0.7,0.071,-0.91,0.15,0.15,0.1,0.2,0.0,0.05,0.05,0.05
t1_du2p89s,0.035,0.928,0.037,0.0516,0.07142857142857142,0.0,0.14285714285714285,0.35714285714285715,0.0,0.0,0.07142857142857142,0.0
t1_h3kyfie,0.239,0.692,0.069,-0.9186,0.16666666666666666,0.05555555555555555,0.0,0.0,0.0,0.1111111111111111,0.0,0.1111111111111111
t1_gs31a3v,0.0,0.902,0.098,0.8779,0.0,0.0,0.08333333333333333,0.25,0.0,0.0,0.16666666666666666,0.0
t1_dqfazwe,0.047,0.841,0.112,0.7964,0.10714285714285714,0.0,0.14285714285714285,0.21428571428571427,0.0,0.03571428571428571,0.03571428571428571,0.0
t1_eax2m17,0.032,0.702,0.266,0.9005,0.0,0.0,0.0,0.0,0.0,0.0,0.0,0.0
t1_inoqwei,0.184,0.74,0.076,-0.6775,0.2222222222222222,0.0,0.1111111111111111,0.1111111111111111,0.0,0.1111111111111111,0.0,0.1111111111111111
t1_cqcc3il,0.079,0.864,0.056,-0.3197,0.07142857142857142,0.0,0.14285714285714285,0.2857142857142857,0.07142857142857142,0.0,0.07142857142857142,0.0
t1_ft02iga,0.077,0.723,0.201,0.9661,0.0,0.07142857142857142,0.07142857142857142,0.14285714285714285,0.07142857142857142,0.0,0.14285714285714285,0.0
t1_fai2xjd,0.163,0.769,0.068,-0.4939,0.0,0.0,0.14285714285714285,0.14285714285714285,0.14285714285714285,0.0,0.14285714285714285,0.14285714285714285
t1_e9seu4s,0.276,0.677,0.048,-0.8442,0.0,0.0,0.0,0.0,0.0,0.0,0.0,0.0
t1_e1ci2ui,0.038,0.828,0.134,0.8982,0.09090909090909091,0.045454545454545456,0.13636363636363635,0.13636363636363635,0.045454545454545456,0.09090909090909091,0.045454545454545456,0.0
t1_efx6wkc,0.201,0.661,0.138,-0.7052,0.0,0.13636363636363635,0.09090909090909091,0.18181818181818182,0.045454545454545456,0.0,0.09090909090909091,0.09090909090909091
t1_huuqfco,0.058,0.942,0.0,-0.7096,0.05555555555555555,0.05555555555555555,0.1111111111111111,0.1111111111111111,0.0,0.05555555555555555,0.0,0.0
t1_gxljajr,0.101,0.865,0.034,-0.4939,0.2777777777777778,0.05555555555555555,0.05555555555555555,0.1111111111111111,0.05555555555555555,0.05555555555555555,0.0,0.05555555555555555
t1_csthti6,0.05,0.778,0.172,0.6358,0.0,0.0,0.25,0.25,0.0,0.0,0.25,0.0
t1_e5g2rmk,0.056,0.944,0.0,-0.3182,0.0,0.0,0.5,0.0,0.0,0.0,0.0,0.0
t1_iaxv4cj,0.153,0.736,0.11,-0.4939,0.16666666666666666,0.16666666666666666,0.05555555555555555,0.05555555555555555,0.05555555555555555,0.1111111111111111,0.0,0.05555555555555555
t1_gbx05sn,0.107,0.747,0.146,0.4019,0.25,0.08333333333333333,0.16666666666666666,0.16666666666666666,0.0,0.0,0.0,0.0
t1_ka3tv8u,0.224,0.776,0.0,-0.802,0.5,0.0,0.0,0.0,0.0,0.0,0.0,0.0
t1_gs8wgm8,0.025,0.912,0.063,0.5569,0.15,0.1,0.0,0.15,0.0,0.15,0.0,0.1
t1_gc8g0tz,0.04,0.763,0.198,0.765,0.0,0.0,0.16666666666666666,0.16666666666666666,0.0,0.0,0.16666666666666666,0.0
t1_gg5z5dm,0.0,1.0,0.0,0.0,0.16666666666666666,0.0,0.0,0.3333333333333333,0.0,0.0,0.08333333333333333,0.0
t1_feazt7x,0.0,1.0,0.0,0.0,0.25,0.25,0.0,0.0,0.0,0.0,0.0,0.0
t1_jnkxfr7,0.0,0.893,0.107,0.5984,0.10526315789473684,0.0,0.0,0.3157894736842105,0.0,0.0,0.05263157894736842,0.05263157894736842
t1_gx254v2,0.117,0.85,0.033,-0.8555,0.075,0.1,0.125,0.125,0.075,0.025,0.1,0.025
t1_harqy6m,0.02,0.861,0.118,0.8611,0.09090909090909091,0.045454545454545456,0.18181818181818182,0.0,0.09090909090909091,0.045454545454545456,0.18181818181818182,0.0
t1_i8wwclf,0.046,0.931,0.023,-0.3182,0.11764705882352941,0.11764705882352941,0.23529411764705882,0.11764705882352941,0.058823529411764705,0.0,0.058823529411764705,0.0
t1_fo64zu2,0.0,0.652,0.348,0.9806,0.06666666666666667,0.13333333333333333,0.06666666666666667,0.13333333333333333,0.06666666666666667,0.13333333333333333,0.13333333333333333,0.0
t1_h60mfna,0.018,0.881,0.101,0.8573,0.10714285714285714,0.0,0.14285714285714285,0.17857142857142858,0.07142857142857142,0.03571428571428571,0.10714285714285714,0.0
t1_gs2ew31,0.056,0.851,0.093,0.4991,0.0,0.0,0.0,0.3333333333333333,0.0,0.0,0.0,0.0
t1_e6dpyn1,0.099,0.877,0.024,-0.8286,0.13333333333333333,0.06666666666666667,0.26666666666666666,0.13333333333333333,0.0,0.0,0.2,0.0
t1_hgjle59,0.0,1.0,0.0,0.0,0.0,0.0,0.0,0.0,0.3333333333333333,0.0,0.0,0.0
t1_ec3nl8c,0.056,0.816,0.128,0.5106,0.1,0.2,0.0,0.0,0.1,0.1,0.0,0.1
t1_e8goh8m,0.026,0.948,0.026,-0.0027,0.07142857142857142,0.07142857142857142,0.21428571428571427,0.14285714285714285,0.0,0.07142857142857142,0.0,0.07142857142857142
t1_g11lfhu,0.021,0.904,0.074,0.6008,0.0,0.09090909090909091,0.18181818181818182,0.18181818181818182,0.0,0.09090909090909091,0.09090909090909091,0.09090909090909091
t1_gxd3zbv,0.098,0.846,0.056,-0.7212,0.125,0.041666666666666664,0.08333333333333333,0.125,0.0,0.0,0.041666666666666664,0.0
t1_g4807tk,0.122,0.71,0.168,0.4161,0.14285714285714285,0.0,0.14285714285714285,0.14285714285714285,0.0,0.0,0.0,0.0
t1_em4hx9e,0.0,0.846,0.154,0.9464,0.11428571428571428,0.0,0.17142857142857143,0.11428571428571428,0.08571428571428572,0.02857142857142857,0.14285714285714285,0.0
t1_gagevhn,0.118,0.882,0.0,-0.765,0.0,0.0,0.0,0.0,0.0,0.0,0.0,0.0
t1_dmurcyz,0.066,0.797,0.137,0.8831,0.0,0.0,0.0,0.2857142857142857,0.0,0.0,0.0,0.0
t1_durxzn9,0.031,0.969,0.0,-0.296,0.18181818181818182,0.09090909090909091,0.18181818181818182,0.18181818181818182,0.0,0.0,0.0,0.0
t1_gt3nk2t,0.0,0.898,0.102,0.8402,0.0,0.0,0.0,0.4,0.0,0.0,0.0,0.0
t1_girxjtx,0.064,0.876,0.06,-0.1154,0.25,0.0,0.0,0.125,0.0,0.125,0.0,0.0
t1_gs46wy7,0.074,0.782,0.144,0.9091,0.14285714285714285,0.03571428571428571,0.03571428571428571,0.17857142857142858,0.07142857142857142,0.03571428571428571,0.03571428571428571,0.03571428571428571
t1_iecn2d2,0.0,0.868,0.132,0.5416,0.0,0.0,0.3333333333333333,0.0,0.0,0.0,0.0,0.0
t1_hemtv1u,0.033,0.93,0.037,0.0516,0.2,0.0,0.2,0.2,0.0,0.0,0.0,0.0
t1_hk2om0v,0.066,0.904,0.029,-0.4137,0.25,0.0,0.25,0.25,0.0,0.25,0.0,0.0
t1_dtq17zk,0.122,0.816,0.061,-0.4019,0.08333333333333333,0.08333333333333333,0.0,0.16666666666666666,0.0,0.16666666666666666,0.0,0.08333333333333333
t1_heawbke,0.094,0.761,0.145,0.6164,0.125,0.0625,0.1875,0.1875,0.0,0.0,0.0625,0.0
t1_e94b9qu,0.0,0.774,0.226,0.8689,0.0,0.2,0.2,0.0,0.0,0.2,0.0,0.2
t1_fzm18v6,0.211,0.687,0.102,-0.512,0.18181818181818182,0.09090909090909091,0.0,0.2727272727272727,0.0,0.09090909090909091,0.0,0.0
t1_ia9jf2r,0.067,0.823,0.111,0.2732,0.07142857142857142,0.0,0.07142857142857142,0.07142857142857142,0.07142857142857142,0.14285714285714285,0.07142857142857142,0.0
t1_g58vr4c,0.21,0.731,0.06,-0.9014,0.22727272727272727,0.045454545454545456,0.09090909090909091,0.18181818181818182,0.0,0.09090909090909091,0.0,0.09090909090909091
t1_hn52wjp,0.0,0.776,0.224,0.9423,0.06666666666666667,0.0,0.13333333333333333,0.13333333333333333,0.0,0.0,0.2,0.0
t1_io421pm,0.091,0.71,0.2,0.5994,0.13636363636363635,0.045454545454545456,0.09090909090909091,0.18181818181818182,0.045454545454545456,0.045454545454545456,0.09090909090909091,0.045454545454545456
t1_e98u3jh,0.095,0.905,0.0,-0.6956,0.25,0.0,0.0,0.25,0.0,0.0,0.0,0.0
t1_e78v2gl,0.12,0.774,0.106,-0.3031,0.15384615384615385,0.11538461538461539,0.038461538461538464,0.07692307692307693,0.038461538461538464,0.19230769230769232,0.038461538461538464,0.07692307692307693
t1_gnqw62w,0.095,0.775,0.13,0.1796,0.07894736842105263,0.05263157894736842,0.10526315789473684,0.15789473684210525,0.05263157894736842,0.05263157894736842,0.10526315789473684,0.05263157894736842
t1_kdu45r1,0.157,0.689,0.154,-0.2833,0.24,0.12,0.16,0.08,0.0,0.08,0.0,0.0
t1_hqxgwyi,0.115,0.833,0.051,-0.3818,0.25,0.25,0.0,0.0,0.0,0.0,0.0,0.0
t1_ixpvp87,0.204,0.796,0.0,-0.802,0.2,0.2,0.0,0.2,0.0,0.0,0.0,0.0
t1_jmlounf,0.149,0.834,0.016,-0.873,0.0,0.16666666666666666,0.0,0.0,0.0,0.3333333333333333,0.0,0.0
t1_el6s5yk,0.297,0.647,0.056,-0.8958,0.42857142857142855,0.0,0.0,0.14285714285714285,0.0,0.0,0.0,0.14285714285714285
t1_h3kimjf,0.063,0.853,0.085,0.538,0.15384615384615385,0.0,0.15384615384615385,0.15384615384615385,0.07692307692307693,0.07692307692307693,0.0,0.0
t1_h35xxsz,0.075,0.805,0.119,0.4897,0.08,0.04,0.16,0.08,0.08,0.12,0.08,0.04
t1_h1u5q24,0.0,1.0,0.0,0.0,0.0,0.0,0.0,0.0,0.3333333333333333,0.0,0.0,0.0
t1_hkxpear,0.0,0.901,0.099,0.6486,0.0,0.0,0.42857142857142855,0.14285714285714285,0.14285714285714285,0.0,0.14285714285714285,0.0
t1_jeju736,0.119,0.823,0.058,-0.3624,0.09523809523809523,0.0,0.14285714285714285,0.14285714285714285,0.047619047619047616,0.09523809523809523,0.09523809523809523,0.0
t1_gbx05sn,0.107,0.747,0.146,0.4019,0.25,0.08333333333333333,0.16666666666666666,0.16666666666666666,0.0,0.0,0.0,0.0
t1_eqqnc2u,0.0,0.756,0.244,0.9263,0.0,0.0,0.0,0.16666666666666666,0.0,0.0,0.0,0.0
t1_eknlezw,0.073,0.865,0.063,-0.1779,0.1,0.1,0.1,0.2,0.0,0.0,0.1,0.0
t1_jny2kzb,0.044,0.956,0.0,-0.296,0.16666666666666666,0.0,0.0,0.16666666666666666,0.0,0.0,0.0,0.0
t1_i5mgcat,0.0,0.789,0.211,0.9633,0.0,0.0,0.09090909090909091,0.18181818181818182,0.0,0.09090909090909091,0.09090909090909091,0.0
t1_gpq935v,0.04,0.737,0.223,0.925,0.25,0.0,0.25,0.0,0.0,0.0,0.0,0.0
t1_j9563fi,0.072,0.86,0.068,-0.0772,0.03125,0.03125,0.09375,0.15625,0.03125,0.15625,0.15625,0.03125
t1_j8ym47s,0.153,0.847,0.0,-0.8236,0.16666666666666666,0.0,0.0,0.08333333333333333,0.08333333333333333,0.16666666666666666,0.08333333333333333,0.0
t1_g9qat6j,0.213,0.726,0.061,-0.886,0.08333333333333333,0.25,0.0,0.08333333333333333,0.0,0.08333333333333333,0.0,0.08333333333333333
t1_kat9fvt,0.021,0.834,0.145,0.926,0.10526315789473684,0.05263157894736842,0.15789473684210525,0.21052631578947367,0.0,0.0,0.10526315789473684,0.0
t1_eed5kg5,0.096,0.817,0.087,-0.2263,0.038461538461538464,0.0,0.19230769230769232,0.07692307692307693,0.038461538461538464,0.038461538461538464,0.15384615384615385,0.038461538461538464
t1_e8xqvpo,0.149,0.771,0.08,-0.4176,0.0,0.4,0.0,0.0,0.0,0.2,0.0,0.0
t1_gsigr7k,0.114,0.816,0.069,-0.5106,0.09090909090909091,0.18181818181818182,0.09090909090909091,0.0,0.0,0.18181818181818182,0.0,0.09090909090909091
t1_idluzk4,0.253,0.673,0.074,-0.7717,0.125,0.0,0.125,0.125,0.0,0.0,0.125,0.125
t1_di0t906,0.058,0.699,0.243,0.7269,0.0,0.0,0.0,0.0,0.0,0.0,0.0,0.0
t1_jiynhh8,0.112,0.852,0.035,-0.874,0.18181818181818182,0.0,0.09090909090909091,0.0,0.0,0.18181818181818182,0.0,0.0
t1_ek7btyy,0.084,0.853,0.063,0.1779,0.08333333333333333,0.16666666666666666,0.0,0.08333333333333333,0.0,0.08333333333333333,0.0,0.16666666666666666
t1_i3jdifr,0.029,0.935,0.036,-0.0258,0.09523809523809523,0.09523809523809523,0.09523809523809523,0.2857142857142857,0.047619047619047616,0.047619047619047616,0.0,0.047619047619047616
t1_h077hhs,0.0,1.0,0.0,0.0,0.0,0.0,0.3333333333333333,0.0,0.0,0.0,0.0,0.0
t1_jyfq8lc,0.0,0.877,0.123,0.5423,0.0,0.0,0.5,0.0,0.0,0.0,0.0,0.0
t1_hj25w70,0.0,1.0,0.0,0.0,0.0,0.0,0.0,0.0,0.0,0.0,0.0,0.0
t1_h51lkav,0.093,0.764,0.143,0.3218,0.0,0.08333333333333333,0.0,0.16666666666666666,0.0,0.0,0.16666666666666666,0.08333333333333333
t1_harqy6m,0.02,0.861,0.118,0.8611,0.09090909090909091,0.045454545454545456,0.18181818181818182,0.0,0.09090909090909091,0.045454545454545456,0.18181818181818182,0.0
t1_hpu3cwh,0.0,0.945,0.055,0.6187,0.0,0.0,0.058823529411764705,0.17647058823529413,0.11764705882352941,0.0,0.11764705882352941,0.058823529411764705
t1_hrvgqf2,0.049,0.951,0.0,-0.2755,0.0,0.0,0.0,0.5,0.0,0.0,0.25,0.0
t1_iozhx9w,0.21,0.713,0.077,-0.9186,0.13636363636363635,0.09090909090909091,0.045454545454545456,0.18181818181818182,0.0,0.13636363636363635,0.045454545454545456,0.09090909090909091
t1_kezh8cu,0.101,0.837,0.063,-0.25,0.0,0.0,0.0,0.0,0.0,0.0,0.0,0.0
t1_dtepiqx,0.0,0.927,0.073,0.7351,0.125,0.0,0.125,0.125,0.0,0.0,0.125,0.0
t1_kfg52a2,0.0,0.949,0.051,0.128,0.14285714285714285,0.14285714285714285,0.14285714285714285,0.14285714285714285,0.0,0.0,0.0,0.0
t1_jqq0trs,0.103,0.719,0.178,0.631,0.07692307692307693,0.0,0.15384615384615385,0.23076923076923078,0.07692307692307693,0.07692307692307693,0.15384615384615385,0.0
t1_evds4ou,0.022,0.946,0.032,0.2936,0.13333333333333333,0.0,0.06666666666666667,0.13333333333333333,0.06666666666666667,0.0,0.06666666666666667,0.0
t1_gng5rq1,0.091,0.791,0.119,0.2263,0.125,0.0,0.125,0.125,0.125,0.0,0.125,0.0
t1_j19nj2i,0.113,0.887,0.0,-0.7269,0.10526315789473684,0.10526315789473684,0.15789473684210525,0.10526315789473684,0.05263157894736842,0.05263157894736842,0.10526315789473684,0.05263157894736842
t1_h9yc1r9,0.197,0.649,0.154,-0.2023,0.07692307692307693,0.15384615384615385,0.07692307692307693,0.15384615384615385,0.0,0.07692307692307693,0.07692307692307693,0.0
t1_h5s2rnc,0.065,0.852,0.082,0.1531,0.0,0.0,0.0,0.25,0.0,0.0,0.0,0.0
t1_gx4i5r2,0.237,0.698,0.064,-0.7351,0.0,0.4,0.0,0.2,0.0,0.0,0.0,0.0
t1_hf2frw4,0.075,0.806,0.119,0.3237,0.07142857142857142,0.07142857142857142,0.14285714285714285,0.14285714285714285,0.07142857142857142,0.07142857142857142,0.14285714285714285,0.07142857142857142
t1_i16cmck,0.0,0.572,0.428,0.982,0.0,0.0,0.19047619047619047,0.14285714285714285,0.09523809523809523,0.0,0.23809523809523808,0.0
t1_foybyho,0.0,0.874,0.126,0.6341,0.0,0.0,0.0,0.3333333333333333,0.0,0.0,0.0,0.0
t1_fal11fh,0.035,0.931,0.034,-0.0258,0.14285714285714285,0.14285714285714285,0.14285714285714285,0.0,0.0,0.2857142857142857,0.0,0.0
t1_fdo749a,0.156,0.728,0.115,-0.4767,0.14285714285714285,0.14285714285714285,0.0,0.14285714285714285,0.0,0.0,0.0,0.0
t1_gxkn8fm,0.073,0.901,0.026,-0.7096,0.10714285714285714,0.14285714285714285,0.03571428571428571,0.17857142857142858,0.03571428571428571,0.07142857142857142,0.03571428571428571,0.03571428571428571
t1_grudkaw,0.085,0.881,0.034,-0.6249,0.17307692307692307,0.09615384615384616,0.07692307692307693,0.07692307692307693,0.038461538461538464,0.11538461538461539,0.038461538461538464,0.09615384615384616
t1_jcxpg2x,0.0,1.0,0.0,0.0,0.0,0.0,0.0,0.25,0.0,0.0,0.25,0.0
t1_dsxyg9x,0.073,0.842,0.085,0.168,0.16666666666666666,0.0,0.16666666666666666,0.16666666666666666,0.0,0.0,0.0,0.0
t1_fs05nuj,0.205,0.753,0.042,-0.7845,0.0,0.0,0.2,0.2,0.0,0.0,0.0,0.2
t1_fasnjg2,0.0,0.893,0.107,0.7184,0.0,0.0,0.4,0.0,0.0,0.0,0.0,0.0
t1_k4u8bjj,0.032,0.896,0.072,0.4588,0.2,0.0,0.2,0.0,0.0,0.0,0.0,0.0
t1_gse6iar,0.209,0.775,0.016,-0.9799,0.23529411764705882,0.17647058823529413,0.0,0.058823529411764705,0.0,0.0,0.0,0.17647058823529413
t1_jp33k4v,0.0,0.824,0.176,0.9246,0.125,0.0,0.125,0.0,0.0,0.0,0.125,0.0
t1_hk246c9,0.136,0.837,0.027,-0.8594,0.15789473684210525,0.10526315789473684,0.0,0.10526315789473684,0.0,0.21052631578947367,0.05263157894736842,0.0
t1_e4tw8nb,0.145,0.701,0.154,0.128,0.4,0.2,0.0,0.0,0.0,0.0,0.0,0.0
t1_jrg5bot,0.195,0.689,0.116,-0.6277,0.16666666666666666,0.16666666666666666,0.0,0.08333333333333333,0.0,0.08333333333333333,0.0,0.08333333333333333
t1_gv1whi0,0.011,0.908,0.081,0.8968,0.0,0.0,0.07142857142857142,0.21428571428571427,0.0,0.14285714285714285,0.0,0.0
t1_hkef6r3,0.137,0.863,0.0,-0.9382,0.11538461538461539,0.11538461538461539,0.07692307692307693,0.038461538461538464,0.07692307692307693,0.19230769230769232,0.0,0.11538461538461539
t1_e7hxvyt,0.09,0.896,0.015,-0.7351,0.13636363636363635,0.13636363636363635,0.09090909090909091,0.045454545454545456,0.0,0.13636363636363635,0.0,0.18181818181818182
t1_gtdbqqz,0.099,0.846,0.055,-0.6124,0.2692307692307692,0.11538461538461539,0.038461538461538464,0.11538461538461539,0.0,0.0,0.038461538461538464,0.038461538461538464
t1_ez9y15i,0.175,0.772,0.053,-0.7972,0.18181818181818182,0.18181818181818182,0.0,0.0,0.09090909090909091,0.18181818181818182,0.0,0.09090909090909091
t1_e31ti6k,0.033,0.92,0.047,0.2048,0.6666666666666666,0.0,0.0,0.0,0.0,0.0,0.0,0.0
t1_gf7cn6c,0.041,0.806,0.153,0.7845,0.1,0.0,0.2,0.2,0.05,0.0,0.15,0.0
t1_gv5h0eg,0.034,0.869,0.096,0.5204,0.0,0.25,0.25,0.0,0.0,0.0,0.0,0.0
t1_k84yznn,0.116,0.842,0.042,-0.5983,0.16666666666666666,0.0,0.0,0.16666666666666666,0.0,0.16666666666666666,0.0,0.0
t1_etcj6rq,0.037,0.899,0.065,0.25,0.1,0.1,0.1,0.3,0.1,0.0,0.1,0.0
t1_kdu45r1,0.157,0.689,0.154,-0.2833,0.24,0.12,0.16,0.08,0.0,0.08,0.0,0.0
t1_j965p64,0.229,0.669,0.103,-0.9678,0.14583333333333334,0.125,0.041666666666666664,0.0625,0.041666666666666664,0.125,0.041666666666666664,0.10416666666666667
t1_j9f9mbm,0.024,0.91,0.066,0.4503,0.0,0.0,0.16666666666666666,0.3333333333333333,0.0,0.0,0.08333333333333333,0.0
t1_hbm3exp,0.251,0.672,0.077,-0.9746,0.0851063829787234,0.1276595744680851,0.10638297872340426,0.1276595744680851,0.0425531914893617,0.0425531914893617,0.10638297872340426,0.0
t1_gfwz4mi,0.0,0.893,0.107,0.9065,0.25,0.0625,0.0625,0.0625,0.0625,0.0625,0.0625,0.0
t1_h0zkm4a,0.049,0.951,0.0,-0.3182,0.0,0.0,0.2,0.2,0.0,0.0,0.0,0.0
t1_fnkauqo,0.064,0.845,0.09,0.2263,0.2857142857142857,0.0,0.07142857142857142,0.14285714285714285,0.07142857142857142,0.07142857142857142,0.14285714285714285,0.0
t1_es08sl7,0.129,0.742,0.129,-0.2382,0.0,0.07142857142857142,0.14285714285714285,0.2857142857142857,0.0,0.0,0.03571428571428571,0.03571428571428571
t1_e7nttj7,0.078,0.922,0.0,-0.296,0.16666666666666666,0.16666666666666666,0.0,0.16666666666666666,0.0,0.0,0.0,0.16666666666666666
t1_gxiez56,0.134,0.753,0.113,-0.3919,0.1111111111111111,0.037037037037037035,0.07407407407407407,0.14814814814814814,0.07407407407407407,0.07407407407407407,0.07407407407407407,0.07407407407407407
t1_jrx3jj7,0.067,0.822,0.112,0.6697,0.07692307692307693,0.07692307692307693,0.0,0.15384615384615385,0.0,0.038461538461538464,0.038461538461538464,0.0
t1_ewmyi6c,0.041,0.863,0.096,0.5571,0.0,0.0,0.0,0.0,0.0,0.3333333333333333,0.0,0.0
t1_e3ztchc,0.039,0.931,0.03,-0.1406,0.1111111111111111,0.0,0.2222222222222222,0.1111111111111111,0.0,0.1111111111111111,0.0,0.0
t1_gra2ss8,0.272,0.728,0.0,-0.8658,0.0,0.0,0.0,0.16666666666666666,0.16666666666666666,0.16666666666666666,0.16666666666666666,0.0
t1_ita35vm,0.132,0.868,0.0,-0.875,0.25,0.0,0.0,0.0,0.0,0.0,0.0,0.0
t1_jjhipdx,0.139,0.768,0.093,-0.7124,0.16129032258064516,0.06451612903225806,0.12903225806451613,0.06451612903225806,0.0,0.0,0.0,0.0
t1_h3b7xjd,0.082,0.87,0.048,-0.6124,0.11764705882352941,0.11764705882352941,0.0,0.17647058823529413,0.0,0.17647058823529413,0.058823529411764705,0.0
t1_dyuh4c2,0.177,0.766,0.057,-0.7256,0.0,0.125,0.125,0.125,0.0,0.0,0.125,0.0
t1_iy2tol6,0.141,0.801,0.058,-0.8807,0.16,0.12,0.08,0.08,0.04,0.12,0.08,0.0
t1_gjjcazf,0.017,0.796,0.187,0.9408,0.0,0.0,0.15789473684210525,0.21052631578947367,0.10526315789473684,0.0,0.10526315789473684,0.0
t1_dws65xb,0.0,1.0,0.0,0.0,0.0,0.0,0.0,0.5,0.0,0.0,0.0,0.0
t1_g1g904u,0.192,0.808,0.0,-0.8316,0.23076923076923078,0.23076923076923078,0.0,0.0,0.0,0.07692307692307693,0.0,0.07692307692307693
t1_h4rlx21,0.056,0.891,0.053,-0.0644,0.16666666666666666,0.08333333333333333,0.16666666666666666,0.08333333333333333,0.08333333333333333,0.0,0.08333333333333333,0.08333333333333333
t1_hadbv5m,0.0,0.943,0.057,0.3919,0.5,0.0,0.0,0.5,0.0,0.0,0.0,0.0
t1_g6rmy9i,0.102,0.898,0.0,-0.886,0.08695652173913043,0.043478260869565216,0.08695652173913043,0.21739130434782608,0.0,0.043478260869565216,0.0,0.08695652173913043
t1_hloiymj,0.054,0.758,0.188,0.7569,0.25,0.0,0.0,0.0,0.25,0.25,0.0,0.0
t1_izwurkf,0.158,0.781,0.061,-0.9104,0.1111111111111111,0.2222222222222222,0.0,0.0,0.05555555555555555,0.05555555555555555,0.0,0.2222222222222222
t1_fdq3zps,0.0,0.842,0.158,0.8591,0.0,0.0,0.1,0.1,0.1,0.1,0.1,0.1
t1_k7k0fx9,0.0,0.936,0.064,0.5719,0.0,0.0,0.0,0.16666666666666666,0.0,0.0,0.16666666666666666,0.0
t1_gx5f9y8,0.111,0.729,0.16,0.6974,0.05555555555555555,0.05555555555555555,0.16666666666666666,0.1111111111111111,0.05555555555555555,0.05555555555555555,0.05555555555555555,0.0
t1_cledddm,0.073,0.815,0.112,0.2975,0.08333333333333333,0.08333333333333333,0.041666666666666664,0.125,0.041666666666666664,0.125,0.125,0.041666666666666664
t1_itd2lii,0.0,0.952,0.048,0.0772,0.058823529411764705,0.11764705882352941,0.058823529411764705,0.11764705882352941,0.058823529411764705,0.0,0.058823529411764705,0.058823529411764705
t1_f8t8fdt,0.072,0.761,0.167,0.6698,0.1111111111111111,0.1111111111111111,0.0,0.2222222222222222,0.0,0.1111111111111111,0.0,0.1111111111111111
t1_h077hhs,0.0,1.0,0.0,0.0,0.0,0.0,0.3333333333333333,0.0,0.0,0.0,0.0,0.0
t1_jsjmumk,0.026,0.888,0.085,0.4767,0.0,0.125,0.0,0.5,0.0,0.0,0.0,0.0
t1_gzy6j29,0.041,0.925,0.033,-0.0772,0.14285714285714285,0.0,0.14285714285714285,0.14285714285714285,0.0,0.07142857142857142,0.07142857142857142,0.0
t1_fqzok7x,0.109,0.891,0.0,-0.8555,0.15384615384615385,0.15384615384615385,0.0,0.07692307692307693,0.0,0.23076923076923078,0.0,0.15384615384615385
t1_jvjv54k,0.194,0.722,0.084,-0.7783,0.13636363636363635,0.13636363636363635,0.09090909090909091,0.09090909090909091,0.045454545454545456,0.13636363636363635,0.09090909090909091,0.045454545454545456
t1_e22gqyu,0.143,0.813,0.044,-0.6124,0.0,0.0,0.3333333333333333,0.0,0.0,0.0,0.0,0.3333333333333333
t1_gnpz4i9,0.103,0.882,0.015,-0.875,0.125,0.125,0.0625,0.1875,0.0,0.125,0.0,0.0
t1_kfkvxtj,0.159,0.808,0.033,-0.8139,0.13333333333333333,0.06666666666666667,0.06666666666666667,0.13333333333333333,0.0,0.06666666666666667,0.06666666666666667,0.0
t1_h1t0e8i,0.04,0.823,0.138,0.8229,0.13636363636363635,0.13636363636363635,0.045454545454545456,0.18181818181818182,0.045454545454545456,0.0,0.09090909090909091,0.0
t1_e60zb6j,0.109,0.833,0.058,-0.3818,0.3333333333333333,0.16666666666666666,0.0,0.16666666666666666,0.0,0.16666666666666666,0.0,0.0
t1_kd2dlk9,0.0,0.899,0.101,0.8335,0.0,0.0,0.0,0.5,0.0,0.0,0.0,0.0
t1_gr8gaov,0.07,0.781,0.15,0.8969,0.07142857142857142,0.03571428571428571,0.03571428571428571,0.25,0.0,0.03571428571428571,0.03571428571428571,0.0
t1_dj3xp37,0.032,0.873,0.095,0.8458,0.0,0.06666666666666667,0.13333333333333333,0.13333333333333333,0.06666666666666667,0.06666666666666667,0.06666666666666667,0.0
t1_gv56hfd,0.04,0.898,0.061,0.3818,0.0,0.1111111111111111,0.1111111111111111,0.1111111111111111,0.0,0.0,0.1111111111111111,0.0
t1_e8roglc,0.171,0.777,0.051,-0.7681,0.13636363636363635,0.09090909090909091,0.045454545454545456,0.13636363636363635,0.045454545454545456,0.045454545454545456,0.045454545454545456,0.13636363636363635
t1_ghbm81l,0.059,0.817,0.124,0.5727,0.0,0.0,0.3333333333333333,0.0,0.0,0.0,0.0,0.0
t1_fc71da5,0.255,0.745,0.0,-0.802,0.2,0.2,0.0,0.2,0.0,0.0,0.0,0.0
t1_i2rj81n,0.154,0.757,0.089,-0.3612,0.0,0.25,0.0,0.0,0.0,0.0,0.0,0.25
t1_ialtcxq,0.095,0.789,0.116,0.2589,0.2857142857142857,0.0,0.0,0.14285714285714285,0.0,0.14285714285714285,0.0,0.0
t1_ebyd7ql,0.0,1.0,0.0,0.0,0.0,0.0,0.0,0.2222222222222222,0.0,0.0,0.2222222222222222,0.0
t1_g1dxjc3,0.085,0.704,0.211,0.5106,0.0,0.0,0.25,0.25,0.0,0.0,0.0,0.0
t1_gz175i9,0.073,0.79,0.138,0.8326,0.034482758620689655,0.06896551724137931,0.06896551724137931,0.27586206896551724,0.034482758620689655,0.034482758620689655,0.0,0.06896551724137931
t1_dugi06h,0.028,0.972,0.0,-0.2732,0.08333333333333333,0.16666666666666666,0.08333333333333333,0.08333333333333333,0.08333333333333333,0.08333333333333333,0.0,0.08333333333333333
t1_iinu4l2,0.061,0.862,0.077,0.1779,0.1,0.1,0.05,0.1,0.05,0.05,0.05,0.1
t1_kb75zqy,0.0,0.932,0.068,0.3612,0.0,0.0,0.0,0.3333333333333333,0.0,0.0,0.0,0.0
t1_efj54fr,0.259,0.741,0.0,-0.9531,0.14285714285714285,0.14285714285714285,0.14285714285714285,0.0,0.0,0.0,0.07142857142857142,0.14285714285714285
t1_k764w86,0.0,0.946,0.054,0.4019,0.0,0.0,0.2727272727272727,0.09090909090909091,0.0,0.0,0.09090909090909091,0.0
t1_i27a5vm,0.039,0.798,0.163,0.9257,0.09090909090909091,0.0,0.09090909090909091,0.09090909090909091,0.09090909090909091,0.09090909090909091,0.09090909090909091,0.0
t1_foisejb,0.467,0.464,0.07,-0.975,0.17391304347826086,0.17391304347826086,0.0,0.043478260869565216,0.0,0.17391304347826086,0.043478260869565216,0.043478260869565216
t1_eru1yth,0.294,0.633,0.073,-0.9739,0.13513513513513514,0.16216216216216217,0.02702702702702703,0.05405405405405406,0.0,0.10810810810810811,0.05405405405405406,0.13513513513513514
t1_glg7izv,0.0,0.89,0.11,0.8779,0.0,0.0,0.2857142857142857,0.2857142857142857,0.0,0.0,0.0,0.0
t1_gx0c6c7,0.0,0.965,0.035,0.0772,0.0,0.0,0.0,0.0,0.0,0.0,0.0,0.0
t1_gxiu3qi,0.086,0.835,0.08,-0.2047,0.11764705882352941,0.08823529411764706,0.08823529411764706,0.029411764705882353,0.029411764705882353,0.11764705882352941,0.058823529411764705,0.11764705882352941
t1_humw2y6,0.085,0.776,0.14,0.1187,0.2,0.0,0.0,0.2,0.0,0.1,0.1,0.0
t1_hu4l6g3,0.122,0.809,0.069,-0.5423,0.20833333333333334,0.08333333333333333,0.041666666666666664,0.125,0.041666666666666664,0.08333333333333333,0.08333333333333333,0.041666666666666664
t1_hzfper7,0.047,0.815,0.137,0.6369,0.0,0.0,0.16666666666666666,0.16666666666666666,0.0,0.0,0.16666666666666666,0.0
t1_hj6jp6r,0.099,0.699,0.202,0.4215,0.1,0.1,0.1,0.3,0.0,0.0,0.1,0.0
t1_hg6zavs,0.0,0.93,0.07,0.4019,0.0,0.0,0.0,0.0,0.0,0.0,0.0,0.0
t1_e09ormt,0.084,0.845,0.071,-0.128,0.14285714285714285,0.14285714285714285,0.0,0.14285714285714285,0.0,0.14285714285714285,0.0,0.0
t1_du6sidh,0.023,0.872,0.105,0.7476,0.0,0.058823529411764705,0.17647058823529413,0.17647058823529413,0.17647058823529413,0.0,0.11764705882352941,0.0
t1_ibl3zit,0.164,0.75,0.086,-0.7644,0.14285714285714285,0.14285714285714285,0.07142857142857142,0.07142857142857142,0.07142857142857142,0.14285714285714285,0.0,0.07142857142857142
t1_dundstv,0.159,0.841,0.0,-0.802,0.0,0.0,0.0,0.5,0.0,0.0,0.0,0.0
t1_clzliob,0.0,0.887,0.113,0.8979,0.18181818181818182,0.0,0.18181818181818182,0.18181818181818182,0.0,0.0,0.0,0.0
t1_dyg5mfm,0.033,0.923,0.044,0.2023,0.22727272727272727,0.0,0.0,0.13636363636363635,0.0,0.18181818181818182,0.045454545454545456,0.0
t1_e8pa361,0.132,0.78,0.088,-0.6775,0.13636363636363635,0.13636363636363635,0.0,0.09090909090909091,0.045454545454545456,0.13636363636363635,0.045454545454545456,0.09090909090909091
t1_ir28t6k,0.093,0.879,0.028,-0.7748,0.19047619047619047,0.0,0.14285714285714285,0.09523809523809523,0.09523809523809523,0.047619047619047616,0.047619047619047616,0.047619047619047616
t1_f5grbx3,0.123,0.877,0.0,-0.5994,0.23076923076923078,0.15384615384615385,0.0,0.15384615384615385,0.07692307692307693,0.07692307692307693,0.0,0.0
t1_gg56ogs,0.168,0.728,0.104,-0.3182,0.0,0.0,0.16666666666666666,0.3333333333333333,0.0,0.0,0.16666666666666666,0.0
t1_h9lf9nx,0.07,0.93,0.0,-0.7003,0.14285714285714285,0.0,0.0,0.14285714285714285,0.0,0.14285714285714285,0.0,0.14285714285714285
t1_iud13pj,0.119,0.799,0.082,-0.5478,0.0,0.0,0.0,0.0,0.0,0.0,0.0,0.0
t1_e03pyae,0.199,0.801,0.0,-0.8385,0.19230769230769232,0.15384615384615385,0.0,0.11538461538461539,0.038461538461538464,0.15384615384615385,0.0,0.11538461538461539
t1_gq5yx4q,0.081,0.868,0.051,-0.5255,0.18518518518518517,0.07407407407407407,0.037037037037037035,0.037037037037037035,0.037037037037037035,0.14814814814814814,0.0,0.1111111111111111
t1_h1715uh,0.164,0.715,0.12,-0.7096,0.2,0.125,0.025,0.025,0.0,0.175,0.075,0.05
t1_hs8lmfr,0.099,0.751,0.15,0.5574,0.025,0.025,0.15,0.1,0.125,0.075,0.2,0.025
t1_emhr9fy,0.179,0.779,0.042,-0.6369,0.2857142857142857,0.0,0.14285714285714285,0.14285714285714285,0.0,0.0,0.0,0.14285714285714285
t1_h3dit84,0.303,0.449,0.248,-0.2846,0.3,0.0,0.0,0.0,0.0,0.3,0.0,0.0
t1_idpf8hk,0.086,0.729,0.185,0.886,0.10344827586206896,0.13793103448275862,0.06896551724137931,0.13793103448275862,0.034482758620689655,0.06896551724137931,0.06896551724137931,0.10344827586206896
t1_engiv2p,0.181,0.733,0.086,-0.9563,0.1368421052631579,0.09473684210526316,0.1368421052631579,0.042105263157894736,0.09473684210526316,0.08421052631578947,0.09473684210526316,0.042105263157894736
t1_gf7cn6c,0.041,0.806,0.153,0.7845,0.1,0.0,0.2,0.2,0.05,0.0,0.15,0.0
t1_fvekdpj,0.162,0.733,0.105,-0.3231,0.0,0.0,0.0,0.0,0.0,0.0,0.0,0.0
t1_dxj1cw8,0.0,0.796,0.204,0.9052,0.0,0.0,0.125,0.25,0.0,0.0,0.25,0.0
t1_h85c3yl,0.115,0.778,0.107,-0.5023,0.21739130434782608,0.0,0.0,0.17391304347826086,0.043478260869565216,0.08695652173913043,0.0,0.0
t1_flpysik,0.184,0.716,0.1,-0.6652,0.14285714285714285,0.14285714285714285,0.14285714285714285,0.14285714285714285,0.0,0.0,0.0,0.0
t1_hl51m8k,0.188,0.812,0.0,-0.92,0.0,0.0,0.0,0.18181818181818182,0.0,0.2727272727272727,0.0,0.0
t1_gu7tok4,0.025,0.911,0.064,0.4215,0.1,0.05,0.25,0.1,0.05,0.1,0.0,0.0
t1_h6r21l2,0.079,0.818,0.103,0.3485,0.1875,0.125,0.1875,0.1875,0.0625,0.0,0.0625,0.0
t1_jrlp1dy,0.087,0.797,0.115,0.4588,0.14285714285714285,0.09523809523809523,0.047619047619047616,0.09523809523809523,0.0,0.047619047619047616,0.047619047619047616,0.09523809523809523
t1_k9blpye,0.046,0.931,0.023,-0.5994,0.16666666666666666,0.13333333333333333,0.2,0.06666666666666667,0.03333333333333333,0.03333333333333333,0.03333333333333333,0.03333333333333333
t1_ebdh779,0.082,0.88,0.038,-0.5866,0.07692307692307693,0.15384615384615385,0.07692307692307693,0.15384615384615385,0.07692307692307693,0.0,0.0,0.0
t1_fz1am3h,0.013,0.92,0.066,0.7024,0.15789473684210525,0.10526315789473684,0.05263157894736842,0.10526315789473684,0.0,0.05263157894736842,0.0,0.05263157894736842
t1_gtzp9bq,0.021,0.945,0.034,0.1263,0.15,0.05,0.15,0.2,0.05,0.05,0.0,0.0
t1_fvk6d98,0.067,0.818,0.115,0.1531,0.0,0.0,0.4,0.0,0.0,0.0,0.0,0.0
t1_hejwgi9,0.074,0.771,0.156,0.6625,0.0,0.25,0.0,0.0,0.0,0.0,0.0,0.25
t1_dw70t9h,0.225,0.608,0.167,-0.7871,0.25,0.0625,0.0625,0.0625,0.0625,0.0625,0.0625,0.0625
t1_hmukm38,0.0,0.786,0.214,0.9127,0.08333333333333333,0.0,0.25,0.16666666666666666,0.0,0.08333333333333333,0.16666666666666666,0.0
t1_hf6t852,0.102,0.774,0.124,0.3612,0.25,0.16666666666666666,0.16666666666666666,0.0,0.0,0.08333333333333333,0.0,0.0
t1_ctdh1i8,0.0,1.0,0.0,0.0,0.0,0.0,0.0,0.25,0.25,0.0,0.0,0.0
t1_e1rr455,0.124,0.876,0.0,-0.9201,0.1388888888888889,0.05555555555555555,0.05555555555555555,0.08333333333333333,0.05555555555555555,0.05555555555555555,0.1111111111111111,0.05555555555555555
t1_k1kesu1,0.085,0.89,0.026,-0.7748,0.0,0.0,0.25,0.1875,0.125,0.0,0.125,0.0625
t1_k9lyhel,0.0,0.927,0.073,0.5994,0.14285714285714285,0.0,0.07142857142857142,0.2857142857142857,0.0,0.0,0.07142857142857142,0.07142857142857142
t1_iqltt7y,0.025,0.912,0.063,0.778,0.11764705882352941,0.0,0.058823529411764705,0.23529411764705882,0.0,0.058823529411764705,0.0,0.058823529411764705
t1_ivr5p1o,0.036,0.939,0.025,-0.2023,0.14285714285714285,0.0,0.07142857142857142,0.21428571428571427,0.0,0.0,0.0,0.07142857142857142
t1_if2xrbp,0.032,0.89,0.078,0.5267,0.0,0.0,0.06666666666666667,0.2,0.0,0.13333333333333333,0.06666666666666667,0.0
t1_gigzkum,0.0,0.901,0.099,0.8625,0.0,0.0,0.17647058823529413,0.17647058823529413,0.058823529411764705,0.0,0.23529411764705882,0.0
t1_gnhljqj,0.09,0.827,0.083,-0.228,0.1282051282051282,0.10256410256410256,0.07692307692307693,0.20512820512820512,0.07692307692307693,0.02564102564102564,0.05128205128205128,0.05128205128205128
t1_k9odms7,0.02,0.731,0.248,0.9824,0.041666666666666664,0.0,0.20833333333333334,0.20833333333333334,0.041666666666666664,0.0,0.16666666666666666,0.0
t1_et51gb7,0.132,0.777,0.091,-0.4076,0.058823529411764705,0.058823529411764705,0.17647058823529413,0.11764705882352941,0.058823529411764705,0.058823529411764705,0.11764705882352941,0.058823529411764705
t1_eq9z1wh,0.085,0.857,0.058,-0.6209,0.10526315789473684,0.10526315789473684,0.15789473684210525,0.05263157894736842,0.0,0.15789473684210525,0.0,0.0
t1_iy2tol6,0.141,0.801,0.058,-0.8807,0.16,0.12,0.08,0.08,0.04,0.12,0.08,0.0
t1_j6n8uxn,0.086,0.604,0.31,0.8352,0.0,0.0625,0.125,0.125,0.125,0.0,0.125,0.0625
t1_d8mvxzl,0.088,0.855,0.057,-0.1027,0.1111111111111111,0.1111111111111111,0.2222222222222222,0.0,0.0,0.1111111111111111,0.1111111111111111,0.0
t1_f6l2mu8,0.221,0.611,0.168,-0.4426,0.18181818181818182,0.18181818181818182,0.09090909090909091,0.0,0.09090909090909091,0.09090909090909091,0.0,0.09090909090909091
t1_kc4rnom,0.078,0.889,0.033,-0.5776,0.0,0.0,0.1111111111111111,0.1111111111111111,0.0,0.1111111111111111,0.1111111111111111,0.0
t1_gt3obj1,0.053,0.932,0.014,-0.6808,0.21428571428571427,0.11904761904761904,0.047619047619047616,0.19047619047619047,0.023809523809523808,0.047619047619047616,0.023809523809523808,0.023809523809523808
t1_hztt66w,0.243,0.719,0.037,-0.9808,0.16981132075471697,0.11320754716981132,0.03773584905660377,0.05660377358490566,0.03773584905660377,0.09433962264150944,0.018867924528301886,0.11320754716981132
t1_f4o03ka,0.0,1.0,0.0,0.0,0.42857142857142855,0.0,0.0,0.14285714285714285,0.0,0.0,0.0,0.0
t1_glpx2fm,0.0,0.821,0.179,0.8268,0.0,0.25,0.0,0.0,0.0,0.0,0.0,0.0
t1_ijk3i1e,0.0,0.897,0.103,0.6336,0.0,0.0,0.0,0.0,0.0,0.0,0.5,0.0
t1_ir3hjki,0.05,0.868,0.081,0.5968,0.13333333333333333,0.0,0.23333333333333334,0.13333333333333333,0.03333333333333333,0.06666666666666667,0.06666666666666667,0.0
t1_gse7zpq,0.319,0.65,0.031,-0.9801,0.25,0.14285714285714285,0.03571428571428571,0.03571428571428571,0.03571428571428571,0.10714285714285714,0.03571428571428571,0.07142857142857142
t1_gnd6gz9,0.0,0.952,0.048,0.3182,0.0,0.0,0.0,0.16666666666666666,0.0,0.0,0.0,0.16666666666666666
t1_etcb0tv,0.041,0.848,0.111,0.6357,0.13333333333333333,0.06666666666666667,0.06666666666666667,0.13333333333333333,0.0,0.13333333333333333,0.06666666666666667,0.06666666666666667
t1_jg4yq77,0.189,0.733,0.078,-0.5719,0.16666666666666666,0.16666666666666666,0.0,0.0,0.0,0.16666666666666666,0.0,0.0
t1_jmt5tq3,0.128,0.817,0.055,-0.7096,0.18181818181818182,0.0,0.13636363636363635,0.22727272727272727,0.0,0.045454545454545456,0.045454545454545456,0.0
t1_dsh09qb,0.187,0.813,0.0,-0.8442,0.125,0.25,0.125,0.125,0.0,0.0,0.0,0.0
t1_jxmh65s,0.0,0.95,0.05,0.25,0.14285714285714285,0.0,0.42857142857142855,0.0,0.14285714285714285,0.0,0.0,0.0
t1_j1bp6e0,0.155,0.706,0.139,-0.5499,0.19047619047619047,0.09523809523809523,0.047619047619047616,0.07142857142857142,0.047619047619047616,0.11904761904761904,0.023809523809523808,0.07142857142857142
t1_gnd6gz9,0.0,0.952,0.048,0.3182,0.0,0.0,0.0,0.16666666666666666,0.0,0.0,0.0,0.16666666666666666
t1_hao6ou5,0.0,0.904,0.096,0.7906,0.05,0.0,0.2,0.25,0.0,0.05,0.15,0.0
t1_jg7db7a,0.124,0.822,0.054,-0.7351,0.0,0.0,0.1,0.3,0.0,0.1,0.0,0.0
t1_fe2zute,0.085,0.882,0.033,-0.8495,0.07407407407407407,0.07407407407407407,0.18518518518518517,0.07407407407407407,0.037037037037037035,0.037037037037037035,0.037037037037037035,0.037037037037037035
t1_fj4wjxh,0.24,0.76,0.0,-0.9062,0.1,0.2,0.1,0.0,0.0,0.1,0.0,0.1
t1_kezh8cu,0.101,0.837,0.063,-0.25,0.0,0.0,0.0,0.0,0.0,0.0,0.0,0.0
t1_hg0kqc9,0.02,0.89,0.09,0.7351,0.125,0.0,0.0,0.25,0.0,0.0,0.0,0.0
t1_hxul00f,0.0,0.909,0.091,0.4576,0.0,0.0,0.3333333333333333,0.0,0.0,0.0,0.0,0.0
t1_ihun5h9,0.051,0.949,0.0,-0.34,0.2,0.2,0.0,0.0,0.0,0.2,0.0,0.2
t1_ey9r5p7,0.125,0.837,0.038,-0.9169,0.22580645161290322,0.12903225806451613,0.06451612903225806,0.06451612903225806,0.12903225806451613,0.03225806451612903,0.06451612903225806,0.03225806451612903
t1_gyft5rp,0.075,0.925,0.0,-0.729,0.058823529411764705,0.058823529411764705,0.0,0.23529411764705882,0.058823529411764705,0.058823529411764705,0.0,0.058823529411764705
t1_gxljgej,0.101,0.865,0.034,-0.4939,0.2777777777777778,0.05555555555555555,0.05555555555555555,0.1111111111111111,0.05555555555555555,0.05555555555555555,0.0,0.05555555555555555
t1_h3l8am1,0.036,0.863,0.101,0.5719,0.14285714285714285,0.0,0.0,0.14285714285714285,0.14285714285714285,0.0,0.14285714285714285,0.0
t1_h2wz8xv,0.0,0.813,0.187,0.8589,0.0,0.0,0.0,0.0,0.0,0.0,0.2,0.0
t1_g2kw636,0.041,0.888,0.071,0.4348,0.0,0.0,0.1111111111111111,0.1111111111111111,0.0,0.0,0.1111111111111111,0.2222222222222222
t1_hqvnf6t,0.065,0.764,0.171,0.8926,0.12121212121212122,0.15151515151515152,0.12121212121212122,0.06060606060606061,0.030303030303030304,0.030303030303030304,0.030303030303030304,0.06060606060606061
t1_gzaupuz,0.0,0.82,0.18,0.9604,0.08695652173913043,0.0,0.13043478260869565,0.2608695652173913,0.043478260869565216,0.0,0.13043478260869565,0.0
t1_f7bf4b1,0.042,0.896,0.061,0.4767,0.25,0.125,0.08333333333333333,0.125,0.0,0.0,0.041666666666666664,0.0
t1_gny616d,0.021,0.878,0.101,0.743,0.2,0.0,0.0,0.2,0.0,0.0,0.1,0.1
t1_f95vb9l,0.119,0.809,0.072,-0.4995,0.1935483870967742,0.0967741935483871,0.03225806451612903,0.06451612903225806,0.0,0.12903225806451613,0.03225806451612903,0.16129032258064516
t1_i391a57,0.0,0.854,0.146,0.8998,0.1,0.0,0.2,0.1,0.1,0.1,0.2,0.0
t1_h6r168z,0.078,0.82,0.102,0.3485,0.1875,0.125,0.1875,0.1875,0.0625,0.0,0.0625,0.0
t1_grue5im,0.026,0.835,0.139,0.9161,0.043478260869565216,0.0,0.13043478260869565,0.391304347826087,0.0,0.0,0.08695652173913043,0.0
t1_ha0hcib,0.0,0.964,0.036,0.3612,0.0,0.0,0.3333333333333333,0.0,0.0,0.0,0.0,0.0
t1_h0bec05,0.061,0.874,0.066,0.1289,0.21428571428571427,0.14285714285714285,0.0,0.14285714285714285,0.03571428571428571,0.07142857142857142,0.0,0.03571428571428571
t1_ewuozil,0.155,0.749,0.096,-0.6458,0.0625,0.1875,0.0,0.125,0.0,0.0625,0.0625,0.125
t1_k1ozw0e,0.0,0.883,0.117,0.6249,0.2222222222222222,0.1111111111111111,0.0,0.0,0.0,0.1111111111111111,0.0,0.1111111111111111
t1_k6fu6c7,0.214,0.686,0.1,-0.9035,0.08,0.08,0.12,0.2,0.08,0.08,0.04,0.08
t1_h7kh7fb,0.0,1.0,0.0,0.0,0.0,0.0,1.0,0.0,0.0,0.0,0.0,0.0
t1_eke3jti,0.0,0.898,0.102,0.8957,0.07692307692307693,0.0,0.23076923076923078,0.07692307692307693,0.07692307692307693,0.0,0.07692307692307693,0.0
t1_feikhag,0.072,0.928,0.0,-0.4767,0.0,0.14285714285714285,0.2857142857142857,0.14285714285714285,0.14285714285714285,0.0,0.14285714285714285,0.0
t1_hksl8el,0.018,0.756,0.226,0.9894,0.043478260869565216,0.043478260869565216,0.0,0.30434782608695654,0.0,0.0,0.043478260869565216,0.0
t1_ju2t4co,0.205,0.74,0.055,-0.8074,0.08333333333333333,0.08333333333333333,0.0,0.08333333333333333,0.0,0.08333333333333333,0.0,0.08333333333333333
t1_dymmea5,0.127,0.852,0.02,-0.9353,0.2222222222222222,0.14814814814814814,0.1111111111111111,0.07407407407407407,0.0,0.14814814814814814,0.0,0.07407407407407407
t1_ez6pile,0.024,0.892,0.085,0.5719,0.1,0.0,0.3,0.2,0.0,0.1,0.0,0.0
t1_ejflalz,0.099,0.807,0.094,-0.1531,0.26666666666666666,0.06666666666666667,0.0,0.06666666666666667,0.0,0.13333333333333333,0.0,0.06666666666666667
t1_g67vfcm,0.0,1.0,0.0,0.0,0.0,0.0,0.25,0.25,0.0,0.0,0.25,0.0
t1_k4kjfq3,0.203,0.745,0.052,-0.8885,0.16666666666666666,0.16666666666666666,0.08333333333333333,0.0,0.0,0.16666666666666666,0.08333333333333333,0.08333333333333333
t1_ifrr5f5,0.0,0.973,0.027,0.1531,0.0,0.0,0.0,0.0,0.0,0.0,0.0,0.0
t1_dw9hdh2,0.082,0.869,0.049,-0.732,0.1111111111111111,0.05555555555555555,0.05555555555555555,0.16666666666666666,0.0,0.05555555555555555,0.0,0.1111111111111111
t1_e1bkh4k,0.241,0.653,0.107,-0.9402,0.16666666666666666,0.125,0.08333333333333333,0.08333333333333333,0.041666666666666664,0.125,0.041666666666666664,0.125
t1_dzhyz7a,0.089,0.777,0.134,0.3597,0.19047619047619047,0.09523809523809523,0.09523809523809523,0.14285714285714285,0.047619047619047616,0.0,0.047619047619047616,0.09523809523809523
t1_dv3340h,0.114,0.811,0.075,-0.2263,0.058823529411764705,0.058823529411764705,0.11764705882352941,0.11764705882352941,0.058823529411764705,0.0,0.11764705882352941,0.17647058823529413
t1_fybr2l3,0.129,0.839,0.031,-0.6249,0.0,0.0,0.0,0.0,0.0,0.0,0.0,0.0
t1_gegbt4u,0.0,0.902,0.098,0.7184,0.0,0.0,0.16666666666666666,0.16666666666666666,0.0,0.0,0.0,0.16666666666666666
t1_i9z7vu9,0.063,0.887,0.05,-0.1536,0.1,0.1,0.0,0.2,0.1,0.1,0.0,0.0
t1_hghh0q6,0.05,0.822,0.128,0.7243,0.0,0.0,0.1,0.2,0.1,0.0,0.2,0.0
t1_e20rzvd,0.129,0.842,0.029,-0.7383,0.20833333333333334,0.16666666666666666,0.0,0.16666666666666666,0.08333333333333333,0.125,0.0,0.0
t1_e1pv6xg,0.112,0.722,0.166,0.128,0.0,0.0,0.0,0.0,0.0,0.0,0.0,0.0
t1_hgmf3db,0.207,0.748,0.046,-0.9287,0.12,0.12,0.08,0.08,0.08,0.12,0.04,0.12
t1_gezfcxd,0.112,0.781,0.107,-0.1093,0.1,0.05,0.1,0.1,0.0,0.2,0.05,0.05
t1_ehjj9bs,0.0,0.741,0.259,0.8316,0.1111111111111111,0.1111111111111111,0.1111111111111111,0.1111111111111111,0.0,0.0,0.2222222222222222,0.0
t1_ecamlc9,0.23,0.617,0.153,-0.7927,0.16666666666666666,0.1111111111111111,0.0,0.16666666666666666,0.0,0.05555555555555555,0.05555555555555555,0.1111111111111111
t1_ew1bf92,0.044,0.859,0.097,0.3612,0.07692307692307693,0.07692307692307693,0.15384615384615385,0.07692307692307693,0.15384615384615385,0.0,0.07692307692307693,0.0
t1_czkhz4v,0.103,0.897,0.0,-0.7579,0.0,0.0,0.0,0.36363636363636365,0.0,0.0,0.09090909090909091,0.0
t1_hvcu84w,0.155,0.776,0.068,-0.5017,0.16666666666666666,0.0,0.16666666666666666,0.16666666666666666,0.08333333333333333,0.08333333333333333,0.0,0.08333333333333333
t1_jhdvbhz,0.0,0.937,0.063,0.2516,0.0,0.0,0.0,0.6666666666666666,0.0,0.0,0.0,0.0
t1_dvip17b,0.038,0.962,0.0,-0.2023,0.0,0.0,0.0,0.0,0.0,0.0,0.0,0.0
t1_dvmjgvq,0.132,0.868,0.0,-0.6858,0.16666666666666666,0.16666666666666666,0.0,0.3333333333333333,0.0,0.0,0.0,0.0
t1_gnhqwh5,0.051,0.707,0.242,0.8957,0.3333333333333333,0.0,0.3333333333333333,0.0,0.0,0.0,0.0,0.0
t1_hdd2vz3,0.187,0.67,0.143,-0.5065,0.17647058823529413,0.17647058823529413,0.11764705882352941,0.17647058823529413,0.0,0.0,0.058823529411764705,0.0
t1_gcko7pq,0.094,0.742,0.164,0.653,0.17647058823529413,0.11764705882352941,0.11764705882352941,0.058823529411764705,0.0,0.0,0.0,0.0
t1_dxjk30t,0.098,0.786,0.116,0.3755,0.0,0.0,0.0,0.0,0.0,0.0,0.0,0.0
t1_hfwvtpq,0.0,0.982,0.018,0.1326,0.125,0.0,0.25,0.25,0.0,0.0,0.0,0.0
t1_e2mtu1q,0.071,0.866,0.064,-0.203,0.07692307692307693,0.07692307692307693,0.07692307692307693,0.19230769230769232,0.038461538461538464,0.038461538461538464,0.11538461538461539,0.038461538461538464
t1_ea97y73,0.043,0.851,0.106,0.5006,0.2857142857142857,0.0,0.0,0.2857142857142857,0.0,0.0,0.0,0.0
t1_e44f9rv,0.07,0.899,0.032,-0.3182,0.14285714285714285,0.14285714285714285,0.0,0.0,0.0,0.14285714285714285,0.14285714285714285,0.0
t1_hemdgbr,0.165,0.835,0.0,-0.8523,0.0,0.3,0.0,0.0,0.0,0.0,0.0,0.2
t1_is1olxv,0.135,0.805,0.061,-0.9246,0.14285714285714285,0.09523809523809523,0.09523809523809523,0.09523809523809523,0.07142857142857142,0.11904761904761904,0.047619047619047616,0.09523809523809523
t1_hc69h31,0.086,0.832,0.082,-0.3818,0.13157894736842105,0.07894736842105263,0.10526315789473684,0.10526315789473684,0.0,0.10526315789473684,0.0,0.05263157894736842
t1_ew3lq73,0.361,0.57,0.069,-0.9737,0.1875,0.125,0.0625,0.0625,0.0,0.0625,0.0,0.0625
t1_f2mnqrq,0.123,0.851,0.026,-0.7835,0.0,0.07142857142857142,0.21428571428571427,0.21428571428571427,0.0,0.07142857142857142,0.0,0.0
t1_hgnma38,0.023,0.936,0.042,0.2023,0.0,0.0,0.25,0.0,0.0,0.125,0.0,0.125
t1_k8o8t89,0.078,0.875,0.048,-0.2023,0.06666666666666667,0.06666666666666667,0.13333333333333333,0.26666666666666666,0.0,0.06666666666666667,0.06666666666666667,0.06666666666666667
t1_gx5f9fx,0.111,0.729,0.16,0.6974,0.05555555555555555,0.05555555555555555,0.16666666666666666,0.1111111111111111,0.05555555555555555,0.05555555555555555,0.05555555555555555,0.0
t1_gcqqfut,0.088,0.912,0.0,-0.6249,0.0,0.1111111111111111,0.2222222222222222,0.3333333333333333,0.0,0.0,0.0,0.0
t1_h0roe3w,0.092,0.877,0.031,-0.6808,0.2,0.15,0.1,0.05,0.0,0.05,0.0,0.0
t1_igqo94y,0.107,0.834,0.059,-0.4545,0.0,0.14285714285714285,0.21428571428571427,0.14285714285714285,0.07142857142857142,0.0,0.07142857142857142,0.07142857142857142
t1_f9tnhjj,0.088,0.76,0.151,0.6197,0.5,0.0,0.0,0.0,0.0,0.0,0.0,0.0
t1_f76erur,0.159,0.77,0.071,-0.8607,0.08333333333333333,0.08333333333333333,0.16666666666666666,0.16666666666666666,0.0,0.0,0.08333333333333333,0.08333333333333333
t1_cne1uqy,0.029,0.875,0.095,0.8402,0.058823529411764705,0.058823529411764705,0.058823529411764705,0.17647058823529413,0.029411764705882353,0.058823529411764705,0.08823529411764706,0.0
t1_gxfah4b,0.016,0.9,0.085,0.729,0.10526315789473684,0.05263157894736842,0.21052631578947367,0.05263157894736842,0.05263157894736842,0.05263157894736842,0.0,0.0
t1_gkxxoay,0.12,0.744,0.136,0.1779,0.0,0.25,0.0,0.25,0.0,0.0,0.0,0.25
t1_figaaqf,0.105,0.845,0.05,-0.7855,0.058823529411764705,0.11764705882352941,0.11764705882352941,0.17647058823529413,0.0,0.058823529411764705,0.11764705882352941,0.058823529411764705
t1_e0u6don,0.036,0.828,0.135,0.7783,0.0,0.0,0.0,0.0,0.0,0.0,0.2,0.0
t1_h4h1hrl,0.0,0.903,0.097,0.4215,0.0,0.0,0.0,0.0,0.0,0.0,0.0,0.0
t1_eq9k4hg,0.119,0.781,0.101,-0.3336,0.23529411764705882,0.029411764705882353,0.058823529411764705,0.17647058823529413,0.029411764705882353,0.0,0.058823529411764705,0.0
t1_fnp00sh,0.0,0.867,0.133,0.7841,0.0,0.0,0.25,0.25,0.0,0.0,0.25,0.0
t1_k3wdo4p,0.0,0.861,0.139,0.8779,0.07142857142857142,0.07142857142857142,0.2857142857142857,0.0,0.07142857142857142,0.07142857142857142,0.07142857142857142,0.0
t1_famrhlz,0.0,0.815,0.185,0.8047,0.07142857142857142,0.07142857142857142,0.14285714285714285,0.14285714285714285,0.14285714285714285,0.07142857142857142,0.14285714285714285,0.0
t1_h5yc0tw,0.023,0.787,0.19,0.9744,0.02857142857142857,0.02857142857142857,0.2,0.11428571428571428,0.08571428571428572,0.05714285714285714,0.08571428571428572,0.02857142857142857
t1_j41r2c0,0.0,0.937,0.062,0.6597,0.14285714285714285,0.0,0.14285714285714285,0.14285714285714285,0.0,0.07142857142857142,0.07142857142857142,0.0
t1_hc76ytm,0.108,0.73,0.162,0.6908,0.09090909090909091,0.09090909090909091,0.0,0.09090909090909091,0.0,0.09090909090909091,0.0,0.09090909090909091
t1_e5lqh3a,0.227,0.727,0.046,-0.8934,0.21428571428571427,0.10714285714285714,0.07142857142857142,0.07142857142857142,0.07142857142857142,0.10714285714285714,0.03571428571428571,0.07142857142857142
t1_hl3jcnk,0.052,0.75,0.198,0.7404,0.2222222222222222,0.05555555555555555,0.05555555555555555,0.1111111111111111,0.05555555555555555,0.1111111111111111,0.1111111111111111,0.05555555555555555
t1_hua016g,0.056,0.915,0.029,-0.228,0.13333333333333333,0.06666666666666667,0.0,0.2,0.06666666666666667,0.06666666666666667,0.06666666666666667,0.0
t1_i7xxll7,0.132,0.789,0.079,-0.2263,0.0,0.0,0.0,0.0,0.0,0.0,0.0,0.0
t1_h0zk0qi,0.049,0.951,0.0,-0.3182,0.0,0.0,0.2,0.2,0.0,0.0,0.0,0.0
t1_ducu5l7,0.2,0.58,0.22,-0.0772,0.10526315789473684,0.05263157894736842,0.10526315789473684,0.15789473684210525,0.05263157894736842,0.05263157894736842,0.10526315789473684,0.05263157894736842
t1_i64w43z,0.0,0.855,0.145,0.8591,0.2,0.2,0.2,0.0,0.0,0.0,0.0,0.0
t1_fox3t83,0.08,0.68,0.24,0.863,0.1111111111111111,0.1111111111111111,0.0,0.16666666666666666,0.05555555555555555,0.1111111111111111,0.0,0.1111111111111111
t1_ehuugcr,0.0,0.888,0.112,0.8655,0.037037037037037035,0.0,0.14814814814814814,0.18518518518518517,0.037037037037037035,0.037037037037037035,0.07407407407407407,0.037037037037037035
t1_hd23n90,0.0,0.855,0.145,0.743,0.14285714285714285,0.07142857142857142,0.07142857142857142,0.07142857142857142,0.07142857142857142,0.07142857142857142,0.07142857142857142,0.07142857142857142
t1_h0vlcik,0.081,0.713,0.206,0.9231,0.1111111111111111,0.0,0.1111111111111111,0.2222222222222222,0.0,0.0,0.0,0.05555555555555555
t1_gtevc29,0.0,0.943,0.057,0.765,0.17391304347826086,0.13043478260869565,0.043478260869565216,0.043478260869565216,0.0,0.13043478260869565,0.0,0.17391304347826086
t1_e2z8h1j,0.061,0.823,0.116,0.6968,0.07692307692307693,0.038461538461538464,0.19230769230769232,0.11538461538461539,0.038461538461538464,0.07692307692307693,0.11538461538461539,0.07692307692307693
t1_jsz87sq,0.0,0.884,0.116,0.8103,0.2222222222222222,0.0,0.0,0.2222222222222222,0.0,0.0,0.2222222222222222,0.0
t1_dszavds,0.0,1.0,0.0,0.0,0.0,0.0,0.0,0.0,0.0,0.0,0.0,0.0
t1_gzsd93u,0.102,0.867,0.031,-0.8473,0.21875,0.0625,0.0,0.03125,0.0625,0.0625,0.03125,0.09375
t1_gugb4sf,0.277,0.723,0.0,-0.9612,0.3076923076923077,0.23076923076923078,0.0,0.0,0.0,0.23076923076923078,0.0,0.0
t1_i112248,0.234,0.703,0.063,-0.7425,0.2,0.1,0.0,0.1,0.0,0.1,0.0,0.1
t1_icdjslh,0.104,0.784,0.112,0.0772,0.11904761904761904,0.11904761904761904,0.11904761904761904,0.09523809523809523,0.023809523809523808,0.09523809523809523,0.047619047619047616,0.07142857142857142
t1_iswtl4w,0.0,0.966,0.034,0.2732,0.16666666666666666,0.0,0.0,0.16666666666666666,0.16666666666666666,0.0,0.0,0.0
t1_et51gb7,0.132,0.777,0.091,-0.4076,0.058823529411764705,0.058823529411764705,0.17647058823529413,0.11764705882352941,0.058823529411764705,0.058823529411764705,0.11764705882352941,0.058823529411764705
t1_ivbpmn2,0.187,0.733,0.08,-0.9265,0.08695652173913043,0.043478260869565216,0.08695652173913043,0.17391304347826086,0.0,0.08695652173913043,0.17391304347826086,0.0
t1_foau5z3,0.056,0.944,0.0,-0.4567,0.0,0.16666666666666666,0.0,0.16666666666666666,0.0,0.0,0.0,0.0
t1_fnd3fq0,0.171,0.763,0.067,-0.9168,0.1,0.05,0.1,0.15,0.0,0.1,0.0,0.05
t1_gih48uq,0.188,0.76,0.052,-0.8807,0.2222222222222222,0.1111111111111111,0.1111111111111111,0.2222222222222222,0.0,0.0,0.0,0.0
t1_itefmm2,0.045,0.902,0.053,0.2263,0.09090909090909091,0.18181818181818182,0.09090909090909091,0.09090909090909091,0.0,0.09090909090909091,0.0,0.09090909090909091
t1_d0woq43,0.071,0.84,0.088,0.0516,0.0,0.3333333333333333,0.0,0.16666666666666666,0.0,0.0,0.0,0.0
t1_dy14avn,0.095,0.848,0.057,-0.5267,0.09523809523809523,0.09523809523809523,0.09523809523809523,0.09523809523809523,0.047619047619047616,0.0,0.0,0.09523809523809523
t1_i4ctmpx,0.0,0.801,0.199,0.9606,0.0,0.0,0.08333333333333333,0.08333333333333333,0.0,0.0,0.08333333333333333,0.0
t1_e4kvz2g,0.113,0.865,0.022,-0.6705,0.15789473684210525,0.05263157894736842,0.05263157894736842,0.10526315789473684,0.0,0.05263157894736842,0.05263157894736842,0.10526315789473684
t1_e6q5g9q,0.0,0.651,0.349,0.9773,0.0,0.0,0.25,0.08333333333333333,0.08333333333333333,0.08333333333333333,0.25,0.0
t1_gouvjao,0.041,0.908,0.051,-0.1027,0.09090909090909091,0.09090909090909091,0.0,0.2727272727272727,0.0,0.0,0.0,0.0
t1_kei1abn,0.046,0.921,0.033,-0.1531,0.1111111111111111,0.1111111111111111,0.1111111111111111,0.1111111111111111,0.1111111111111111,0.1111111111111111,0.1111111111111111,0.0
t1_ggxungy,0.069,0.87,0.061,0.1045,0.0,0.0,0.25,0.0,0.0,0.0,0.0,0.25
t1_f1wppwm,0.045,0.89,0.065,0.4767,0.037037037037037035,0.0,0.18518518518518517,0.14814814814814814,0.037037037037037035,0.037037037037037035,0.07407407407407407,0.037037037037037035
t1_etuqcuk,0.295,0.705,0.0,-0.9183,0.08333333333333333,0.08333333333333333,0.0,0.25,0.0,0.16666666666666666,0.0,0.0
t1_f48dbz9,0.0,0.806,0.194,0.7184,0.3333333333333333,0.0,0.0,0.3333333333333333,0.0,0.0,0.0,0.0
t1_k9wo5px,0.0,1.0,0.0,0.0,0.2,0.0,0.3,0.2,0.0,0.0,0.0,0.0
t1_h04ktw9,0.079,0.877,0.044,-0.6133,0.05555555555555555,0.05555555555555555,0.16666666666666666,0.16666666666666666,0.0,0.05555555555555555,0.0,0.05555555555555555
t1_e62t8x5,0.136,0.823,0.041,-0.7263,0.06666666666666667,0.13333333333333333,0.0,0.06666666666666667,0.0,0.2,0.06666666666666667,0.06666666666666667
t1_faoc1lh,0.141,0.706,0.153,0.1531,0.05263157894736842,0.10526315789473684,0.10526315789473684,0.10526315789473684,0.05263157894736842,0.05263157894736842,0.05263157894736842,0.10526315789473684
t1_gscdclq,0.146,0.821,0.033,-0.5719,0.3333333333333333,0.3333333333333333,0.0,0.0,0.3333333333333333,0.0,0.0,0.0
t1_hcrpxas,0.047,0.905,0.049,-0.1962,0.13333333333333333,0.2,0.0,0.06666666666666667,0.0,0.13333333333333333,0.0,0.0
t1_cl8aif1,0.104,0.821,0.076,-0.0772,0.0,0.14285714285714285,0.0,0.0,0.14285714285714285,0.14285714285714285,0.0,0.0
