_id,n_tokens,n_sentences,n_nouns,n_verbs,n_adjs,n_advs,n_pronouns
t1_f7ju17o,34,1,10,4,3,2,2
t1_k5c5yyz,90,4,25,11,7,3,7
t1_givys64,75,3,24,10,4,5,1
t1_joq538t,70,3,18,11,10,3,4
t1_hlk1vci,118,3,38,15,5,5,6
t1_cguw8w8,72,5,17,9,6,4,8
t1_fmcunuq,90,5,19,13,7,5,4
t1_jolyktt,61,4,14,8,3,2,2
t1_fegajpj,40,4,11,6,0,3,5
t1_k4a1rz6,106,2,24,19,9,6,14
t1_exd9ccm,87,3,15,11,9,8,11
t1_kb55gnn,44,4,13,5,2,0,2
t1_hsoj4b0,61,4,17,8,4,2,4
t1_e9gbebp,30,1,11,8,1,1,2
t1_il8cpvx,135,11,33,15,11,8,9
t1_gzs5v7g,64,3,24,6,3,4,3
t1_dxeq6v9,40,4,8,8,1,2,4
t1_haja09s,37,1,11,5,2,1,2
t1_j0cxfzk,34,2,8,6,0,0,5
t1_dwjjh4l,31,3,12,2,5,1,2
t1_fnua8i5,70,2,23,9,6,1,0
t1_gteuknx,70,2,22,8,9,1,2
t1_hkwzb2z,56,2,23,3,2,2,4
t1_hn2tsej,97,7,24,9,13,8,6
t1_ho7i6ht,60,5,13,7,5,5,8
t1_gsdgupf,138,5,59,19,13,0,4
t1_errzsjm,52,6,16,9,5,3,5
t1_eoryiia,39,2,10,7,1,3,3
t1_dw850o1,93,8,25,11,9,2,8
t1_i46k0jt,98,5,22,13,10,6,9
t1_gv484ay,102,3,34,8,11,1,0
t1_fgbnl96,69,6,15,8,6,1,9
t1_elc14lm,82,6,11,10,5,8,14
t1_e4hcygt,38,2,11,7,1,1,3
t1_f17mla9,157,5,54,19,7,5,6
t1_fxi59ad,39,3,14,6,3,0,0
t1_dzqz120,107,9,32,14,8,6,10
t1_ewibxb5,36,2,9,4,4,6,0
t1_dt5kqwa,52,3,18,7,5,1,4
t1_hqgw7x2,138,4,56,14,7,4,6
t1_ih5cggk,91,4,18,13,10,1,11
t1_h7hwebn,110,3,36,14,7,4,6
t1_frfd8jq,39,2,13,4,3,0,2
t1_gruwcg4,34,1,13,4,3,1,1
t1_g4pcbzj,114,5,33,10,17,2,8
t1_if6rhqz,32,3,11,3,5,1,1
t1_guf2o95,158,10,38,19,13,17,17
t1_foozu8o,112,6,32,12,10,4,9
t1_hbkbe8c,54,3,16,6,5,2,3
t1_fkc2fl3,123,3,64,12,3,3,4
t1_j4rr72m,79,4,31,7,8,3,4
t1_ettkcu3,25,2,8,2,3,4,0
t1_hsxp5n6,97,6,27,4,3,2,6
t1_gt2ixvs,112,4,33,14,14,2,12
t1_dye3vh7,50,3,20,5,3,0,3
t1_e93zmh3,65,4,15,9,6,3,6
t1_gv0dchj,149,3,64,11,13,4,3
t1_ita35vm,85,4,26,12,8,3,9
t1_e713bqm,54,4,12,7,0,7,6
t1_fj010mi,34,4,9,4,3,1,2
t1_ejcjqoo,66,4,18,10,6,5,8
t1_k4fu291,54,2,22,8,3,2,1
t1_f7xdoof,73,3,17,8,2,2,10
t1_haw5wob,33,5,16,2,3,1,3
t1_jafdooe,31,2,9,4,3,2,4
t1_jlyhvz7,41,1,10,5,2,1,6
t1_grdh47x,55,4,8,8,3,7,7
t1_dxfd72z,137,10,29,21,7,6,17
t1_hv74k3m,71,3,24,10,6,3,3
t1_fnkauqo,31,1,13,3,2,0,0
t1_in4nr3x,77,4,17,12,2,9,13
t1_exto9ek,35,2,5,6,1,3,5
t1_gnd538h,127,5,40,11,9,4,11
t1_fkhspn4,174,6,40,25,9,12,19
t1_cze1q9u,48,2,11,5,3,1,3
t1_crk6588,29,1,13,2,1,1,0
t1_gfy7o8r,45,3,10,8,2,3,3
t1_ebsvu2x,75,2,22,13,4,1,5
t1_griwea8,51,2,16,8,2,3,4
t1_gouvjao,59,2,23,4,11,0,1
t1_jrep3bu,43,3,6,4,6,5,4
t1_e1v9o2e,57,3,19,9,7,1,3
t1_he70c7j,67,5,15,14,2,6,5
t1_e4okrcx,32,1,8,5,2,3,6
t1_i67vlfz,77,1,28,5,2,0,8
t1_gyledk2,79,6,14,11,9,4,9
t1_gul235z,115,6,34,16,6,8,10
t1_h39odwq,39,5,9,6,4,1,6
t1_hi2stcl,33,3,10,6,3,2,1
t1_g0q20p0,40,3,16,3,3,1,1
t1_fvwrhht,65,3,16,6,7,5,7
t1_jolxlod,95,7,21,12,9,5,10
t1_hljxln6,64,3,12,10,3,3,10
t1_ie6r075,84,7,16,15,5,5,12
t1_f6l2mu8,27,2,12,4,3,1,0
t1_f1ht2tr,36,2,13,3,1,0,1
t1_gx254v2,113,4,40,16,10,4,4
t1_foatffs,52,6,14,9,3,4,4
t1_f306zke,42,1,10,5,4,1,3
t1_hfx93pe,90,5,16,13,5,8,12
t1_i2vcy28,59,4,14,11,6,3,5
t1_erh5gks,24,2,10,3,3,0,1
t1_edmhmlk,160,10,35,21,11,14,19
t1_etfd7p7,80,4,18,13,5,5,7
t1_k9yn8rx,120,5,36,15,7,8,8
t1_dtkech1,35,2,11,5,2,1,3
t1_esd7n6i,61,3,16,9,7,3,5
t1_fvekdpj,39,2,6,7,1,2,7
t1_ghbm81l,49,2,16,8,1,2,4
t1_gt6q27h,151,7,60,12,8,8,4
t1_g6gi1h8,34,2,6,2,4,4,2
t1_h87wtx8,63,2,21,6,5,3,3
t1_ectb45o,90,7,24,15,6,8,7
t1_f94mp11,33,1,8,5,3,2,4
t1_fwb1jq8,32,1,10,3,5,1,1
t1_k4vn06v,74,2,27,5,7,0,2
t1_fmfqb04,31,3,3,9,1,3,4
t1_h8gjvov,93,4,30,12,8,3,3
t1_jm9yzmv,48,3,6,4,5,5,6
t1_h2ggcvf,55,3,15,6,6,0,3
t1_eekqf1z,102,7,32,17,4,2,6
t1_juhpv25,60,3,27,11,6,1,2
t1_jvf8ybq,111,5,41,12,11,4,3
t1_egn80ro,98,6,23,11,9,10,10
t1_guxwa6q,48,2,13,7,2,3,1
t1_j9mvnh9,67,3,14,6,8,9,6
t1_j1r7how,62,4,17,11,6,4,5
t1_k7hckxi,161,3,52,16,13,3,14
t1_guvsq8i,128,6,44,11,9,4,5
t1_f3w9vsy,63,3,25,6,5,1,2
t1_hha7djk,47,2,19,8,2,1,1
t1_ezjtqhr,34,2,10,6,3,0,4
t1_guzfax8,44,4,10,11,6,1,3
t1_g3wep6v,109,8,40,8,4,3,12
t1_i3ulmih,50,3,17,8,3,2,4
t1_k6ozaw9,38,2,21,4,2,0,0
t1_j64qd9e,76,3,25,8,2,2,7
t1_dimsxw7,36,3,6,4,5,2,5
t1_fpkooow,39,5,8,5,3,1,7
t1_g8bot9y,125,4,41,13,8,9,7
t1_j9lecyo,32,4,8,9,1,0,4
t1_i0m9kjx,124,7,37,14,12,5,10
t1_i6kv90o,29,2,12,3,1,2,0
t1_g6btkwg,103,3,37,11,9,1,5
t1_fc71da5,22,1,11,2,4,1,0
t1_efm5der,130,3,31,14,9,10,11
t1_fnzptkc,54,3,13,5,4,3,8
t1_gd37obs,63,3,22,5,2,1,3
t1_jp2j77o,37,2,11,3,3,2,4
t1_da3neaj,86,2,25,11,10,4,6
t1_e1ifbg4,43,2,5,9,1,2,11
t1_hf254sk,26,3,6,6,2,1,3
t1_jzj8p8m,55,3,13,7,7,1,9
t1_itnlw7g,35,2,12,4,2,4,3
t1_ke13jjy,119,8,42,10,6,4,7
t1_ew6vlnp,161,9,39,21,9,10,28
t1_hemf8zo,29,1,7,3,2,1,4
t1_gzy68vo,50,1,15,9,3,1,1
t1_ere5gum,135,11,28,17,13,13,19
t1_ga1ufgm,29,1,5,3,2,2,4
t1_grl28v1,59,5,22,6,6,2,5
t1_du0yw8z,45,1,10,5,10,1,4
t1_gbn26ya,31,3,3,6,2,1,6
t1_cl0y0vg,66,1,18,10,4,2,4
t1_j7j0czh,32,8,13,2,4,0,1
t1_jgr95kp,111,6,28,13,11,5,9
t1_f0jypww,58,3,18,6,4,2,7
t1_flgsm9v,77,3,19,11,2,2,9
t1_e7cqmpz,53,2,17,6,2,2,7
t1_fbfxw74,175,7,57,19,16,8,12
t1_ebig900,34,1,13,1,3,1,2
t1_gd32gnh,62,5,16,7,1,4,3
t1_hf33oy8,26,3,6,6,2,1,3
t1_f3o5wd5,27,1,9,4,4,1,1
t1_iza83ap,45,1,17,5,3,1,1
t1_jyzq581,152,6,39,14,14,14,12
t1_elsfu45,91,6,30,14,6,1,7
t1_fxiyp0w,41,1,16,7,1,1,1
t1_griq3xy,33,1,12,5,3,0,1
t1_keojxcq,87,8,17,10,6,12,8
t1_fikkwb1,138,9,53,11,10,7,8
t1_j8eryz9,73,2,20,11,3,2,5
t1_duozdp9,142,7,42,19,9,4,15
t1_k7k0fx9,55,2,20,5,5,0,2
t1_hniok1d,36,3,11,3,3,2,0
t1_gw1ctjv,67,4,15,10,4,3,8
t1_kfktpzy,42,2,15,4,3,1,3
t1_gaj6ww8,42,3,10,4,6,6,2
t1_dm5uui6,90,2,24,6,10,10,4
t1_d8wi1ze,71,3,30,11,6,1,0
t1_j8muypx,33,3,19,2,3,0,1
t1_gzq596y,39,3,13,6,2,3,0
t1_ia7hiuv,125,7,29,10,15,14,8
t1_g3wequq,109,8,40,8,4,3,12
t1_ea4qpej,38,3,10,4,4,2,4
t1_irki65k,54,5,10,6,3,7,4
t1_e8roglc,63,6,19,10,6,1,10
t1_diumqsc,81,3,25,11,11,2,9
t1_irao1uy,161,10,48,18,17,10,7
t1_hemfcmg,29,1,7,3,2,1,4
t1_cospxvi,43,2,15,5,5,0,2
t1_ia265k0,149,7,40,27,5,9,12
t1_e88n0wm,42,2,16,4,2,3,4
t1_k3ckwoe,48,3,14,8,0,2,8
t1_j1qmyl4,44,4,14,4,2,4,4
t1_hk0ek2m,33,2,6,6,1,1,6
t1_fenuais,124,5,45,13,13,5,4
t1_gv42tb4,97,4,37,8,3,4,2
t1_grjaz1w,159,7,45,20,10,21,7
t1_h4494tl,120,9,32,11,8,7,21
t1_gs46wy7,155,7,55,16,15,3,9
t1_hqqc480,56,3,25,4,4,3,2
t1_k7maqpi,134,3,53,16,12,1,2
t1_cne1uqy,144,5,37,17,22,4,10
t1_iragnul,92,4,27,9,8,3,6
t1_in8bika,75,4,37,7,4,4,5
t1_dufpc5y,33,3,11,6,0,3,2
t1_gzq4pak,47,3,9,4,6,2,5
t1_ikhwfrd,61,4,16,7,5,10,4
t1_ettap1u,21,3,11,1,3,2,0
t1_csxucnv,83,3,24,10,8,3,4
t1_gxdb7kz,58,3,20,5,5,3,2
t1_kceo21o,32,2,8,6,2,2,3
t1_gx8zkdk,42,3,6,8,2,6,8
t1_fmoovsx,166,8,37,27,11,8,19
t1_k95d5rm,87,7,27,7,8,3,8
t1_gjusi7r,64,3,17,6,11,5,2
t1_gt38agz,45,1,22,7,1,0,2
t1_hr961id,61,3,12,9,5,3,9
t1_gftgf7k,34,2,6,6,2,2,5
t1_e857drl,50,4,9,8,7,3,6
t1_eyeg17e,39,2,15,4,1,2,1
t1_eu4t99b,98,7,19,19,4,7,11
t1_gng5rq1,60,3,14,5,9,6,4
t1_guhw701,111,8,27,16,6,7,12
t1_flpysik,44,5,17,6,6,3,0
t1_hsoyhdj,67,5,24,7,3,5,2
t1_dv7yq7v,120,5,25,17,10,4,14
t1_ddw3mag,94,3,30,11,5,4,3
t1_gxd8ipb,95,6,27,12,9,3,13
t1_hwpsf4k,82,2,22,9,12,5,10
t1_jbjl4tp,32,2,9,5,7,0,1
t1_etfad80,44,4,12,5,2,4,6
t1_k4u5a44,49,2,17,7,2,1,2
t1_gt75e6t,126,9,39,23,8,1,12
t1_d3lmhld,70,2,15,9,6,6,10
t1_gjw2woq,62,3,20,6,3,2,3
t1_dyg5mfm,68,3,25,6,3,3,3
t1_k692fi5,137,4,56,14,12,2,11
t1_fte5n6m,26,2,8,3,3,1,2
t1_i3oxubo,45,3,20,5,3,0,0
t1_dx1op4i,111,15,27,18,5,2,16
t1_irkc62e,130,7,49,14,11,2,6
t1_iwknvzx,34,1,10,5,3,1,2
t1_fdabkto,98,4,38,13,9,1,1
t1_jm05rks,71,5,15,12,4,6,7
t1_gt0602z,113,5,41,17,9,2,2
t1_fj4wjxh,44,3,6,7,2,3,6
t1_ew7n1oy,32,1,9,3,1,4,3
t1_hh26t4o,32,1,12,6,1,1,3
t1_e3nx5r2,40,3,14,4,2,2,2
t1_fo5in41,25,5,10,2,2,1,3
t1_fp8nde0,76,4,20,10,5,4,8
t1_hf9890p,38,1,9,3,4,1,4
t1_imo4c9w,76,5,27,7,8,1,5
t1_en30ba3,63,5,16,11,2,3,7
t1_htmqlzt,40,1,9,5,7,4,5
t1_gtbad6q,101,3,46,10,7,2,0
t1_ezf3pqa,75,5,27,9,4,8,3
t1_icr08hg,96,4,27,11,10,3,3
t1_jyo1gj0,42,4,12,3,4,4,4
t1_dw2kabp,40,3,9,7,0,3,4
t1_el8w0il,36,3,13,5,2,1,2
t1_haqlsml,114,4,28,12,12,7,10
t1_dw8n1vj,47,4,11,8,3,3,4
t1_eutc61w,80,6,25,10,6,1,8
t1_dvr2adz,65,3,18,7,4,3,4
t1_k8dy1lx,34,2,10,3,4,3,2
t1_gtn2zi8,54,3,20,7,5,2,2
t1_g1rff02,130,6,29,12,5,8,15
t1_dw2hjwt,54,4,20,10,4,3,4
t1_ec3okwf,68,2,15,8,5,4,10
t1_h1eoqot,62,4,23,7,7,1,1
t1_k0tn9bo,122,5,47,15,5,2,5
t1_eue2c15,49,3,13,8,1,3,5
t1_g8432rk,79,3,30,7,2,3,7
t1_jn1u48d,65,3,20,10,2,3,4
t1_gf01cpk,42,4,9,5,5,4,3
t1_gd8csxv,47,4,11,5,2,2,5
t1_djf2914,44,1,13,3,6,0,4
t1_dwdn0to,30,2,8,4,3,1,4
t1_k6ogmx6,38,2,14,3,3,1,5
t1_ipmmtxx,110,6,35,11,6,8,10
t1_jsgzc9z,46,2,15,6,3,0,5
t1_dyjns7e,61,4,17,8,1,3,4
t1_dtizfgj,60,4,18,9,1,4,7
t1_hg0k062,96,5,19,14,4,16,8
t1_dtornpc,56,3,11,9,2,2,7
t1_fffe0gl,33,1,9,3,4,2,0
t1_gxbf2xf,124,4,52,17,5,1,1
t1_g3webly,109,8,40,8,4,3,12
t1_h8bvxz0,71,2,31,7,6,0,3
t1_e28by3c,147,12,47,19,12,9,14
t1_jgcarps,62,3,13,9,6,3,5
t1_e52ueby,33,4,3,8,5,3,5
t1_jtplv1s,57,3,17,5,4,1,5
t1_f1p32j3,65,3,26,8,2,3,3
t1_iibmykm,69,1,20,9,8,2,6
t1_e1h2s97,71,5,15,12,6,3,8
t1_e91xukz,85,5,20,10,5,6,8
t1_hhnlviq,51,6,13,7,5,2,7
t1_e1xqf0a,42,6,11,4,4,3,1
t1_fm81ueh,123,3,26,10,20,8,10
t1_hshe3jy,146,7,42,17,5,7,18
t1_k4kk4pk,66,4,26,7,5,3,2
t1_i5j4tlg,59,2,16,4,8,4,3
t1_gjd5l3o,47,6,9,7,3,3,7
t1_hfx8wdn,90,5,16,13,5,8,12
t1_go91bgg,30,1,12,2,3,1,1
t1_ismg0qz,126,6,39,11,10,5,6
t1_edekwcj,36,2,6,7,3,0,6
t1_hya1hh7,35,3,8,4,3,3,4
t1_gv1fbtd,117,3,42,11,10,4,10
t1_hfs5gu3,95,6,20,17,6,5,8
t1_dnlqq77,46,3,15,4,7,1,2
t1_gd72iut,92,6,24,12,4,4,6
t1_i3jkh6q,87,3,47,5,0,1,0
t1_e5883x7,55,2,22,8,5,0,0
t1_jpqldw0,161,13,35,22,18,9,27
t1_fa9gdrb,38,3,14,4,4,1,2
t1_ccms1vy,181,15,41,30,11,9,26
t1_hs3qo85,34,3,15,4,0,1,3
t1_fdq3zps,65,3,25,5,3,2,3
t1_hgnsml7,93,4,23,11,7,3,7
t1_ez63m5r,68,3,27,9,5,4,5
t1_h3ipw1d,71,3,29,8,6,0,1
t1_ia1vrsn,60,3,17,4,6,1,4
t1_irakjn4,69,5,29,7,4,0,3
t1_cyycd02,60,2,13,7,7,4,6
t1_eq9vh0j,31,2,8,4,1,3,3
t1_jf8eqad,96,3,35,7,7,2,1
t1_ewlig8x,84,5,29,11,3,1,6
t1_hbztejg,96,3,39,9,6,2,6
t1_e8pa361,74,3,22,5,8,3,3
t1_gk43ied,89,3,21,10,11,2,14
t1_hb9ctnd,77,3,14,13,7,3,12
t1_i7ybuop,92,5,22,14,3,7,9
t1_fcr6ets,38,4,8,5,4,4,2
t1_ho10pkp,143,5,39,18,10,10,8
t1_dwifbci,79,10,17,10,4,8,13
t1_eb7grm3,76,5,20,8,2,4,6
t1_iqu9znh,113,7,25,16,15,5,3
t1_d1ds861,160,4,52,16,16,3,7
t1_gmz4r5q,61,4,13,7,5,3,3
t1_dykzmcq,69,2,25,7,3,2,4
t1_ewecszi,32,2,6,4,4,3,3
t1_injn17m,47,2,16,4,2,0,4
t1_f7ejtay,39,2,17,3,2,0,3
t1_fnkmrk6,70,4,28,8,8,1,1
t1_jufuatq,55,2,13,9,3,4,4
t1_iudwola,72,6,18,11,8,6,5
t1_foisejb,38,4,13,4,5,1,1
t1_e8u3h53,89,4,28,8,12,7,4
t1_euwqtv2,123,8,29,19,7,5,17
t1_k1stfbm,125,5,36,9,14,8,7
t1_gra2ss8,29,2,10,6,1,1,3
t1_gevyv05,60,3,12,9,3,6,4
t1_dj1ym0s,25,3,7,5,1,4,4
t1_hqrlwah,34,2,8,4,0,2,3
t1_gz2lp0b,55,5,13,6,6,1,2
t1_gv2bc4r,130,6,55,16,7,0,2
t1_eyxyswq,40,4,12,5,1,2,2
t1_h1j25sb,75,2,24,3,4,4,1
t1_hrffqjp,50,3,14,6,2,6,5
t1_glbzvgn,33,4,13,6,2,0,2
t1_gyyic3e,187,9,32,20,12,16,27
t1_hgntud5,31,1,12,4,1,2,1
t1_h9sxlpx,51,6,15,7,4,3,3
t1_gu69iz8,34,2,9,2,4,3,1
t1_esok0c8,43,4,9,5,4,2,5
t1_ekkmtyz,38,4,10,4,2,1,6
t1_fz1am3h,127,7,35,16,9,3,13
t1_fwzhhdl,38,2,17,4,2,3,0
t1_gtn4gii,32,1,8,6,0,1,3
t1_gy422x9,49,3,18,7,3,1,3
t1_hjqyt38,44,2,13,6,3,5,2
t1_hq5da3n,35,3,9,1,7,1,3
t1_gxj77yz,109,4,33,11,8,4,13
t1_gtiq4d2,73,4,14,11,6,3,16
t1_exeiw7i,32,2,7,5,2,0,2
t1_j7x4hko,46,5,13,3,4,3,3
t1_ek8wt15,51,5,10,7,5,3,5
t1_gxvnl66,81,6,18,10,7,0,12
t1_ezyexrz,113,5,26,13,10,7,6
t1_epupo11,59,3,18,4,4,1,5
t1_j2wpvz6,53,2,10,8,7,2,5
t1_k81m5m3,29,2,9,2,6,1,2
t1_dwt6p8j,184,8,49,21,16,4,21
t1_itzxr8h,90,5,30,9,9,1,8
t1_kd4kcvv,71,3,17,8,5,3,8
t1_g55ubee,86,5,22,12,10,5,6
t1_gtfa35v,93,4,37,14,5,4,2
t1_grujzu3,103,4,38,14,6,5,6
t1_ic7j2oq,70,1,13,14,2,2,14
t1_dvf1ikl,46,7,12,5,3,2,5
t1_gxgft0q,114,5,39,14,4,4,7
t1_fz7t183,169,7,49,13,13,15,13
t1_k9bplnr,41,2,16,4,5,3,0
t1_gezfcxd,86,5,18,11,6,8,9
t1_e5iazc6,144,6,51,16,8,2,6
t1_ienlb4n,55,2,14,6,8,0,2
t1_f1f19y9,78,4,19,10,9,3,9
t1_dwgh5on,42,2,11,6,2,0,3
t1_gfblk4x,75,4,15,10,1,8,5
t1_f0z90m4,68,6,20,8,6,4,5
t1_hx89p2d,60,4,17,7,7,0,6
t1_hectlvd,129,12,47,12,9,3,18
t1_e1czhlh,77,4,35,10,3,3,4
t1_k7f1608,46,3,10,6,4,2,7
t1_kcfcp2o,51,5,12,3,1,4,7
t1_f1vhax5,45,2,15,3,2,3,4
t1_jhl3b85,27,1,12,2,4,0,0
t1_k2koe9v,115,5,36,19,5,3,5
t1_hclw97k,30,4,8,6,0,0,7
t1_ev68xuj,101,6,27,16,8,4,13
t1_ite6et7,50,2,10,6,3,4,8
t1_kcdp9ut,87,2,36,10,9,3,1
t1_gypw45d,34,2,13,2,5,2,1
t1_hqy2014,43,3,20,5,3,1,1
t1_hwzs5qo,68,2,22,11,3,0,6
t1_jt0xbsl,40,2,14,7,1,1,2
t1_j8p3qxk,135,8,44,16,19,1,6
t1_gra4zs8,100,9,30,13,4,7,8
t1_i4kbmt7,68,3,22,9,11,7,0
t1_e6ejd31,41,2,15,4,4,0,2
t1_k93qzkh,103,4,34,8,11,6,5
t1_k3n9h8b,61,2,22,6,4,1,6
t1_hua6u8o,44,3,11,3,3,3,7
t1_darvxk2,41,8,10,4,4,4,9
t1_i1sosb7,109,6,34,13,5,6,11
t1_i172ts2,60,2,23,8,6,1,3
t1_h6orttf,95,3,23,11,9,4,8
t1_j9f9mbm,91,5,16,11,6,7,10
t1_dzwa6qd,74,4,22,4,10,3,3
t1_gcgt39z,99,5,40,10,5,4,3
t1_hcdxpv3,52,3,5,9,3,2,12
t1_gst1qkw,74,6,17,8,20,5,3
t1_gm0aow5,97,3,40,7,7,3,3
t1_h4tpp5x,105,5,28,14,8,7,8
t1_e4pddq8,126,6,43,13,7,6,16
t1_ewr96u8,47,4,11,8,1,3,5
t1_g1ky466,94,6,27,13,8,9,7
t1_dxccin8,49,2,12,7,6,2,6
t1_ios3v8d,105,6,30,8,3,9,10
t1_f1hitvx,84,3,26,8,6,2,4
t1_ea9rcqj,62,4,11,11,3,3,12
t1_gkzkp8m,116,4,26,15,13,8,13
t1_gtiahwh,66,2,26,9,6,0,3
t1_hn52wjp,47,3,16,7,5,2,4
t1_jn0fxsn,138,7,28,21,9,14,16
t1_ju2j6vx,124,5,31,18,9,7,5
t1_gxix3rw,66,2,21,5,12,2,3
t1_gk99ztm,58,3,11,9,2,2,8
t1_jnsfllc,87,5,26,10,8,2,8
t1_e7juhfr,90,4,33,7,3,2,7
t1_j9d9jm1,31,1,10,5,1,0,3
t1_i0524al,48,2,17,6,2,1,3
t1_h00h1p5,86,2,23,7,8,8,5
t1_ha7j079,107,5,23,20,6,5,15
t1_it6tjwv,45,2,20,3,4,1,1
t1_gmyjkhz,114,5,21,15,8,13,15
t1_ekwd0nm,72,5,19,10,5,2,9
t1_ec1us78,26,2,9,4,3,0,0
t1_iykpe2o,63,3,18,8,7,1,4
t1_f41vcrw,87,4,27,12,6,5,5
t1_iu9at50,63,3,19,7,5,2,3
t1_jeepny7,60,2,22,6,3,3,1
t1_gu84izq,137,4,56,19,11,3,5
t1_gnpyxlx,89,3,32,7,6,3,5
t1_hglympu,32,1,3,6,2,2,6
t1_gxwf4o9,89,3,23,11,11,4,7
t1_g8q7psj,69,4,22,10,6,3,3
t1_e7eircw,38,3,9,6,5,1,4
t1_hgwju1f,96,5,23,14,13,7,4
t1_efw0drs,96,5,21,12,8,11,10
t1_hujpo09,39,1,7,7,1,0,2
t1_fzo408e,33,1,8,4,4,2,1
t1_f3tyaab,108,3,40,12,11,2,3
t1_iv8g2tn,91,5,27,14,3,1,7
t1_iolzmy0,102,7,23,17,7,6,12
t1_gei6ev1,178,9,38,21,7,11,20
t1_efwgb9v,81,6,17,12,5,3,11
t1_h3cfhxp,38,2,12,4,2,3,3
t1_g5h79kj,50,4,12,4,3,4,8
t1_fprw5dw,89,6,31,13,8,4,5
t1_hf5sueg,51,4,10,10,5,3,7
t1_e5kvyt4,39,3,10,5,2,2,5
t1_hyg08sp,37,1,13,2,5,3,0
t1_gyaqbpc,58,2,22,5,3,3,4
t1_hshro41,74,3,22,8,8,2,6
t1_ggfa943,29,4,6,6,1,5,2
t1_hh22syv,30,1,11,5,1,2,3
t1_jfzx9us,61,3,16,9,6,7,3
t1_gx4i5r2,29,2,5,5,3,2,2
t1_kcocdg6,109,8,31,17,6,5,12
t1_idyc484,104,5,27,9,12,8,7
t1_iduju8u,132,12,37,17,12,11,12
t1_grw98oe,24,1,13,2,1,0,1
t1_hfx9p98,90,5,16,13,5,8,12
t1_hbx8kq2,43,3,15,8,3,1,3
t1_hta3drz,63,3,18,7,5,4,4
t1_gsjh3ub,113,8,34,18,10,6,10
t1_jo46axs,58,3,20,3,1,0,3
t1_grzen4v,142,5,48,18,14,3,7
t1_hm1wxte,98,5,25,15,12,4,12
t1_fbgtwb5,116,4,37,17,6,7,3
t1_g0mebla,32,3,12,2,3,0,3
t1_eyllw4z,121,7,53,11,6,2,4
t1_hcitqo9,38,1,11,3,3,2,6
t1_erw2a3z,75,4,16,13,4,3,8
t1_esp6lcl,47,3,16,5,6,2,1
t1_inri4xt,61,5,19,7,5,1,6
t1_izf53vf,118,10,20,12,4,13,24
t1_jwcn1br,74,2,26,6,7,2,6
t1_f2bgm09,35,4,12,8,4,2,2
t1_ewxivqz,35,2,12,2,3,0,0
t1_j0ixlz8,73,3,18,11,7,1,6
t1_gdb0ixa,28,1,6,7,1,0,2
t1_e0n56f5,47,3,9,6,7,3,4
t1_k3n9abp,61,2,22,6,4,1,6
t1_gldgtxl,54,8,7,14,3,5,12
t1_gxeofnp,77,1,18,8,3,5,9
t1_fo5ij1z,25,5,10,2,2,1,3
t1_kbgvmfs,36,2,17,2,3,2,0
t1_ekyq4ns,85,6,23,13,8,2,9
t1_ikdqo0j,121,8,29,16,12,8,14
t1_cwz4skq,39,1,11,5,4,1,1
t1_ergp5sn,34,1,9,6,1,1,3
t1_elcq7w6,39,3,12,5,2,2,1
t1_hkryzd8,48,3,8,7,3,2,8
t1_jovhrg2,69,4,17,11,4,4,3
t1_dtexkqz,62,5,12,7,1,5,9
t1_gqgph45,38,5,14,5,6,1,4
t1_e16wwap,172,8,39,27,9,7,20
t1_iatpyrc,39,2,11,5,2,2,4
t1_hcrq3xt,111,4,31,17,5,6,6
t1_g0pqejc,41,1,15,4,1,1,5
t1_ipl2bgw,72,3,23,10,7,0,7
t1_gxfan4m,84,4,22,12,12,4,4
t1_f1w8qi9,39,2,18,6,1,0,0
t1_e7vs75x,106,7,20,11,5,10,15
t1_hgl5b6x,69,3,28,4,3,2,2
t1_gtzfiu5,132,5,49,13,12,5,3
t1_fqlnaj3,39,2,9,6,3,1,5
t1_gv7008f,43,1,19,5,1,2,1
t1_jhj434n,72,2,25,8,5,1,1
t1_h754ktw,31,2,7,6,4,1,5
t1_fzihes8,35,3,11,4,6,0,4
t1_gri5mvq,54,6,15,5,5,3,2
t1_gvebcvk,119,3,40,10,11,3,9
t1_gussob7,57,5,10,10,3,4,9
t1_ggf2h4j,73,2,29,8,7,1,2
t1_inqo522,79,4,17,13,4,4,10
t1_jnavpc8,36,1,16,4,3,0,0
t1_e3hqrk2,52,3,11,9,2,2,8
t1_g7dp5dp,125,12,15,19,5,2,34
t1_f3y9jqa,43,3,16,4,3,2,4
t1_gzaw7sm,63,3,26,6,1,0,0
t1_eqqnc2u,46,3,16,5,7,0,1
t1_hul5v3e,105,4,29,15,11,3,9
t1_dtpnrcq,68,7,12,15,3,4,10
t1_fdlt3z6,97,4,43,11,1,2,4
t1_hobkp4f,57,3,11,10,5,3,6
t1_h5u6f3x,38,2,12,5,1,1,6
t1_gwcyj9j,162,11,44,12,12,9,10
t1_hhrjmhi,106,5,25,16,9,8,12
t1_hlbp1yr,112,3,36,18,10,7,4
t1_ifscexz,61,3,17,8,2,2,8
t1_e1m9gsi,58,3,14,9,4,1,5
t1_h0eprkq,56,2,14,6,7,0,4
t1_dytohsf,87,5,25,10,10,6,10
t1_dd4b4rr,55,2,14,5,4,5,7
t1_dt39c64,112,2,48,7,11,3,3
t1_gvq0zrl,129,13,24,19,8,10,19
t1_dw4knu8,38,2,12,5,1,1,5
t1_jkzy69d,86,4,20,9,8,4,5
t1_gny21qm,62,3,18,8,10,5,0
t1_f2ggdwc,50,4,13,7,3,4,1
t1_g074n2j,55,3,18,5,3,1,5
t1_f6p2ig0,36,3,9,5,6,2,1
t1_fxlo8oq,115,10,27,15,12,7,14
t1_ix3m10u,140,6,52,20,6,1,7
t1_gvjs8go,123,7,26,19,11,13,11
t1_hq539wo,33,2,10,5,5,1,1
t1_e6ia8gj,113,6,36,13,10,6,6
t1_gxifawr,108,4,34,8,14,6,10
t1_fbmzdg4,31,2,2,6,2,3,4
t1_emnnyde,62,5,13,10,3,8,14
t1_ecazut8,44,2,13,5,2,2,2
t1_fbtntoi,44,2,13,1,6,5,1
t1_kbw1isa,58,2,20,5,6,2,1
t1_i2r696b,114,4,33,16,15,8,6
t1_jnkwca9,45,3,10,4,9,6,2
t1_irg6dur,71,8,15,12,8,1,10
t1_g3sq3yh,37,2,8,4,2,0,6
t1_eylkz22,121,7,53,11,6,2,4
t1_ivhjr4i,68,3,17,5,8,2,6
t1_i8ky0ff,25,1,22,2,0,0,0
t1_e9mgm6k,32,1,7,7,1,3,2
t1_fbd2ekd,40,2,7,5,2,3,6
t1_eludjjw,85,4,21,11,8,6,7
t1_jdynnh4,148,7,43,16,13,4,16
t1_elg51r9,48,3,15,7,4,0,2
t1_f3zdnhe,33,2,12,3,3,2,4
t1_fe1g8qr,54,3,26,5,2,0,2
t1_hsm4zo8,34,2,13,4,3,2,2
t1_hugie6o,61,3,19,10,2,4,5
t1_gdrrqap,71,5,15,11,2,2,12
t1_kfjfxwk,51,2,14,3,5,4,4
t1_ibgivc4,52,4,8,4,5,7,10
t1_gugb4sf,58,5,17,10,2,2,4
t1_et6hm26,60,5,16,6,5,2,4
t1_gyezodr,105,4,34,13,8,7,7
t1_gdspq6i,59,2,13,5,5,4,4
t1_fnwtf78,33,3,13,5,2,0,2
t1_iq83djh,100,2,22,16,6,7,12
t1_hi4dr1r,38,4,9,6,3,2,1
t1_gbx05sn,78,3,22,8,9,7,8
t1_gxd9muv,91,5,23,12,9,1,8
t1_etw8esi,57,2,27,5,1,4,6
t1_hx89qpm,60,4,17,7,7,0,6
t1_gvlto90,67,2,24,13,3,0,4
t1_k8bth4z,32,2,13,2,3,0,2
t1_e14hdy5,52,5,11,8,8,3,5
t1_f9fbjxh,40,4,14,5,2,3,2
t1_ec5aue2,45,4,14,7,2,2,3
t1_fmasfug,36,1,8,5,5,1,5
t1_gbqt43d,34,3,15,4,4,1,2
t1_fxyglgx,30,1,11,6,4,0,1
t1_fq9b004,49,3,16,5,5,0,2
t1_kdc02kl,48,2,27,3,1,1,0
t1_h5s2rnc,32,2,9,2,3,3,0
t1_ermfx98,134,6,53,11,7,3,13
t1_dx4ps3s,81,8,19,10,2,7,10
t1_grjb2th,159,7,45,20,10,21,7
t1_f78bbnt,55,2,21,8,6,2,1
t1_h5qrzfg,86,4,20,12,2,10,10
t1_dxnm7cy,46,3,11,9,4,3,7
t1_j6zgga6,35,2,9,3,4,2,3
t1_hbkwj3z,47,2,20,3,4,0,2
t1_di84xbb,37,3,9,8,2,1,5
t1_exvv9vf,36,2,17,4,3,0,1
t1_gvq7kap,76,4,27,8,11,3,5
t1_gx27f7r,92,5,39,9,7,1,2
t1_ivg3ztl,65,3,17,6,6,1,4
t1_fn90sjq,31,2,10,5,3,0,0
t1_fo0a1ca,44,6,13,4,5,3,6
t1_e4ct5ae,85,5,24,9,5,4,8
t1_etuci3t,46,3,16,3,4,2,2
t1_jdn941e,88,5,17,12,17,4,13
t1_ewp4vwy,139,4,65,10,11,3,7
t1_g6opweo,86,3,25,10,6,2,6
t1_j5cll1c,76,3,25,8,2,2,7
t1_egbvl95,46,3,16,6,1,1,4
t1_go8j48a,75,3,14,12,4,2,13
t1_i6lhzki,97,4,27,15,10,3,5
t1_gtader8,151,7,56,19,17,3,11
t1_etzv9gc,144,11,50,11,19,9,5
t1_h1g7g4t,26,1,9,5,1,1,0
t1_i8g58mr,37,2,15,3,4,1,2
t1_h393hlr,122,9,24,21,5,6,22
t1_e0crm5m,62,2,13,8,6,5,7
t1_e62t8x5,60,4,17,7,4,4,6
t1_e9mhtja,51,2,20,5,3,2,0
t1_ewtqbr3,33,3,16,1,3,1,3
t1_hlr572t,102,10,29,9,5,4,13
t1_gxmfe9r,72,4,28,7,5,0,2
t1_ewk8crg,42,2,12,5,3,2,1
t1_ih15q9c,64,1,18,12,1,1,7
t1_j49ap25,51,4,12,5,1,1,6
t1_e3vj5fi,79,4,28,6,8,5,5
t1_jps3i60,47,2,8,7,1,3,10
t1_fcv2or9,97,12,21,16,7,4,18
t1_emgr2b2,81,3,18,6,5,2,15
t1_e08rzok,69,4,23,9,6,1,3
t1_hebj7rz,84,4,11,16,5,9,10
t1_g4ckcgs,150,8,39,18,5,8,20
t1_ee7dohn,30,1,11,3,5,0,0
t1_gzq96bv,87,4,32,11,10,3,6
t1_hbqpseb,142,3,30,17,25,11,10
t1_gxydpzb,39,2,6,8,2,4,8
t1_h1011en,90,6,21,13,5,8,8
t1_ih6a7nz,140,5,36,17,17,1,13
t1_ds5z8j9,135,13,35,16,15,5,11
t1_doj7s7m,50,2,13,9,3,1,2
t1_g0oousw,56,4,18,5,4,3,6
t1_kcazwmx,52,1,15,5,4,2,2
t1_hnuaziw,98,3,36,5,11,1,5
t1_dv0zbe7,30,2,9,5,6,1,2
t1_k1kct8n,108,5,28,14,7,7,12
t1_ey2s53w,23,1,10,4,3,0,1
t1_esjt3yz,111,6,28,13,8,5,13
t1_dxbnu39,33,2,7,5,1,2,5
t1_j4nk5wn,38,3,8,4,2,3,5
t1_hdsotgi,46,4,13,7,8,1,2
t1_jgy8ud5,64,3,17,8,1,1,7
t1_guaxxa3,113,5,36,16,10,1,11
t1_h0epsj5,56,2,14,6,7,0,4
t1_k7whnlu,59,2,16,6,5,3,3
t1_h12ynpk,53,2,16,5,6,2,3
t1_dfe7sz8,95,6,22,11,13,9,8
t1_j3ihm9g,63,3,14,7,11,1,4
t1_frop3ul,101,5,24,14,3,6,12
t1_fae60ew,36,1,14,4,3,0,1
t1_k2u1o8d,63,3,19,7,9,6,2
t1_fmh0fob,35,3,7,7,3,3,7
t1_jkgttbs,118,5,44,11,7,5,6
t1_hf6tel4,57,5,13,12,4,6,5
t1_etlvzjk,60,5,13,8,5,4,7
t1_k9ctynf,80,2,25,9,0,5,9
t1_i7c8sxa,28,1,7,4,5,1,1
t1_ic5ew02,101,5,26,14,8,3,12
t1_e6ndq3c,107,6,23,14,7,9,11
t1_hexc8kn,57,4,13,9,2,3,9
t1_h4w3u1k,33,2,7,5,2,2,6
t1_j9q5dby,30,1,8,3,2,0,3
t1_inoqwei,51,4,15,6,0,5,7
t1_k1kdrvp,108,5,28,14,7,7,12
t1_h4n3x6x,81,5,14,9,5,5,16
t1_epp1dhn,155,15,26,20,11,15,30
t1_kfff2vu,81,2,33,5,5,0,1
t1_f3h7vq0,55,3,8,11,2,1,10
t1_e0yv09k,73,3,20,13,5,4,3
t1_kcdsey5,121,3,60,10,11,1,5
t1_gibvp8y,77,4,13,9,10,7,11
t1_hk1dg11,159,9,57,17,11,4,6
t1_dycbyi1,60,5,24,6,2,2,3
t1_e63vihu,77,5,18,13,2,5,11
t1_jp5e861,48,3,9,9,3,2,4
t1_gb06koo,86,7,19,10,4,6,14
t1_ecam2h5,97,8,19,15,5,10,14
t1_fc9j4j1,70,8,12,12,1,5,13
t1_e6nu9b2,29,3,6,2,1,0,5
t1_f17da3j,36,1,13,6,2,0,1
t1_i16eqz0,69,6,15,7,8,7,9
t1_hf8di3h,141,7,29,19,8,11,16
t1_jzkelf0,35,2,9,5,2,1,5
t1_ezu00o0,54,4,10,7,2,8,6
t1_dwbtij8,58,5,16,8,5,3,6
t1_ezalvez,26,2,7,5,2,1,4
t1_e7jy268,43,1,14,3,5,3,0
t1_dv5otx8,43,2,15,7,0,0,3
t1_dt90dw3,68,6,12,7,7,8,9
t1_h0q0yr5,144,7,28,22,15,7,19
t1_hejvrjq,35,4,6,5,3,2,6
t1_gjgo1zb,74,5,13,13,5,4,14
t1_ik7t5bu,33,3,5,4,4,2,4
t1_hi4e3fm,38,4,9,6,3,2,1
t1_k85gvsz,115,6,54,9,4,2,7
t1_gf7ah4n,34,2,15,5,2,0,1
t1_fd6xmaj,41,3,10,8,3,4,6
t1_fafmsv2,149,7,33,23,20,9,7
t1_gt3fih1,79,3,34,11,4,1,5
t1_gveb47r,30,1,14,4,3,0,0
t1_fg34xpj,58,3,20,8,5,1,4
t1_f1hmhs0,89,5,28,14,7,2,9
t1_fkhd4w1,130,5,39,14,12,6,4
t1_gvsk6mc,67,4,22,12,4,2,4
t1_dxlp6c9,34,2,8,6,0,2,5
t1_gcqpisj,56,3,15,7,1,3,5
t1_dsv14tj,43,3,11,8,1,0,9
t1_fo7nsed,46,3,15,5,3,3,6
t1_e5fkcwz,42,2,11,7,3,0,1
t1_eyvcgjd,42,2,12,6,1,3,4
t1_joi7xxk,50,3,17,5,2,0,4
t1_ec1qosp,33,2,7,5,0,1,5
t1_dt5u79a,41,2,12,9,2,2,6
t1_e5h8rtr,32,1,8,8,1,1,2
t1_grzkwj5,156,6,60,20,7,2,1
t1_gujyiuq,149,5,61,20,5,2,2
t1_jmloy9v,60,5,9,8,6,2,15
t1_e6ob7uf,67,3,20,10,2,4,7
t1_hmfts82,123,9,38,18,11,4,11
t1_f7qr3wp,36,1,7,2,5,1,4
t1_f7eeq9z,128,8,22,15,15,10,14
t1_joqui1t,39,2,12,7,4,1,3
t1_f3oksw3,40,2,9,6,4,1,4
t1_idpij56,162,11,54,18,12,11,11
t1_h09y0k2,34,2,9,6,3,0,0
t1_gnqx5wt,89,2,29,13,9,1,3
t1_fpnt9n4,127,17,26,26,7,2,28
t1_k8pdb8a,29,1,10,5,2,0,2
t1_fag0j3m,98,11,27,13,4,4,18
t1_gbe2sc1,46,5,16,7,3,1,3
t1_j467cj6,94,6,20,18,7,6,11
t1_gjaos23,77,4,20,9,6,2,5
t1_gsj4uzx,40,2,12,8,1,1,1
t1_kbuh3es,50,2,17,6,1,2,2
t1_jxmb30r,45,2,10,6,4,2,5
t1_gnq55t9,91,3,34,7,9,2,3
t1_eucppte,72,4,14,12,4,2,8
t1_i4qartn,106,4,24,10,14,10,11
t1_g498f3s,165,6,52,11,10,6,14
t1_i0rkt48,71,3,25,6,9,4,4
t1_e4qb6q8,75,4,23,8,6,6,3
t1_hdsm0j5,52,3,12,7,6,5,5
t1_gqyi5cr,49,4,14,5,4,1,5
t1_d04d0p0,90,5,20,8,8,5,9
t1_ekirngn,65,2,19,11,10,3,1
t1_jbc6bd9,80,3,20,11,6,6,5
t1_i4vc2n9,64,5,17,9,7,7,7
t1_e8xawsr,40,2,8,7,1,0,6
t1_hgxhd41,58,5,12,9,4,3,9
t1_dxdbesq,76,4,24,7,7,4,6
t1_eyogxio,35,3,14,4,3,2,3
t1_iai3vcu,61,6,15,8,9,3,7
t1_gsc4lb1,79,5,20,8,8,3,10
t1_fmslxpo,67,4,6,15,4,6,13
t1_g7h9ia8,44,4,9,8,4,0,7
t1_en9hms5,42,3,15,5,4,0,3
t1_e2ygu1x,49,3,9,8,5,2,8
t1_d7v7vie,139,5,44,19,11,8,5
t1_havvhok,33,3,8,2,5,1,5
t1_e964bla,48,4,13,7,3,2,6
t1_i61suxa,42,2,15,2,10,0,3
t1_f5uzmqh,89,3,31,12,12,3,6
t1_gld9uob,56,6,10,11,3,4,8
t1_f4k1n4y,120,5,37,18,3,6,11
t1_gzykva6,90,5,21,11,8,6,7
t1_gv1f0u3,100,4,35,7,10,0,2
t1_epf26u6,70,4,30,6,4,0,1
t1_ix34bxa,42,5,6,8,2,1,11
t1_ffzsmk1,37,2,7,6,8,1,2
t1_eatrqrc,95,8,25,11,9,9,6
t1_is5xyvz,76,4,25,9,10,3,4
t1_jz3f48q,54,3,20,5,4,2,2
t1_dqfazwe,152,6,46,16,14,2,9
t1_diebn5n,60,3,13,10,7,4,2
t1_dyzrrkg,28,3,6,5,3,0,4
t1_f21b6dm,35,1,5,2,2,5,7
t1_ea0zrmq,36,2,16,4,1,1,2
t1_fb1hfiu,70,3,13,10,5,2,12
t1_if234mc,184,3,39,26,14,12,28
t1_e0jv09g,48,2,13,6,2,2,3
t1_ebaffwk,75,2,23,7,5,2,5
t1_ir6lwme,62,2,18,7,8,2,1
t1_iok3zl7,65,4,19,8,9,0,3
t1_fzzs7c6,76,5,25,9,7,3,4
t1_g5l4pkb,42,2,10,3,4,2,6
t1_j8jbb8i,106,3,19,12,8,11,15
t1_f7zjbj2,48,3,9,8,4,1,9
t1_k0y3o9w,89,7,25,16,6,8,4
t1_hgqq5ml,67,4,20,7,6,6,4
t1_fv369q4,32,2,10,3,2,0,4
t1_gu8owot,58,4,20,4,10,2,2
t1_hfpa1dl,120,6,27,19,8,7,14
t1_d4132ch,160,6,41,21,11,8,15
t1_fkhdbl1,122,5,36,14,10,6,4
t1_h6vaerj,45,5,9,7,7,4,4
t1_jx5k828,35,3,10,3,4,0,3
t1_kc4imvp,159,6,36,20,22,10,12
t1_g3zhiwj,90,6,24,7,9,5,6
t1_dyo8qrm,144,11,43,21,10,11,11
t1_i27a5vm,91,4,18,14,10,7,10
t1_ellqsv7,50,3,19,7,1,1,0
t1_ecqggdj,80,5,24,12,5,2,7
t1_e244e7c,52,3,12,7,2,3,6
t1_dzz28sn,131,6,35,17,11,6,16
t1_hfpadca,120,6,27,19,8,7,14
t1_jpv0rmr,42,3,11,2,6,6,2
t1_f5lbv48,108,7,27,11,4,3,10
t1_k055t3y,165,10,48,14,13,3,23
t1_jh1rx92,46,2,9,8,1,4,8
t1_evhmgeg,174,9,40,26,12,6,24
t1_g1bnpt9,84,4,23,11,6,1,6
t1_dvx4jq1,67,3,19,6,5,1,10
t1_e87k9bo,75,3,10,10,5,4,14
t1_kec4nix,60,3,12,9,5,6,10
t1_hpe8lgy,37,2,10,7,3,2,4
t1_hfcpljf,55,4,14,10,5,2,3
t1_h8v507t,25,1,10,5,1,0,1
t1_hpa1oyn,30,2,13,3,0,1,3
t1_f8pldfo,86,6,29,12,4,2,6
t1_f0qna2o,53,3,21,4,5,3,4
t1_kbx7thu,86,5,27,8,6,2,6
t1_i052bsi,48,2,17,6,2,1,3
t1_i03ho2k,65,4,14,6,9,3,10
t1_cp0b35p,107,8,31,13,7,6,15
t1_e60zb6j,29,2,6,4,3,2,4
t1_e23rtmj,51,4,11,6,5,3,7
t1_icaef4b,66,5,19,15,5,2,3
t1_eyhpcg2,26,2,10,4,1,0,2
t1_geohdws,43,4,10,6,3,3,3
t1_ei9skns,60,2,17,8,6,3,7
t1_hwmzqh3,82,5,15,11,6,6,10
t1_eg3z4ln,29,2,9,6,2,3,1
t1_fliybvm,42,1,10,5,6,2,5
t1_h6r168z,95,6,23,9,11,5,10
t1_f7elmp1,31,3,10,4,0,0,2
t1_e6fzelv,40,2,12,1,6,4,2
t1_gszeo44,168,5,57,18,11,10,9
t1_g8q6z1f,51,1,9,8,3,2,8
t1_i8i5vpz,66,2,24,9,4,3,5
t1_ezpc6zp,35,2,11,2,1,3,3
t1_j5qa87g,67,3,12,7,7,4,7
t1_d6a1oub,47,2,13,5,5,2,4
t1_e15atoh,127,7,35,15,12,8,15
t1_iar69nc,42,3,13,2,2,0,6
t1_g3qgulc,70,6,24,10,2,4,4
t1_gklwo1a,109,3,29,13,14,7,7
t1_is5cj2w,52,4,17,6,1,2,3
t1_fax8y0n,57,4,31,2,3,0,0
t1_dam0h7s,41,2,10,4,4,1,3
t1_h8ib0fz,30,2,8,5,1,1,7
t1_evmsi5e,49,3,8,6,4,7,7
t1_fssx3ha,41,2,11,5,4,1,3
t1_jw0q45y,86,4,24,14,9,1,0
t1_heaw3yi,84,4,11,16,5,9,10
t1_e7k7x3d,33,4,13,2,0,7,2
t1_e9980mh,45,3,15,3,6,0,2
t1_kfgt3z1,45,2,17,6,0,2,0
t1_gxq4985,125,5,44,12,21,3,2
t1_jh7fftp,77,5,18,11,5,2,10
t1_dy10ac0,55,5,19,7,7,4,3
t1_i1bgv3m,36,2,10,5,0,1,3
t1_gzy7yec,95,4,32,11,7,4,3
t1_gxljgej,47,1,17,7,5,1,2
t1_k6gn3xk,77,4,25,9,5,5,5
t1_es8znqh,104,8,38,12,9,5,4
t1_di0wads,48,4,14,5,1,1,7
t1_ix2pt2q,56,6,14,7,6,1,8
t1_ebbp8uq,62,4,16,8,6,1,5
t1_hbvn25n,79,7,18,12,4,7,8
t1_f32w1m5,33,1,15,4,3,1,2
t1_e8tohxa,33,2,12,3,3,1,2
t1_gyzc1dq,69,3,14,11,4,6,9
t1_jlvlmw2,40,3,14,3,4,2,1
t1_fbvjw16,92,8,18,11,4,6,17
t1_k764qqg,68,4,27,9,5,1,1
t1_e682qpn,103,6,31,14,9,4,5
t1_euyikqc,81,4,24,13,2,5,4
t1_g6or79o,86,3,25,10,6,2,6
t1_jg7d3o4,66,4,16,7,6,2,5
t1_k47vk5s,35,2,10,4,8,1,1
t1_ienlbii,55,2,14,6,8,0,2
t1_j2d40kh,105,8,27,15,3,12,9
t1_fab0qyq,45,2,12,6,0,3,5
t1_dx4y4g6,43,3,7,6,4,0,8
t1_hy7hmzp,65,3,10,14,5,2,13
t1_fja8byl,48,3,19,5,0,2,1
t1_e9eyydp,38,4,14,3,4,1,3
t1_eg4y2ig,40,4,21,4,4,0,0
t1_h02yqjb,149,5,34,17,8,11,11
t1_e01i5l7,130,6,46,21,11,3,16
t1_h8aqb5n,32,3,7,4,3,3,2
t1_fo1zahf,48,4,18,4,6,1,4
t1_hrwwg46,41,2,13,8,0,1,5
t1_f7pnew3,38,5,10,5,2,1,2
t1_ez6pile,93,5,40,11,5,1,1
t1_f6v6ws7,75,5,22,10,5,2,5
t1_gzb9qr4,128,6,37,13,11,4,7
t1_h7uw8da,40,1,10,3,3,2,3
t1_f5rtqj5,35,1,9,5,3,3,3
t1_jbpghpe,147,6,25,25,12,10,16
t1_dripkn6,126,5,41,15,11,2,2
t1_dva0k7n,36,2,11,6,2,1,1
t1_ggyqnid,71,5,15,13,2,5,4
t1_gh3j0er,37,1,6,5,3,5,4
t1_iktl710,64,3,26,8,7,1,7
t1_f8du8u6,47,1,18,3,3,0,4
t1_f7zaqai,61,2,16,13,7,1,5
t1_dzf8dl4,31,2,7,4,2,1,3
t1_dwk9eqm,70,5,16,9,3,3,8
t1_g0m4ir4,32,3,12,2,3,0,3
t1_izxr7qv,34,1,11,3,5,0,2
t1_gny616d,96,4,34,10,10,3,5
t1_g8wgqts,32,1,7,6,4,2,3
t1_ek0xv3u,59,2,19,7,6,3,1
t1_gsk0iw2,108,3,39,18,3,0,5
t1_gxd9k4u,91,5,23,12,9,1,8
t1_gtbhy8i,171,7,58,19,12,5,4
t1_fvwoux8,53,4,15,7,7,3,4
t1_gshqbl4,144,6,53,16,6,2,11
t1_e0gaj1z,40,2,7,6,3,0,7
t1_kbhniqh,111,6,40,12,4,4,7
t1_iv7iuhy,107,4,21,17,8,9,9
t1_hnvwhon,41,2,6,7,3,4,8
t1_eekecxz,156,7,57,24,8,9,10
t1_dzamqar,37,5,8,9,1,2,7
t1_keey40j,84,3,28,10,5,0,2
t1_gvdlzaw,139,5,58,16,8,2,6
t1_ddoajis,54,2,18,9,5,1,2
t1_f3p69fd,92,3,20,10,10,8,10
t1_dwx0ybw,53,2,17,10,4,0,3
t1_gp3kyz5,145,5,29,20,13,10,13
t1_k166z7w,101,5,18,14,8,5,13
t1_ia8j0bo,31,1,10,4,3,1,1
t1_e24toiu,26,2,12,4,2,0,0
t1_h4mvnxs,77,3,18,9,3,4,12
t1_huxa4i2,66,4,16,9,1,5,8
t1_gmpv419,90,4,27,8,6,12,6
t1_huavhzz,40,3,7,9,3,1,8
t1_epito2z,65,4,26,5,5,2,4
t1_f52qybe,106,3,25,9,7,5,13
t1_ih2z2sh,125,6,27,17,13,4,18
t1_e296l4u,50,7,12,7,9,4,5
t1_d2re132,76,3,13,9,8,5,6
t1_e8pvy3n,28,3,7,4,3,0,2
t1_gsjiq4i,129,6,53,20,7,0,8
t1_dw5qjqx,29,6,11,4,3,2,3
t1_jbythji,43,3,8,7,3,2,8
t1_fd6xjg2,41,3,10,8,3,4,6
t1_dsxyg9x,49,3,12,8,1,1,6
t1_hemc05m,51,2,11,5,4,6,4
t1_gx3uezp,133,4,46,13,12,2,3
t1_hbkkvgd,95,3,20,10,8,9,8
t1_gnlufq0,100,4,36,8,11,1,0
t1_emzb72i,35,3,8,2,5,3,5
t1_e3fcxxs,38,3,10,3,3,4,2
t1_jevgk97,56,3,10,10,5,7,6
t1_d8wytyc,38,2,9,3,4,2,4
t1_jn1go6w,65,3,20,10,2,3,4
t1_e1tdd1z,86,10,21,9,8,5,9
t1_e5qetag,72,3,15,6,7,3,5
t1_dy1vjvf,30,2,5,6,3,1,3
t1_ec2x1qs,72,3,18,7,3,6,5
t1_dtu9dp4,38,3,13,3,7,0,2
t1_f6p3vx1,42,2,14,5,4,4,2
t1_iox02zb,61,3,19,6,5,2,10
t1_j965p64,89,3,29,7,7,1,6
t1_gpq8eyl,42,4,14,6,4,0,3
t1_gn3xrj4,122,4,41,10,13,6,5
t1_fv7gvzm,45,2,21,6,4,0,2
t1_glsosku,47,3,15,5,4,3,2
t1_fotbeh5,47,5,13,8,2,5,2
t1_f36bpgp,120,5,38,18,3,5,9
t1_ewuu4g3,55,5,14,8,4,2,3
t1_eziajen,70,4,19,7,8,1,4
t1_gvq9h9w,63,3,19,7,7,3,2
t1_jbk7nfr,90,5,36,10,10,3,3
t1_iu0mggv,43,2,10,9,2,1,7
t1_ewprc6d,34,1,9,6,3,2,2
t1_e4ihl1q,103,4,32,14,6,3,9
t1_e57nrr3,125,4,16,22,4,8,23
t1_hwb68ec,47,5,28,3,4,1,1
t1_ifnuabf,95,7,22,14,4,7,14
t1_e5k2x9q,69,5,20,9,5,3,7
t1_eh5y6ra,100,9,29,14,8,7,9
t1_hf6tpgw,57,5,13,12,4,6,5
t1_gncjyqa,95,4,24,16,6,3,4
t1_jft50ib,55,2,20,7,1,2,0
t1_dye8b90,44,1,18,9,3,2,1
t1_fuu7o89,52,2,9,8,5,1,10
t1_jvjntf9,107,2,29,15,3,2,16
t1_fv495ye,42,2,12,7,5,0,1
t1_gsdv5mo,97,3,29,14,14,6,6
t1_iigfe6x,83,4,19,15,8,4,10
t1_f150p3r,62,4,15,9,3,3,11
t1_hzs2hmw,42,1,15,5,3,2,2
t1_goek6a6,161,10,45,19,12,2,22
t1_gzql3y0,43,2,21,3,4,0,0
t1_g68hmdg,31,2,10,1,3,1,3
t1_fr06d4w,54,5,11,8,3,3,8
t1_j4ytiu6,54,5,12,5,5,3,6
t1_k7zbou2,47,3,13,6,3,1,7
t1_doif3n8,50,2,13,9,3,1,2
t1_gnqrmjp,135,6,50,14,10,9,5
t1_cp9o451,33,2,9,7,0,1,6
t1_hazlwi9,46,4,12,8,2,1,5
t1_gy892be,68,2,24,7,4,0,7
t1_fqz9ymk,42,3,11,5,6,0,3
t1_f94r7wb,57,6,12,5,5,4,9
t1_hl3jcnk,36,2,8,7,4,2,2
t1_k2knzoi,115,5,36,19,5,3,5
t1_ibau7ta,39,1,10,4,3,3,7
t1_gk0n303,49,1,17,7,4,1,0
t1_hl5ru9l,38,1,12,4,3,1,2
t1_hfi4l44,87,4,21,14,6,9,5
t1_gl5eryc,42,3,7,5,3,4,4
t1_gced6yl,118,3,39,14,9,7,6
t1_gxit98k,38,1,10,4,5,2,1
t1_i11t5jp,35,7,17,3,3,0,2
t1_jttyfuc,72,4,22,14,5,0,4
t1_fohe9tw,63,2,15,10,6,3,2
t1_hivrsv1,43,3,11,9,2,2,1
t1_dxfx5ri,74,2,29,11,5,0,3
t1_g4rie2s,54,3,13,7,3,2,4
t1_gvqaex1,119,4,39,11,9,5,11
t1_gy2ledv,49,2,15,6,4,3,1
t1_g36ncu1,29,4,10,4,3,4,1
t1_jabimli,37,2,6,7,2,0,7
t1_gvwmn6w,45,1,28,2,4,2,0
t1_eqj52vl,36,3,12,4,5,1,3
t1_jk42tfn,117,12,21,18,9,4,23
t1_du70bck,32,2,14,4,2,0,0
t1_gjvzibv,53,2,15,5,6,4,6
t1_f8wj0yc,54,3,11,7,4,6,4
t1_gv6kskl,51,1,16,5,3,0,2
t1_febk1y6,48,2,14,7,1,0,2
t1_gngtyol,75,3,25,5,8,3,6
t1_e1ey5gf,41,4,13,4,3,1,6
t1_e4zacmb,57,2,22,9,1,2,3
t1_hnwwjc8,34,1,13,4,0,1,2
t1_h0zkm4a,46,2,15,5,5,2,1
t1_grv8nh7,111,5,41,12,9,2,3
t1_f0218f3,59,2,21,4,7,4,0
t1_gxgwbr6,89,4,30,8,10,2,3
t1_enns0h4,68,2,17,9,3,4,9
t1_g3sqeh2,37,2,8,4,2,0,6
t1_e8goh8m,46,4,12,7,3,3,4
t1_dspgjp8,39,1,15,1,4,0,1
t1_jmdvfyh,118,6,34,15,9,6,9
t1_gt3or1l,88,4,27,10,6,6,3
t1_hgnma38,93,4,23,11,7,3,7
t1_g83gl8d,33,1,14,1,1,0,0
t1_hympdkc,47,2,19,6,6,0,1
t1_dtdz6rz,66,5,11,9,7,5,11
t1_hfxaqyr,90,5,16,13,5,8,12
t1_goh57nz,79,3,22,11,11,3,5
t1_cvjto0l,84,4,27,9,7,4,4
t1_dw6cz1v,122,7,52,13,10,4,5
t1_hzovtm3,87,4,27,6,11,4,2
t1_dwnlhep,95,5,19,11,4,1,16
t1_id3dtoj,72,3,28,10,7,1,3
t1_hfs61xw,95,6,20,17,6,5,8
t1_e84gvx0,42,3,8,3,5,4,4
t1_jumi3ii,93,4,29,5,10,7,6
t1_huei40j,61,2,16,10,5,4,4
t1_grzjsoy,48,2,19,7,2,2,2
t1_k6w79lu,127,4,59,13,7,2,4
t1_g6opqrt,86,3,25,10,6,2,6
t1_fo64zu2,63,7,8,12,6,2,11
t1_g3kn0vu,46,2,9,4,6,3,5
t1_i4q2v88,88,4,21,17,2,5,8
t1_fggkf08,100,3,39,15,5,2,5
t1_fajf7bn,28,2,14,2,1,0,1
t1_cz5p2k5,85,4,20,17,4,2,10
t1_fi8qz7n,135,8,37,18,6,6,18
t1_fxtnk9m,104,5,24,16,1,1,22
t1_e0i1f3n,128,4,30,13,21,4,5
t1_ftp4pwf,61,4,11,10,1,3,10
t1_gt7giae,81,4,35,8,3,0,2
t1_emcerl8,32,2,7,6,2,3,3
t1_kf9jb3y,36,1,7,4,0,5,5
t1_hgnmf10,93,4,23,11,7,3,7
t1_k7imr2k,126,4,59,10,14,2,3
t1_fprwbmo,60,5,17,8,2,2,6
t1_imt5so7,51,4,17,7,2,2,2
t1_hemfft1,29,1,7,3,2,1,4
t1_gxq6chn,40,1,13,5,3,1,4
t1_gte7ag3,83,3,31,9,6,4,5
t1_ecblbkx,40,5,12,6,5,0,4
t1_e8l4oh6,35,1,7,5,5,0,3
t1_jsq0rd8,94,3,27,12,8,4,7
t1_hmp43v2,107,9,31,13,3,5,7
t1_ds804f1,43,4,12,8,3,1,4
t1_hnmn7ce,60,4,17,6,8,1,4
t1_j4nv7rw,29,3,11,5,0,2,1
t1_dxfd95y,137,10,29,21,7,6,17
t1_ds6qrty,72,4,22,13,3,3,5
t1_jgcaxki,62,3,13,9,6,3,5
t1_f82g0y5,60,4,12,8,7,1,9
t1_hks81hn,34,2,15,6,2,0,1
t1_g45ol7o,76,2,26,5,5,2,4
t1_he8el7w,42,2,19,1,5,1,1
t1_gncdmbt,156,6,52,13,17,10,6
t1_kei0r8d,46,1,19,5,2,1,3
t1_f1i278c,89,5,31,11,8,2,5
t1_gsbfmpv,28,2,10,2,5,1,0
t1_jlligan,57,3,15,5,4,0,3
t1_jsulv17,120,7,26,19,8,11,11
t1_kel3t9x,40,1,20,4,0,1,1
t1_e828gs8,53,3,16,5,1,3,2
t1_fcqqn7h,43,4,11,5,1,5,3
t1_g6gskob,67,4,15,6,6,1,8
t1_fomlxd6,99,3,28,11,12,2,3
t1_e1dge6d,67,3,11,11,4,5,7
t1_g3ylbke,33,2,9,3,1,0,4
t1_exqcdsk,106,4,27,18,3,2,15
t1_fpr1afc,25,1,11,2,3,0,1
t1_gyh3fay,75,3,24,11,8,1,7
t1_hyo8vb8,49,2,12,7,3,3,2
t1_fo1y7yd,48,4,18,4,6,1,4
t1_e44cj3r,121,6,31,17,6,3,7
t1_gz178t5,139,6,60,10,10,9,5
t1_dvqpv8w,56,3,17,8,3,1,4
t1_g7igje2,60,2,17,8,4,4,5
t1_gxidh0i,61,2,17,8,11,3,4
t1_f32c3rv,62,5,19,9,4,1,4
t1_kaab6tv,52,1,22,7,2,0,0
t1_ghav9cv,41,2,14,4,5,0,2
t1_j3e006h,63,3,14,7,11,1,4
t1_fgmtqhl,31,3,12,4,3,0,3
t1_el727kd,96,6,33,9,7,5,8
t1_e7nmyya,44,2,12,5,2,0,6
t1_irzrfko,53,3,12,7,5,4,2
t1_hnel8u8,45,3,10,7,1,4,5
t1_go1g852,100,4,38,4,12,0,3
t1_j75coaw,46,3,16,4,6,1,2
t1_dw2lyid,114,6,37,13,9,5,8
t1_dfm2agq,94,5,22,11,13,8,10
t1_d560jmc,86,5,25,6,3,3,8
t1_gh7c2g8,84,2,21,8,14,4,4
t1_ilqjl58,81,4,28,11,7,3,5
t1_go71git,36,1,11,2,1,0,4
t1_ebi747y,36,2,11,6,2,1,7
t1_hf5seci,51,4,10,10,5,3,7
t1_g0k0h04,75,5,22,8,7,3,9
t1_e0mo1dn,43,3,12,3,5,2,2
t1_ekkucm0,33,2,7,5,3,1,3
t1_foc7ppu,161,7,69,19,7,2,8
t1_gztgvur,56,4,18,7,4,3,5
t1_fpd6k6p,32,1,13,3,4,0,0
t1_hm8y2ci,71,2,26,9,6,1,3
t1_kaw3zj9,124,5,28,17,12,4,15
t1_hd23p3d,46,3,8,10,1,2,11
t1_e0ujkq7,28,2,9,4,2,1,3
t1_ihnc5s6,60,3,12,11,7,2,4
t1_k6uf9yu,59,3,19,7,11,3,2
t1_es98dxq,85,6,32,14,8,4,5
t1_f0n326t,146,6,40,17,17,8,8
t1_g36n90z,29,4,10,4,3,4,1
t1_gkticp9,149,6,45,14,14,7,8
t1_kd3281t,164,8,48,17,12,12,9
t1_kejj60o,115,5,21,13,12,6,15
t1_g18bny8,32,3,12,2,6,0,1
t1_jfyjapq,52,2,21,4,6,0,0
t1_flcsmg9,70,5,16,10,4,4,12
t1_fyc2m0k,43,3,14,5,7,4,2
t1_istc1q7,33,3,8,3,2,3,4
t1_ejzgyrf,99,6,21,17,5,7,12
t1_geneqwv,61,2,11,7,6,3,7
t1_dvsuxk3,118,4,29,13,10,6,9
t1_et65xip,106,4,38,13,8,0,4
t1_evuz5ri,43,2,14,4,7,1,3
t1_ecxyg04,106,10,25,8,8,7,15
t1_gc3hq51,94,7,22,12,4,6,11
t1_kde9e1k,68,4,17,14,2,1,15
t1_gujxex1,126,5,44,12,13,6,8
t1_dvghb5p,71,3,13,9,4,4,9
t1_cl7ew45,62,3,12,9,7,6,12
t1_fog84ez,112,8,60,13,1,3,9
t1_jml4kdk,53,5,15,5,8,2,6
t1_fxubwiu,67,3,17,9,5,1,10
t1_gtdk2uk,173,13,34,21,12,9,29
t1_ez8owhh,84,4,31,12,4,3,4
t1_hxp8ebt,68,5,25,9,6,5,3
t1_iui1vok,61,5,20,6,6,4,1
t1_eqh38rn,145,6,42,15,5,8,16
t1_igi2k4x,61,4,19,7,7,2,9
t1_i874xl5,49,3,11,9,3,4,9
t1_eb37rl3,46,2,11,5,7,1,5
t1_j8ig4z9,52,3,14,7,7,1,5
t1_jcut5y8,132,4,51,12,4,1,3
t1_gm3ly35,31,1,9,2,7,1,3
t1_etxu3kc,62,3,20,8,5,0,6
t1_jvh571m,30,2,5,6,4,0,5
t1_gk327dk,117,5,27,11,16,5,12
t1_hi5t85f,54,4,13,7,2,2,9
t1_kctgi9r,79,5,28,5,12,2,1
t1_hlpywha,77,2,41,3,7,3,1
t1_ec4vwzg,28,1,11,4,1,0,1
t1_jmiye7s,156,5,64,12,8,1,8
t1_gkqa4yf,100,4,23,13,7,6,8
t1_c911sly,79,11,24,8,6,5,11
t1_gngvhgm,95,3,31,13,14,1,3
t1_gzlpldq,47,1,13,9,5,3,1
t1_dz342q6,61,3,20,10,1,5,6
t1_jo70t7i,61,5,16,9,6,3,2
t1_e42kyg1,73,4,39,5,6,0,3
t1_ftbgw5p,61,3,21,9,5,1,5
t1_gu8es2n,50,1,21,2,1,0,1
t1_gr8vb8v,107,5,27,13,11,9,9
t1_fdp1fg9,47,2,16,4,2,4,2
t1_hfvi2x4,124,5,37,11,18,5,9
t1_fcwp2kr,43,3,13,5,3,1,7
t1_gxq6dva,40,1,13,5,3,1,4
t1_dxfjicg,63,4,15,9,5,6,5
t1_k83jz0w,47,2,17,4,5,1,3
t1_hpy4mjn,40,4,5,9,4,1,9
t1_e8huxtg,61,3,15,7,2,4,5
t1_d1kbwwo,105,5,42,8,7,4,4
t1_e9r3b0x,58,2,20,6,5,2,3
t1_dxo2csn,85,4,18,8,9,9,10
t1_gt3st0c,143,8,30,20,5,11,15
t1_hv58nwq,104,3,32,11,18,4,3
t1_fvqt3m8,26,1,11,4,2,0,1
t1_gx5f9fx,81,5,16,15,8,7,4
t1_gt3fp2x,57,2,22,11,1,1,2
t1_g7grva3,164,4,51,20,17,3,10
t1_ix8gc7d,110,5,30,13,15,5,4
t1_dzynu5k,74,2,23,11,5,5,4
t1_honhz2u,156,8,43,23,10,5,17
t1_gz175i9,139,6,60,10,10,9,5
t1_gfnj6eo,56,4,16,5,7,3,5
t1_hd23mx8,46,3,8,10,1,2,11
t1_he89xx9,93,5,21,13,8,3,8
t1_gb9i1ne,48,1,10,5,9,1,3
t1_esafso6,94,5,33,12,8,3,7
t1_ev4q5wf,67,3,18,10,6,3,6
t1_h4lvv8q,43,2,15,6,3,3,1
t1_i1sa26m,41,2,14,4,5,1,2
t1_kcobm84,109,8,31,17,6,5,12
t1_gxebg2f,73,2,28,10,5,2,5
t1_gt2u7an,134,4,43,18,14,5,3
t1_ekj0eeq,66,3,24,5,5,3,3
t1_f84e0v4,46,2,19,5,3,1,2
t1_gxidb3i,61,2,17,8,11,3,4
t1_iuqzsip,109,4,28,11,10,3,6
t1_kbl8inp,121,4,42,11,8,3,4
t1_hgnse9p,93,4,23,11,7,3,7
t1_gz13izl,95,1,32,9,5,2,9
t1_eox4r66,64,3,12,10,5,3,11
t1_ekzqfw6,90,7,23,14,2,5,7
t1_go1vbvi,60,4,17,5,3,3,6
t1_hxhlmjg,33,1,11,5,6,0,1
t1_h9yc1r9,33,1,9,6,5,0,0
t1_hg0l9a8,43,4,15,5,3,1,5
t1_crsecuj,167,9,35,31,17,4,21
t1_dso1u85,74,3,21,14,3,1,5
t1_hi4d9j4,38,4,9,6,3,2,1
t1_gqor6z4,129,6,42,11,12,9,5
t1_k1jjkb4,127,6,32,21,8,3,10
t1_gt65znd,161,7,63,22,14,4,5
t1_jil156a,137,6,28,23,13,5,18
t1_g1ir19n,104,7,28,16,7,13,7
t1_gnpwbhb,43,1,18,6,4,1,0
t1_gjus4uo,64,3,17,6,11,5,2
t1_i1n1hm4,48,4,13,3,6,4,2
t1_dzdacuz,119,10,26,21,8,6,18
t1_ik5m9qx,119,5,39,14,7,5,4
t1_gbukho5,113,5,35,12,9,3,9
t1_j9hbvvr,54,4,18,8,4,4,4
t1_eac1hkd,61,4,20,9,6,0,6
t1_jfyjgye,52,2,21,4,6,0,0
t1_gvtptr5,89,2,35,4,11,0,5
t1_eyir0oi,39,3,9,6,3,1,5
t1_gscbh2b,73,4,19,8,7,2,9
t1_e7mq9to,57,5,11,11,4,0,9
t1_dw374sc,172,10,34,26,10,11,14
t1_gr12phj,133,10,33,20,6,4,17
t1_hq93dnc,29,4,8,3,1,5,4
t1_injf7q6,57,3,11,6,5,2,7
t1_itlxg7p,35,1,14,2,1,0,4
t1_fwv5eov,60,5,9,11,4,3,12
t1_e8ddm5q,129,8,55,16,7,2,10
t1_gvq5rqz,91,2,29,9,10,1,5
t1_ek2ywfx,132,8,34,15,5,7,13
t1_dzjngn0,29,1,14,1,3,0,0
t1_ie3gq3j,25,2,11,1,4,0,0
t1_gk3tiht,110,4,27,16,12,5,7
t1_irtxbf9,88,4,23,12,7,5,10
t1_g7w2pu6,121,5,34,11,13,4,4
t1_evuxw4h,31,3,10,3,3,1,0
t1_clob1fe,56,3,11,12,4,1,8
t1_dt044ab,43,3,10,2,5,1,7
t1_dspvru7,45,3,11,5,3,0,6
t1_jzllltt,38,2,13,4,2,1,1
t1_g6s1zrm,137,8,28,21,7,9,21
t1_e66xfi0,31,2,8,4,5,0,2
t1_fed52l4,90,5,26,15,6,5,8
t1_f5gwocd,61,2,25,5,4,3,3
t1_f6ppndm,81,4,18,13,4,2,5
t1_jprpz0x,56,3,11,9,3,5,7
t1_ee6hptk,151,8,57,14,8,10,5
t1_f4yf6qc,65,6,15,5,12,0,0
t1_h06pi9d,73,4,20,6,13,3,2
t1_hmz0f2y,65,3,15,12,5,4,4
t1_g42zunj,37,4,9,4,2,5,4
t1_i0dmnb4,32,3,10,6,3,4,2
t1_e883cog,97,5,35,8,7,11,5
t1_dti8p7y,156,6,26,20,16,11,18
t1_dzmds96,80,7,18,8,4,2,8
t1_fv21p9l,61,6,14,7,3,1,10
t1_fdeipbs,51,3,12,4,6,4,5
t1_f3cypbj,101,4,29,14,13,1,7
t1_ftewg90,40,2,9,6,2,2,4
t1_gikr5s8,40,2,13,4,7,0,0
t1_hfplmnc,94,7,26,15,2,7,12
t1_i4x9bob,41,2,20,7,1,1,1
t1_k6hj02m,129,9,24,19,9,19,11
t1_ey24zvr,45,2,15,5,4,1,1
t1_d80n210,34,1,20,3,2,1,0
t1_g9cyavj,59,3,11,8,7,6,4
t1_ipzauyc,143,5,32,16,16,10,16
t1_f5fifnj,40,4,8,6,1,2,7
t1_hf5t4hb,51,4,10,10,5,3,7
t1_f0svg0c,37,5,10,4,1,5,2
t1_jiq3a2m,54,3,13,7,9,5,2
t1_f2u9ls0,52,5,12,7,1,6,9
t1_k15rdjt,61,2,15,4,9,4,2
t1_eh5x2lw,100,9,29,14,8,7,9
t1_hemumpw,42,2,16,8,1,1,5
t1_h1zw81r,47,2,15,7,3,1,0
t1_k3boexm,156,8,34,18,17,7,19
t1_d3wpt1f,120,4,28,20,14,7,11
t1_kdebbqr,147,6,72,11,12,2,2
t1_fw8gonu,100,5,28,11,16,3,7
t1_h9yc5oo,33,1,9,6,5,0,0
t1_gt6dvdh,61,3,22,8,4,1,2
t1_gujnisz,148,4,52,23,6,3,3
t1_g2kw636,94,4,16,16,4,13,10
t1_dzrzb8g,45,2,11,6,4,2,5
t1_hwj7wl1,49,2,14,5,2,2,2
t1_hski6zz,50,3,11,7,4,2,6
t1_i2fop1x,56,3,9,12,2,2,7
t1_fvedfcd,62,5,12,6,6,3,6
t1_jrjzkdh,93,4,27,11,6,3,7
t1_e1h0zy9,60,7,26,6,5,1,2
t1_faejhk5,36,2,11,5,6,3,2
t1_gcga1cd,56,4,11,11,7,3,7
t1_ipkdlct,70,4,31,12,2,0,1
t1_gtj4jeh,140,4,43,20,16,3,6
t1_k5lhv4u,33,2,12,3,2,1,1
t1_g05yfv5,62,3,23,5,7,0,4
t1_gxd3zbv,149,5,56,13,14,5,2
t1_g4dxixb,48,2,10,6,3,3,2
t1_ht55bo5,92,1,30,9,8,4,7
t1_k81myby,37,4,7,7,3,0,5
t1_gs8wgm8,92,3,20,8,11,7,4
t1_hkbn7wp,89,4,36,9,13,1,5
t1_gkz3cf9,45,5,9,6,4,6,5
t1_gqvpjzf,36,4,13,6,3,5,3
t1_gyfy9o3,70,3,17,10,8,5,6
t1_ebjkudb,41,3,11,5,2,4,2
t1_he8n2o9,67,5,15,14,2,6,5
t1_gxef726,117,6,39,18,8,1,7
t1_hm9v7ew,78,7,21,9,14,3,5
t1_kb7rmop,87,4,29,12,5,2,7
t1_esbfdmm,110,4,33,16,9,4,9
t1_glbv7kn,31,2,6,5,2,1,3
t1_ectely3,137,6,41,12,5,1,14
t1_e3xhzij,44,4,17,6,2,0,2
t1_gu6etka,160,6,51,16,13,7,11
t1_geex7jn,62,4,15,6,4,8,4
t1_hhagjqv,96,7,24,11,7,8,8
t1_j1i3asa,103,4,29,13,12,5,4
t1_dyp9yp5,86,3,16,11,9,10,9
t1_g4gn8jp,61,3,12,8,7,4,8
t1_d02ig4q,74,4,19,11,8,7,2
t1_gqxrx4v,92,4,28,5,12,6,2
t1_gvq98f5,63,3,19,7,7,3,2
t1_cyjecij,33,2,9,5,2,1,4
t1_ezvfwos,32,2,10,3,1,4,1
t1_gtb8z1h,65,5,12,7,5,2,14
t1_gsyxdg2,158,6,51,26,9,7,2
t1_gy974t6,36,3,12,5,4,0,3
t1_hm2kviq,39,4,11,5,2,3,6
t1_eb8kg9c,116,6,35,10,2,6,8
t1_dtxxenf,26,2,7,6,1,1,2
t1_jkhl847,150,5,50,16,9,10,5
t1_kalwq0n,93,3,35,11,6,2,3
t1_f6xoluu,50,3,18,5,8,1,3
t1_hnmdjna,51,2,18,6,5,2,2
t1_gsypms1,130,3,51,11,13,2,2
t1_erkidj3,56,3,12,8,2,3,8
t1_j7adew8,52,3,17,3,6,3,3
t1_fxgzjf4,94,9,25,16,3,3,11
t1_k6jr8br,50,2,21,6,3,1,1
t1_fo1y19x,48,4,18,4,6,1,4
t1_jlyonlf,83,3,16,10,6,5,9
t1_f0p1o62,116,8,25,15,8,8,19
t1_gxidrll,61,2,17,8,11,3,4
t1_focsyf4,80,4,41,10,4,0,7
t1_kagh2v3,119,6,33,17,6,5,9
t1_jp33i3e,78,4,23,14,3,1,8
t1_ja8p06t,125,7,34,18,6,4,12
t1_gvttaco,60,3,20,3,6,2,1
t1_gx3ts6a,126,4,40,14,13,8,5
t1_kbfz7db,41,3,7,9,2,0,5
t1_gcib42a,71,4,19,7,9,5,4
t1_jmlqmja,46,3,11,10,2,3,6
t1_cxzpuf8,49,2,14,7,3,0,5
t1_eckf9dw,61,3,20,10,5,2,2
t1_jhp6nck,35,4,16,5,2,0,2
t1_jrfma0j,154,12,37,20,12,9,27
t1_jed2439,44,4,13,4,1,2,2
t1_jps02h7,77,3,23,10,8,1,3
t1_gb0jiyd,60,4,17,8,7,4,4
t1_kc8d495,32,1,13,5,2,1,1
t1_f7hgu94,75,5,28,9,5,5,0
t1_gtac1ez,112,5,40,13,9,3,3
t1_dwgcfzk,37,5,13,3,2,1,1
t1_e399gka,40,2,13,5,4,0,1
t1_efj54fr,60,3,18,8,6,2,5
t1_h449by9,120,9,31,11,8,8,21
t1_j8ym8ul,66,4,25,7,8,2,4
t1_fqwpjkz,91,3,55,9,2,0,8
t1_emy2ftc,38,4,10,8,2,5,4
t1_i2rjywd,30,2,11,2,3,0,2
t1_d2dye9q,51,3,19,4,2,0,3
t1_dum7d2m,46,4,8,4,5,3,10
t1_e7b4py7,54,2,16,5,6,1,2
t1_fz31bwt,66,5,18,6,4,4,11
t1_jbabwz3,77,5,28,7,7,7,2
t1_izgweld,83,3,26,14,7,3,4
t1_ihsfua1,114,10,22,17,8,6,24
t1_irakgku,69,5,29,7,4,0,3
t1_hlfwh82,33,1,13,3,4,0,1
t1_grzeb38,88,4,37,10,10,1,3
t1_ept96pu,39,2,11,5,5,1,4
t1_e2zok2d,85,7,23,13,4,2,8
t1_eidgfk0,71,2,14,10,5,11,7
t1_fo5ioe5,25,5,10,2,2,1,3
t1_gnq5dca,116,4,38,15,4,5,8
t1_jntyhkd,52,4,8,8,3,2,7
t1_kb75zqy,36,2,22,0,1,1,2
t1_gt2seyp,137,6,49,12,15,2,6
t1_gl44zio,145,4,30,20,15,4,14
t1_k6ntofu,134,7,36,19,8,7,12
t1_jmiosd4,57,3,17,9,3,1,3
t1_jiykl4j,108,5,55,9,6,1,1
t1_hfwvtpq,87,3,29,9,6,6,8
t1_he6bn4n,67,5,15,14,2,6,5
t1_etn0b69,42,4,8,8,2,1,4
t1_h0ye9qi,41,1,19,1,6,3,0
t1_gan0868,36,5,8,5,3,4,3
t1_gt74hev,167,5,64,17,13,3,5
t1_iu9muqj,163,9,39,22,15,5,25
t1_gc26su3,30,3,9,3,3,0,1
t1_h318su7,72,4,16,10,4,6,5
t1_fljzt9i,129,6,42,11,10,2,2
t1_gt3fxpx,137,7,53,21,12,2,9
t1_harqy6m,103,8,17,16,6,2,15
t1_fm77oyh,52,7,13,6,3,0,8
t1_e5n8kzl,50,4,11,4,1,3,13
t1_cjo20mz,72,6,19,9,7,1,9
t1_eflzkl3,73,5,18,11,2,4,9
t1_e89lu01,30,2,9,3,2,1,2
t1_h1r6rek,34,2,10,4,2,0,2
t1_ds2aqxf,34,2,4,7,2,3,7
t1_exfcuka,42,2,15,6,3,2,1
t1_gzfgt65,88,5,19,16,4,6,10
t1_ikhrlnu,64,3,16,6,5,5,7
t1_hgdtk8u,55,4,9,8,9,2,8
t1_j6i85t6,143,4,52,8,18,0,7
t1_dxbfss4,87,4,32,19,2,2,6
t1_kanb5fh,67,4,20,10,6,3,2
t1_dflctcf,71,4,22,10,4,5,9
t1_f09c3oc,32,3,9,5,0,0,4
t1_k26rhnv,74,7,21,11,7,7,7
t1_e7b5gu4,41,2,9,6,4,2,2
t1_ey5lll2,35,3,8,7,3,1,6
t1_iahxfuq,156,7,38,30,3,10,10
t1_g85z8sl,30,2,9,4,3,2,3
t1_gjn25g8,55,2,22,5,6,1,2
t1_gsihpsd,111,3,29,13,10,9,6
t1_fc4m35f,35,2,15,3,4,0,2
t1_fkasum1,63,3,16,12,5,3,5
t1_d2odas9,44,2,16,5,5,1,3
t1_igad9lf,156,9,41,22,15,7,11
t1_fvpox2v,53,3,12,7,7,2,4
t1_eevt1h1,31,1,12,3,5,0,2
t1_dwr2hul,65,7,20,9,5,6,4
t1_dwkdz1y,35,2,15,1,5,1,2
t1_jd4e1rk,53,5,22,4,3,3,2
t1_fdlf58l,36,2,12,3,2,4,2
t1_ibr3h5a,67,4,15,11,4,4,8
t1_hgvmqv5,77,4,23,11,6,1,4
t1_et51gb7,38,1,15,3,4,1,1
t1_f76px00,45,2,17,6,5,0,1
t1_ezaowcf,26,2,7,5,2,1,4
t1_gboo7yh,38,4,6,6,6,1,5
t1_gx32dqr,70,5,27,6,3,1,3
t1_g3qutf6,82,5,24,13,1,3,8
t1_dx73xym,136,7,35,13,11,16,8
t1_hqg51cm,54,1,15,5,5,2,6
t1_e3g2hoq,25,2,13,1,1,2,1
t1_d1z72ut,52,2,15,7,6,2,3
t1_dtiyukh,84,5,39,10,1,1,2
t1_f7mhfqg,30,3,9,5,2,1,3
t1_hx89t3m,60,4,17,7,7,0,6
t1_ji5zu3o,64,4,26,4,7,1,1
t1_jgjssv9,43,2,11,6,4,1,3
t1_ecqh23r,54,3,11,5,5,3,6
t1_ex6ypyb,84,4,22,10,6,5,10
t1_jy114yn,37,1,8,6,2,6,3
t1_fz2nnut,103,3,45,8,10,1,3
t1_gmr24ws,23,3,9,5,1,1,1
t1_dzus7a9,35,2,9,3,3,2,1
t1_jifup35,60,2,17,7,6,3,4
t1_fpt23gw,30,3,10,3,4,2,3
t1_k5jqdng,156,8,59,19,12,5,10
t1_dpzhppp,40,4,8,5,3,3,4
t1_h8ogbzf,85,4,20,12,1,6,10
t1_jfjyadp,62,6,13,7,4,1,10
t1_gisxy30,60,3,16,6,4,2,5
t1_jumir45,93,4,29,5,10,7,6
t1_e40u5hk,137,8,34,14,12,8,15
t1_gv28ztq,42,1,14,4,4,0,0
t1_jgu3je5,118,5,21,13,9,10,11
t1_i6ez2cw,108,4,36,13,15,6,4
t1_g3w6y6w,101,7,38,8,4,1,10
t1_dicooxf,40,4,9,7,4,1,7
t1_cxcwsmw,36,1,11,3,2,0,3
t1_dp8dh7l,35,2,13,4,2,0,1
t1_ffvb5pr,52,4,12,8,2,6,6
t1_gxoevwy,81,2,21,16,4,2,11
t1_ir19bs6,49,1,14,9,1,1,6
t1_fqcjsnr,108,4,39,9,17,2,3
t1_epiu9zy,65,4,26,5,5,2,4
t1_gtgrxs3,144,9,24,19,11,9,19
t1_hy1qqxs,68,9,17,8,5,4,7
t1_g4am6if,52,7,16,5,2,4,5
t1_howxfds,71,3,25,10,4,2,3
t1_hoo8yfv,54,3,20,4,6,1,3
t1_hg0kkuj,96,5,19,14,4,16,8
t1_hg0l84c,96,5,19,14,4,16,8
t1_hlc3hbc,54,5,13,10,4,2,9
t1_gc8g0tz,31,2,8,5,3,2,2
t1_eg7vw9d,40,3,13,2,7,2,2
t1_k3rq183,150,6,39,19,11,7,8
t1_eu5tt7g,33,2,7,5,2,2,5
t1_hf6t852,57,5,13,12,4,6,5
t1_g0pb1bn,76,6,17,10,2,5,13
t1_jed1bk6,44,4,13,4,1,2,2
t1_fnwt7z6,33,3,13,5,2,0,2
t1_k2d17jz,82,5,15,10,6,5,16
t1_jikjg3s,80,4,20,6,12,8,3
t1_e2fgubo,45,3,20,5,1,0,3
t1_k7ifxz9,95,4,31,11,8,3,3
t1_ele3v9o,53,2,19,7,2,5,3
t1_gvq5mg0,91,2,29,9,10,1,5
t1_gxklosu,111,5,34,15,9,7,5
t1_f9b2zh8,47,3,12,5,2,2,6
t1_emksy92,57,4,12,5,0,3,10
t1_gufpuie,158,7,52,11,16,8,8
t1_ibj6t6i,42,4,8,8,1,0,7
t1_gu8ea7e,147,8,51,20,13,9,14
t1_hm254zx,34,4,8,6,0,4,3
t1_dzh0psp,42,2,12,7,0,2,5
t1_fb689r5,138,4,51,14,5,1,4
t1_gyrc8hk,95,5,33,12,7,3,3
t1_dy74uqc,146,6,29,18,15,10,16
t1_jraxqgr,34,1,14,4,2,1,2
t1_gbys40f,57,2,9,7,2,9,9
t1_e390jy4,71,9,24,8,3,4,3
t1_icqh4om,104,12,19,10,8,5,9
t1_exiixvj,59,3,12,9,5,2,8
t1_jsh4nf1,40,3,11,5,4,2,3
t1_h7cx44m,78,2,20,11,5,3,7
t1_h9yc46m,33,1,9,6,5,0,0
t1_jayge8u,121,2,40,16,11,3,5
t1_eur5zb8,32,2,9,6,2,2,2
t1_hjyjayu,29,3,6,5,4,1,4
t1_ibtsakd,41,2,13,6,3,4,4
t1_ew5o3zf,65,7,10,7,8,3,9
t1_g4w3kop,58,3,15,7,5,2,7
t1_jf8ewsk,96,3,35,7,7,2,1
t1_gkzii57,116,4,26,15,13,8,13
t1_fzvie0m,57,3,12,12,4,5,5
t1_hvdbhzd,61,5,9,10,2,4,10
t1_gxc6pm7,151,4,45,26,13,9,11
t1_ea8qooq,51,5,10,5,4,3,9
t1_euqbtx8,29,3,11,1,3,1,1
t1_dsu6gea,72,7,23,8,5,0,8
t1_k2kncfb,115,5,36,19,5,3,5
t1_hgnn0ca,93,4,23,11,7,3,7
t1_gtqa1c4,34,2,12,3,3,0,2
t1_jdijyir,47,4,11,8,4,2,4
t1_gg1xctq,45,2,9,6,7,2,6
t1_di0tf0w,75,7,21,8,6,3,10
t1_hmkdoaj,114,6,34,16,12,3,9
t1_dvmxtkp,109,6,35,8,8,6,8
t1_gnzeau1,100,4,36,13,6,2,2
t1_gti8t2s,100,3,31,11,8,7,5
t1_jyv5s36,58,2,17,10,4,3,2
t1_kc4rnom,82,5,17,13,5,4,11
t1_jgd1w5c,129,5,44,14,15,4,2
t1_hr8hp7k,35,6,11,5,5,1,2
t1_kfr3rpg,83,5,29,7,10,2,6
t1_ghx9iix,113,6,36,17,9,2,6
t1_girn761,116,6,30,22,8,8,13
t1_jkzy8y0,86,4,20,9,8,4,5
t1_k41y1w0,129,7,34,18,10,7,12
t1_dv5ircm,124,5,32,15,14,8,9
t1_gthr1lw,65,4,11,10,3,6,12
t1_eryh0q0,65,3,21,10,3,0,5
t1_dwvwcc1,52,2,9,10,4,1,8
t1_fdozq1x,37,3,7,6,3,1,8
t1_du0xjc4,49,2,8,7,4,3,8
t1_h7q6cnw,95,3,25,17,4,3,10
t1_f6p3ul1,76,4,13,15,5,7,15
t1_i3vrtci,58,4,11,11,4,3,4
t1_kei3mp6,39,1,12,1,5,3,4
t1_j0mm67k,73,3,18,11,7,1,6
t1_gru6jor,119,5,40,12,13,8,6
t1_e83mhq9,91,4,37,11,8,0,5
t1_dy393qs,45,1,17,6,1,0,3
t1_eqmd4u2,47,2,20,5,1,4,2
t1_hru767g,40,3,8,7,4,2,7
t1_fwa4gqt,100,7,28,13,10,4,10
t1_jh57d37,32,1,8,3,6,1,4
t1_fed41tf,90,5,26,15,6,5,8
t1_guhjius,33,3,6,7,3,2,7
t1_gxdbfon,58,3,20,5,5,3,2
t1_grux0lh,86,4,30,10,5,1,4
t1_fdt05co,30,2,4,5,2,2,3
t1_exagppq,55,5,22,11,2,0,3
t1_cwkcalg,56,4,14,7,7,5,5
t1_k6u773a,87,3,36,10,6,2,2
t1_dqlmrfp,36,1,9,3,3,1,3
t1_hzw41mn,45,2,5,11,3,2,9
t1_eyelvev,111,4,21,14,15,6,19
t1_diebx8y,38,4,11,4,1,0,6
t1_dzofg1a,38,3,9,4,5,3,1
t1_gbsfufc,63,3,14,6,5,6,4
t1_iv7fmry,102,4,20,16,8,8,10
t1_ivaf0yr,147,8,56,20,7,2,8
t1_gxljkuk,47,1,17,7,5,1,2
t1_hvaeb40,42,4,12,6,6,2,5
t1_eutiq8t,128,4,28,18,7,6,17
t1_h17bkg7,92,5,30,7,10,2,6
t1_hl44mw5,90,5,29,11,7,4,7
t1_e09yucu,39,4,11,5,3,3,4
t1_inm8hm3,61,5,19,7,5,1,6
t1_hhtd880,75,5,35,6,6,3,3
t1_gxd9iny,91,5,23,12,9,1,8
t1_erojsmh,54,2,14,7,8,0,5
t1_f5x3kqq,46,3,13,7,2,0,3
t1_huihxt7,39,4,13,6,1,0,6
t1_ino5ury,73,2,20,9,9,5,5
t1_iukf0bt,32,4,6,6,4,1,6
t1_gny9w6i,92,3,29,12,8,5,4
t1_euffflx,216,7,137,11,5,5,6
t1_ekzj0w3,29,4,9,2,4,2,3
t1_dv52oyg,157,5,36,20,23,5,9
t1_e4xcv8h,126,4,38,13,13,4,12
t1_ialtcxq,44,4,9,4,2,2,2
t1_fsxo0dp,35,3,9,4,1,1,5
t1_kak50al,99,3,26,12,13,3,6
t1_gw2t76k,169,9,19,32,5,12,39
t1_j468enl,94,6,20,18,7,6,11
t1_hg0kqc9,96,5,19,14,4,16,8
t1_gvdyqti,87,2,27,9,11,4,5
t1_fnpdxah,29,2,11,6,2,2,1
t1_kde6dk3,82,1,18,7,4,4,7
t1_enhapvn,71,2,23,5,5,2,2
t1_ex53tdk,39,4,14,5,2,2,4
t1_inbwxt1,50,2,19,5,8,1,1
t1_j5ucj88,76,3,14,7,7,3,8
t1_gvdk1rj,127,5,50,17,8,2,4
t1_h87wuuf,63,2,21,6,5,3,3
t1_i93tc96,57,3,17,9,9,5,0
t1_ezu2gtr,54,4,10,7,2,8,6
t1_gjusp8f,64,3,17,6,11,5,2
t1_gkxith8,109,4,38,12,11,3,7
t1_ffurfu0,49,3,9,5,6,6,6
t1_gvdybd6,109,8,25,20,5,8,20
t1_exiozm7,31,1,9,3,2,2,3
t1_gxbc5d7,139,7,56,16,10,4,5
t1_kfkui6e,42,2,15,4,3,1,3
t1_e3f3qay,53,3,14,8,3,0,4
t1_fvy5ilb,141,6,60,14,15,4,5
t1_jlgd7c0,50,3,13,4,6,5,3
t1_gyl5nvu,126,6,33,14,13,9,12
t1_johr9g7,38,3,6,8,2,4,10
t1_emy97tj,59,3,15,8,2,3,7
t1_e43isyj,30,1,11,6,0,0,0
t1_j98wv86,64,4,17,8,10,3,2
t1_dk4f13q,32,3,5,4,1,3,7
t1_jbid49b,95,9,25,10,6,4,9
t1_h9ybqe7,33,1,9,6,5,0,0
t1_k9lz1kz,63,3,18,10,4,2,4
t1_h5nxa6r,130,4,40,16,8,6,7
t1_hfszr26,83,6,14,17,2,5,16
t1_imwd43s,47,1,14,6,7,1,2
t1_g1gtskh,46,3,10,7,7,5,4
t1_fvvwmd7,114,7,43,10,8,4,3
t1_jeh92lw,44,9,14,3,3,0,8
t1_gxljv68,70,2,14,9,12,3,9
t1_e2tgn2x,46,3,7,5,6,3,8
t1_ecqu4ne,52,4,10,8,0,4,8
t1_j5sxio3,123,7,24,17,7,9,18
t1_gqurlxb,29,1,11,1,0,0,2
t1_ijn6u4f,134,3,70,8,10,1,2
t1_gxd8kq4,95,6,27,12,9,3,13
t1_dl1jd31,105,4,30,19,5,4,6
t1_h5w43gd,59,2,20,10,9,2,0
t1_immj2qa,78,6,17,12,8,3,10
t1_e0qho6h,38,2,10,5,4,1,3
t1_geasb34,31,3,7,4,1,5,3
t1_etbyfam,65,4,15,6,9,8,6
t1_ebmj8s4,53,2,13,8,1,0,7
t1_fyqgpgd,45,6,9,6,5,1,9
t1_kc0ct8j,27,1,14,4,1,1,0
t1_hadbv5m,45,2,11,6,2,3,7
t1_iwx22z4,52,5,25,4,2,3,2
t1_f0nkl9e,43,2,8,8,2,8,6
t1_dwjes1m,55,3,10,10,5,3,7
t1_ivl20c7,83,5,21,12,4,4,8
t1_i04pj4v,85,3,25,9,5,4,5
t1_g4rvc89,35,1,12,4,7,1,1
t1_ii89k89,68,2,23,9,8,1,1
t1_heawbke,84,4,11,16,5,9,10
t1_dzs76tc,49,2,20,5,3,1,0
t1_f15yxil,29,3,7,5,3,2,0
t1_eya796u,32,2,10,2,5,1,1
t1_e4j7j75,79,3,20,10,3,6,11
t1_gyh4731,83,6,34,8,4,2,7
t1_iun9i9t,36,1,9,6,4,1,3
t1_ejflalz,96,3,29,14,6,5,8
t1_j8pkpz4,44,2,6,6,4,5,8
t1_gnlf1w7,104,5,32,16,9,4,5
t1_ib9fbnv,65,1,8,10,4,3,15
t1_jgmt9vw,63,4,17,8,0,2,11
t1_gzq4qbj,47,3,9,4,6,2,5
t1_ef7tvwt,105,10,26,12,9,5,11
t1_gd3a1im,63,3,22,5,2,1,3
t1_g9t3m81,40,1,12,3,3,1,2
t1_f7avfmg,86,4,25,7,8,4,1
t1_ja7zgep,90,3,15,17,6,6,13
t1_dk957s4,53,2,21,7,6,0,3
t1_f8e75di,209,10,56,25,16,17,21
t1_h6g00li,32,1,9,5,1,0,3
t1_kb88zba,86,4,30,8,9,3,2
t1_gq4m4c7,68,5,36,5,3,0,2
t1_g6wzgf1,94,4,23,10,7,12,9
t1_kefz79c,32,1,7,5,2,2,3
t1_i0slrpz,76,3,18,12,3,5,10
t1_hfpavwq,120,6,27,19,8,7,14
t1_hxsn67q,23,2,13,5,0,0,2
t1_eo9w9jc,70,5,17,7,9,3,7
t1_gsih0dt,55,3,18,8,4,2,3
t1_guorbi1,84,6,23,11,4,7,10
t1_duz6xqn,104,6,22,12,13,5,11
t1_e2momt5,50,2,17,5,2,3,3
t1_heaw6an,84,4,11,16,5,9,10
t1_dp0t655,64,2,14,8,6,4,9
t1_itq73rp,35,1,8,8,6,0,3
t1_eclxulv,50,1,12,5,8,2,1
t1_htwwxhl,50,6,9,7,2,1,10
t1_glu1ikf,73,6,11,7,7,7,10
t1_i6p1fbq,105,6,27,15,12,6,10
t1_gg5vpo2,44,2,17,6,4,1,3
t1_hh1czm0,71,3,21,7,10,5,0
t1_j43ifsc,76,3,20,6,15,1,2
t1_jfuqite,132,6,25,25,15,6,13
t1_iktl5wg,64,3,26,8,7,1,7
t1_j8fn3kf,33,2,10,2,3,4,2
t1_hwfmek6,32,4,5,9,1,0,6
t1_f3118lb,36,3,12,2,4,3,1
t1_iirj3g5,139,5,37,16,14,9,9
t1_kdel1wj,48,4,12,5,5,2,5
t1_ged5j24,79,6,18,12,8,4,5
t1_iw57k97,100,5,25,14,12,4,9
t1_e33d68o,65,4,16,11,6,2,6
t1_frcvsos,55,4,18,5,9,3,4
t1_idbazpy,67,5,17,11,6,3,8
t1_fy84d9p,78,5,12,10,6,6,12
t1_hgnt2hn,31,1,12,4,1,2,1
t1_dgjhaqp,29,2,7,4,2,1,4
t1_inl9da7,127,4,31,21,9,4,19
t1_erqer2k,107,7,28,11,7,3,11
t1_gnd641q,95,6,18,12,6,7,16
t1_ctsjmpi,42,4,8,9,2,2,7
t1_eih6xa2,61,7,18,5,8,4,8
t1_fvvcpfe,70,3,15,7,5,3,5
t1_fz4d5af,48,3,12,5,3,5,4
t1_k9mnjkj,46,2,14,3,7,4,4
t1_gffegod,53,4,14,8,6,3,2
t1_el2xr0g,103,6,39,12,8,3,5
t1_kd9reh7,58,4,21,7,2,2,1
t1_dsqdn6h,89,7,17,13,5,10,12
t1_k9bcleb,44,2,10,7,2,2,8
t1_gtoga4n,85,3,27,7,9,3,6
t1_ivr5p1o,71,5,21,9,5,2,5
t1_iktl809,64,3,26,8,7,1,7
t1_fthhmax,52,3,9,8,4,5,7
t1_dw8ojqz,56,5,16,9,3,5,6
t1_kema2f1,53,4,7,7,5,7,7
t1_jizifs5,88,6,18,11,8,6,12
t1_gdm8c9x,27,1,9,4,2,0,4
t1_h75nq68,151,7,41,15,15,8,9
t1_floiprs,62,3,18,7,5,7,2
t1_ds6snwt,167,8,45,18,9,13,20
t1_hov10ip,137,6,44,13,12,5,4
t1_hkyfi2n,71,5,21,8,6,2,7
t1_hfap2ba,37,2,9,8,2,2,6
t1_kf54yml,42,4,12,3,4,2,2
t1_hwyxi2a,43,4,10,7,3,1,5
t1_ejjbjc4,46,2,17,4,6,1,2
t1_kddshbs,111,2,29,11,6,5,8
t1_ihuuj43,49,2,41,2,2,0,0
t1_e9sorvo,41,3,11,3,3,3,4
t1_ggs1834,27,1,9,2,0,0,3
t1_gvtomez,92,3,31,7,9,3,6
t1_ite66co,50,2,10,6,3,4,8
t1_elr4ex7,75,2,29,12,5,1,3
t1_hexc4is,57,4,13,9,2,3,9
t1_he7jxk8,67,5,15,14,2,6,5
t1_e2z8h1j,83,4,18,8,5,10,14
t1_fe5qry9,151,11,39,19,8,10,14
t1_dtqffjs,32,3,8,7,1,2,3
t1_dvo5d24,52,3,9,6,4,4,6
t1_emntjd4,50,5,14,7,3,3,5
t1_hd839q5,42,3,10,11,1,0,4
t1_e69rpxk,38,3,7,4,4,5,6
t1_hru9mlm,42,2,10,4,8,0,2
t1_dzksc2z,41,4,10,4,7,2,5
t1_ibdbhxh,104,6,42,5,13,8,6
t1_gtu3dvo,134,5,44,19,13,0,6
t1_e6p4ziz,51,2,12,6,7,5,3
t1_fyc7n4p,42,2,16,1,3,0,3
t1_e6t9p6s,52,5,14,10,4,3,5
t1_gdckh2h,57,3,11,9,6,1,9
t1_i3p8qqq,46,3,11,4,6,1,6
t1_hu00gb8,32,4,8,9,0,3,2
t1_h3dit84,38,4,9,7,5,4,1
t1_itp1zb2,78,2,25,10,7,0,4
t1_gx4gv0j,149,5,53,15,15,4,6
t1_iok3xl9,65,4,19,8,9,0,3
t1_f5ug1nd,48,2,17,2,4,0,3
t1_fupt4t6,105,13,21,14,10,8,13
t1_inqk54o,63,5,17,9,5,6,9
t1_j9fa68n,37,2,8,8,2,2,5
t1_e73ov2k,31,3,6,6,0,2,5
t1_e2t5fxj,69,4,24,10,3,5,4
t1_g41pjf0,165,6,58,20,12,6,2
t1_e4np516,112,4,29,12,8,5,12
t1_esiinbd,161,7,37,20,13,10,18
t1_h5f1psu,38,1,18,4,1,1,0
t1_evxsz0z,134,9,38,7,16,9,16
t1_hi4egj3,38,4,9,6,3,2,1
t1_j46883y,94,6,20,18,7,6,11
t1_h4vlhff,70,1,17,6,7,4,5
t1_fbdy1vi,118,13,40,15,6,3,11
t1_g3gjzxu,64,1,27,4,6,2,0
t1_fdhc0dy,48,4,14,8,1,2,7
t1_e4ryc34,39,3,8,6,3,2,4
t1_dipklew,69,4,18,7,4,7,7
t1_k5u6uie,108,3,49,15,7,0,3
t1_jjkrax5,102,8,24,17,6,10,9
t1_hhn0cfg,39,3,5,10,1,4,7
t1_dzeehd7,117,4,40,12,6,6,4
t1_e4dmtmf,81,3,26,8,9,3,4
t1_gnhr7ae,47,6,9,7,3,3,7
t1_gy4k4ra,100,3,29,10,11,2,1
t1_foatypi,52,6,14,9,3,4,4
t1_he8nxcy,64,5,14,14,2,5,5
t1_i0q5up8,43,3,12,4,4,1,4
t1_ibu5a2r,54,5,13,2,3,5,5
t1_ixi3hzd,81,5,24,9,9,6,9
t1_ez4re1h,28,2,12,3,2,1,0
t1_gcqjde6,156,7,36,16,12,8,15
t1_gvsk57y,67,4,22,12,4,2,4
t1_hucdnig,36,2,10,4,2,3,0
t1_gvkc1bv,106,7,26,12,10,7,14
t1_hksl8el,144,8,41,18,15,9,13
t1_fy3ymut,52,5,10,8,7,3,1
t1_hbd5c7a,37,2,9,3,7,1,3
t1_gk52mrr,30,1,9,3,4,0,2
t1_g31deyc,159,11,51,23,5,9,11
t1_gtia97x,115,5,46,14,4,2,6
t1_k6z1u6l,94,5,38,9,5,5,5
t1_gxdb9ek,58,3,20,5,5,3,2
t1_g2xkt0z,43,1,12,3,3,5,2
t1_f33xdmc,83,3,34,10,6,3,3
t1_ehj956t,109,9,33,12,7,8,12
t1_dub46ko,101,8,26,10,13,7,13
t1_i6stg4n,116,7,36,14,14,3,3
t1_jgojurx,51,3,7,8,3,2,9
t1_kb7mn67,101,4,29,13,8,3,8
t1_cjvgu50,117,9,22,22,5,7,20
t1_gncesez,38,1,14,4,4,0,1
t1_hbbacus,42,5,8,8,1,3,10
t1_gxifdus,108,4,34,8,14,6,10
t1_hshg48k,26,4,7,4,2,0,3
t1_figaaqf,96,3,31,13,8,3,8
t1_ek0lmjc,32,2,8,5,4,1,3
t1_isrq6y9,67,3,21,7,4,3,3
t1_ibu4g2y,54,5,13,2,3,5,5
t1_f7fz7kg,106,7,32,16,6,8,9
t1_fwoh6py,71,10,16,10,4,6,9
t1_gzq4te7,47,3,9,4,6,2,5
t1_dvxoi49,30,4,8,5,2,0,4
t1_ewe9ooa,44,4,12,10,1,0,5
t1_ieimagk,36,1,6,5,1,3,3
t1_hfpb04f,120,6,27,19,8,7,14
t1_h87wvoy,63,2,21,6,5,3,3
t1_gny16id,88,4,27,7,11,3,3
t1_e75ax0b,56,5,18,10,6,1,2
t1_e0kuksd,35,2,10,5,4,0,3
t1_gt7hdko,74,3,29,8,6,2,1
t1_dz7h5l6,110,3,38,12,12,3,4
t1_icp4j92,79,3,16,15,6,2,12
t1_dxabi0m,161,10,33,19,8,7,25
t1_fl1r4a3,29,1,15,1,1,1,0
t1_k0257rj,70,2,33,5,7,1,2
t1_gxljsy9,70,2,14,9,12,3,9
t1_e9lzdhn,147,7,40,16,15,10,13
t1_fxljrfy,51,3,18,10,6,2,3
t1_gvcazr1,29,2,10,4,3,1,1
t1_i724qx9,36,3,14,3,2,3,2
t1_fqzo4j8,60,2,21,7,5,1,1
t1_ga87avx,68,3,21,9,1,3,4
t1_dyt04ua,53,2,8,7,2,5,9
t1_gg15cpi,75,5,17,7,7,7,5
t1_jtpnx3z,44,3,8,6,6,1,8
t1_e8ylrnc,45,6,10,6,4,3,6
t1_dzcpmo6,83,6,16,16,8,1,12
t1_hpvccw6,28,1,11,3,3,0,4
t1_hwmp6s6,35,2,6,7,2,1,6
t1_ez8ecp5,65,4,13,8,5,1,8
t1_ibhs1ur,150,5,54,17,19,6,6
t1_geb8hpf,54,4,12,6,7,2,9
t1_k3oqyuw,109,6,29,15,12,5,13
t1_hfpapjt,120,6,27,19,8,7,14
t1_e2e7g3s,57,4,20,5,5,4,5
t1_ducu5l7,26,2,8,6,4,0,0
t1_i9qi47w,159,11,27,30,20,11,17
t1_e0i5dra,58,3,12,6,3,4,6
t1_elm8mdl,86,3,27,10,2,7,8
t1_e2uwyee,69,5,26,6,8,2,0
t1_jxrnz3n,100,5,25,12,4,4,14
t1_jtx49ya,49,2,17,4,1,0,1
t1_clzliob,99,8,26,12,8,4,11
t1_kcapsc7,92,5,16,13,3,7,14
t1_dyjp3rd,60,5,15,10,2,0,10
t1_foegint,138,5,80,15,5,3,7
t1_g3w7xm9,109,8,40,8,4,3,12
t1_fyq4fpl,62,1,26,9,4,2,1
t1_gcvdbo9,43,2,11,2,4,3,6
t1_eme5rgn,72,3,23,9,4,4,6
t1_hzfper7,45,2,10,8,2,1,8
t1_f2ozspc,61,2,19,6,6,3,1
t1_h08ea3z,57,4,9,7,4,6,7
t1_ek41p3d,93,7,21,7,12,5,10
t1_k9odjtu,123,7,25,20,12,5,14
t1_gt2sxuq,91,4,31,9,3,2,5
t1_gd3ir0j,38,5,7,9,4,1,5
t1_h1shmks,43,2,8,5,2,4,6
t1_i6ljgev,35,1,5,4,0,4,9
t1_dm2wm6j,45,2,15,6,5,1,2
t1_gvq9e48,63,3,19,7,7,3,2
t1_g37otor,53,3,19,6,3,1,7
t1_e7p842y,66,1,18,12,6,2,4
t1_ec4pxh9,85,6,27,13,3,2,9
t1_ifjp9lf,29,1,7,5,2,2,2
t1_htn3jda,58,2,20,5,5,1,5
t1_i9vxe9d,56,3,14,8,4,4,8
t1_e17924d,105,7,27,12,10,7,12
t1_j0cnnp7,34,4,8,7,3,0,5
t1_cybrizc,66,5,15,8,6,6,7
t1_gznrzjf,33,2,5,2,4,3,5
t1_kcgzql6,39,2,14,6,3,1,0
t1_ij4fuqp,133,12,24,15,10,14,20
t1_ect7ayw,89,5,24,13,10,3,6
t1_f3qr25q,33,2,10,3,3,0,2
t1_dzvj2vr,64,1,21,6,7,3,2
t1_gxd35fh,30,1,12,3,1,2,1
t1_j4zhiju,43,2,9,7,2,1,10
t1_k82ugn8,65,3,13,10,7,3,7
t1_hkeao58,85,3,22,10,8,8,4
t1_gd9z3wr,42,3,13,3,6,3,4
t1_hitm9p3,40,3,8,3,6,1,5
t1_fp4h3ej,72,4,14,12,1,4,10
t1_gse8juk,54,3,26,5,3,0,4
t1_gfwz4mi,100,2,22,11,4,2,16
t1_ebzmmaw,49,2,12,7,7,4,4
t1_h1tg3wt,137,10,29,15,7,9,17
t1_gfnleie,56,4,16,5,7,3,5
t1_gv1mgk9,36,2,13,3,1,1,2
t1_dt4t1ml,113,5,31,14,9,6,11
t1_hfe1wom,68,5,20,8,3,5,5
t1_gyu8ads,43,2,12,5,6,1,1
t1_ic06veq,75,3,19,6,17,2,4
t1_g56n3w6,61,3,14,6,8,0,6
t1_eyhkmkj,38,3,4,4,4,2,8
t1_eto156w,60,2,19,7,7,1,2
t1_hdqjgw1,28,2,6,6,1,2,3
t1_di0vy6l,34,2,13,3,1,0,3
t1_jcvgzkr,81,8,15,8,6,5,12
t1_hvqizd2,86,3,18,14,4,3,12
t1_f5qp1ad,84,5,21,14,6,3,6
t1_hkv9nar,42,2,6,7,4,6,4
t1_ibu4yx1,54,5,13,2,3,5,5
t1_i50pmy9,63,4,15,9,4,1,9
t1_e8judcl,61,4,9,9,2,5,11
t1_ent1zji,63,4,13,9,4,8,5
t1_gwwobbm,44,4,15,6,4,2,2
t1_j19nj2i,50,2,12,6,6,2,5
t1_e7bhf0t,64,5,14,7,7,3,8
t1_is6pamy,32,2,8,6,1,4,6
t1_dxdsm6n,87,5,26,11,5,8,4
t1_kbb8e3m,40,2,14,4,4,0,1
t1_gx5o5i9,66,2,23,6,9,0,5
t1_hho13kk,96,5,32,13,8,1,3
t1_f8ab8h3,44,2,12,7,4,2,4
t1_f8ny68y,48,2,18,5,2,0,0
t1_jb45k7v,23,1,9,2,1,1,1
t1_hwy7my4,36,1,5,4,4,5,3
t1_ifw6cn9,38,1,15,3,5,3,1
t1_hemfjw1,29,1,7,3,2,1,4
t1_kcjp882,98,6,25,12,14,6,7
t1_fra4703,77,3,18,14,5,5,7
t1_k3n9rfl,61,2,22,6,4,1,6
t1_ewsqhqj,38,2,10,3,3,2,4
t1_eygquor,60,5,8,9,4,5,14
t1_jzi1ivp,120,7,40,15,5,4,7
t1_e5zc8p5,85,6,14,10,3,9,13
t1_fzp0p9m,167,9,39,21,12,5,18
t1_k6srlu5,44,2,13,7,4,5,2
t1_hfx9c9i,90,5,16,13,5,8,12
t1_joy5ola,134,6,39,20,10,2,11
t1_e5en1c2,117,7,47,13,7,3,8
t1_ffxu798,62,4,20,7,8,3,3
t1_jgszjzu,114,2,42,16,10,4,5
t1_f91clcn,52,3,14,8,4,0,4
t1_icap1jx,62,7,13,8,3,10,5
t1_htw601j,91,3,28,9,13,2,6
t1_i9egktz,67,5,20,5,4,1,8
t1_gv56lq2,116,5,37,12,8,3,6
t1_fnc9n35,43,3,16,6,7,1,1
t1_gb9jml8,56,4,13,10,0,4,11
t1_eyxe2yx,121,9,42,20,6,5,14
t1_gq5mf1h,97,3,18,12,10,4,13
t1_fnea3zc,94,6,27,13,5,7,13
t1_g9mg19q,34,1,13,4,6,1,2
t1_f8bkb06,203,10,37,27,17,13,28
t1_e6qm69x,32,3,12,3,1,0,2
t1_fo65h4j,42,2,15,4,2,4,3
t1_ecus7r6,104,4,24,17,12,4,12
t1_jsq82qe,35,1,9,4,5,2,2
t1_frr1rwm,25,2,10,3,4,1,1
t1_euqn7bc,168,11,49,16,11,5,13
t1_ewedxhu,80,3,20,14,4,4,9
t1_ezgjbzb,108,10,29,13,12,5,13
t1_f822hul,30,3,13,4,1,1,1
t1_ejvea52,68,3,18,10,4,3,14
t1_iwvixl0,33,2,12,6,3,1,3
t1_h19q0ru,53,1,12,9,4,3,9
t1_ip42x9c,64,1,17,6,9,4,2
t1_j08g5oh,54,3,17,7,3,3,5
t1_ifr6v1u,84,5,19,13,11,1,10
t1_h2wz8xv,61,3,11,7,5,4,7
t1_ih7yvjn,98,5,28,20,10,1,7
t1_focsvx5,80,4,41,10,4,0,7
t1_ekfrsnp,80,4,29,9,7,4,5
t1_g3koa1r,45,1,11,8,2,4,6
t1_jd3ywaq,68,4,13,13,6,6,10
t1_euide1o,52,2,19,8,3,0,2
t1_jss4kby,37,4,5,7,4,3,9
t1_k5oanm7,151,4,52,17,17,6,9
t1_gs7tgq9,116,4,35,14,14,3,2
t1_k2knpq5,115,5,36,19,5,3,5
t1_e4kvdzg,38,1,19,4,2,0,0
t1_e2zxhza,48,2,17,8,3,2,4
t1_h3kimjf,145,7,31,19,7,8,15
t1_dzvp6zl,151,5,64,6,9,2,2
t1_keznacg,82,4,21,6,16,5,4
t1_keip4y9,62,3,15,9,3,5,5
t1_hi4dgd0,38,4,9,6,3,2,1
t1_gwkki6v,50,4,9,8,1,4,6
t1_j625c6v,41,3,12,6,4,1,4
t1_hzjpqhu,70,3,17,6,12,0,5
t1_jp0qary,34,2,10,4,6,0,2
t1_hd6rrad,42,3,10,11,1,0,4
t1_hnv01yp,30,1,9,0,3,2,2
t1_ij6ryxf,94,3,40,9,2,1,2
t1_fo0rpjx,38,3,15,5,3,1,3
t1_gtnnh0o,52,3,14,5,3,2,5
t1_dvflssh,135,6,31,16,10,11,10
t1_gj969dh,32,2,6,5,3,3,5
t1_h0q3v62,36,1,9,7,3,2,2
t1_em9h6f2,83,6,20,12,4,5,6
t1_gj26k66,86,2,22,9,5,1,3
t1_f8qwsad,42,6,7,5,3,3,8
t1_hx3hcf2,34,3,12,5,3,1,2
t1_keby79n,49,4,14,6,5,3,4
t1_h7jhsqx,151,7,31,27,2,8,14
t1_golnx6v,171,7,36,17,12,17,13
t1_e1aen2x,40,2,22,5,1,0,2
t1_jsxdnq0,155,14,35,21,11,9,18
t1_dnwomd1,145,6,46,24,10,4,12
t1_e6c2jhu,76,3,29,8,4,0,2
t1_g36na53,29,4,10,4,3,4,1
t1_itubiuf,84,4,35,11,3,2,3
t1_fe5zdhc,47,3,18,5,5,2,2
t1_gnlpnji,36,1,10,6,4,0,3
t1_glehu5u,37,6,11,4,4,1,7
t1_e1vgie7,31,5,10,5,3,1,2
t1_d0yhv7g,42,1,11,3,7,3,3
t1_hi3pox8,38,1,7,6,3,2,1
t1_e33ujje,85,3,26,8,8,3,3
t1_gd8cvpw,36,3,9,3,2,1,4
t1_fkd52kw,33,2,9,5,3,0,1
t1_ewx339g,40,3,14,5,4,0,4
t1_hsxybax,61,3,17,8,6,2,6
t1_gi59e36,61,4,20,5,3,1,3
t1_k2u1gsc,63,3,19,7,9,6,2
t1_e1g6fl8,72,2,18,9,3,3,7
t1_g68hk6c,31,2,10,1,3,1,3
t1_g75d9ew,77,6,15,9,7,4,9
t1_hf24xvp,26,3,6,6,2,1,3
t1_ggxv2da,76,5,18,9,6,7,11
t1_i8guyy2,76,2,21,6,16,3,1
t1_k3gi8t5,43,2,15,4,2,2,2
t1_isv9jgi,31,2,8,4,1,5,3
t1_jvpp0tk,121,8,27,16,15,8,12
t1_dyg9max,48,3,17,3,5,3,1
t1_hlspzii,82,5,38,8,3,1,4
t1_g83huxi,63,4,23,5,10,1,3
t1_dxyt4o8,54,2,17,6,5,5,2
t1_dtymwhf,45,2,18,5,2,1,2
t1_iz9cuto,44,3,13,2,10,0,1
t1_h9z3t8s,38,5,18,6,6,0,1
t1_eq0zdn4,65,3,25,7,9,2,2
t1_heifwpb,57,3,26,5,3,0,2
t1_f9o2n2f,31,2,16,3,2,0,1
t1_ec3okf0,68,2,15,8,5,4,10
t1_ilqenqi,81,4,28,11,7,3,5
t1_h0xvcsl,109,7,32,17,6,5,9
t1_f8t6on2,85,5,28,10,7,5,5
t1_eb8hy44,49,2,11,3,5,3,4
t1_f9gvfje,41,2,8,7,0,3,5
t1_cn0alyi,43,2,8,9,1,3,7
t1_gtayyve,53,2,23,7,6,1,0
t1_f46r0ke,91,7,19,14,8,6,10
t1_hgvfb6v,71,3,19,10,6,2,8
t1_iqpe92y,46,2,16,4,4,1,2
t1_e3bxdog,39,3,9,4,6,2,2
t1_hm7dh22,90,4,25,13,4,1,9
t1_e1rbnjn,41,4,15,7,1,4,3
t1_gzq4vfp,47,3,9,4,6,2,5
t1_exi10rb,40,3,12,6,0,2,4
t1_f6te6z0,46,2,16,9,3,0,2
t1_ico0hd2,104,6,22,16,11,2,12
t1_g5h55j5,104,4,22,20,9,2,9
t1_gsk02yd,58,3,22,7,5,1,3
t1_gvdx7ga,38,1,19,1,6,0,0
t1_ijxzvoa,73,7,21,4,8,6,6
t1_egmykdu,48,4,9,6,4,3,11
t1_jyg6by4,152,6,42,21,16,6,13
t1_k2tbru2,48,2,8,9,4,3,11
t1_f1hu9ni,112,10,17,14,10,7,15
t1_gpf0ghz,124,6,43,15,4,2,13
t1_f4qciha,106,8,31,18,3,1,12
t1_gx537x5,81,5,16,15,8,7,4
t1_gp2n00d,45,2,18,5,2,0,2
t1_dxifhqv,59,4,7,6,5,7,11
t1_gvdi21s,110,3,32,13,13,2,4
t1_e132r4w,55,3,10,11,2,3,9
t1_glle6xm,98,4,33,10,8,2,7
t1_iz8se15,83,3,26,14,7,3,4
t1_k95p8ng,45,2,25,3,2,0,0
t1_dsirz4y,36,2,11,4,6,0,1
t1_g8ixhoe,32,1,7,8,5,0,1
t1_e9v4c82,89,2,30,11,12,1,3
t1_guk6ipm,108,5,31,9,13,2,7
t1_ju2vv31,35,2,13,4,3,0,0
t1_h00h043,86,2,23,7,8,8,5
t1_hwgruhs,175,8,51,19,14,11,15
t1_gaf0ucg,62,3,21,9,5,3,3
t1_gzzcusu,132,5,29,12,10,9,17
t1_g9j8n8k,152,6,39,18,13,7,12
t1_djvnqvj,45,3,12,7,3,2,3
t1_gxday7l,123,8,25,20,8,6,18
t1_dxc4p7u,65,4,15,7,7,3,6
t1_ek9wesh,48,3,17,7,5,1,1
t1_ia3rbx5,114,8,28,14,13,11,5
t1_e9td9kv,40,1,12,5,3,6,1
t1_gsdejed,118,6,45,15,8,2,4
t1_f2mnqrq,67,3,11,12,8,3,7
t1_jtolbew,97,4,28,15,11,1,7
t1_gxidcwu,61,2,17,8,11,3,4
t1_ia9jf2r,62,3,20,7,5,4,3
t1_gtf9yun,53,2,16,6,1,2,5
t1_h6ofutl,52,3,19,6,3,2,6
t1_gtrm2vt,139,6,47,15,7,7,12
t1_gyh41f9,83,6,34,8,4,2,7
t1_d2u51tg,30,1,5,4,4,2,3
t1_f9ewl9c,40,1,12,2,7,1,0
t1_gs5dysi,152,5,61,18,10,5,8
t1_d2ttxsg,77,2,15,10,6,6,9
t1_gubwecn,153,9,55,14,12,4,5
t1_gxdax65,123,8,25,20,8,6,18
t1_depbj99,115,6,37,15,8,4,6
t1_grzfge0,131,4,45,14,13,3,5
t1_eq37w0l,88,1,30,12,5,6,7
t1_e9jw2l4,49,4,20,5,5,0,1
t1_gei4yi9,36,2,8,6,4,1,4
t1_f9sl6jt,31,2,9,5,2,4,2
t1_gxisupo,47,2,24,4,2,0,0
t1_k3rtfut,35,3,11,3,1,0,3
t1_flgxmof,83,4,19,12,7,7,5
t1_g53pgss,65,4,13,11,9,5,8
t1_ijls5cu,52,2,15,5,4,1,3
t1_k4pr2up,66,4,26,7,5,3,2
t1_g3rn5r2,59,4,15,8,3,5,5
t1_gik8tpd,45,5,12,4,4,2,2
t1_g3ko9od,45,1,11,8,2,4,6
t1_k7pfrpl,99,4,16,17,9,9,22
t1_f6t85gx,139,6,44,13,9,3,9
t1_g8nwdtp,42,5,10,5,4,3,7
t1_f7azevv,52,3,15,7,3,3,6
t1_ewv5e8m,81,2,36,8,4,1,0
t1_hwzd1zp,43,4,10,8,3,2,6
t1_hfa3htz,26,3,6,6,2,1,3
t1_es8wbep,62,4,7,12,0,1,15
t1_h0l71h9,112,4,47,11,6,2,3
t1_hfx91b9,90,5,16,13,5,8,12
t1_ev0ee8c,41,2,12,4,5,1,3
t1_ig99ol8,41,7,14,5,2,2,4
t1_foatj40,52,6,14,9,3,4,4
t1_gzv1xk3,111,10,25,11,8,5,6
t1_evl9eot,76,3,16,13,4,4,11
t1_dbf2b7d,102,4,45,9,5,3,2
t1_hu7naqd,66,4,14,11,6,2,6
t1_ells7xm,52,3,17,8,2,0,6
t1_k743mfj,46,1,14,4,5,1,1
t1_dintv4j,124,9,35,22,7,7,7
t1_fc02m1f,115,9,31,12,11,4,9
t1_iukezeh,32,4,6,6,4,1,6
t1_i79u1wg,54,2,24,4,4,0,0
t1_fz5j53s,68,2,31,8,2,3,0
t1_grukyb1,134,3,45,17,7,3,8
t1_iw0iolc,46,3,14,8,2,5,3
t1_jeepuxp,62,2,21,9,7,0,3
t1_jsgzibj,46,2,15,6,3,0,5
t1_gug6bdw,148,4,58,14,12,0,6
t1_ian88oz,28,2,11,3,2,1,1
t1_gny4zi7,47,3,20,4,4,1,1
t1_k0o6veq,116,4,30,14,7,6,5
t1_kand8m4,91,5,23,10,7,5,11
t1_gqzmgnv,70,4,15,10,6,1,13
t1_edswhw6,59,3,13,8,5,3,6
t1_ghu5art,84,3,18,11,12,5,5
t1_hdz2sqj,49,3,12,9,1,2,8
t1_hs3vsam,139,5,31,23,7,5,16
t1_gt756te,167,6,45,20,17,10,9
t1_k1yyhc1,93,5,44,14,9,2,2
t1_ev7wzaj,57,3,15,8,4,3,8
t1_gkgqlji,85,3,22,13,8,0,7
t1_gt3q6lb,109,5,26,23,7,6,7
t1_dt46oz1,41,3,15,6,4,1,3
t1_j10yz0d,56,3,13,6,6,4,3
t1_hrkgcrg,55,2,19,8,1,4,3
t1_j3rbdq8,46,4,16,7,3,0,4
t1_gycc31z,55,2,24,5,5,1,3
t1_dvlx3dq,53,1,22,5,7,2,1
t1_h8gifqf,93,4,30,12,8,3,3
t1_jes6arx,110,5,34,12,12,6,6
t1_f5pu9wg,69,5,18,10,8,2,8
t1_gk0wp82,43,3,17,7,5,0,2
t1_fees8h5,109,6,45,11,4,3,5
t1_eahlbx7,33,2,14,3,3,0,1
t1_kfg52a2,31,1,19,4,0,0,1
t1_i7vfp1o,62,5,16,13,2,3,7
t1_enn2wiz,69,3,16,9,2,5,8
t1_fotcryx,47,5,13,8,2,5,2
t1_ew09vdr,77,5,24,10,12,0,6
t1_djgvr8a,67,2,21,5,4,3,3
t1_e854lr4,50,4,9,8,7,3,6
t1_frheowo,32,1,13,4,0,0,0
t1_gsdwbbj,157,4,60,20,9,4,7
t1_hfju03f,85,8,18,14,2,10,12
t1_ey1cjd2,38,4,8,4,2,4,3
t1_fdmqcgq,86,3,27,11,7,4,5
t1_jcatyda,42,1,9,4,9,1,2
t1_e9odppu,32,2,12,6,0,2,4
t1_du163mv,83,3,23,10,12,3,4
t1_jltelr0,58,2,16,7,10,1,3
t1_e0aehjj,86,7,32,9,10,4,3
t1_eg1pqs6,36,2,7,4,3,2,8
t1_ino8f1z,73,2,20,9,9,5,5
t1_grvjyj7,60,2,25,6,4,1,2
t1_dx38kva,70,4,13,8,6,5,7
t1_f3xwhyd,70,3,21,6,8,4,3
t1_jlfnclp,83,3,22,9,8,5,5
t1_g23dhr4,146,9,37,19,12,6,17
t1_gs55cnq,101,3,39,13,10,1,3
t1_j002bsk,33,2,9,6,4,2,3
t1_gyh6dv3,59,1,23,7,9,2,2
t1_gny0jbj,100,5,35,13,8,1,1
t1_dvw8pdm,99,4,27,15,6,5,14
t1_ibv3pep,31,2,12,5,3,2,0
t1_e2u0yph,56,3,16,8,2,1,5
t1_irvf0ob,86,3,25,8,4,4,8
t1_i3vlil7,59,6,13,6,5,1,8
t1_hc4lr6p,131,4,41,12,16,8,6
t1_dm5uz1p,90,2,24,6,10,10,4
t1_djs9x3q,58,4,19,7,6,2,7
t1_kcrb15b,57,2,9,9,7,3,6
t1_gywws4t,79,4,32,9,3,0,7
t1_kaz40x0,62,4,14,6,4,5,4
t1_h0wfkos,30,1,10,3,3,1,0
t1_h8gj5be,93,4,30,12,8,3,3
t1_j80o8fg,54,3,19,6,9,1,3
t1_gy4jmlt,67,6,24,9,3,3,7
t1_jm2ypn7,82,3,18,9,6,5,8
t1_hgx3fz3,48,3,14,7,4,2,1
t1_kddn6te,49,4,18,6,0,1,1
t1_fs8ojbh,82,5,16,7,7,9,9
t1_joifrnt,61,5,13,8,4,4,8
t1_fjm07ou,143,4,31,19,22,5,7
t1_eb5gedq,44,3,13,3,6,2,1
t1_e3sq8d6,128,4,42,14,12,4,11
t1_gekp8sd,152,9,29,21,12,8,20
t1_hqk9tm9,140,6,44,18,11,4,9
t1_gsk17c6,136,4,50,14,15,1,7
t1_fb824gi,27,2,10,3,3,1,3
t1_dvu9owh,34,3,5,5,1,2,6
t1_h2x12xt,66,5,16,7,5,0,6
t1_ib5pqnx,97,6,30,13,2,8,5
t1_eok9nmo,64,4,9,13,5,6,9
t1_e36943k,52,3,10,8,3,4,2
t1_g9ig1tf,59,3,15,7,5,3,5
t1_dvtvbii,43,2,13,5,5,1,6
t1_i0abqp1,46,3,13,6,3,2,5
t1_dwei893,31,2,13,4,0,2,3
t1_k1kcjjw,108,5,28,14,7,7,12
t1_gxh8dm5,76,3,25,0,6,0,1
t1_e11z26u,51,3,9,8,4,4,6
t1_er9vnvz,38,1,14,3,5,3,1
t1_gv56hfd,116,5,37,12,8,3,6
t1_hhj181y,37,1,9,8,3,0,2
t1_e177pyz,36,4,10,7,1,0,3
t1_kcemqfq,54,2,22,6,2,1,2
t1_eistt6s,100,4,24,15,8,4,7
t1_h06zpsu,101,3,35,10,7,5,2
t1_fp6028h,90,4,17,12,8,6,10
t1_ezo6dy6,74,5,17,12,3,6,11
t1_dt4apjv,44,2,12,5,6,4,0
t1_dvvl8hl,44,3,9,12,1,2,5
t1_k4z4r5q,47,4,12,6,2,1,4
t1_gs2ew31,55,4,17,4,5,4,6
t1_ib9ew47,65,1,8,10,4,3,15
t1_h0sdou8,55,5,12,7,3,0,4
t1_fs2qsva,76,7,19,8,8,3,8
t1_h6zhn05,163,8,53,14,18,3,6
t1_k3n9eut,61,2,22,6,4,1,6
t1_hcyz6ba,35,3,12,4,3,0,2
t1_job3c89,76,3,30,4,4,1,3
t1_e0tg9pu,128,4,34,14,11,10,10
t1_jp332jo,78,4,23,14,3,1,8
t1_g15a92m,132,10,36,18,13,10,8
t1_gq203ox,65,7,17,10,6,2,6
t1_gs5eff1,85,5,29,8,6,2,6
t1_k7ari2r,27,1,14,2,3,0,0
t1_f2p0ooz,61,2,19,6,6,3,1
t1_k6iyggz,37,2,12,7,1,2,1
t1_gtnpq8o,155,5,71,9,6,3,2
t1_f7qtt0m,30,1,7,3,4,0,5
t1_guyoo91,93,5,24,13,5,2,11
t1_htfcayq,30,4,12,3,1,2,4
t1_gn8mlhg,44,2,19,5,1,0,1
t1_duaydth,43,2,13,4,8,1,0
t1_gmpumnz,90,4,27,8,6,12,6
t1_kamhqia,64,3,22,8,3,0,5
t1_h4apysn,34,2,5,5,2,3,5
t1_ff99o9f,168,13,33,19,15,13,21
t1_dhp6t9f,66,2,17,12,3,3,6
t1_g3r3dpt,67,5,22,9,2,4,4
t1_hev4kgq,134,8,33,15,12,4,13
t1_hrifvl3,76,3,12,13,9,4,16
t1_etcb0tv,96,4,19,13,7,9,8
t1_hialt2c,31,3,5,4,1,5,4
t1_hgwknht,42,2,12,6,3,3,2
t1_dtgwrn7,107,4,28,15,9,4,6
t1_ij6bq2a,52,2,10,5,6,5,7
t1_eeyang8,106,4,36,9,11,5,2
t1_gsyp68f,41,2,17,4,1,0,0
t1_e74aqqv,57,5,12,8,5,2,8
t1_ivc5hrl,99,4,23,13,9,4,9
t1_jgumaer,160,10,47,15,13,6,8
t1_j0tqiok,58,4,13,8,3,6,9
t1_jarvzqh,63,2,19,5,10,2,4
t1_hzmpktk,28,2,6,4,1,2,2
t1_exafi3a,55,5,22,11,2,0,3
t1_ebsz0y5,129,3,22,20,7,13,20
t1_dx7ueh3,35,3,16,5,1,2,2
t1_gzvvf3l,119,10,28,17,6,9,12
t1_hkt057l,31,1,9,3,3,0,2
t1_gx4hcol,32,2,10,5,2,1,2
t1_dz7l1ye,35,2,11,6,3,1,4
t1_k2qcyfg,33,1,23,3,1,0,0
t1_go8x1ow,74,3,20,9,8,4,8
t1_ekunhum,71,4,18,8,8,3,4
t1_es5bnnj,47,4,10,8,3,2,7
t1_ekopgwb,32,2,7,5,1,4,6
t1_dyo8nnf,148,11,45,22,10,11,11
t1_j8f1fly,62,7,13,9,4,4,8
t1_girxmb4,94,2,25,9,13,5,5
t1_gxwayu7,59,2,18,6,8,1,3
t1_gs30rpj,27,2,14,3,1,0,2
t1_g67n06b,48,2,15,7,4,2,2
t1_kd3fb09,52,3,19,5,4,1,3
t1_ew1bf92,62,2,17,8,8,1,1
t1_hvcu5ab,82,6,21,7,10,6,1
t1_id9mpgo,66,4,14,6,8,4,9
t1_erh9gdc,167,8,45,18,20,9,13
t1_duqfq38,45,3,13,4,4,3,0
t1_esmq8wg,68,2,21,6,7,3,2
t1_igqo94y,36,6,10,4,3,6,2
t1_ez8w5at,68,4,15,7,6,5,9
t1_gogs1rc,34,2,6,4,3,2,7
t1_f9zhsi0,44,3,14,6,7,2,5
t1_h7bz30a,74,5,28,7,9,2,5
t1_jwwjw2p,171,8,47,25,10,8,14
t1_fkyan4z,50,2,20,4,4,1,4
t1_f6suzsh,65,3,13,8,3,4,8
t1_hixx9nl,51,2,20,5,9,1,1
t1_j18y9va,106,5,25,13,17,4,10
t1_jj6v4yw,48,1,16,3,7,3,1
t1_egy3fu7,68,4,15,14,2,8,5
t1_h9ppwmz,56,4,15,6,4,4,4
t1_dscpgiz,37,2,11,4,2,3,4
t1_fb6ec4m,38,3,12,7,2,0,2
t1_jeemv68,82,3,31,7,8,3,2
t1_g8oq9dq,149,6,29,22,10,9,19
t1_j78ao6o,108,5,22,10,9,8,14
t1_jp52rai,59,3,24,5,6,1,1
t1_g6wz4w7,47,2,15,7,4,5,3
t1_eqgab08,76,3,33,5,7,2,1
t1_kaah96z,39,1,21,3,2,0,0
t1_frea0zf,87,3,26,5,17,2,2
t1_erblksx,88,4,21,12,9,7,4
t1_fj1cioj,96,7,41,9,4,3,4
t1_dx4en94,45,2,10,5,3,3,7
t1_e61czhy,63,5,25,9,1,4,5
t1_kefeune,44,4,13,4,6,2,1
t1_iz78ajg,117,6,30,14,11,8,11
t1_f6n29jd,33,2,9,6,4,1,3
t1_htw2w80,53,10,34,2,1,1,0
t1_i32gg4z,65,6,16,12,4,4,8
t1_glvs2h2,134,7,43,21,9,4,11
t1_hnkego4,42,2,10,4,3,2,4
t1_kane5ay,91,5,23,10,7,5,11
t1_f8abql2,47,3,20,3,3,3,1
t1_foybyho,39,3,12,6,5,2,4
t1_do2m8ux,73,5,17,11,7,3,11
t1_hjal99w,40,4,11,3,7,3,1
t1_e4qgpkm,112,5,41,13,5,5,7
t1_kfkvxtj,42,2,15,4,3,1,3
t1_fkrlwk8,54,3,13,8,5,3,2
t1_dy0oy06,42,4,15,8,4,1,1
t1_es7yrid,68,5,18,9,7,2,10
t1_gd8cryt,36,3,9,3,2,1,4
t1_kdihfml,102,2,25,8,13,4,5
t1_d5giixh,43,2,13,3,4,1,2
t1_ejb19lh,36,2,13,5,2,1,2
t1_io3854z,92,2,21,13,6,6,7
t1_h6erfna,97,5,30,16,13,2,4
t1_cjuo15p,138,8,44,27,11,5,13
t1_dvpi4lw,31,4,10,6,2,0,1
t1_gru65a8,109,6,37,19,7,3,6
t1_e3igo79,83,6,25,9,4,5,6
t1_j33xx4f,53,1,20,5,5,4,0
t1_k3n9mr3,61,2,22,6,4,1,6
t1_h2z1z6r,84,2,16,16,9,5,7
t1_ixsqpfr,61,4,18,6,7,5,3
t1_f5p4ff9,78,4,24,11,7,3,3
t1_d315rrf,122,5,36,15,7,4,12
t1_fss38xv,53,3,14,6,7,4,2
t1_hteipvy,76,4,15,14,6,9,10
t1_ge2fugq,46,2,12,6,4,4,3
t1_e2p70d4,38,2,7,4,3,1,6
t1_j2uwrpl,41,3,10,5,2,2,6
t1_gxbbolo,88,3,21,14,5,5,4
t1_gejcstt,35,3,8,3,2,4,5
t1_ebrcze6,40,2,14,2,7,1,0
t1_dxyy1om,31,3,9,4,0,4,4
t1_gvs5t8o,74,7,15,15,3,1,16
t1_gtbm237,39,3,15,4,2,0,0
t1_jpq310w,37,3,10,3,4,3,2
t1_h4jdfsy,48,4,12,10,3,1,7
t1_gcn8bwa,34,3,7,4,4,4,3
t1_g7pbbcj,116,6,38,10,11,4,8
t1_jp33fb5,78,4,23,14,3,1,8
t1_g4cka1q,150,8,39,18,5,8,20
t1_iq3n6gt,34,3,7,7,0,1,5
t1_f4i3b9p,61,2,19,8,8,1,3
t1_ez5khxn,76,6,18,11,3,3,13
t1_hqg9y2v,101,7,33,17,6,7,1
t1_g5kqgws,67,5,16,11,3,4,7
t1_hu8ghob,119,8,29,20,9,4,12
t1_icanpki,43,4,11,2,2,8,3
t1_fo1yl1t,48,4,18,4,6,1,4
t1_efmlhjv,28,2,11,4,1,0,1
t1_dtam0ro,49,3,16,6,4,2,4
t1_j39tj1k,94,3,24,11,8,3,12
t1_dvbcbco,72,3,27,10,6,0,3
t1_ejc4kfl,35,2,12,5,4,2,0
t1_i2wfcci,58,6,11,11,5,1,10
t1_hxn1w79,68,3,27,6,5,0,5
t1_ewl8onp,36,1,8,3,4,3,1
t1_k4prup6,66,4,26,7,5,3,2
t1_jv2fc45,50,3,12,5,8,3,5
t1_hgnsy9q,31,1,12,4,1,2,1
t1_hw5y53n,114,8,25,15,8,7,12
t1_hyucqwo,51,3,22,3,4,3,3
t1_f77ubvp,39,4,11,3,4,0,3
t1_gs51ada,96,3,38,6,8,1,3
t1_h02z5id,149,5,34,17,8,11,11
t1_i72lfrd,55,2,11,9,2,3,9
t1_f8ddjqo,41,4,7,7,3,3,6
t1_gptx4bd,118,3,26,13,14,6,12
t1_dy0j7tc,62,2,14,9,4,5,4
t1_hc69h31,156,7,51,20,12,1,10
t1_gxtmzmy,29,3,7,5,0,2,5
t1_gsywhss,36,2,8,6,2,2,2
t1_ev8xp30,29,3,17,3,0,0,1
t1_gxlju1q,70,2,14,9,12,3,9
t1_ehv2kzu,68,3,19,9,3,4,1
t1_j0npnra,39,1,23,2,2,1,1
t1_ev8t76j,56,2,14,9,2,6,3
t1_g4tfdp0,104,6,28,15,13,7,5
t1_g23dook,146,9,37,19,12,6,17
t1_gk3qc42,37,3,12,5,3,2,4
t1_gw5ngm6,65,9,22,3,8,4,2
t1_eau9xjg,33,2,10,1,7,0,2
t1_ge4wg4n,48,2,16,7,5,2,0
t1_e3ez01l,52,2,12,4,2,4,7
t1_eb2m99c,52,2,14,8,3,1,5
t1_gpsm49h,103,5,36,15,10,1,3
t1_izlpvtk,39,2,10,6,1,1,8
t1_eqae2yx,45,4,15,6,0,0,9
t1_gyh5dem,64,3,15,8,10,4,3
t1_igwrma9,122,6,31,15,5,9,12
t1_hf6tc7w,57,5,13,12,4,6,5
t1_d1drsnh,160,4,52,16,16,3,7
t1_hdqtm4n,54,2,14,7,4,1,3
t1_hejdxsw,126,4,34,13,6,4,15
t1_i391a57,76,6,15,9,4,4,13
t1_hrabolz,107,3,33,11,10,8,3
t1_gxd8jom,95,6,27,12,9,3,13
t1_dy26buk,130,9,25,21,9,9,25
t1_k6ma7cg,38,1,10,4,1,1,4
t1_hk2om0v,47,5,12,7,3,0,5
t1_ezf5dyk,75,5,27,9,4,8,3
t1_h77send,104,5,27,14,9,7,5
t1_dw74hjp,36,2,12,6,1,1,7
t1_fmfm4su,74,7,19,12,4,7,8
t1_gl1ivp8,43,2,12,5,4,2,4
t1_hg6qo5v,42,3,13,5,3,0,4
t1_gmlp2yb,37,3,11,4,2,2,5
t1_ie0vawm,29,1,9,2,3,1,1
t1_er6dx3k,43,5,9,8,0,2,6
t1_eudl1mi,65,3,22,14,3,1,4
t1_iie1ofb,90,3,23,12,9,5,6
t1_i2rj81n,33,2,11,5,1,1,4
t1_hi5eww5,42,2,14,3,4,4,4
t1_fe5xa6k,85,4,37,8,3,0,6
t1_g8iuabj,125,7,35,9,9,4,11
t1_e2mi5fm,107,8,21,14,7,8,19
t1_jze7b0k,139,4,49,12,18,4,5
t1_h5d40q5,81,2,35,9,1,2,4
t1_gx8dfnm,77,3,32,6,4,0,2
t1_jfuf2zn,45,4,15,8,2,2,7
t1_ejrsahj,69,6,16,10,4,8,6
t1_dt9elm2,38,5,10,6,3,2,6
t1_ebi2vx7,29,2,9,6,1,0,2
t1_ej7rig2,170,12,49,19,10,4,7
t1_el49p3j,124,6,50,11,6,4,2
t1_glczc7c,183,16,36,26,7,15,33
t1_kdas8gi,162,6,40,25,15,10,9
t1_idluzk4,35,3,10,5,1,2,6
t1_gcmg97l,30,2,10,4,1,0,4
t1_etkzes2,58,2,15,3,3,4,3
t1_ec2zcqa,101,10,32,16,6,3,8
t1_itzxs42,90,5,30,9,9,1,8
t1_jms9dfm,145,12,31,18,11,7,24
t1_f8dn3sw,171,11,36,26,17,6,22
t1_e2kd0gw,113,5,25,13,12,1,14
t1_dst39lq,61,4,19,8,2,2,7
t1_k9k5mso,64,4,18,9,2,5,6
t1_ht1oivh,74,4,17,10,7,5,6
t1_g4d2mm3,150,8,39,18,5,8,20
t1_ikxuzoe,53,3,12,7,9,6,4
t1_hdry65j,42,2,19,1,5,1,1
t1_ff6n7ag,65,5,19,8,4,4,6
t1_j1dedfj,127,6,28,16,15,6,4
t1_frimgth,43,1,11,7,1,4,2
t1_emtcrts,33,3,7,6,0,5,3
t1_h9d7oou,34,1,14,1,7,0,1
t1_k18kbo0,63,2,11,10,12,2,7
t1_e8e4n3y,38,6,12,7,2,0,5
t1_jupe166,27,2,9,5,2,1,2
t1_h7x79cs,98,6,26,13,12,2,10
t1_f8fvvst,83,8,25,13,9,5,3
t1_gte95yx,119,4,48,11,8,3,4
t1_jiwlr64,74,4,16,4,7,5,9
t1_dtbufji,64,5,16,9,3,2,12
t1_i3wbj8n,92,3,25,10,12,3,3
t1_dssvnhe,40,2,12,5,3,0,3
t1_j0oqoc1,64,4,13,10,3,5,7
t1_hf5tkj3,51,4,10,10,5,3,7
t1_jsis2tb,35,2,11,1,4,1,3
t1_g4m6sza,41,5,13,3,2,5,4
t1_gi5epn1,63,4,23,5,3,1,4
t1_dfumrce,54,2,19,10,3,2,4
t1_gze1qn3,114,4,26,22,11,6,9
t1_hg0knnu,96,5,19,14,4,16,8
t1_gn4a9my,139,8,38,19,12,11,12
t1_gnq5t25,68,3,27,8,8,0,2
t1_dumn2t3,49,3,10,5,5,6,7
t1_e3db1q8,53,3,11,10,4,4,5
t1_dut2dou,39,6,12,4,1,5,4
t1_h0bzyyo,29,1,16,3,3,1,0
t1_kf4zudh,97,3,50,8,5,3,2
t1_eaag5ml,173,12,40,24,11,7,20
t1_ewi3drn,39,3,10,6,2,0,6
t1_j2a1yv0,104,6,21,15,7,9,20
t1_hu5ez2a,88,5,20,10,6,2,13
t1_k63z1cv,50,12,21,3,7,2,3
t1_jjcqhut,33,1,7,5,3,1,3
t1_gjuqlcb,43,3,17,5,2,1,3
t1_hnysrov,39,2,23,3,3,0,0
t1_i2jemch,40,3,8,2,5,4,6
t1_gvwoirj,120,6,36,13,18,5,4
t1_h0b0n30,87,4,30,11,5,2,4
t1_jm7zwd0,82,3,17,9,6,5,8
t1_gnqb3pm,88,2,24,11,5,3,7
t1_dxwmmgu,38,2,9,4,1,2,1
t1_jp33k4v,78,4,23,14,3,1,8
t1_gru6wpa,91,2,29,9,14,4,5
t1_j4lsctc,80,5,28,9,10,4,5
t1_h05jemi,42,2,12,6,3,2,4
t1_ezicc6z,70,4,19,7,8,1,4
t1_i9j8od5,176,6,45,28,8,9,8
t1_hpou96n,39,1,11,5,1,2,3
t1_fkt5ng2,92,5,14,14,5,6,17
t1_e50geae,73,3,19,10,6,2,6
t1_hrtpeb6,144,8,49,10,23,2,8
t1_froim3v,56,4,19,7,3,1,4
t1_j6hoxz0,158,8,50,15,15,9,9
t1_hzqzx89,81,5,18,8,2,6,8
t1_dg81f6h,69,3,21,3,5,2,6
t1_gx3tiqm,141,7,38,17,14,10,6
t1_hvau3fr,37,2,9,6,1,0,6
t1_i8p5l14,55,3,18,5,4,2,4
t1_k4egrf9,96,5,36,12,1,3,8
t1_gxecbxa,77,4,28,10,12,2,2
t1_hrb4wq1,49,5,13,7,3,4,6
t1_hgnnbc1,93,4,23,11,7,3,7
t1_hfx9evz,90,5,16,13,5,8,12
t1_hdveh5b,26,1,8,4,2,4,0
t1_i7n8om3,75,4,19,8,13,4,4
t1_dzpw21t,37,3,9,7,1,0,6
t1_d375flm,29,1,9,4,0,1,1
t1_d01kd3o,87,4,26,6,7,3,4
t1_kay9hdx,75,6,20,12,3,2,8
t1_e9p6lst,46,2,19,2,2,0,3
t1_gxid4jd,61,2,17,8,11,3,4
t1_jqugkxd,118,8,28,20,11,8,9
t1_f60l2vj,117,7,28,16,6,2,14
t1_ezf3mf3,75,5,27,9,4,8,3
t1_e70rwuj,56,3,17,5,2,3,4
t1_jx42ted,147,7,50,11,13,6,12
t1_dyh6zk0,44,2,14,7,2,3,0
t1_kfgksr7,42,2,16,6,0,2,0
t1_ke66zkr,40,1,16,4,4,1,1
t1_j6n8uxn,32,2,6,7,3,1,4
t1_gtbn8yr,50,3,11,8,6,3,4
t1_ex35709,28,2,8,2,3,1,2
t1_h81gdqi,69,2,12,13,4,2,9
t1_fm0n822,107,4,25,16,8,6,11
t1_g3kjdpy,54,3,10,5,5,5,3
t1_dy5sjng,86,5,31,11,8,2,4
t1_ho90o4u,33,1,5,2,5,3,2
t1_f0kddf1,30,5,10,3,6,0,1
t1_gx53qzu,81,5,16,15,8,7,4
t1_kbj0kca,140,7,51,15,9,9,9
t1_f49k0yo,65,3,24,6,8,0,2
t1_f7evkom,22,1,9,1,2,0,0
t1_gv1ih2a,149,4,53,14,17,1,6
t1_elgc8jr,29,1,8,5,2,0,2
t1_gt2hqjo,108,3,30,20,8,2,11
t1_gzn7a5i,149,8,38,22,7,7,17
t1_fjtrkun,97,5,30,12,12,2,5
t1_fgezaei,85,3,29,9,7,2,2
t1_hjl0t4f,70,3,19,12,5,3,7
t1_hg0l3o7,96,5,19,14,4,16,8
t1_dszbrna,54,2,13,8,4,2,7
t1_jgurspo,133,6,22,14,12,11,13
t1_i0jh8vn,62,3,12,8,9,3,8
t1_gimrykx,30,1,6,5,1,3,6
t1_juvl0tw,80,3,35,6,7,3,3
t1_ggkf63c,108,5,38,7,9,4,5
t1_f5q9f7e,90,8,13,9,8,9,13
t1_f8rl2k6,36,3,7,6,3,7,4
t1_gtaz80l,151,5,43,20,11,10,3
t1_h6x17yh,105,4,21,18,3,6,10
t1_iiyi6oe,37,3,14,6,4,1,2
t1_hfx8t1p,90,5,16,13,5,8,12
t1_exta6a0,38,1,13,3,2,4,0
t1_de2711z,109,3,25,12,7,2,3
t1_jwn2hn5,40,2,16,2,3,1,2
t1_fojx4yc,46,3,13,5,4,0,3
t1_f5rmti5,60,4,23,5,6,2,4
t1_cwebif6,46,3,14,4,7,1,3
t1_hfk1fyt,85,8,18,14,2,10,12
t1_ecjhbjz,64,3,16,8,8,2,6
t1_j7zj9a7,54,4,12,5,5,3,6
t1_is5xw7j,76,4,25,9,10,3,4
t1_jpn0c1k,128,5,35,12,10,8,10
t1_gt5j6j5,153,5,66,17,16,4,2
t1_hnysf8b,29,2,9,5,1,4,1
t1_kcncpiq,54,2,14,6,6,2,4
t1_ici7loy,84,3,23,9,13,6,8
t1_iz727t6,148,9,38,16,10,5,13
t1_gtludqe,129,5,49,17,7,1,4
t1_dyp3e6m,32,2,8,8,2,1,4
t1_i1w3w9c,50,4,7,11,1,2,11
t1_dydpc83,49,3,14,2,0,2,2
t1_iagrkzk,42,4,7,7,1,2,7
t1_k4u8bjj,48,3,13,6,2,4,4
t1_ebzl00l,34,3,6,4,4,1,5
t1_e7xn9br,127,5,32,17,18,9,7
t1_h3wkzec,53,1,16,6,7,4,2
t1_k2kngnj,115,5,36,19,5,3,5
t1_hell83p,158,10,35,25,7,7,14
t1_gny1lfx,89,2,29,13,9,1,3
t1_jtse98m,37,2,12,5,5,1,0
t1_ifeyj61,39,3,6,9,1,2,7
t1_gomzx4e,80,3,27,8,10,0,2
t1_i9ftbk6,68,6,17,9,7,3,6
t1_gugg67i,123,4,48,13,13,2,2
t1_hg0l0tz,96,5,19,14,4,16,8
t1_j467bok,94,6,20,18,7,6,11
t1_fte757n,43,3,12,7,3,3,5
t1_hfk1jxm,85,8,18,14,2,10,12
t1_kb0s786,90,2,30,7,11,1,2
t1_kf88cba,72,4,24,7,9,0,3
t1_j75wwee,41,1,14,9,1,2,1
t1_gzwhjoa,75,3,21,11,6,5,11
t1_il1mxfw,114,4,28,14,13,7,7
t1_dyy7u1z,77,4,25,11,10,0,7
t1_gpq6pey,54,3,18,2,5,1,4
t1_k2ko8ma,115,5,36,19,5,3,5
t1_h2juajq,101,4,45,10,8,7,6
t1_i35ht1l,109,2,37,11,10,2,6
t1_evbmxqn,45,3,11,8,5,1,1
t1_joi7so1,50,3,17,5,2,0,4
t1_e3n8u6b,38,2,10,4,3,3,4
t1_e87u4im,100,13,58,7,14,1,0
t1_gmn5453,33,3,15,7,3,2,4
t1_jn7npig,58,3,17,7,4,0,6
t1_inri62x,61,5,19,7,5,1,6
t1_gxdaz6x,123,8,25,20,8,6,18
t1_ivcmeib,81,3,19,9,6,5,9
t1_e5myckn,34,2,10,4,1,1,4
t1_dnehbdr,78,4,25,9,8,3,5
t1_i9j4jkp,41,2,4,7,4,3,9
t1_gcqqfut,56,3,15,7,1,3,5
t1_kbtpo43,38,2,16,3,2,1,1
t1_ik2z128,59,3,17,8,5,4,2
t1_gojbzbr,36,3,10,8,1,0,5
t1_k6oi5i0,76,7,20,8,4,7,10
t1_hjvzntt,123,5,36,20,5,3,10
t1_exlxtk5,80,5,15,9,6,4,10
t1_gkxxoay,40,2,13,3,3,1,2
t1_j4jcw1z,74,4,24,5,2,4,7
t1_jbafu53,124,5,20,23,11,10,13
t1_fo5mkln,108,6,26,14,14,3,18
t1_e14vx9e,43,2,13,5,9,1,1
t1_gn43hmb,120,3,36,16,9,5,2
t1_gdwhsjp,122,9,43,10,15,7,5
t1_f8gzw4g,37,4,13,6,2,2,3
t1_fofxaml,40,1,18,3,3,0,0
t1_e9ukj75,89,5,24,13,9,2,6
t1_jpmueic,56,3,17,9,3,0,6
t1_jzvheuw,36,2,19,2,0,0,1
t1_k9pbjdg,90,3,23,10,13,11,3
t1_g3wdnry,109,8,40,8,4,3,12
t1_gv6j40f,42,2,12,5,7,3,0
t1_etlqsfg,40,2,13,4,4,2,2
t1_h2othom,46,9,11,10,3,1,4
t1_e5ndxmd,54,4,14,9,5,2,8
t1_k7r2p8d,83,8,37,11,1,3,10
t1_e4ktm1i,41,1,11,3,4,0,2
t1_fklk70k,55,3,13,6,4,2,7
t1_k7jm7ij,50,3,19,8,7,1,1
t1_fi21xdt,45,3,10,6,5,2,6
t1_frearhu,87,3,26,5,17,2,2
t1_gptvybx,49,3,8,9,5,5,8
t1_gg2x8e5,88,6,21,14,7,5,9
t1_gx3s9gz,126,3,38,18,14,1,4
t1_i6fdyqw,87,4,24,16,7,5,5
t1_eceugpx,59,4,15,8,7,4,6
t1_hctxa0m,34,2,6,4,3,3,3
t1_gxf6ukd,95,3,27,13,10,1,12
t1_gf6x2th,47,2,13,9,6,0,2
t1_fyk95oc,50,1,11,8,6,1,6
t1_eaxonx6,38,3,7,9,0,3,4
t1_f5dvkky,52,2,4,8,2,4,11
t1_gs37rdx,104,5,39,12,6,2,6
t1_dxbihwe,29,2,9,3,1,1,3
t1_jspvj43,33,2,10,3,3,2,2
t1_inown2o,65,1,23,10,6,1,3
t1_gu8e380,104,3,33,18,4,5,10
t1_fl932o7,116,6,37,9,5,4,6
t1_dgpu8vz,40,1,13,5,3,0,3
t1_guzoaa2,36,2,13,3,1,1,2
t1_j5llbph,122,7,48,16,3,3,11
t1_eau536z,51,5,17,5,6,2,6
t1_gbubl02,44,2,14,1,5,5,5
t1_k7atoac,27,1,14,2,3,0,0
t1_ezklioc,111,9,31,8,17,9,2
t1_e0neni3,41,3,14,8,3,2,4
t1_f698jqa,35,2,12,4,5,2,2
t1_hh8glho,41,2,12,5,5,1,2
t1_gjarv7f,119,6,33,12,10,1,13
t1_g6of9pt,86,3,25,10,6,2,6
t1_e2hnuzb,63,5,19,7,2,4,6
t1_is6fx44,78,5,40,3,5,0,4
t1_ewlqjv4,52,2,13,4,2,2,7
t1_fcut805,67,4,28,6,3,1,3
t1_g2ybjmq,41,2,8,6,2,3,6
t1_e0l2zt6,53,4,14,6,6,3,4
t1_eqz3ibj,37,2,9,5,2,0,2
t1_jn2v79k,94,5,18,16,11,11,8
t1_e2g8n1d,78,5,16,12,4,5,12
t1_e1u236u,133,9,26,21,7,13,16
t1_hoh33kk,39,3,6,9,1,0,8
t1_hd6eq4e,48,3,7,8,5,2,6
t1_gzy7v12,95,4,32,11,7,4,3
t1_fm0vcj8,109,3,25,11,9,7,13
t1_dww0zqu,78,5,16,11,5,6,6
t1_frzg3ff,68,4,17,10,5,2,6
t1_gjkwzr3,102,4,39,10,9,4,8
t1_j00yn1x,155,13,39,19,8,8,18
t1_k9f4xnn,61,4,26,4,3,3,2
t1_jtej679,82,6,20,8,5,7,12
t1_fp9mhw5,35,2,5,3,3,4,5
t1_i7p08qh,63,5,14,9,6,4,9
t1_gt7tsr9,144,8,46,13,16,5,14
t1_gt74bfj,65,3,25,6,1,2,4
t1_jsq8lr5,47,3,18,3,4,1,1
t1_iqdjrhf,81,4,29,9,3,1,6
t1_hayud60,39,2,8,6,1,4,5
t1_e36z24u,35,2,15,9,1,0,1
t1_hdeovva,51,3,13,4,3,3,6
t1_iim97hn,61,3,19,7,6,1,4
t1_gnlp8b9,55,3,21,7,7,1,1
t1_h9ynukf,53,2,10,8,1,3,7
t1_k5srja1,32,2,14,1,2,1,2
t1_ixlhdyb,110,5,30,13,15,5,4
t1_imj3m9j,48,3,11,5,7,3,5
t1_duzom1l,130,4,21,17,9,13,15
t1_ig95wp8,56,4,14,7,7,4,5
t1_h8gik8g,93,4,30,12,8,3,3
t1_fyjpsbb,49,4,16,5,5,4,3
t1_f2q5omz,114,5,25,14,18,7,13
t1_hfs6ft4,95,6,20,17,6,5,8
t1_gzvvki2,119,10,28,17,6,9,12
t1_dwis2v9,67,4,22,7,7,5,3
t1_feka8b4,34,2,7,5,2,2,7
t1_ee0zen9,75,3,22,7,5,2,1
t1_iic49ld,42,3,8,7,3,1,7
t1_f5zfl65,72,6,19,9,5,4,6
t1_dxi2lw2,72,3,22,7,7,1,4
t1_e22zjhm,65,3,23,3,6,3,2
t1_fa0er9k,23,1,9,4,4,0,0
t1_gx6cbxa,49,3,18,5,3,0,2
t1_f2gddv5,33,3,7,5,4,1,5
t1_ic8kv2s,72,2,28,9,3,6,4
t1_ergh9jy,65,7,19,10,4,1,6
t1_ggiudmc,66,4,26,7,8,3,1
t1_f35q1dv,115,3,42,16,7,1,6
t1_gxab53t,84,6,26,4,9,4,5
t1_ei9o7aj,37,3,10,9,1,0,8
t1_h9dxqrq,112,5,34,7,6,2,13
t1_dm3zsyx,51,2,19,4,5,4,2
t1_izax2fo,83,3,26,14,7,3,4
t1_fbg1di2,141,7,46,23,5,2,15
t1_ekyxflx,33,2,11,6,3,1,0
t1_fbh388o,36,3,8,5,2,0,4
t1_kde9akw,68,4,17,14,2,1,15
t1_ibdcwbz,96,1,14,17,7,5,14
t1_iok40pt,65,4,19,8,9,0,3
t1_gt38mql,34,1,12,3,5,0,1
t1_gx5ab26,53,2,20,6,1,2,3
t1_fwohu2c,68,2,27,8,6,0,1
t1_gz60v3d,55,2,11,9,3,3,8
t1_g5tauf3,45,3,8,6,6,1,3
t1_duy8wzv,84,4,24,7,9,3,7
t1_gvtosdi,92,3,31,7,9,3,6
t1_ghvaxat,69,2,22,5,7,2,8
t1_ibdro25,55,3,13,6,9,4,4
t1_k03lag2,101,6,26,12,8,11,13
t1_gxfaf0s,84,4,22,12,12,4,4
t1_jmtqugd,60,4,14,8,1,3,11
t1_dxqic5r,55,3,15,5,5,3,4
t1_gx5fcgo,81,5,16,15,8,7,4
t1_iqxubn0,38,3,4,7,4,2,6
t1_ese2a19,60,3,26,4,4,2,3
t1_e2s3wrh,39,1,13,4,2,3,3
t1_du4jf3a,34,2,8,3,3,0,5
t1_jb1z2bv,27,1,6,3,3,1,3
t1_dvlqcth,94,3,36,3,9,3,3
t1_ezbird4,71,3,33,8,2,3,5
t1_dygzkq8,70,5,15,7,5,3,9
t1_hf2v9r5,37,2,7,3,3,2,3
t1_igfmdu1,46,3,19,5,2,3,1
t1_kdhi7b1,48,2,20,6,2,1,2
t1_h3kyfie,71,2,19,8,9,4,8
t1_jnj5gn1,100,6,24,10,5,8,11
t1_ettuzzy,88,4,23,10,8,1,14
t1_dypedvw,76,2,22,7,4,2,1
t1_e8p8xs5,42,4,8,5,6,0,6
t1_hyhrrae,68,3,24,9,3,0,1
t1_e9mu9iy,39,2,8,4,3,4,3
t1_gxtkr3e,91,3,30,10,8,3,3
t1_h4g0a3y,37,2,17,1,3,0,2
t1_f3otibj,83,6,21,8,8,8,6
t1_i1i6rcg,43,2,16,5,3,1,2
t1_fn84ssf,96,4,41,11,5,5,3
t1_h8eio72,48,3,14,9,2,2,4
t1_gkt8j15,38,2,14,4,1,0,1
t1_fs99u6w,38,3,11,6,3,2,5
t1_etxuout,62,3,20,8,5,0,6
t1_gcr5di2,29,1,8,3,4,1,1
t1_fwisv1v,59,2,22,11,5,1,3
t1_du2l4d7,50,4,7,8,2,6,8
t1_k7635ks,49,5,14,4,3,4,7
t1_d438c0g,100,4,35,6,9,6,6
t1_i9c5aaw,56,2,14,6,5,4,6
t1_f9kl989,72,4,22,8,6,2,3
t1_gv52h3s,106,4,44,8,6,8,1
t1_h6zqd2g,67,4,23,9,3,2,5
t1_dx77lpo,28,2,7,4,2,2,4
t1_ggrwrg7,82,5,19,11,6,5,10
t1_fwv5z36,60,5,9,11,4,3,12
t1_gyvl0jm,40,3,15,2,4,2,2
t1_ff7b6c3,44,2,5,6,4,0,7
t1_id404h8,78,4,10,12,4,4,16
t1_dvcvd3x,60,2,24,5,1,1,1
t1_hf25e5x,26,3,6,6,2,1,3
t1_hl51m8k,73,2,26,4,5,0,2
t1_kd4yc1l,37,3,14,4,4,4,4
t1_feywp3e,29,3,3,6,1,4,7
t1_e0ayvim,52,3,21,6,4,0,3
t1_e4ldsg4,44,2,10,7,2,4,4
t1_gxdjmfk,86,3,35,10,8,0,1
t1_f4s1k76,185,10,30,23,11,19,33
t1_dxuaw5q,43,5,15,6,3,2,3
t1_gqyt65v,85,6,21,13,3,3,10
t1_i1f1hqu,62,3,19,8,5,6,2
t1_gtjfzbr,86,3,33,8,5,5,1
t1_gtndovs,136,5,52,14,8,6,6
t1_hfs6occ,95,6,20,17,6,5,8
t1_k6bxh7x,45,1,23,5,1,1,0
t1_fdim3ht,46,2,17,3,1,2,3
t1_glrxz2u,97,7,29,11,7,5,9
t1_dvi1sb9,70,4,15,13,6,4,8
t1_e42of0s,35,5,8,7,3,1,2
t1_iwaxo8r,110,6,20,19,8,8,15
t1_gycivvf,46,1,16,5,4,1,0
t1_dz9aqw3,42,1,12,5,3,1,2
t1_fq3jd98,48,4,11,6,5,5,1
t1_ii1abre,66,3,23,8,9,1,2
t1_hf5szod,51,4,10,10,5,3,7
t1_hc9gxog,32,2,8,2,4,0,1
t1_kev1fij,91,2,38,9,8,3,2
t1_io627nq,54,2,18,7,4,2,5
t1_gg2tyhl,91,9,26,10,8,6,10
t1_gtugwwa,47,2,9,6,7,2,6
t1_gs5q57j,28,1,11,3,2,0,0
t1_hxwbas0,137,7,34,19,11,9,15
t1_fk1uyfa,34,2,10,4,2,1,1
t1_hwvdodb,56,5,17,5,4,0,4
t1_es8hyiq,68,5,24,6,5,2,1
t1_e7kj243,61,3,21,7,6,3,3
t1_ehbhtjz,41,2,13,4,3,1,0
t1_g67swpi,95,4,28,10,6,4,3
t1_hkf7gff,36,3,6,5,6,1,4
t1_jn0br6j,123,12,39,13,7,7,10
t1_gj5dzhj,57,2,20,6,14,1,0
t1_gvqacic,119,4,39,11,9,5,11
t1_h0sa9ak,34,1,7,2,2,3,3
t1_jxac7m1,60,2,17,7,4,3,2
t1_gxierxj,108,4,34,8,14,6,10
t1_h8m2ksd,88,2,23,8,20,4,1
t1_f7e7hib,62,7,15,10,1,5,6
t1_e6biv9y,48,2,18,7,3,0,0
t1_i5mlqng,74,3,28,9,4,5,5
t1_heo0ew1,83,4,20,11,11,4,6
t1_i82c4yf,122,5,34,14,17,4,3
t1_gxdj28n,65,2,27,5,3,1,2
t1_g00k78y,80,4,22,8,7,6,2
t1_f88zppf,64,3,27,6,7,0,5
t1_cledddm,74,1,14,9,12,3,6
t1_jo70uxh,61,5,16,9,6,3,2
t1_dk42wwt,75,8,22,7,8,4,5
t1_gte8bhk,121,6,47,16,9,3,5
t1_igo2c28,62,4,13,4,7,2,8
t1_e4l98z8,53,3,21,7,3,1,2
t1_e1kpkb9,33,4,6,4,0,4,8
t1_hgntai6,31,1,12,4,1,2,1
t1_ekqm6po,32,2,3,6,0,4,4
t1_h85c3yl,124,5,31,12,7,3,16
t1_i216olh,42,4,6,5,2,7,7
t1_ho5lm7v,48,1,16,3,3,1,5
t1_elgmxbd,46,2,21,4,3,1,1
t1_fo0rwub,38,3,15,5,3,1,3
t1_f9vl57l,61,3,25,5,2,2,7
t1_gqthlr2,97,4,22,13,10,4,12
t1_k6iq30w,68,3,23,9,9,1,3
t1_izuflvu,135,11,31,20,10,8,13
t1_f8dfqmz,121,9,33,13,15,3,13
t1_juhu2vo,54,4,11,5,4,3,7
t1_i5qy5qi,58,3,8,8,3,0,11
t1_e824ci7,76,7,20,9,4,2,9
t1_fagzc1e,124,6,37,14,11,2,11
t1_huginaf,81,4,24,11,8,1,8
t1_d5c5cfi,33,2,9,2,7,1,2
t1_ihqebwb,145,8,36,22,7,4,22
t1_f5jjewk,31,4,10,2,2,2,2
t1_grudkaw,131,4,59,15,9,3,3
t1_hg6ky1l,78,3,23,9,9,5,4
t1_jw7r4no,59,3,17,6,3,2,5
t1_elbg9hh,57,7,14,9,1,6,5
t1_i6suo3w,46,4,10,6,6,4,4
t1_gzwheyl,75,3,21,11,6,5,11
t1_h6vqi2p,45,5,9,7,7,4,4
t1_e4hwk5m,56,3,17,6,1,3,6
t1_jshmoq4,49,2,12,3,5,2,7
t1_e3zmzqb,35,1,15,3,3,0,1
t1_em4zymp,41,3,8,2,3,4,4
t1_gh89a1x,69,6,15,7,7,3,9
t1_gl7nx9t,55,2,18,6,4,1,7
t1_fbi2sac,35,3,6,4,0,6,3
t1_dvi5pre,37,2,6,8,2,4,5
t1_hc90cxf,43,2,8,8,7,4,5
t1_fd6bp9h,41,2,13,3,2,4,3
t1_evrlebq,46,3,11,8,1,2,8
t1_k9mk7ta,73,4,18,11,6,5,5
t1_gzrlwqz,71,4,16,7,6,7,10
t1_ff0qevp,42,4,13,6,2,0,3
t1_ifuoocz,40,2,12,4,7,3,1
t1_h1mk18h,51,2,16,8,1,0,3
t1_fnprll4,49,3,13,5,2,0,9
t1_e4v4mdb,174,6,62,13,10,7,5
t1_ia1x5em,60,3,17,4,6,1,4
t1_gtwe8b6,136,4,49,13,10,3,4
t1_e0vvs4n,87,6,20,10,9,5,8
t1_g2c0e26,46,2,13,6,2,0,3
t1_gsk32qb,105,3,38,14,9,1,4
t1_e0j0mo5,64,4,25,7,3,1,5
t1_j15yj9u,60,6,7,9,5,1,15
t1_gxg6b8i,56,3,22,4,10,0,3
t1_i0oe104,29,2,11,4,2,1,0
t1_hu7e05r,71,2,14,6,4,4,11
t1_dtjgllf,38,2,10,3,3,1,3
t1_jgk4mnd,28,3,10,3,1,3,2
t1_k7gtjrm,76,3,30,4,6,7,1
t1_dxxjz9u,102,6,29,19,8,3,8
t1_ew74lov,46,4,12,9,4,3,4
t1_dyldb78,45,2,13,5,4,3,4
t1_elq3yen,28,1,9,3,3,0,0
t1_gnr35ii,34,3,13,2,4,0,0
t1_gujynzm,113,3,40,18,9,3,5
t1_du941xr,51,4,14,5,9,3,4
t1_fup2kn2,156,9,33,26,12,15,17
t1_gbo9rfp,112,6,31,20,8,5,10
t1_e9b1wh3,100,6,16,18,7,6,15
t1_clwcokq,41,2,11,5,1,2,3
t1_gmq4b61,37,4,11,4,3,1,2
t1_gyaq91m,58,2,22,5,3,3,4
t1_h89u1bv,51,5,11,5,4,2,11
t1_hd23oxk,46,3,8,10,1,2,11
t1_fv3707r,45,2,14,8,5,0,3
t1_ekj9tua,64,2,24,8,5,1,2
t1_gs4s5c0,87,5,22,12,6,3,11
t1_il6cs4i,35,3,12,4,2,1,5
t1_gzy73nu,141,6,41,17,15,9,9
t1_jktfxls,94,6,30,13,10,1,6
t1_eure0z8,58,4,12,10,4,3,10
t1_joi7ulu,50,3,17,5,2,0,4
t1_dlfcfb8,84,3,25,8,7,6,2
t1_g4am4y9,52,7,16,5,2,4,5
t1_ebmyyqt,102,7,24,13,8,9,7
t1_h5ge58t,63,3,7,12,4,9,6
t1_erl8xcx,94,3,29,10,14,5,3
t1_htisd5x,45,5,12,5,1,7,5
t1_gx4jjr2,56,2,17,8,7,2,5
t1_gxydqk9,39,2,6,8,2,4,8
t1_gzy6j29,39,1,11,6,5,4,1
t1_dtzkauz,40,2,12,5,1,2,4
t1_hbqots5,142,3,30,17,25,11,10
t1_glpx2fm,44,2,11,5,2,8,2
t1_h1bqp5u,104,6,26,14,5,5,12
t1_ekvq976,86,5,23,16,1,3,11
t1_gxdbb93,58,3,20,5,5,3,2
t1_jiq41ie,128,7,38,17,13,5,8
t1_jyvvbz9,58,2,19,7,8,0,2
t1_iqd0zw4,80,4,18,10,2,5,5
t1_gx7ge0u,110,5,40,13,9,5,5
t1_ek6j5l2,87,3,30,14,4,2,4
t1_dk87iid,42,4,10,3,3,1,7
t1_cqcc3il,54,2,15,7,7,3,3
t1_gsieouv,92,3,25,17,5,0,4
t1_k1khyot,108,5,28,14,7,7,12
t1_f4wdbvk,39,3,15,5,0,1,2
t1_gdk8bc4,150,6,31,21,10,9,20
t1_gvq5opw,91,2,29,9,10,1,5
t1_gr95xon,30,1,17,2,1,1,1
t1_eamh3bc,29,2,9,4,3,1,1
t1_h2z2373,84,2,16,16,9,5,7
t1_fqlefgu,45,2,16,7,3,1,5
t1_k9s8wnp,56,3,19,4,7,0,1
t1_gk770a9,84,4,31,10,10,1,2
t1_inxupgd,82,4,22,10,7,3,8
t1_hr0osz7,37,2,15,4,2,1,2
t1_ekh5yq7,61,2,14,7,4,3,6
t1_gzv1yoz,111,10,25,11,8,5,6
t1_etbkkhn,57,2,20,6,4,1,1
t1_g5j3z0j,164,10,36,18,19,12,19
t1_hd23o8s,46,3,8,10,1,2,11
t1_ihlyzfh,122,5,35,18,9,9,6
t1_dso9d57,46,5,16,10,4,0,5
t1_e6c5nf7,100,5,20,12,20,5,7
t1_h4auy5p,51,2,29,8,1,0,0
t1_etaa75u,46,3,16,7,0,3,5
t1_j6b3bma,42,4,10,5,3,4,2
t1_jvmey8z,61,3,24,6,4,2,3
t1_g7c66qe,77,5,29,7,7,1,4
t1_gnqrcge,69,3,26,9,0,0,4
t1_ju4re7v,48,1,7,11,4,5,3
t1_duld2do,40,1,10,6,3,0,4
t1_e1kv4sz,36,2,5,5,3,2,6
t1_eszo1qx,56,3,16,10,3,1,8
t1_hj38gdl,37,2,9,3,4,1,5
t1_ffclziw,86,8,14,11,5,6,10
t1_ezldrs8,26,4,9,4,0,2,1
t1_gynp4ml,57,3,13,8,2,3,4
t1_eao0lp2,34,2,10,3,2,0,3
t1_fajd5sf,720,37,191,65,65,34,48
t1_gnssiy8,147,8,25,27,8,6,21
t1_gnqwjgt,100,5,35,13,8,1,1
t1_gyesj2t,58,3,13,4,4,7,5
t1_gr0va2e,112,5,28,14,13,10,7
t1_gt3fd2a,114,3,38,14,9,0,3
t1_itrqhx6,109,10,21,12,15,5,12
t1_f7bzvwr,67,3,21,7,4,1,2
t1_gvszglg,48,3,22,3,2,3,1
t1_e3zcfgq,84,8,19,14,6,7,11
t1_ffaj0yv,51,4,10,5,7,4,6
t1_elzyly8,53,2,19,5,7,2,1
t1_kcbozh1,54,2,19,6,4,0,5
t1_h3jya4e,99,4,33,11,7,4,0
t1_e5w0479,33,1,10,4,6,0,2
t1_gxidf0t,61,2,17,8,11,3,4
t1_e2yu5fw,112,6,38,16,8,4,6
t1_gs4245j,123,4,49,19,6,2,2
t1_jjrbdje,66,3,20,5,6,7,6
t1_gu2p3zv,149,6,66,20,10,6,4
t1_g7d3z1s,61,4,18,9,3,3,4
t1_gnceete,114,5,40,11,11,4,2
t1_e4x2ums,37,3,10,5,3,3,4
t1_iqzvon0,135,8,35,22,9,6,18
t1_k53hblq,50,2,15,5,6,3,3
t1_htef5i7,33,2,17,4,1,1,1
t1_gzbcd4b,105,5,21,10,8,7,13
t1_hobbgss,80,3,22,6,7,3,5
t1_d0rprc3,35,2,7,5,1,1,6
t1_jtqktnz,131,6,43,14,6,6,10
t1_i3ly7xn,71,3,20,10,7,3,6
t1_gny2q5a,147,4,65,17,14,2,6
t1_g7hbuhg,57,2,16,4,6,6,4
t1_feknz16,42,3,12,7,1,0,5
t1_j0erf6h,45,2,7,7,2,6,7
t1_i6b5zs8,161,10,52,30,6,1,12
t1_gs5e91z,89,3,32,11,8,4,2
t1_ju2n90v,53,4,15,6,6,4,2
t1_h00h7j0,86,2,23,7,8,8,5
t1_hyg6t1f,41,6,9,7,2,1,6
t1_e3l7e35,49,4,12,7,2,3,7
t1_hlpg403,64,5,13,9,6,6,5
t1_gtin8vz,85,3,29,13,9,1,4
t1_hfjtqjk,85,8,18,14,2,10,12
t1_i6bod7h,44,4,17,3,5,0,1
t1_gnz2jyc,91,4,30,12,9,4,5
t1_frm26a8,41,2,15,4,2,1,0
t1_f7uwmxo,117,8,24,17,9,5,18
t1_g4r8lu0,47,3,11,3,5,1,4
t1_iaxu099,41,2,9,8,5,1,7
t1_gnql7x6,115,5,36,12,11,8,3
t1_h4lptfh,42,2,16,7,1,1,1
t1_e20h5nm,50,3,11,4,2,2,7
t1_hemu1t5,42,2,16,8,1,1,5
t1_jvo6kcj,130,3,19,17,12,14,22
t1_engiv2p,133,10,47,11,16,3,11
t1_fegai80,40,4,11,6,0,3,5
t1_hbit9ab,95,3,20,10,8,9,8
t1_hpuj34d,72,7,23,12,12,2,4
t1_i6ezzgc,34,4,8,7,4,0,3
t1_h40iw2x,49,2,14,5,4,5,2
t1_e9a31kj,66,2,31,6,3,1,2
t1_dup7shv,41,4,6,5,4,4,7
t1_f8pkzec,65,3,21,3,6,4,2
t1_iu00ymu,90,5,30,9,9,1,8
t1_ewn1u80,40,2,7,9,0,0,5
t1_heq38kk,50,1,20,3,6,0,2
t1_k0siuha,88,3,35,13,4,0,4
t1_gnckzih,70,4,25,7,4,2,3
t1_e3r591d,58,1,19,4,8,2,3
t1_jyits3g,33,3,7,3,3,3,5
t1_g0zx9ud,87,7,29,11,1,5,6
t1_j7uxybj,55,2,19,5,7,2,3
t1_jxgo3fs,31,1,13,2,2,1,2
t1_g056a36,30,2,7,5,1,4,5
t1_dmurcyz,127,9,26,17,16,9,15
t1_heaqu0z,84,4,11,16,5,9,10
t1_gjeemd8,74,8,17,14,5,3,10
t1_jnrprpx,127,6,53,15,16,1,0
t1_g7sd731,39,1,13,4,5,0,3
t1_ezq71p1,46,2,13,8,0,0,4
t1_htgwao7,43,2,9,6,4,2,6
t1_i7akby3,50,8,5,7,1,9,7
t1_je3y3oq,47,1,15,5,1,0,4
t1_czzbb41,33,2,7,7,1,2,4
t1_efbdmm3,72,3,19,7,6,6,4
t1_kdfxwfi,66,4,27,5,2,2,5
t1_k5l4ld1,76,4,24,7,6,1,9
t1_hq9whhr,76,4,12,3,8,5,9
t1_jj8pzai,102,6,35,16,6,3,5
t1_dvxjxtq,87,3,23,11,7,1,2
t1_foateet,52,6,14,9,3,4,4
t1_fgrw5nt,84,6,22,12,9,1,2
t1_g2cefyi,39,2,12,5,2,1,2
t1_kfgrt31,51,4,25,6,2,1,5
t1_dlydyod,101,4,26,13,11,6,6
t1_g5bgdrb,40,5,10,7,2,2,5
t1_hfe1rqa,68,5,20,8,3,5,5
t1_g2zxe4a,99,4,27,10,7,7,5
t1_hd23mrq,46,3,8,10,1,2,11
t1_i6dqn7i,28,5,12,3,0,2,3
t1_gxd8rqf,95,6,27,12,9,3,13
t1_e4hfeo0,64,6,19,11,0,4,7
t1_jdl5d4v,26,2,10,4,0,1,1
t1_ik6pkoe,28,1,7,5,3,2,1
t1_dm9s243,69,4,27,7,7,1,1
t1_f9zkbk5,36,3,11,6,3,5,3
t1_f3uqdls,75,5,23,7,2,3,9
t1_k5h7ah6,60,2,27,5,7,1,2
t1_gv6gvge,57,2,9,6,5,3,8
t1_gy3l4m4,74,5,17,10,6,4,7
t1_fpdnay0,76,4,20,9,12,6,7
t1_dx8k3c8,37,2,6,5,1,6,4
t1_e84r7ia,37,2,7,6,1,3,7
t1_errzw04,50,7,17,8,4,3,5
t1_e29o3cr,89,4,24,11,7,4,3
t1_gbusmjf,39,3,11,5,2,0,3
t1_e51nsm1,68,2,20,8,9,3,3
t1_gu29b1q,33,1,14,5,1,0,1
t1_jtqkugn,131,6,43,14,6,6,10
t1_gq1z3al,61,6,16,9,5,2,6
t1_gy54ry7,29,2,8,2,3,1,1
t1_i5cwjii,65,6,14,8,5,5,8
t1_ebyyn0j,31,1,9,5,1,0,1
t1_jn0i7yc,141,9,37,21,10,3,11
t1_e5spy7t,43,3,9,6,3,2,2
t1_gyh2sh5,123,4,38,19,7,2,6
t1_cm0p49j,60,5,18,5,3,1,7
t1_gzld7hg,55,2,23,6,2,0,3
t1_joi7w11,50,3,17,5,2,0,4
t1_fah6rch,33,3,7,6,2,1,4
t1_hz62oys,78,4,34,7,4,2,1
t1_ea1g6cn,57,2,16,7,8,2,3
t1_joi7vi8,50,3,17,5,2,0,4
t1_guzlb8x,36,2,13,3,1,1,2
t1_dwv9w1g,51,4,12,7,5,3,3
t1_gtfbu6q,29,2,10,3,2,0,0
t1_dvmjq2f,30,2,7,4,1,5,0
t1_jarac1v,53,3,13,10,4,2,6
t1_d31pycf,109,3,30,10,13,2,8
t1_i6q3pgk,80,2,34,9,4,6,4
t1_errzoqo,50,7,17,8,4,3,5
t1_fwgy9zo,118,6,28,19,6,8,8
t1_gxc4p9s,79,5,21,14,5,2,8
t1_g28t387,108,6,40,14,5,2,8
t1_g4rrkh6,63,2,15,8,6,3,3
t1_dtgnvhp,105,5,23,13,11,4,7
t1_irnh8nl,91,2,17,16,5,8,10
t1_evxgssx,81,6,8,16,8,6,13
t1_kcm73ae,33,1,12,5,3,2,1
t1_go0rps8,35,2,7,5,4,1,4
t1_gzvvcpi,119,10,28,17,6,9,12
t1_i56672y,41,2,12,3,3,4,5
t1_jrng3ku,132,4,43,11,11,11,6
t1_k3rq6kx,150,6,39,19,11,7,8
t1_e3vh3ys,29,2,12,2,2,0,2
t1_hf5sp4h,51,4,10,10,5,3,7
t1_gxif15f,108,4,34,8,14,6,10
t1_ik1dorr,79,4,21,9,13,3,6
t1_fbks8mb,61,4,27,10,4,2,3
t1_du2p89s,69,4,20,7,12,0,7
t1_gs31a3v,105,4,36,15,5,2,10
t1_eax2m17,38,3,10,4,4,2,5
t1_ft02iga,117,11,24,20,8,11,14
t1_fai2xjd,39,3,7,5,4,2,5
t1_e9seu4s,31,2,15,1,1,0,2
t1_e1ci2ui,97,7,22,11,6,5,7
t1_efx6wkc,63,3,9,5,8,7,11
t1_huuqfco,102,4,44,9,11,2,3
t1_gxljajr,47,1,17,7,5,1,2
t1_csthti6,41,2,5,8,1,2,8
t1_e5g2rmk,40,3,15,4,1,1,3
t1_iaxv4cj,45,1,11,10,5,2,4
t1_ka3tv8u,26,3,11,2,3,1,0
t1_gg5z5dm,43,4,14,4,6,1,5
t1_feazt7x,33,2,9,6,1,1,3
t1_jnkxfr7,45,3,10,4,9,6,2
t1_i8wwclf,57,7,12,8,3,7,5
t1_h60mfna,107,4,26,11,13,3,13
t1_e6dpyn1,84,5,18,15,4,7,13
t1_hgjle59,49,3,16,5,4,0,4
t1_ec3nl8c,68,2,15,8,5,4,10
t1_g11lfhu,69,6,13,8,3,6,15
t1_g4807tk,54,3,15,8,9,5,4
t1_em4hx9e,103,5,37,8,12,2,7
t1_gagevhn,62,3,21,9,5,3,3
t1_durxzn9,71,5,20,12,3,1,8
t1_gt3nk2t,102,2,65,6,1,4,3
t1_girxjtx,94,2,25,9,13,5,5
t1_iecn2d2,39,2,8,7,0,5,6
t1_hemtv1u,42,2,16,8,1,1,5
t1_dtq17zk,42,3,10,5,3,3,4
t1_e94b9qu,39,2,14,7,3,0,2
t1_fzm18v6,31,2,10,4,3,2,1
t1_g58vr4c,54,3,12,6,3,7,5
t1_io421pm,38,2,9,5,4,2,6
t1_e98u3jh,58,2,21,7,1,2,6
t1_e78v2gl,77,4,21,14,3,2,7
t1_gnqw62w,88,3,41,7,8,0,1
t1_kdu45r1,34,1,11,2,4,0,1
t1_hqxgwyi,37,1,13,4,3,1,1
t1_ixpvp87,36,1,15,3,3,2,1
t1_jmlounf,60,5,9,8,6,2,15
t1_el6s5yk,47,3,9,6,2,3,6
t1_h35xxsz,64,5,15,10,6,3,7
t1_h1u5q24,51,3,15,7,4,0,3
t1_hkxpear,54,3,22,6,3,3,3
t1_jeju736,38,2,10,3,3,1,3
t1_eknlezw,67,6,27,7,4,1,4
t1_jny2kzb,52,3,12,5,4,0,7
t1_i5mgcat,85,4,25,9,7,5,4
t1_gpq935v,61,6,16,9,5,2,6
t1_j9563fi,64,2,27,7,4,2,0
t1_j8ym47s,66,4,25,7,8,2,4
t1_g9qat6j,54,4,11,6,4,0,7
t1_kat9fvt,110,5,38,14,13,7,6
t1_eed5kg5,180,7,36,29,4,10,24
t1_e8xqvpo,36,1,8,5,2,1,4
t1_gsigr7k,64,4,25,5,6,1,0
t1_di0t906,28,3,8,4,4,0,3
t1_jiynhh8,119,6,56,13,5,4,6
t1_ek7btyy,61,3,17,8,3,3,7
t1_i3jdifr,121,6,24,12,10,11,13
t1_h077hhs,46,2,14,6,3,1,1
t1_jyfq8lc,34,2,9,7,3,2,1
t1_hj25w70,34,1,9,4,2,2,4
t1_h51lkav,41,3,7,8,3,5,4
t1_hpu3cwh,108,4,23,11,13,8,7
t1_hrvgqf2,42,2,10,7,2,0,4
t1_iozhx9w,84,5,22,11,9,4,13
t1_kezh8cu,48,2,25,1,2,1,1
t1_dtepiqx,97,4,36,9,5,4,4
t1_jqq0trs,45,4,9,8,2,3,6
t1_evds4ou,115,7,42,15,6,3,7
t1_hf2frw4,86,4,20,12,4,7,8
t1_i16cmck,49,4,12,12,3,1,9
t1_fal11fh,80,3,30,8,11,4,1
t1_fdo749a,67,7,26,12,4,4,4
t1_gxkn8fm,145,4,59,12,11,2,4
t1_jcxpg2x,38,2,13,5,3,0,2
t1_fs05nuj,38,2,13,5,2,1,2
t1_fasnjg2,52,4,11,6,4,0,13
t1_gse6iar,125,7,51,17,11,4,5
t1_hk246c9,62,4,23,4,4,1,3
t1_e4tw8nb,48,2,24,2,1,1,3
t1_jrg5bot,55,3,14,7,4,5,4
t1_gv1whi0,149,8,33,20,11,8,20
t1_hkef6r3,104,7,23,16,2,3,16
t1_e7hxvyt,79,7,25,12,5,3,10
t1_gtdbqqz,84,3,31,10,10,0,4
t1_ez9y15i,43,2,20,4,1,0,2
t1_e31ti6k,58,2,16,12,5,2,3
t1_gf7cn6c,64,2,24,8,7,2,1
t1_gv5h0eg,50,4,11,5,6,4,4
t1_k84yznn,60,4,10,11,3,6,7
t1_etcj6rq,36,3,11,7,1,0,6
t1_hbm3exp,125,10,36,22,6,3,10
t1_es08sl7,95,6,25,13,6,4,10
t1_e7nttj7,28,1,13,3,0,5,2
t1_gxiez56,108,4,34,8,14,6,10
t1_jrx3jj7,108,4,31,13,11,7,7
t1_ewmyi6c,42,6,12,6,4,2,2
t1_e3ztchc,55,4,9,13,2,4,8
t1_jjhipdx,117,4,42,18,5,6,2
t1_h3b7xjd,81,3,21,9,7,2,6
t1_dyuh4c2,44,2,20,3,5,0,2
t1_iy2tol6,110,5,30,13,15,5,4
t1_gjjcazf,92,5,25,13,8,2,10
t1_dws65xb,32,2,9,3,4,2,1
t1_g1g904u,40,2,14,5,3,1,1
t1_h4rlx21,67,4,16,12,2,4,8
t1_g6rmy9i,104,4,36,7,10,8,2
t1_hloiymj,35,4,2,6,5,10,3
t1_izwurkf,105,6,24,11,6,11,12
t1_gx5f9y8,81,5,16,15,8,7,4
t1_itd2lii,27,2,9,3,3,0,0
t1_f8t8fdt,47,3,9,4,5,5,6
t1_jsjmumk,50,4,15,8,3,3,5
t1_fqzok7x,71,4,23,8,7,5,5
t1_jvjv54k,61,4,15,7,9,4,8
t1_e22gqyu,36,2,9,7,2,1,5
t1_gnpz4i9,107,3,42,17,6,4,6
t1_h1t0e8i,64,4,23,8,8,3,1
t1_kd2dlk9,82,4,26,9,2,2,12
t1_gr8gaov,128,5,40,15,15,6,6
t1_dj3xp37,91,3,19,14,8,5,7
t1_ebyd7ql,31,2,7,6,4,2,4
t1_g1dxjc3,29,1,9,7,2,0,2
t1_dugi06h,74,3,22,10,5,1,6
t1_iinu4l2,98,4,25,12,11,5,8
t1_k764w86,68,4,27,9,5,1,1
t1_eru1yth,74,9,22,8,3,4,8
t1_glg7izv,84,5,14,10,6,14,5
t1_gx0c6c7,35,2,8,6,3,0,5
t1_gxiu3qi,116,5,35,12,6,6,7
t1_humw2y6,56,3,16,10,3,3,5
t1_hu4l6g3,75,6,21,14,8,2,7
t1_hj6jp6r,30,1,11,4,2,0,0
t1_hg6zavs,39,3,10,5,8,0,4
t1_e09ormt,38,2,11,7,2,2,2
t1_du6sidh,72,3,17,8,6,4,8
t1_ibl3zit,59,4,16,9,6,3,4
t1_dundstv,41,3,12,6,4,1,2
t1_ir28t6k,142,10,34,16,14,6,15
t1_f5grbx3,38,2,12,7,2,1,2
t1_gg56ogs,32,2,12,3,1,0,1
t1_h9lf9nx,80,5,26,9,7,5,3
t1_iud13pj,83,4,17,12,7,6,11
t1_e03pyae,39,3,12,4,5,3,4
t1_gq5yx4q,76,5,20,10,3,5,4
t1_h1715uh,176,11,63,19,11,4,14
t1_hs8lmfr,77,5,18,11,12,3,7
t1_emhr9fy,27,1,12,0,2,0,0
t1_idpf8hk,90,4,29,8,5,4,5
t1_dxj1cw8,48,2,15,2,5,1,3
t1_gu7tok4,95,3,37,11,9,3,2
t1_h6r21l2,95,6,24,9,10,5,10
t1_jrlp1dy,93,4,27,11,6,3,7
t1_k9blpye,133,5,51,12,12,4,2
t1_ebdh779,137,10,34,19,18,5,15
t1_gtzp9bq,112,3,42,13,8,2,2
t1_fvk6d98,31,2,8,5,4,3,0
t1_hejwgi9,57,5,14,9,3,3,8
t1_dw70t9h,77,5,24,7,5,6,5
t1_hmukm38,57,3,9,8,4,3,10
t1_ctdh1i8,39,2,17,3,3,2,1
t1_e1rr455,115,6,35,14,10,1,5
t1_k1kesu1,108,5,28,14,7,7,12
t1_k9lyhel,63,3,18,10,4,2,4
t1_iqltt7y,169,12,38,21,12,18,16
t1_if2xrbp,70,1,20,8,5,1,4
t1_gigzkum,101,3,28,13,8,9,7
t1_gnhljqj,127,4,47,12,16,2,3
t1_k9odms7,123,7,25,20,12,5,14
t1_eq9z1wh,135,7,38,12,7,7,9
t1_d8mvxzl,42,2,4,4,6,4,5
t1_gt3obj1,164,4,63,21,5,1,10
t1_hztt66w,107,5,28,10,17,5,9
t1_f4o03ka,67,3,20,3,5,0,8
t1_ijk3i1e,60,6,14,13,0,1,3
t1_ir3hjki,153,8,28,22,15,18,21
t1_gse7zpq,68,1,22,9,7,2,2
t1_gnd6gz9,50,2,21,7,3,0,1
t1_jg4yq77,36,2,11,5,2,0,2
t1_jmt5tq3,85,4,20,8,19,10,3
t1_dsh09qb,49,2,13,8,3,5,2
t1_jxmh65s,40,2,10,2,8,1,1
t1_j1bp6e0,143,5,33,18,12,9,14
t1_hao6ou5,79,3,24,7,8,4,3
t1_jg7db7a,66,4,16,7,6,2,5
t1_fe2zute,151,8,56,11,18,6,0
t1_hxul00f,36,1,10,3,7,4,2
t1_ihun5h9,49,2,41,2,2,0,0
t1_ey9r5p7,152,6,57,18,8,6,3
t1_gyft5rp,78,3,23,9,7,1,3
t1_h3l8am1,38,2,11,6,2,0,3
t1_hqvnf6t,146,18,34,28,11,4,20
t1_gzaupuz,102,5,32,10,13,2,3
t1_f7bf4b1,158,7,57,21,4,3,6
t1_f95vb9l,62,5,15,8,6,3,7
t1_grue5im,134,6,50,17,10,2,7
t1_ha0hcib,72,3,18,10,4,3,4
t1_h0bec05,93,4,19,12,9,9,14
t1_ewuozil,73,5,22,10,7,5,7
t1_k1ozw0e,32,2,12,3,1,1,2
t1_k6fu6c7,62,4,20,6,10,1,3
t1_h7kh7fb,46,2,10,6,6,1,2
t1_eke3jti,112,3,36,10,11,3,7
t1_feikhag,42,3,11,4,4,1,5
t1_ju2t4co,35,2,13,4,3,0,0
t1_dymmea5,123,3,49,14,12,2,4
t1_g67vfcm,31,2,10,1,3,1,3
t1_k4kjfq3,66,4,26,7,5,3,2
t1_ifrr5f5,61,2,12,8,2,5,7
t1_dw9hdh2,147,10,45,14,5,11,18
t1_e1bkh4k,58,5,20,8,4,1,5
t1_dzhyz7a,67,4,19,9,2,2,8
t1_dv3340h,43,3,11,4,3,2,4
t1_fybr2l3,39,3,10,5,0,1,4
t1_gegbt4u,57,3,17,9,3,3,2
t1_i9z7vu9,43,3,11,2,3,1,4
t1_hghh0q6,60,5,7,10,0,7,12
t1_e20rzvd,69,4,22,6,5,3,3
t1_e1pv6xg,39,2,13,5,4,1,1
t1_hgmf3db,67,3,21,8,9,2,2
t1_ehjj9bs,35,2,8,3,4,2,3
t1_ecamlc9,58,5,13,6,6,5,7
t1_czkhz4v,69,3,25,10,5,1,4
t1_hvcu84w,32,2,10,5,2,6,1
t1_jhdvbhz,32,2,10,1,4,2,1
t1_dvip17b,48,4,12,7,1,1,6
t1_dvmjgvq,39,3,16,4,3,2,1
t1_gnhqwh5,47,6,9,7,3,3,7
t1_hdd2vz3,59,4,11,16,1,5,8
t1_gcko7pq,66,6,13,11,7,6,10
t1_dxjk30t,27,4,10,3,3,0,1
t1_e2mtu1q,109,6,36,15,6,2,7
t1_ea97y73,47,3,9,6,6,4,6
t1_e44f9rv,33,3,9,6,2,4,2
t1_hemdgbr,50,5,10,6,5,5,6
t1_is1olxv,148,6,34,18,10,9,19
t1_ew3lq73,58,4,10,12,4,4,7
t1_k8o8t89,58,2,17,8,2,3,2
t1_h0roe3w,88,2,28,8,8,2,1
t1_f9tnhjj,55,4,14,11,2,2,4
t1_f76erur,82,3,23,8,6,6,3
t1_gxfah4b,84,4,22,12,12,4,4
t1_e0u6don,63,4,20,7,5,2,5
t1_h4h1hrl,28,1,12,5,1,0,0
t1_eq9k4hg,163,7,52,15,17,4,6
t1_fnp00sh,47,3,14,4,3,5,5
t1_k3wdo4p,75,6,25,12,2,5,7
t1_famrhlz,36,3,5,6,2,2,6
t1_h5yc0tw,130,4,40,16,8,6,7
t1_j41r2c0,85,3,26,9,6,2,8
t1_hc76ytm,73,4,19,8,6,5,8
t1_e5lqh3a,69,3,17,9,5,0,6
t1_hua016g,69,4,22,7,5,5,4
t1_i7xxll7,31,1,11,2,4,0,3
t1_h0zk0qi,46,2,15,5,5,2,1
t1_i64w43z,61,4,22,8,6,1,6
t1_fox3t83,49,3,21,5,2,3,3
t1_ehuugcr,100,3,27,15,9,4,13
t1_hd23n90,46,3,8,10,1,2,11
t1_h0vlcik,77,5,18,5,6,3,10
t1_gtevc29,153,7,69,13,10,2,3
t1_jsz87sq,76,1,14,3,7,9,6
t1_dszavds,45,1,12,6,1,2,4
t1_gzsd93u,120,3,43,11,15,1,2
t1_i112248,35,3,4,3,6,4,3
t1_icdjslh,148,9,34,18,14,11,15
t1_iswtl4w,61,2,21,2,10,1,0
t1_ivbpmn2,89,8,25,13,9,2,10
t1_foau5z3,52,6,14,9,3,4,4
t1_fnd3fq0,96,4,26,11,9,4,9
t1_gih48uq,69,4,25,8,10,3,1
t1_itefmm2,108,5,31,14,4,7,12
t1_d0woq43,67,5,18,10,4,6,5
t1_dy14avn,82,3,31,10,7,0,3
t1_i4ctmpx,104,5,31,7,15,2,2
t1_e4kvz2g,56,3,23,8,4,1,0
t1_e6q5g9q,62,4,14,9,8,2,10
t1_kei1abn,46,1,19,5,2,1,3
t1_ggxungy,76,5,18,9,6,7,11
t1_f1wppwm,142,7,38,21,13,8,12
t1_etuqcuk,35,3,8,3,5,1,3
t1_f48dbz9,27,1,11,2,1,0,1
t1_k9wo5px,31,1,3,7,3,3,6
t1_h04ktw9,107,3,28,12,14,9,4
t1_faoc1lh,42,2,19,5,2,1,2
t1_gscdclq,31,2,12,5,2,1,2
t1_hcrpxas,111,4,31,17,5,6,6
t1_cl8aif1,41,1,14,4,5,2,1
