_id,flesch_reading_ease,flesch_kincaid_grade,gunning_fog,smog,ari,coleman_liau
t1_f7ju17o,26.305000000000035,17.540000000000003,21.55,19.287186520377343,18.414375,11.912500000000001
t1_givys64,33.79694063926945,14.590410958904112,16.308675799086757,15.470042427545799,15.448036529680365,12.6986301369863
t1_fmcunuq,66.49750000000002,9.573888888888892,13.0,11.698219412168324,10.177666666666667,7.373333333333335
t1_jolyktt,56.82838114754102,9.12143442622951,13.31311475409836,12.602617957971052,8.509590163934426,9.357377049180325
t1_exd9ccm,63.600714285714304,11.344285714285714,13.104761904761904,10.504223727775692,11.631647058823525,5.859523809523807
t1_kb55gnn,43.09178571428572,9.857380952380954,11.81904761904762,11.20814326018867,9.889302325581397,12.866666666666667
t1_hsoj4b0,25.304770114942556,14.532758620689656,16.698850574712647,15.470042427545799,14.46649425287356,13.46896551724138
t1_e9gbebp,39.429285714285754,14.715714285714288,19.771428571428572,17.122413403193683,18.306785714285716,13.17857142857143
t1_il8cpvx,73.11444736842105,6.365421052631582,8.92902255639098,9.642632912329528,5.74716417910448,6.264661654135338
t1_gzs5v7g,61.376994535519145,9.749836065573774,10.756284153005465,11.20814326018867,10.00763440860215,8.32131147540984
t1_dxeq6v9,81.42407894736841,4.262368421052631,5.905263157894737,7.168621630094336,3.151578947368421,4.436842105263157
t1_haja09s,50.44500000000002,15.166666666666668,16.622222222222224,13.023866798666859,16.45666666666667,7.544444444444444
t1_j0cxfzk,90.5609090909091,3.360606060606063,5.612121212121213,6.42735559955562,2.91,3.830303030303032
t1_dwjjh4l,34.58646551724141,12.03741379310345,16.83448275862069,15.247664890283005,11.968620689655175,13.358620689655172
t1_fnua8i5,26.36085820895525,17.904850746268654,22.95223880597015,19.287186520377343,20.557164179104483,13.268656716417912
t1_hkwzb2z,25.1043181818182,16.589545454545455,19.727272727272727,17.693802365651003,15.197142857142858,11.174545454545456
t1_gsdgupf,33.98858208955224,13.274221748400858,17.507889125799576,16.084390811093357,14.517428571428567,14.207462686567162
t1_errzsjm,47.78866666666667,8.664000000000001,9.733333333333334,10.125756701596842,10.243066666666667,12.432000000000002
t1_dw850o1,74.18225806451615,6.212933947772662,8.755145929339477,9.606745405546679,6.9396313364055295,8.103225806451615
t1_i46k0jt,26.103724226804133,15.642757731958763,17.122680412371135,16.52667757954773,16.28438144329897,13.653608247422678
t1_fgbnl96,85.8493137254902,4.1005882352941185,6.298039215686275,7.793537801064561,4.184901960784316,5.470588235294116
t1_elc14lm,86.13643939393941,4.433181818181819,6.691774891774893,8.344100000000001,7.252121212121214,7.579220779220783
t1_f17mla9,12.367543859649146,24.121315789473687,27.635087719298248,20.581828153500815,29.177254901960787,14.103947368421053
t1_fxi59ad,55.94675438596494,8.60263157894737,11.382456140350877,11.20814326018867,9.69280701754386,11.626315789473683
t1_dzqz120,56.110778301886825,8.724669811320759,13.224528301886792,13.023866798666859,9.1375,10.856603773584904
t1_ewibxb5,35.815,12.735555555555557,14.977777777777778,14.554592549557764,13.8675,14.616666666666664
t1_dt5kqwa,40.04850340136059,11.731020408163268,13.063945578231293,12.457975602129121,12.978095238095236,13.28163265306123
t1_hqgw7x2,28.25488805970153,17.640671641791048,21.758208955223882,18.511140095513987,19.943602941176472,13.182089552238804
t1_ih5cggk,50.800892857142884,11.825357142857147,14.814285714285715,13.81666964889586,11.890494505494509,9.476923076923075
t1_h7hwebn,29.47409785932723,18.174495412844042,20.404892966360862,16.728156217252725,22.144740061162075,13.555963302752296
t1_g4pcbzj,21.96145945945949,15.711243243243242,18.970090090090093,17.80541091248751,16.020540540540544,14.636036036036039
t1_if6rhqz,46.46379032258068,10.629193548387097,15.23225806451613,13.81666964889586,8.207647058823532,10.541935483870969
t1_guf2o95,59.41754026845638,8.673348993288592,11.59758389261745,11.407655852321103,9.226887417218546,10.006711409395976
t1_foozu8o,60.64818535825549,9.230420560747664,11.619314641744548,12.161744961471694,10.244330218068534,9.642990654205608
t1_hbkbe8c,38.85805031446543,12.228301886792455,16.12327044025157,15.903189008614273,12.641823899371069,13.16603773584906
t1_fkc2fl3,32.0687711864407,16.115000000000006,18.579661016949157,16.218646115125612,18.413613445378154,13.327118644067799
t1_j4rr72m,26.1421052631579,14.333157894736843,19.178947368421053,16.52667757954773,14.03697368421053,14.084210526315793
t1_hsxp5n6,89.43681776556778,2.6685989010989033,4.352014652014652,7.168621630094336,1.3051831501831508,1.9670329670329672
t1_dye3vh7,71.47833333333337,7.43,11.466666666666669,11.855464076750408,6.0259333333333345,5.507999999999999
t1_e93zmh3,53.67971153846156,9.80903846153846,13.269230769230768,12.602617957971052,9.031818181818181,9.415384615384617
t1_gv0dchj,12.72999999999999,23.159858156028374,25.608510638297872,19.946969662950774,27.44429577464789,14.009929078014189
t1_ita35vm,31.86290662650603,13.969969879518075,16.49277108433735,15.247664890283005,14.793928571428573,14.009638554216867
t1_e713bqm,65.16823529411766,8.39294117647059,9.937254901960785,11.20814326018867,7.387647058823529,6.454901960784316
t1_k4fu291,13.929952830188682,17.899716981132077,20.411320754716982,19.78447435784618,19.813396226415094,16.460377358490565
t1_f7xdoof,71.99924882629108,9.096338028169018,11.15680751173709,9.725611199111238,10.63643192488263,7.292957746478873
t1_haw5wob,56.57236363636363,7.008242424242429,9.912727272727274,9.3871,5.705454545454547,7.484848484848488
t1_jafdooe,49.192822580645185,10.248548387096779,13.94193548387097,13.023866798666859,11.389354838709671,12.599999999999998
t1_jlyhvz7,35.22487804878051,18.531707317073174,20.302439024390246,15.903189008614273,20.667073170731705,9.931707317073169
t1_grdh47x,81.38230769230772,5.1376923076923084,7.5076923076923086,8.841846274778883,5.721538461538465,6.015384615384619
t1_dxfd72z,69.23217661691542,6.376940298507467,8.34726368159204,9.725611199111238,5.8995035460992895,7.216417910447763
t1_hv74k3m,41.74880952380954,13.232857142857146,16.19047619047619,14.554592549557764,14.571666666666665,13.008571428571429
t1_in4nr3x,63.706073943662005,8.783204225352115,10.480281690140846,10.686352973137792,8.474154929577463,7.6112676056338024
t1_exto9ek,72.16022727272728,7.293484848484848,9.024242424242425,8.841846274778883,7.658181818181816,7.1878787878787875
t1_gnd538h,41.59985714285716,13.71736507936508,17.381587301587302,15.6451,13.91046875,10.552380952380954
t1_cze1q9u,51.58250000000004,11.902659574468085,14.506382978723407,13.023866798666859,11.66531914893617,8.731914893617024
t1_crk6588,24.322142857142893,16.822857142857142,18.342857142857145,17.122413403193683,16.792857142857144,12.557142857142857
t1_gfy7o8r,69.41000000000003,7.304444444444446,12.222222222222223,11.855464076750408,8.259333333333334,8.777777777777779
t1_griwea8,51.176000000000016,12.332,14.8,13.023866798666859,15.373600000000003,11.900000000000002
t1_e1v9o2e,54.404848484848515,10.225454545454546,13.15151515151515,12.457975602129121,11.62921212121212,11.163636363636368
t1_he70c7j,64.43997014925375,7.600179104477611,9.539104477611941,10.355215969177355,6.6407462686567165,7.701492537313431
t1_i67vlfz,-19.468157894736805,34.85526315789474,38.82105263157895,28.677278017228545,41.669342105263155,14.031578947368423
t1_gyledk2,60.86630952380955,7.957857142857147,12.406060606060606,12.161744961471694,6.089913419913419,7.127272727272725
t1_gul235z,44.110263157894764,11.152656641604011,14.23358395989975,13.484332010920856,9.618754578754576,10.568421052631574
t1_h39odwq,56.636789473684246,7.247684210526316,11.46105263157895,10.355215969177355,6.167894736842104,8.389473684210525
t1_hi2stcl,53.245833333333366,8.482500000000002,10.516666666666666,10.504223727775692,8.630833333333332,11.150000000000002
t1_g0q20p0,64.28666666666669,7.605,7.333333333333335,7.793537801064561,6.3139166666666675,7.209999999999997
t1_jolxlod,65.40500000000002,7.472674772036477,9.201215805471126,10.290406445055957,7.581626139817633,8.404255319148938
t1_hljxln6,54.8647849462366,10.740967741935489,14.073118279569895,13.023866798666859,10.434761904761906,8.86774193548387
t1_ie6r075,78.60240963855424,5.241514629948366,7.152495697074011,8.841846274778883,5.494956970740105,6.79036144578313
t1_f1ht2tr,31.11500000000001,13.391111111111112,18.311111111111114,15.903189008614273,12.689999999999998,13.166666666666664
t1_foatffs,57.14082352941179,7.8232941176470625,9.57019607843137,9.888512548439397,8.605294117647055,11.094117647058827
t1_f306zke,39.319285714285726,18.20904761904762,20.60952380952381,14.554592549557764,20.092142857142854,8.214285714285715
t1_hfx93pe,63.545,8.867777777777778,11.644444444444446,11.20814326018867,9.393,8.526666666666667
t1_i2vcy28,52.08991379310348,9.596034482758622,11.317241379310346,12.161744961471694,9.207586206896554,10.458620689655174
t1_erh5gks,11.088181818181852,14.445454545454545,18.94545454545455,15.903189008614273,14.470909090909089,17.627272727272736
t1_edmhmlk,72.97608823529413,6.881575163398697,8.47294117647059,10.125756701596842,7.659675324675327,7.512418300653593
t1_etfd7p7,68.44210526315791,8.433157894736844,11.810526315789474,11.698219412168324,8.745064935064935,7.597368421052632
t1_k9yn8rx,54.221610169491555,9.884285714285717,12.505569007263924,12.28987398476788,10.229249394673126,10.3135593220339
t1_dtkech1,46.461071428571444,11.126428571428573,15.0,13.81666964889586,10.73542857142857,10.68
t1_esd7n6i,29.144519774011314,14.080000000000002,16.00225988700565,15.470042427545799,13.78943502824859,13.26779661016949
t1_fvekdpj,64.58722972972974,8.846621621621622,11.724324324324325,11.20814326018867,10.351621621621625,9.56216216216216
t1_ghbm81l,17.2510204081633,23.026122448979596,26.946938775510205,21.19438992294339,25.370408163265303,10.346938775510207
t1_gt6q27h,47.75541095890412,11.779902152641885,14.918199608610571,13.925175675911131,14.044314671814675,12.416438356164385
t1_g6gi1h8,74.72386363636366,6.935909090909089,7.8121212121212125,8.841846274778883,8.22909090909091,7.363636363636363
t1_h87wtx8,32.565000000000026,16.170000000000005,21.333333333333332,18.243605946275583,18.062000000000005,12.309999999999999
t1_ectb45o,66.21363636363638,7.146948051948055,8.664935064935065,9.236282656511921,7.568380952380949,9.395454545454545
t1_f94mp11,41.64741935483872,15.151612903225807,17.561290322580646,14.554592549557764,15.948709677419352,9.43870967741936
t1_fwb1jq8,57.793103448275886,12.402758620689657,15.73793103448276,13.023866798666859,17.43206896551724,11.579310344827583
t1_fmfqb04,70.81118279569893,5.949677419354842,6.713978494623657,7.793537801064561,7.438602150537637,9.7741935483871
t1_h8gjvov,51.45750000000001,11.67166666666667,12.555555555555557,11.698219412168324,13.317666666666668,11.046666666666667
t1_jm9yzmv,68.53333333333333,7.592340425531916,11.373049645390072,11.20814326018867,7.14737588652482,6.991489361702129
t1_h2ggcvf,68.24848484848488,8.294545454545453,11.696969696969697,11.855464076750408,8.11812121212121,7.050909090909087
t1_eekqf1z,53.639285714285734,9.255714285714287,10.906122448979593,12.031772070788634,10.465714285714284,11.61836734693878
t1_juhpv25,19.107231638418085,15.480000000000004,16.680225988700567,15.021129683784007,17.142316384180788,17.396610169491534
t1_jvf8ybq,11.32832075471697,16.94592452830189,20.932830188679247,18.026119701940384,18.71858490566038,18.15094339622642
t1_egn80ro,51.92185483870969,9.867903225806455,11.361290322580645,11.20814326018867,10.47774193548387,10.978494623655916
t1_guxwa6q,65.78565217391306,9.79739130434783,11.808695652173913,10.125756701596842,11.060217391304349,8.256521739130438
t1_j9mvnh9,24.754102564102567,15.189230769230772,16.666666666666668,16.728156217252725,15.05471794871795,13.440000000000005
t1_j1r7how,45.09927419354841,10.819516129032262,12.651612903225807,12.602617957971052,11.237419354838707,12.506451612903227
t1_k7hckxi,21.637436708860776,20.054240506329112,24.660759493670888,20.736966565827903,22.1055,12.156962025316457
t1_guvsq8i,47.87714285714287,11.798412698412701,15.06666666666667,13.81666964889586,13.287559055118109,11.974603174603175
t1_f3w9vsy,51.66879781420769,11.103934426229507,14.034972677595627,14.06817628641468,11.591748633879781,10.127868852459017
t1_hha7djk,47.39434782608697,12.362608695652174,13.547826086956523,12.161744961471694,15.975000000000001,14.056521739130439
t1_ezjtqhr,65.16823529411766,8.39294117647059,11.505882352941178,11.20814326018867,11.312647058823536,11.8
t1_guzfax8,57.23363636363638,8.009090909090911,10.763636363636364,11.20814326018867,8.369318181818183,10.772727272727273
t1_g3wep6v,61.52804004854369,7.875910194174761,10.975242718446603,11.45678717892309,9.364928571428575,11.069902912621362
t1_i3ulmih,42.71433333333337,11.442,14.66666666666667,14.06817628641468,12.054733333333331,12.932000000000002
t1_k6ozaw9,29.481578947368433,13.867368421052635,17.07368421052632,15.247664890283005,14.594736842105263,14.694736842105264
t1_j64qd9e,38.89292792792796,13.962432432432436,17.974774774774776,16.32212239822248,14.135090090090088,10.981081081081083
t1_dimsxw7,58.4787254901961,7.91823529411765,9.23921568627451,9.725611199111238,6.816960784313725,8.2
t1_g8bot9y,43.61721951219516,13.286926829268292,15.693658536585367,15.112257680678326,15.939354838709676,13.128455284552846
t1_i6kv90o,50.61785714285716,9.677142857142858,11.314285714285715,12.161744961471694,14.67107142857143,16.057142857142853
t1_g6btkwg,50.21410309278352,11.074969072164947,13.94556701030928,13.348371206891418,13.131030927835049,12.27216494845361
t1_fc71da5,7.614090909090919,17.66272727272727,17.89090909090909,18.243605946275583,18.23956521739131,18.181818181818183
t1_fnzptkc,58.19955882352944,11.47656862745098,14.905882352941177,13.023866798666859,13.577058823529413,9.650980392156864
t1_gd37obs,71.37714285714287,8.520634920634922,10.93968253968254,9.725611199111238,9.704285714285717,7.555555555555557
t1_jp2j77o,74.13619047619049,5.8171428571428585,8.095238095238095,8.841846274778883,6.47304761904762,7.182857142857145
t1_da3neaj,36.46285714285716,13.390476190476189,16.019047619047623,14.90622815163357,14.725647058823533,13.44761904761905
t1_e1ifbg4,76.55500000000004,7.550000000000001,10.0,11.20814326018867,7.984390243902439,6.210000000000001
t1_hf254sk,47.21692307692311,9.903076923076924,14.430769230769233,13.81666964889586,9.888076923076923,11.592307692307692
t1_jzj8p8m,55.943030303030326,10.010909090909092,12.424242424242424,12.457975602129121,10.85848484848485,10.320000000000004
t1_itnlw7g,45.26235294117649,11.169411764705881,15.035294117647062,13.81666964889586,12.836470588235294,13.676470588235293
t1_ke13jjy,44.90127118644071,11.184285714285718,14.53946731234867,14.138980108339055,10.278325526932086,11.050847457627121
t1_ew6vlnp,68.76430555555557,8.084583333333335,11.111111111111112,11.429527900616531,8.15345138888889,7.293750000000003
t1_hemf8zo,46.12413793103451,14.030344827586209,15.73793103448276,13.023866798666859,16.13275862068965,10.779310344827586
t1_gzy68vo,13.590000000000032,23.28833333333333,24.200000000000003,18.243605946275583,27.788125,13.670833333333334
t1_ere5gum,74.805,5.806666666666668,8.73939393939394,10.018931242160765,4.373409090909089,5.328787878787882
t1_grl28v1,45.434407894736836,10.462236842105266,13.419298245614037,13.023866798666859,10.732368421052634,11.326315789473686
t1_gbn26ya,75.42500000000001,5.223333333333333,6.666666666666668,9.725611199111238,5.235999999999997,7.146666666666668
t1_cl0y0vg,-7.5153846153845905,30.45538461538462,34.0,23.72669961743115,34.69136363636364,12.387692307692308
t1_j7j0czh,43.57000000000002,8.317857142857143,11.82857142857143,9.236282656511921,6.613526785714285,7.631249999999998
t1_jgr95kp,57.61888679245284,10.489320754716985,14.517735849056605,13.662883650711645,10.695140186915886,8.52075471698113
t1_f0jypww,57.96690476190477,9.811428571428575,10.323809523809524,10.504223727775692,11.537440476190476,10.992857142857147
t1_flgsm9v,42.71600000000004,13.512,18.0,16.32212239822248,14.808399999999999,11.474666666666664
t1_e7cqmpz,60.22051886792454,11.44311320754717,14.373584905660378,13.023866798666859,12.526226415094335,7.924528301886792
t1_fbfxw74,48.22042168674702,12.424836488812392,15.509810671256455,14.348710955821954,14.62973321858864,11.427710843373493
t1_ebig900,20.542647058823547,18.840588235294117,20.658823529411766,20.267338824336647,20.228235294117646,12.841176470588234
t1_gd32gnh,65.72500000000001,7.570000000000004,8.457142857142857,8.841846274778883,9.288214285714286,9.946428571428573
t1_elsfu45,50.610000000000014,9.92666666666667,14.0,13.023866798666859,8.102333333333334,8.842222222222222
t1_fxiyp0w,43.60384615384616,16.866153846153846,20.72820512820513,17.122413403193683,19.808461538461536,9.466666666666669
t1_griq3xy,34.23625000000004,16.433750000000007,21.55,18.243605946275583,18.690909090909095,12.818750000000001
t1_keojxcq,70.09823529411767,6.498655462184875,9.563025210084033,9.957137785484202,6.252016806722686,7.487058823529413
t1_fikkwb1,51.18176119402986,9.449432835820897,11.927164179104478,12.161744961471694,9.90962686567164,11.33731343283582
t1_j8eryz9,42.11517605633804,16.204295774647886,18.707042253521127,15.247664890283005,18.211549295774653,9.752112676056338
t1_duozdp9,61.30158273381298,9.64205549845838,11.971634121274409,11.765960540728905,10.625405960945528,8.913669064748206
t1_k7k0fx9,42.02431818181822,14.229545454545455,16.81818181818182,15.247664890283005,14.671090909090907,10.330909090909092
t1_hniok1d,53.655,8.756666666666668,12.577777777777778,11.855464076750408,6.680833333333336,8.477777777777778
t1_gw1ctjv,37.04867537313433,12.252947761194033,16.252238805970148,14.554592549557764,11.479179104477616,12.125373134328363
t1_kfktpzy,64.66285714285716,9.457142857142859,10.304761904761905,8.841846274778883,8.659318181818183,7.647619047619049
t1_gaj6ww8,54.71455284552849,9.02292682926829,11.320325203252033,11.20814326018867,10.2169918699187,11.74146341463415
t1_dm5uui6,25.5721551724138,20.499137931034486,24.29655172413793,19.78447435784618,23.274482758620692,11.386206896551723
t1_d8wi1ze,36.914523809523814,13.907142857142862,14.476190476190476,13.023866798666859,16.612666666666662,14.665714285714287
t1_gzq596y,62.625701754386,7.671052631578949,8.22456140350877,11.855464076750408,9.197017543859648,10.710526315789476
t1_ia7hiuv,32.23923076923077,12.914896214896217,16.25836385836386,14.756829357015494,13.697655677655682,13.858119658119659
t1_g3wequq,61.52804004854369,7.875910194174761,10.975242718446603,11.45678717892309,9.364928571428575,11.069902912621362
t1_ea4qpej,62.625701754386,7.671052631578949,9.27719298245614,10.504223727775692,7.833596491228068,9.184210526315788
t1_irki65k,81.14769811320758,4.574188679245285,4.9947169811320755,6.742157984588678,3.7764150943396224,5.373584905660376
t1_diumqsc,19.457792792792816,16.673243243243245,21.758558558558562,18.599290044081553,19.29063063063063,16.937837837837844
t1_irao1uy,54.87631313131317,9.856060606060606,11.519769119769121,11.20814326018867,10.945555555555558,11.244155844155845
t1_hemfcmg,46.12413793103451,14.030344827586209,15.73793103448276,13.023866798666859,16.13275862068965,10.779310344827586
t1_cospxvi,45.71530487804881,11.975731707317074,16.98048780487805,15.247664890283005,13.403902439024392,12.321951219512194
t1_ia265k0,61.45281879194633,9.975858101629914,11.735762224352829,11.491704259439757,11.688092042186007,10.057718120805372
t1_e88n0wm,35.39823170731708,13.414756097560979,16.98048780487805,15.903189008614273,13.978292682926828,12.88780487804878
t1_k3ckwoe,60.69340579710146,8.603043478260872,11.35072463768116,11.20814326018867,8.557971014492754,9.0
t1_j1qmyl4,67.2632142857143,6.48595238095238,7.057142857142857,8.07648339933343,7.370000000000001,9.966666666666669
t1_fenuais,40.866000000000014,13.67066666666667,16.344065040650406,15.381575749822971,15.032682926829267,11.949593495934963
t1_grjaz1w,43.10348101265825,12.854629294755878,16.623508137432193,15.151101081350806,13.64269541778976,11.484810126582278
t1_h4494tl,74.87519157088126,6.017701149425289,8.948659003831418,9.994966539143718,5.559789272030649,6.5534482758620705
t1_gs46wy7,49.52932885906043,11.638945349952063,13.883413231064237,13.707050652182112,14.002330827067674,12.743624161073825
t1_k7maqpi,25.964366666666677,14.813400000000001,20.173333333333336,17.693802365651003,17.171904761904763,16.094399999999997
t1_iragnul,56.64363636363636,10.82409090909091,12.436363636363637,11.698219412168324,11.497666666666667,9.28409090909091
t1_in8bika,63.37764383561645,8.046465753424659,10.771506849315069,10.793553405168563,11.16205479452055,11.728767123287675
t1_gzq4pak,55.17601449275364,9.372608695652175,13.959420289855073,13.5591,9.581884057971013,10.38695652173913
t1_ikhwfrd,52.855460526315795,9.42714912280702,12.015789473684212,12.161744961471694,10.057068965517242,11.12280701754386
t1_csxucnv,35.68434959349594,15.072439024390246,18.25040650406504,16.32212239822248,17.107764227642278,13.03658536585366
t1_gxdb7kz,45.06578947368425,11.693684210526317,13.915789473684212,13.5591,13.024736842105263,12.354385964912282
t1_kceo21o,49.192822580645185,10.248548387096779,12.651612903225807,12.161744961471694,11.84516129032258,12.038709677419355
t1_gx8zkdk,78.76285714285716,7.4904761904761905,9.352380952380953,7.168621630094336,10.040714285714287,8.200000000000003
t1_fmoovsx,60.90110389610389,10.230259740259743,12.696103896103896,12.540900571622839,11.619999999999997,9.51948051948052
t1_k95d5rm,52.64785714285716,8.897142857142857,10.99047619047619,10.914260884657427,8.736785714285716,10.319047619047623
t1_gjusi7r,29.748571428571466,14.326984126984126,16.019047619047623,15.021129683784007,16.299687499999997,15.841269841269849
t1_hr961id,59.01939393939395,9.581818181818182,12.424242424242424,11.855464076750408,11.62921212121212,10.530909090909091
t1_gftgf7k,68.9825,7.612500000000001,11.4,11.20814326018867,9.236875000000001,9.175
t1_e857drl,26.927780612244902,12.546683673469389,16.32857142857143,14.191785591663535,11.224795918367349,13.742857142857144
t1_eyeg17e,48.2117307692308,11.379102564102567,14.97948717948718,13.81666964889586,10.662307692307692,9.600000000000005
t1_eu4t99b,75.30500000000002,6.091823708206686,7.499088145896657,8.418075326091056,5.827902735562311,6.4297872340425535
t1_gng5rq1,34.8801129943503,13.280000000000005,16.680225988700567,15.470042427545799,13.869265536723162,12.972881355932206
t1_guhw701,61.65998310810812,8.105934684684684,9.874324324324325,10.686352973137792,7.699662162162163,8.872072072072076
t1_flpysik,57.309,7.352666666666668,10.97904761904762,10.355215969177355,11.358604651162793,14.785714285714292
t1_hsoyhdj,56.282454545454584,8.688303030303029,11.946666666666667,12.340626583579944,9.43363636363636,11.133333333333333
t1_dv7yq7v,51.229310344827596,13.318275862068969,15.39310344827586,13.023866798666859,16.41698275862069,10.179310344827584
t1_ddw3mag,31.336594202898567,16.50695652173913,18.3536231884058,16.32212239822248,18.323659420289857,12.55
t1_gxd8ipb,58.633333333333354,8.973191489361703,10.096453900709221,10.504223727775692,9.452269503546098,9.891489361702128
t1_hwpsf4k,24.314651898734184,19.68082278481013,20.863291139240506,17.122413403193683,23.76548780487805,14.50632911392405
t1_jbjl4tp,47.79000000000002,10.320000000000004,12.666666666666668,12.161744961471694,14.329999999999998,16.059999999999995
t1_etfad80,76.584696969697,6.220909090909089,8.593939393939394,8.841846274778883,7.419469696969696,7.4909090909090885
t1_k4u5a44,55.93076530612245,11.544591836734696,15.514285714285714,13.81666964889586,12.8628,9.742857142857144
t1_gt75e6t,51.28084016393444,9.895204918032785,13.31311475409836,12.602617957971052,9.558095238095238,10.308196721311479
t1_d3lmhld,34.4957608695652,17.0186231884058,19.017391304347825,17.693802365651003,18.29342857142857,10.913043478260867
t1_dyg5mfm,45.27114427860698,12.493134328358213,14.306467661691542,14.06817628641468,13.075771144278605,11.268656716417912
t1_k692fi5,32.51031015037597,16.98501879699248,19.615789473684213,16.827784334635936,20.140555555555558,13.661654135338352
t1_fte5n6m,60.23230769230773,8.087692307692308,12.892307692307691,12.161744961471694,10.250384615384615,12.484615384615385
t1_irkc62e,43.195116279069765,11.812646733111848,13.262901439645626,12.785403640627713,12.592682660850599,12.987596899224808
t1_iwknvzx,13.077941176470631,19.881764705882357,23.011764705882356,19.287186520377343,23.83,17.447058823529414
t1_fdabkto,25.105592105263185,15.657763157894738,19.18421052631579,17.410965686947208,16.27563157894737,13.785263157894736
t1_jm05rks,73.59570588235295,6.3728235294117646,7.792941176470589,8.238735603445708,8.088823529411766,8.123529411764707
t1_fj4wjxh,68.33782945736438,7.288372093023256,7.593798449612404,10.504223727775692,5.45294573643411,5.604651162790702
t1_ew7n1oy,41.025000000000034,14.990000000000006,17.333333333333336,14.554592549557764,17.591,11.246666666666666
t1_hh26t4o,31.59250000000003,16.8025,20.3,18.243605946275583,16.73470588235294,11.55
t1_fo5in41,51.59525000000002,7.615500000000001,10.5,9.516144504307135,5.969615384615388,8.232
t1_fp8nde0,69.76049549549552,9.65702702702703,12.02882882882883,9.725611199111238,9.433464912280705,5.651351351351352
t1_hf9890p,41.36500000000002,16.930000000000003,20.46315789473684,15.903189008614273,17.153684210526315,7.231578947368419
t1_htmqlzt,24.08076923076925,19.58923076923077,21.753846153846155,18.243605946275583,22.91525,14.225641025641021
t1_gtbad6q,18.77130584192443,18.67360824742268,22.417869415807562,19.287186520377343,22.227687074829937,16.23092783505155
t1_ezf3pqa,42.76214285714286,10.772857142857145,13.600000000000001,12.68835289967788,12.834929577464784,14.400000000000002
t1_icr08hg,35.771228070175454,16.13684210526316,18.561403508771928,15.470042427545799,18.548280701754386,12.265263157894736
t1_jyo1gj0,64.28666666666669,7.605,9.333333333333334,10.504223727775692,7.844666666666669,8.950000000000006
t1_el8w0il,7.786785714285742,16.520714285714288,21.85714285714286,17.693802365651003,15.579999999999998,17.474285714285717
t1_haqlsml,36.144425675675706,15.111779279279279,17.94684684684685,16.52667757954773,16.62580357142857,12.499099099099098
t1_dw8n1vj,44.430726744186074,9.732732558139535,11.74186046511628,11.20814326018867,9.138023255813952,11.120930232558141
t1_k8dy1lx,55.763750000000016,9.45625,11.4,11.20814326018867,9.691818181818181,10.08125
t1_gtn2zi8,53.83166666666668,10.222592592592594,11.644444444444446,11.855464076750408,12.129285714285714,12.844444444444449
t1_g1rff02,70.63316666666667,8.583000000000002,10.893333333333334,10.864195022040775,9.10778666666667,6.489600000000003
t1_k0tn9bo,35.835000000000036,14.223333333333336,15.933333333333335,15.112257680678326,15.493749999999999,12.885000000000002
t1_eue2c15,61.932500000000005,8.595833333333335,11.4,11.855464076750408,10.021875000000001,10.504166666666666
t1_g8432rk,52.33940639269409,12.004109589041096,13.568949771689498,12.457975602129121,13.576940639269402,10.235616438356164
t1_jn1u48d,55.26285714285714,10.768253968253969,12.20952380952381,11.855464076750408,13.292857142857144,11.882539682539683
t1_gf01cpk,50.75,8.665000000000003,13.0,11.698219412168324,8.88625,10.965
t1_gd8csxv,63.00181818181821,7.204545454545453,8.945454545454545,10.125756701596842,6.7636363636363654,8.400000000000002
t1_djf2914,31.37139534883721,19.566046511627906,22.781395348837208,17.122413403193683,22.305581395348838,10.218604651162792
t1_dwdn0to,57.92439655172416,8.78224137931035,8.558620689655172,8.841846274778883,9.857241379310349,10.958620689655174
t1_k6ogmx6,64.015,8.802222222222223,11.644444444444446,11.20814326018867,9.308461538461536,9.783333333333335
t1_ipmmtxx,68.3882389937107,8.109433962264152,10.840251572327047,10.864195022040775,10.15352201257862,9.390566037735848
t1_jsgzc9z,46.69596899224811,10.306976744186048,11.314728682170543,11.20814326018867,10.92968992248062,11.4046511627907
t1_dyjns7e,62.81290254237291,8.162500000000001,9.967796610169493,12.161744961471694,6.940423728813556,7.06440677966102
t1_dtizfgj,66.12000000000002,7.763333333333335,10.666666666666666,11.698219412168324,8.152950819672132,8.906666666666666
t1_hg0k062,56.922,10.08966666666667,13.096666666666668,13.348371206891418,10.934999999999995,10.26875
t1_fffe0gl,27.212727272727278,17.66181818181818,18.04848484848485,17.122413403193683,19.190909090909095,12.830303030303028
t1_gxbf2xf,36.29653925619837,15.711632231404959,18.711570247933885,16.218646115125612,18.712049180327867,13.27603305785124
t1_g3webly,61.52804004854369,7.875910194174761,10.975242718446603,11.45678717892309,9.364928571428575,11.069902912621362
t1_h8bvxz0,27.139239130434788,18.04471014492754,20.756521739130434,17.693802365651003,21.759130434782605,13.686956521739134
t1_e28by3c,52.520079908675825,8.956369863013702,11.715981735159819,11.37473899888905,8.913059360730593,10.806849315068494
t1_jgcarps,54.44256830601097,10.71704918032787,14.690710382513661,13.5591,11.282896174863389,10.032786885245901
t1_e52ueby,62.58852272727276,6.579015151515154,9.360606060606061,9.516144504307135,4.960454545454546,7.151515151515152
t1_jtplv1s,49.13166666666666,10.87814814814815,11.644444444444446,11.855464076750408,9.835454545454546,9.407407407407408
t1_f1p32j3,50.35041666666669,11.536250000000003,12.283333333333333,11.20814326018867,13.596197916666668,11.993750000000002
t1_iibmykm,-2.973913043478234,30.81565217391304,35.71594202898551,24.50423929779172,35.93739130434783,11.678260869565218
t1_e91xukz,72.76913253012052,7.233397590361445,9.531566265060242,9.888512548439397,7.75289156626506,7.643373493975901
t1_hhnlviq,56.249000000000024,7.898,8.8,10.793553405168563,6.2722000000000016,8.5
t1_e1xqf0a,76.04500000000002,4.640000000000001,5.2,7.554174236665414,4.4715000000000025,5.295000000000005
t1_fm81ueh,19.405365853658566,20.73821138211382,24.855284552845532,20.581828153500815,23.493629032258063,13.138211382113823
t1_hshe3jy,56.96190140845073,10.353822937625754,12.903018108651914,12.785403640627713,11.775615763546796,10.392957746478874
t1_k4kk4pk,84.91663461538462,5.452115384615386,8.346153846153845,8.07648339933343,7.346538461538465,6.827692307692306
t1_gjd5l3o,69.86000000000003,5.751111111111115,9.822222222222223,10.793553405168563,5.678000000000001,7.719999999999999
t1_hfx8wdn,63.545,8.867777777777778,11.644444444444446,11.20814326018867,9.393,8.526666666666667
t1_go91bgg,32.565000000000026,16.170000000000005,14.666666666666666,15.903189008614273,17.119999999999997,12.02
t1_ismg0qz,45.19142857142859,12.173015873015874,14.74920634920635,13.5591,13.068571428571424,12.06666666666667
t1_edekwcj,56.1296428571429,9.777857142857144,11.571428571428573,11.20814326018867,10.331714285714288,10.017142857142858
t1_gv1fbtd,28.749210526315807,18.689649122807015,21.86666666666667,19.946969662950774,22.307739130434783,13.03157894736842
t1_hfs5gu3,52.732587719298266,9.83763157894737,11.385964912280702,11.538034831475386,9.05541666666667,9.865263157894738
t1_dnlqq77,27.95750000000001,14.949444444444449,18.77777777777778,16.52667757954773,15.044666666666664,13.302222222222223
t1_i3jkh6q,10.222142857142899,18.78952380952381,21.676190476190477,18.946978176291534,20.942142857142862,17.252380952380957
t1_jpqldw0,72.79603135717788,6.105987261146499,9.671533561979423,10.21488967967688,6.1484615384615395,6.907006369426753
t1_fa9gdrb,69.30464912280705,6.739473684210527,9.27719298245614,9.725611199111238,8.825175438596489,10.710526315789476
t1_ccms1vy,80.74523255813956,5.049102990033223,6.774750830564784,7.70948699238394,4.566054817275745,5.125581395348835
t1_hs3qo85,54.43698924731183,8.233548387096778,10.58494623655914,10.504223727775692,8.957956989247311,11.083870967741937
t1_fdq3zps,37.075000000000045,13.056666666666668,14.0,14.06817628641468,13.689999999999998,12.106666666666666
t1_hgnsml7,54.97173387096777,11.367822580645164,14.461290322580647,13.427899808715576,12.52951612903226,9.806451612903228
t1_ez63m5r,16.405357142857156,18.796587301587298,22.123809523809527,18.7741,22.58,16.31111111111112
t1_h3ipw1d,38.12309523809526,13.73857142857143,17.333333333333332,15.470042427545799,13.517523809523809,11.102857142857143
t1_ia1vrsn,54.95468926553673,10.480000000000004,13.968361581920906,13.5591,11.3945197740113,10.416949152542372
t1_irakjn4,76.0839411764706,6.025764705882356,8.381176470588235,9.888512548439397,7.6039705882352955,8.720588235294116
t1_cyycd02,33.93907894736844,15.605701754385965,18.417543859649125,17.693802365651003,16.287368421052633,11.042105263157893
t1_eq9vh0j,47.79000000000002,10.320000000000004,14.0,13.023866798666859,9.306000000000001,10.260000000000002
t1_jf8eqad,59.68250000000003,10.772872340425533,13.65531914893617,13.023866798666859,12.005625000000002,9.348936170212767
t1_ewlig8x,65.31774390243905,9.241585365853659,10.639024390243904,11.20814326018867,11.291807228915665,9.068292682926828
t1_hbztejg,56.34881318681323,9.921186813186814,12.994285714285716,12.340626583579944,10.495384615384616,9.470329670329672
t1_gk43ied,33.48275862068968,15.793563218390805,18.95632183908046,17.122413403193683,18.56896551724138,13.645977011494253
t1_hb9ctnd,41.97692982456144,13.697894736842105,16.44912280701754,15.021129683784007,13.639358974358977,10.276315789473685
t1_i7ybuop,59.785000000000025,9.392222222222223,12.533333333333335,12.340626583579944,9.98131868131868,9.686666666666667
t1_fcr6ets,79.19776315789476,4.572894736842105,6.957894736842106,8.07648339933343,4.3910526315789475,6.115789473684213
t1_ho10pkp,44.412000000000035,14.07041134751773,16.102695035460993,13.968273953766033,16.119787234042555,11.28652482269504
t1_dwifbci,72.66885064935069,5.036376623376626,7.2358441558441555,8.548686976883017,5.174805194805199,7.096103896103898
t1_eb7grm3,78.81000000000003,5.993333333333336,8.666666666666668,9.3871,6.982400000000002,7.128
t1_iqu9znh,68.22714285714287,7.717857142857145,9.614285714285714,9.606745405546679,7.554732142857144,7.517857142857142
t1_d1ds861,28.68120283018868,19.133883647798744,22.944025157232705,18.243605946275583,21.609905660377358,11.57987421383648
t1_dykzmcq,45.53054347826088,15.479492753623187,17.27826086956522,13.023866798666859,17.936521739130434,10.072463768115941
t1_injn17m,52.911739130434796,11.59304347826087,15.286956521739132,13.81666964889586,10.85543478260869,8.130434782608692
t1_fnkmrk6,30.64812500000002,12.959375000000005,17.025000000000002,14.90622815163357,15.271562500000002,16.696875000000002
t1_iudwola,70.5104761904762,6.322857142857146,8.095238095238095,9.725611199111238,6.493896713615026,8.508571428571432
t1_foisejb,48.82462837837841,8.747229729729728,12.348648648648648,11.20814326018867,9.800135135135132,12.35135135135135
t1_euwqtv2,66.23545454545457,8.315064935064935,10.550649350649351,10.914260884657427,9.789716646989373,9.666115702479338
t1_k1stfbm,59.437846153846166,10.782153846153843,13.462564102564102,12.340626583579944,11.102692307692308,9.902564102564106
t1_gra2ss8,52.08991379310348,9.596034482758622,11.317241379310346,11.20814326018867,11.481379310344828,12.158620689655177
t1_gevyv05,77.62500000000001,5.413333333333334,6.800000000000001,8.238735603445708,6.266885245901637,7.930000000000003
t1_dj1ym0s,42.71266666666668,9.372000000000003,12.933333333333335,11.855464076750408,13.257466666666666,17.072
t1_gz2lp0b,58.00633333333337,7.851629629629631,8.764444444444445,9.888512548439397,6.99666666666667,9.277777777777782
t1_gv2bc4r,44.76736065573772,13.076819672131148,13.694426229508196,12.68835289967788,14.702926829268286,10.988524590163937
t1_eyxyswq,76.97666666666669,5.835000000000001,7.333333333333335,8.841846274778883,3.958916666666667,4.600000000000001
t1_h1j25sb,45.53054347826088,15.479492753623187,16.69855072463768,13.023866798666859,18.41434782608696,9.736231884057972
t1_hgntud5,41.025000000000034,14.990000000000006,16.0,13.023866798666859,20.731,15.306666666666665
t1_h9sxlpx,59.632666666666694,7.0120000000000005,8.933333333333335,10.125756701596842,5.156266666666667,7.212
t1_gu69iz8,68.9825,7.612500000000001,8.9,10.125756701596842,6.795294117647057,7.724999999999998
t1_esok0c8,68.04002906976746,6.439709302325582,8.020930232558142,10.686352973137792,6.290116279069771,8.423255813953489
t1_ekkmtyz,70.54476470588239,5.109058823529413,7.425882352941177,8.841846274778883,7.182352941176468,8.505882352941175
t1_fz1am3h,57.521823770491835,9.024713114754103,11.018032786885247,11.20814326018867,10.013048780487804,10.640983606557377
t1_fwzhhdl,51.74473684210528,10.762105263157899,13.915789473684212,13.023866798666859,10.38052631578947,9.2
t1_gtn4gii,58.03000000000003,13.115000000000002,12.8,3.1291,15.550909090909094,9.0125
t1_hjqyt38,31.2714024390244,13.990365853658538,18.931707317073172,16.52667757954773,15.012195121951216,13.595121951219515
t1_hq5da3n,91.05619047619048,3.457142857142859,5.80952380952381,6.42735559955562,4.858190476190472,6.354285714285716
t1_gxj77yz,39.99696428571431,14.201785714285716,18.5,16.52667757954773,16.05242857142857,12.07238095238095
t1_gtiq4d2,67.00678571428574,8.260714285714286,12.142857142857144,11.698219412168324,8.515,7.614285714285714
t1_j7x4hko,75.50000000000003,4.964444444444446,6.2666666666666675,7.554174236665414,4.945333333333334,6.4311111111111146
t1_ek8wt15,51.89250000000001,9.002500000000001,9.8,11.20814326018867,6.678163265306125,8.558333333333337
t1_gxvnl66,66.40166666666669,7.310000000000002,10.833333333333336,10.864195022040775,5.8792592592592605,7.137500000000006
t1_ezyexrz,56.64377981651376,10.774385321100919,13.490642201834863,12.340626583579944,10.945871559633026,8.543119266055047
t1_epupo11,62.70357142857142,7.991428571428575,10.600000000000001,11.20814326018867,9.204107142857143,10.360714285714288
t1_k81m5m3,33.33250000000004,11.963888888888892,17.251851851851853,14.554592549557764,12.184444444444445,14.014814814814812
t1_dwt6p8j,64.6133645443196,9.16041198501873,11.281897627965044,11.855464076750408,10.130181023720347,8.314606741573037
t1_itzxr8h,62.3432808988764,8.985707865168543,9.816629213483147,11.20814326018867,10.173258426966292,9.842696629213481
t1_kd4kcvv,79.14854460093898,8.099154929577466,10.030046948356809,6.42735559955562,9.840375586854464,6.3943661971831
t1_g55ubee,56.6057142857143,10.580952380952379,13.63809523809524,13.023866798666859,12.395714285714284,10.685714285714287
t1_gtfa35v,40.92100000000002,11.924000000000003,16.130909090909093,14.554592549557764,15.47123595505618,15.67045454545455
t1_grujzu3,35.94800000000001,14.456,16.0,14.90622815163357,15.91294117647059,13.001999999999999
t1_dvf1ikl,71.00300000000003,5.542000000000005,9.883636363636365,10.793553405168563,4.845333333333336,6.804545454545458
t1_gxgft0q,55.09148623853213,10.990899082568806,13.123669724770643,11.979248473330827,11.906727272727274,9.554128440366977
t1_fz7t183,55.52147239263806,11.300017528483785,14.46765994741455,13.023866798666859,11.993038961038955,9.544785276073618
t1_k9bplnr,40.613157894736844,12.314736842105265,14.968421052631578,14.554592549557764,14.098947368421051,13.473684210526315
t1_gezfcxd,67.41582926829271,7.9303902439024405,9.974634146341465,10.355215969177355,8.998902439024391,9.131707317073168
t1_e5iazc6,57.015144927536255,9.116086956521741,12.220289855072465,12.060818386365153,9.71840579710145,10.218840579710143
t1_ienlb4n,43.130000000000024,13.951111111111114,16.725925925925928,14.554592549557764,14.660555555555554,10.385185185185186
t1_f1f19y9,46.80375000000001,11.389166666666668,13.366666666666667,13.023866798666859,12.060200000000002,11.621333333333332
t1_dwgh5on,53.968963414634146,10.824512195121955,15.029268292682929,14.554592549557764,12.025365853658535,10.48292682926829
t1_gfblk4x,61.46775000000001,9.343833333333336,11.233333333333334,11.20814326018867,11.061184210526314,10.229333333333333
t1_hx89p2d,71.41629237288137,6.962500000000002,8.611864406779661,10.125756701596842,6.621101694915254,7.06440677966102
t1_hectlvd,71.4425483870968,6.375032258064518,7.540645161290323,8.238735603445708,6.800645161290323,7.211290322580645
t1_e1czhlh,29.16255411255412,15.568051948051949,20.65627705627706,17.879347455551382,17.099662447257387,14.231168831168834
t1_k7f1608,69.88905797101451,7.320434782608697,10.481159420289856,11.855464076750408,6.510144927536231,6.604347826086958
t1_kcfcp2o,79.93700000000003,4.593999999999998,7.2,8.841846274778883,4.388200000000001,5.948
t1_f1vhax5,65.55750000000002,9.705000000000002,10.777777777777779,11.20814326018867,8.346,5.439999999999998
t1_jhl3b85,37.27576923076927,14.51923076923077,15.015384615384617,14.554592549557764,16.93153846153846,13.846153846153843
t1_k2koe9v,44.6429026548673,12.647008849557523,16.473628318584073,14.836745963215662,13.503362831858404,11.428318584070794
t1_hclw97k,79.8693534482759,3.920258620689655,7.037931034482759,8.841846274778883,4.6081034482758625,6.717241379310348
t1_ev68xuj,72.83894736842106,6.4712781954887255,8.37593984962406,9.236282656511921,7.914135338345865,8.149473684210527
t1_ite6et7,44.408000000000015,13.276000000000003,14.0,13.81666964889586,15.373600000000003,11.552
t1_kcdp9ut,31.990955882352978,14.076323529411763,14.61764705882353,14.90622815163357,15.737235294117646,14.741176470588236
t1_gypw45d,37.79764705882354,12.210588235294118,13.858823529411765,13.81666964889586,11.866764705882353,12.141176470588235
t1_hwzs5qo,45.425000000000026,15.370000000000001,16.541176470588237,13.81666964889586,17.942500000000003,10.282352941176473
t1_jt0xbsl,24.35019230769234,14.707307692307694,18.056410256410256,15.903189008614273,15.520249999999997,16.29230769230769
t1_j8p3qxk,35.935625000000016,12.221875,14.2125,13.81666964889586,14.0940625,14.974999999999998
t1_gra4zs8,73.79246277205043,5.64426116838488,7.197709049255441,8.515128840125781,6.355419501133785,8.241237113402057
t1_i4kbmt7,18.625416666666695,15.961250000000003,20.40833333333333,17.879347455551382,17.570260416666663,16.343749999999996
t1_k93qzkh,37.134962871287144,14.352549504950495,17.22871287128713,15.247664890283005,15.770940594059404,11.97029702970297
t1_hua6u8o,62.43550387596903,8.111627906976747,11.314728682170543,11.855464076750408,6.1101550387596895,6.548837209302327
t1_darvxk2,86.86456140350879,2.716842105263158,4.63859649122807,7.168621630094336,1.9400877192982477,1.8105263157894775
t1_i1sosb7,82.83857142857144,5.431428571428572,6.761904761904763,6.868970318607317,5.313714285714283,4.984761904761903
t1_i172ts2,44.12500000000003,12.073333333333334,14.66666666666667,13.5591,14.2395,13.363333333333337
t1_h6orttf,54.325724637681176,13.300434782608697,15.744927536231884,13.023866798666859,14.842355072463768,8.073913043478264
t1_j9f9mbm,74.86006554307117,6.502865168539326,8.62996254681648,9.2995712137729,5.8210000000000015,6.121348314606742
t1_dzwa6qd,59.672893835616435,9.46996575342466,12.231506849315068,12.161744961471694,9.24486301369863,8.399999999999999
t1_hcdxpv3,66.40233333333336,8.138000000000002,10.666666666666668,10.504223727775692,7.3447333333333304,7.016000000000002
t1_gst1qkw,35.5107142857143,11.784285714285716,13.028571428571428,12.68835289967788,11.70718309859155,13.157142857142855
t1_gm0aow5,47.10548387096776,14.390322580645162,15.840860215053764,13.023866798666859,16.86840425531915,10.6236559139785
t1_h4tpp5x,47.74285714285716,11.817142857142859,14.495238095238097,14.265292616868656,13.203142857142858,11.514285714285716
t1_e4pddq8,59.64059139784949,10.074838709677419,10.84731182795699,9.725611199111238,11.351801075268817,9.70967741935484
t1_g1ky466,68.9694927536232,7.448695652173914,8.742028985507247,9.725611199111238,8.353188405797106,8.495652173913044
t1_dxccin8,51.58250000000004,11.902659574468085,12.804255319148936,13.023866798666859,13.769787234042553,10.829787234042556
t1_ios3v8d,65.38559061488677,8.404029126213594,11.138511326860844,11.20814326018867,9.148576051779933,8.829126213592232
t1_gkzkp8m,40.184642857142876,14.610357142857143,17.62857142857143,15.903189008614273,17.453805309734513,12.867857142857144
t1_gtiahwh,0.2938461538461752,29.366153846153853,32.76923076923077,23.72669961743115,35.04818181818182,13.279999999999998
t1_hn52wjp,48.73000000000002,10.18888888888889,12.222222222222223,11.855464076750408,11.258260869565213,12.773333333333333
t1_jn0fxsn,56.308636363636396,10.090043290043294,11.482251082251082,12.28987398476788,9.835844155844157,8.64242424242424
t1_ju2j6vx,45.46080327868856,12.980098360655735,15.989508196721312,14.265292616868656,13.822195121951218,10.60819672131148
t1_gxix3rw,26.773653846153877,17.598846153846157,21.0,17.693802365651003,19.601846153846154,13.003076923076922
t1_gk99ztm,64.6875287356322,9.039655172413795,12.560919540229884,12.457975602129121,9.350459770114938,7.76896551724138
t1_jnsfllc,40.39468965517244,11.947724137931036,16.6151724137931,14.836745963215662,12.05102272727273,12.698850574712647
t1_j9d9jm1,57.945000000000036,12.629999999999999,14.666666666666666,11.20814326018867,14.607999999999997,8.153333333333332
t1_i0524al,70.3052713178295,7.013953488372092,10.38449612403101,10.504223727775692,8.21621212121212,9.24651162790698
t1_h00h1p5,17.38926470588237,21.392058823529414,23.117647058823533,18.243605946275583,25.08776470588235,13.731764705882359
t1_ha7j079,71.83838461538463,8.406615384615389,9.85846153846154,8.238735603445708,9.12336538461539,6.757692307692309
t1_it6tjwv,26.077500000000015,15.21166666666667,19.66666666666667,17.122413403193683,16.509999999999998,14.462222222222223
t1_gmyjkhz,61.593891891891914,10.183315315315316,12.843963963963965,11.979248473330827,12.116756756756757,9.254054054054059
t1_ekwd0nm,75.39357142857143,6.2214285714285715,7.885714285714286,8.841846274778883,5.553857142857144,6.031428571428574
t1_ec1us78,27.69384615384618,12.626153846153848,15.96923076923077,14.554592549557764,12.424230769230768,15.384615384615383
t1_f41vcrw,24.66598837209304,15.160116279069772,20.227906976744187,18.511140095513987,16.375116279069765,15.195348837209302
t1_iu9at50,35.12000000000003,13.57777777777778,13.47936507936508,14.554592549557764,14.189999999999998,13.355555555555558
t1_jeepny7,56.815000000000026,10.303333333333338,13.333333333333336,13.023866798666859,11.649000000000001,9.98
t1_gu84izq,6.1833684210526485,19.005052631578952,21.467067669172934,19.48791578843652,19.39186567164179,16.230075187969927
t1_gnpyxlx,42.939191176470615,12.549264705882354,13.676470588235293,13.427899808715576,13.456976744186044,11.875294117647059
t1_gxwf4o9,13.243571428571471,18.36809523809524,22.152380952380952,19.946969662950774,18.923571428571428,14.766666666666673
t1_g8q7psj,69.10063636363638,6.9004242424242435,8.916363636363636,9.3871,8.648636363636363,9.815151515151513
t1_e7eircw,67.07833333333336,7.050000000000001,9.27719298245614,9.725611199111238,4.858859649122802,5.9789473684210535
t1_hgwju1f,35.17125000000004,11.760654761904764,13.819047619047618,13.484332010920856,11.939101620029454,14.002083333333342
t1_efw0drs,57.58073913043481,9.79904347826087,12.577391304347826,13.023866798666859,9.732934782608694,8.75434782608696
t1_hujpo09,45.77307692307693,16.56358974358975,19.702564102564104,14.554592549557764,19.808461538461536,10.210256410256406
t1_f3tyaab,12.845000000000027,20.411111111111115,22.548148148148147,20.267338824336647,22.038888888888884,14.203703703703706
t1_iv8g2tn,50.936539325842716,10.576719101123597,13.412134831460675,13.348371206891418,12.728021978021978,13.296629213483143
t1_gei6ev1,61.75807189542485,9.337843137254904,11.790849673202615,11.855464076750408,8.826072351421189,7.70941176470588
t1_efwgb9v,71.3898206751055,6.572848101265823,8.810970464135021,10.125756701596842,6.080042194092826,7.060759493670886
t1_h3cfhxp,64.58722972972974,8.846621621621622,9.562162162162162,10.125756701596842,9.333243243243242,8.151351351351348
t1_g5h79kj,94.10875000000001,3.052074468085106,4.7,7.168621630094336,3.9864893617021266,3.8936170212765973
t1_fprw5dw,52.83766292134834,10.311550561797752,12.962696629213482,13.023866798666859,11.589340659340657,11.862921348314607
t1_hf5sueg,79.43492647058825,5.347205882352942,9.02156862745098,10.125756701596842,6.463235294117645,7.921568627450981
t1_e5kvyt4,82.66254385964915,4.876315789473686,6.1192982456140355,6.42735559955562,4.5887179487179495,5.826315789473686
t1_hyg08sp,22.944864864864854,19.25081081081081,21.28648648648649,17.122413403193683,20.365405405405404,11.616216216216216
t1_gyaqbpc,60.55757575757579,9.367272727272727,13.878787878787879,14.06817628641468,11.029757575757571,10.214545454545458
t1_ggfa943,60.74428571428575,6.525714285714287,9.942857142857143,10.125756701596842,7.4703571428571465,10.421428571428574
t1_hh22syv,35.38500000000002,15.776666666666667,18.666666666666668,17.122413403193683,15.5009375,11.246666666666666
t1_jfzx9us,56.38858757062147,10.280000000000005,13.290395480225989,12.457975602129121,11.793672316384182,10.711864406779657
t1_kcocdg6,46.06741071428573,10.094464285714285,13.25,12.38480682065935,10.028214285714284,11.662857142857138
t1_idyc484,40.15252941176473,12.726784313725492,16.395294117647058,15.112257680678326,12.135294117647057,10.725490196078432
t1_iduju8u,56.26145356234099,8.123988549618325,11.084223918575063,11.37473899888905,8.69291348600509,10.79847328244275
t1_grw98oe,37.950000000000045,13.928333333333335,14.600000000000001,13.023866798666859,18.63375,15.83333333333334
t1_hbx8kq2,59.20607142857145,7.609761904761903,9.914285714285715,10.125756701596842,8.603571428571428,10.933333333333334
t1_gsjh3ub,53.31358060747664,9.145876168224301,12.452803738317758,11.93303328291395,9.810555555555556,11.095327102803743
t1_jo46axs,78.50742424242428,5.952727272727273,7.684848484848485,7.793537801064561,8.382878787878784,7.4909090909090885
t1_hm1wxte,49.14980263157898,12.30407894736842,13.710526315789474,14.191785591663535,13.84626315789474,11.098947368421054
t1_fbgtwb5,49.963414454277284,10.9691592920354,11.427138643067847,11.20814326018867,12.537020648967555,12.141592920353983
t1_g0mebla,40.027083333333366,10.326250000000002,10.516666666666666,13.023866798666859,9.955520833333331,12.418750000000003
t1_eyllw4z,60.43923076923079,8.981562881562883,10.788278388278389,10.914260884657427,10.35840336134454,10.388034188034187
t1_erw2a3z,72.24000000000001,7.655000000000001,8.311111111111112,8.07648339933343,8.634166666666669,7.930555555555554
t1_esp6lcl,40.46297101449278,11.424782608695654,14.82898550724638,13.5591,11.732101449275362,12.782608695652176
t1_inri4xt,72.40609836065575,6.190950819672132,9.47016393442623,9.888512548439397,4.899836065573773,6.209836065573775
t1_izf53vf,84.42950000000002,4.265499999999999,6.265714285714286,7.168621630094336,2.9258928571428555,3.514285714285716
t1_jwcn1br,36.513527397260304,17.234041095890415,20.079452054794523,15.903189008614273,19.0512,10.720547945205482
t1_f2bgm09,64.46761904761905,7.165714285714287,10.380952380952381,10.504223727775692,7.41504761904762,8.177142857142854
t1_ewxivqz,68.2960483870968,7.584032258064514,12.651612903225807,12.161744961471694,7.287096774193547,6.800000000000001
t1_j0ixlz8,38.4325570776256,13.94383561643836,17.952511415525112,15.903189008614273,14.544748858447491,12.063013698630133
t1_gdb0ixa,51.51500000000003,13.030000000000005,15.485714285714288,13.023866798666859,17.129285714285714,13.17857142857143
t1_e0n56f5,73.56731884057973,6.807391304347828,7.0028985507246375,6.42735559955562,6.612536231884061,6.35217391304348
t1_gxeofnp,49.09775974025976,15.975649350649352,19.555844155844156,14.554592549557764,17.143076923076926,6.781818181818181
t1_ekyq4ns,52.937256097560976,10.968414634146345,13.078048780487805,13.023866798666859,11.745783132530121,10.05853658536585
t1_ikdqo0j,55.57500000000003,11.470000000000002,13.266666666666666,11.979248473330827,12.407272727272733,9.45333333333333
t1_cwz4skq,25.23135135135138,18.93189189189189,22.36756756756757,19.287186520377343,22.274864864864867,13.340540540540541
t1_ergp5sn,35.47205882352944,16.75823529411765,19.482352941176472,15.903189008614273,20.50529411764706,13.52352941176471
t1_elcq7w6,35.909912280701775,11.397368421052636,14.540350877192985,13.5591,12.171754385964917,14.373684210526317
t1_hkryzd8,82.57000000000001,5.468888888888891,6.0,3.1291,5.747333333333334,5.555555555555557
t1_dtexkqz,67.75500000000001,6.790000000000003,8.133333333333335,9.3871,7.727500000000003,8.413333333333334
t1_gqgph45,62.625701754386,7.671052631578949,9.27719298245614,10.504223727775692,10.436491228070178,12.542105263157893
t1_e16wwap,59.21663940013636,9.49910020449898,10.92542603953647,11.645159339076184,10.141653116531167,9.573006134969326
t1_iatpyrc,52.550192307692356,10.77397435897436,11.902564102564103,13.023866798666859,9.213076923076926,7.3692307692307715
t1_hcrq3xt,43.350561926605536,13.98245412844037,16.771559633027522,15.579741850924794,15.356100917431192,10.836697247706425
t1_g0pqejc,36.1605263157895,12.935789473684213,17.07368421052632,15.247664890283005,13.603157894736846,13.168421052631583
t1_ipl2bgw,55.04309523809525,11.37857142857143,12.761904761904763,11.20814326018867,13.450238095238099,10.854285714285716
t1_gxfan4m,31.427142857142883,14.092857142857145,17.44761904761905,16.218646115125612,15.423571428571428,14.621428571428577
t1_f1w8qi9,49.2678070175439,9.534210526315793,13.487719298245615,12.457975602129121,9.444912280701754,11.321052631578944
t1_e7vs75x,86.1140566037736,5.010053908355797,7.566576819407008,8.841846274778883,5.514636118598382,5.390566037735848
t1_hgl5b6x,49.463627450980425,11.99117647058824,16.12549019607843,14.554592549557764,15.66980392156863,13.344117647058827
t1_gv7008f,24.907804878048836,19.970731707317075,23.22926829268293,18.243605946275583,24.228292682926828,13.609756097560975
t1_jhj434n,41.91964285714289,15.237857142857145,20.219047619047622,17.122413403193683,19.88857142857143,13.457142857142856
t1_h754ktw,47.79000000000002,10.320000000000004,11.333333333333336,12.161744961471694,8.364,8.713333333333331
t1_fzihes8,84.845,5.400000000000002,7.65,7.168621630094336,7.029062499999998,6.09375
t1_gvebcvk,18.079712643678192,20.34344827586207,23.397701149425288,19.946969662950774,24.02974358974359,14.884482758620695
t1_gussob7,68.97300000000003,6.322000000000003,8.023703703703704,8.841846274778883,6.386111111111113,8.096296296296295
t1_ggf2h4j,23.46097826086958,18.557753623188407,21.33623188405797,17.693802365651003,20.257391304347827,12.762318840579713
t1_inqo522,82.53946153846154,5.6222051282051275,7.265641025641026,8.238735603445708,5.210000000000001,4.75897435897436
t1_g7dp5dp,89.24617260787994,3.161788617886181,5.735834896810506,7.610546881738771,2.4854033771106927,2.9983739837398353
t1_f3y9jqa,38.207235772357734,11.325365853658536,13.271544715447156,13.023866798666859,12.744308943089429,14.853658536585368
t1_gzaw7sm,48.35500000000005,11.483333333333334,14.0,13.023866798666859,13.375999999999998,12.106666666666666
t1_eqqnc2u,11.036884057971037,15.529130434782612,18.307246376811595,16.32212239822248,15.930144927536226,18.3304347826087
t1_hul5v3e,55.85214805825245,11.86609223300971,14.571844660194177,12.602617957971052,12.982961165048543,8.953398058252429
t1_dtpnrcq,87.99727272727276,3.7181818181818187,6.218181818181819,7.793537801064561,3.4809090909090905,4.181818181818183
t1_fdlt3z6,49.40625000000003,12.330416666666668,16.683333333333334,14.90622815163357,13.1878125,10.154166666666665
t1_hobkp4f,48.25212121212124,11.083636363636362,14.606060606060607,14.06817628641468,11.37230303030303,10.952727272727273
t1_h5u6f3x,56.19736842105266,10.141052631578948,11.810526315789474,13.023866798666859,10.256578947368421,9.2
t1_gwcyj9j,65.17875506658946,7.7139432541980355,9.021192819918936,9.80015041476705,6.990794016110474,7.431847133757962
t1_hhrjmhi,57.79396116504856,10.315844660194177,13.28854368932039,12.340626583579944,10.834903846153843,9.172815533980586
t1_e1m9gsi,57.48121212121217,9.796363636363637,13.15151515151515,12.457975602129121,11.286666666666669,10.847272727272731
t1_h0eprkq,57.55785714285717,12.187142857142856,14.057142857142859,11.20814326018867,13.344464285714288,8.414285714285711
t1_dytohsf,47.28720481927712,10.787614457831328,13.386987951807232,12.68835289967788,11.895421686746992,12.11566265060241
t1_dd4b4rr,57.02806603773587,11.888396226415097,15.128301886792451,13.81666964889586,12.526226415094335,7.596226415094339
t1_jkzy69d,46.30784883720932,12.141511627906976,14.646511627906978,13.81666964889586,12.322325581395347,10.609302325581396
t1_gny21qm,35.02617486338801,13.425245901639347,15.346448087431694,14.06817628641468,13.19827956989247,12.314754098360655
t1_g074n2j,56.416540880503135,9.77924528301887,10.840251572327047,11.855464076750408,9.087106918238995,8.78867924528302
t1_f6p2ig0,64.46761904761905,7.165714285714287,10.380952380952381,10.504223727775692,9.433619047619047,10.662857142857142
t1_fxlo8oq,69.81146509341202,6.6411799410029495,8.208062930186825,9.725611199111238,6.230344149459196,7.198230088495578
t1_ix3m10u,49.04018856447692,12.091642335766426,14.388807785888076,13.5591,14.396155717761559,12.157664233576643
t1_gvjs8go,55.747851239669444,9.777874852420307,10.550649350649351,10.290406445055957,10.685005903187722,10.624793388429751
t1_hq539wo,58.4075,9.087500000000002,8.9,11.20814326018867,10.120000000000001,10.625
t1_e6ia8gj,41.33030303030307,12.049090909090907,15.333333333333332,14.314028922438442,13.052916666666668,13.378181818181826
t1_gxifawr,45.473572815534,12.034291262135927,13.676893203883495,13.662883650711645,13.461634615384618,11.875728155339804
t1_fbmzdg4,65.56701612903228,7.964677419354839,10.070967741935485,12.161744961471694,7.439032258064515,7.548387096774192
t1_ecazut8,65.29590909090909,9.61727272727273,10.618181818181819,8.841846274778883,10.443863636363634,8.29545454545455
t1_fbtntoi,42.76108527131785,10.855813953488372,14.105426356589149,13.5591,10.491550387596899,11.539534883720933
t1_kbw1isa,29.486447368421068,16.226754385964913,19.82105263157895,17.122413403193683,18.02263157894737,13.382456140350879
t1_i2r696b,24.711993243243256,16.706373873873876,19.38828828828829,17.693802365651003,18.965270270270274,14.745945945945948
t1_jnkwca9,38.82620155038765,11.4046511627907,14.105426356589149,13.5591,11.696434108527129,13.02325581395349
t1_irg6dur,81.90136363636367,4.178051948051948,6.8017316017316025,7.957251820313856,4.550649350649355,5.4909090909090885
t1_g3sq3yh,73.415,7.491111111111113,10.533333333333335,10.125756701596842,6.41,5.272222222222219
t1_eylkz22,60.43923076923079,8.981562881562883,10.788278388278389,10.914260884657427,10.35840336134454,10.388034188034187
t1_ivhjr4i,58.51434701492539,9.25891791044776,10.879104477611941,11.20814326018867,9.862313432835823,9.87462686567164
t1_i8ky0ff,-31.73199999999997,23.896000000000004,27.6,22.076135915942103,28.75,29.880000000000006
t1_e9mgm6k,55.0071551724138,9.189137931034484,9.937931034482759,11.20814326018867,10.669310344827586,10.758620689655174
t1_fbd2ekd,57.52000000000004,10.205000000000002,12.0,11.20814326018867,11.178000000000004,9.835
t1_eludjjw,55.306280120481944,10.700090361445785,14.083132530120483,13.023866798666859,11.360060240963854,9.88674698795181
t1_jdynnh4,58.90419580419584,10.1184015984016,13.486113886113884,12.785403640627713,12.203452380952378,9.804195804195803
t1_elg51r9,36.78471014492757,11.937826086956523,13.959420289855073,13.5591,11.732101449275362,12.908695652173911
t1_f3zdnhe,73.75411290322583,6.822741935483872,8.780645161290323,8.841846274778883,7.439032258064515,7.361290322580643
t1_fe1g8qr,42.732500000000044,10.652777777777779,14.28888888888889,13.427899808715576,10.788888888888884,12.618518518518517
t1_hsm4zo8,29.326250000000016,13.14375,17.650000000000002,15.247664890283005,13.830909090909095,15.156249999999996
t1_hugie6o,35.02617486338801,13.425245901639347,16.002185792349728,15.470042427545799,13.213224043715847,12.314754098360655
t1_gdrrqap,56.732347826086965,8.774608695652176,11.8968115942029,11.979248473330827,8.337391304347825,9.542028985507244
t1_kfjfxwk,64.83485294117649,10.551078431372549,14.121568627450982,13.023866798666859,12.215272727272726,9.878431372549024
t1_ibgivc4,60.76687074829937,8.84122448979592,10.614965986394559,10.504223727775692,8.46034013605442,7.955102040816325
t1_gugb4sf,45.4721428571429,13.872857142857146,15.485714285714288,14.554592549557764,14.467368421052633,9.760714285714286
t1_et6hm26,72.53686206896553,6.023655172413797,6.708965517241379,8.841846274778883,5.646206896551728,7.148275862068964
t1_gyezodr,36.61371794871795,16.764615384615386,18.097435897435897,14.06817628641468,21.446025641025642,13.51730769230769
t1_gdspq6i,39.23826271186442,15.115000000000006,17.901694915254236,15.903189008614273,15.991864406779662,10.91864406779661
t1_hi4dr1r,60.176607142857165,7.039642857142859,9.214285714285714,10.686352973137792,9.455571428571432,11.971428571428572
t1_gbx05sn,7.188528138528142,18.63298701298702,22.214718614718617,19.287186520377343,18.590168776371307,16.49090909090909
t1_etw8esi,57.68644736842106,12.293421052631583,16.312280701754386,13.81666964889586,15.070689655172416,10.329824561403509
t1_hx89qpm,71.41629237288137,6.962500000000002,8.611864406779661,10.125756701596842,6.621101694915254,7.06440677966102
t1_gvlto90,52.84726368159207,11.436417910447762,16.097512437810945,14.554592549557764,12.091592039800993,9.970149253731343
t1_k8bth4z,54.65088709677423,9.48725806451613,12.651612903225807,12.161744961471694,8.806451612903228,9.045161290322582
t1_e14hdy5,82.39438461538461,4.350615384615388,7.236923076923077,8.841846274778883,3.6969230769230776,5.1115384615384585
t1_f9fbjxh,40.17500000000001,10.140000000000004,13.0,11.698219412168324,9.945999999999998,12.704999999999998
t1_fmasfug,29.295000000000016,18.11666666666667,22.177777777777777,18.243605946275583,18.41916666666667,10.12222222222222
t1_gbqt43d,59.79727272727277,7.651515151515152,8.036363636363637,8.841846274778883,7.754571428571428,10.684848484848484
t1_fxyglgx,3.1721428571428874,19.772857142857145,22.62857142857143,19.287186520377343,21.33464285714286,17.321428571428573
t1_kdc02kl,21.71482558139536,15.571744186046512,20.693023255813955,18.243605946275583,17.687045454545455,16.409302325581397
t1_h5s2rnc,37.25750000000002,12.037500000000005,16.400000000000002,14.554592549557764,10.414375,10.806249999999999
t1_ermfx98,45.550325581395384,13.315410852713182,16.5215503875969,15.381575749822971,16.179384615384613,12.592248062015507
t1_dx4ps3s,68.62500000000001,6.45571428571429,8.559706959706961,9.957137785484202,6.362967032967035,8.015384615384615
t1_grjb2th,43.10348101265825,12.854629294755878,16.623508137432193,15.151101081350806,13.64269541778976,11.484810126582278
t1_f78bbnt,23.507311320754724,16.5638679245283,20.411320754716982,17.693802365651003,18.391509433962263,15.256603773584903
t1_h5qrzfg,62.04738372093027,9.946162790697674,12.786046511627909,11.698219412168324,9.693488372093022,6.967441860465119
t1_dxnm7cy,46.85000000000002,10.451111111111114,14.88888888888889,13.5591,10.248000000000001,11.097777777777779
t1_hbkwj3z,25.32478260869567,15.440869565217394,19.63478260869565,17.693802365651003,17.81804347826087,16.200000000000006
t1_di84xbb,53.655,8.756666666666668,12.577777777777778,12.457975602129121,7.465833333333332,9.283333333333335
t1_exvv9vf,67.03295454545456,8.008636363636366,11.44848484848485,11.20814326018867,11.369090909090907,11.581818181818182
t1_gvq7kap,51.09,10.605,13.866666666666669,13.023866798666859,13.602297297297298,14.052777777777777
t1_gx27f7r,24.310474137931067,15.271810344827589,17.895402298850577,15.903189008614273,17.062727272727273,15.839080459770113
t1_ivg3ztl,71.60948717948719,8.653846153846157,10.512820512820515,8.841846274778883,9.547641025641028,7.193846153846156
t1_fn90sjq,57.379919354838734,9.106612903225805,15.23225806451613,13.81666964889586,7.894838709677423,8.296774193548384
t1_fo0a1ca,62.87803030303033,6.310909090909089,8.387878787878789,9.725611199111238,4.395075757575757,6.65909090909091
t1_e4ct5ae,60.19176470588238,9.08705882352941,12.447058823529412,12.68835289967788,9.013058823529413,9.207058823529408
t1_etuci3t,61.20287878787883,8.366363636363637,12.23030303030303,12.457975602129121,8.91810606060606,9.600000000000001
t1_jdn941e,47.650545454545465,10.985363636363637,12.949090909090911,13.348371206891418,9.861573033707867,10.002272727272729
t1_ewp4vwy,37.560978260869575,16.59108695652174,19.597101449275364,15.903189008614273,18.858043478260875,10.786956521739128
t1_g6opweo,41.5884756097561,12.551341463414637,15.029268292682929,14.554592549557764,13.958915662650604,13.382926829268289
t1_egbvl95,43.09000000000003,10.975555555555559,13.111111111111112,12.457975602129121,9.201333333333334,9.808888888888891
t1_i6lhzki,37.44186855670105,14.06131443298969,15.88556701030928,14.554592549557764,15.167577319587629,12.69690721649484
t1_etzv9gc,38.937703150912114,11.527114427860699,14.612271973466006,13.5591,13.506888888888888,14.155223880597017
t1_h1g7g4t,2.108000000000004,19.176000000000005,24.400000000000002,21.19438992294339,20.083599999999997,17.816000000000006
t1_i8g58mr,41.626785714285745,11.800714285714285,16.142857142857146,14.554592549557764,13.6175,14.822857142857146
t1_h393hlr,76.43493644067799,6.262500000000003,8.950847457627118,9.516144504307135,7.020254237288135,6.916949152542372
t1_e62t8x5,35.04493421052632,11.911359649122808,14.121052631578948,13.427899808715576,11.145526315789475,12.750877192982458
t1_ewtqbr3,33.65781609195403,10.966206896551725,13.52183908045977,11.855464076750408,16.373333333333335,19.137931034482765
t1_hlr572t,84.16666666666667,3.5900000000000034,5.733333333333334,7.168621630094336,4.261366666666671,5.994
t1_ih15q9c,48.633928571428584,14.301349206349208,16.40952380952381,13.81666964889586,16.014545454545456,10.32698412698413
t1_j49ap25,75.70750000000002,5.805,8.200000000000001,9.516144504307135,4.0367999999999995,4.800000000000001
t1_e3vj5fi,32.075000000000045,14.747777777777777,17.933333333333334,16.728156217252725,16.475,13.738888888888887
t1_jps3i60,71.19750000000002,8.918333333333333,11.666666666666668,10.125756701596842,10.334666666666664,7.244444444444447
t1_fcv2or9,87.80079365079365,3.524761904761906,6.242246642246642,7.793537801064561,3.863028083028084,4.663736263736265
t1_emgr2b2,51.600337552742644,12.604050632911395,14.077637130801689,13.023866798666859,12.603755274261601,8.037974683544306
t1_e08rzok,58.51434701492539,9.25891791044776,12.670149253731346,12.161744961471694,9.440522388059701,9.355223880597016
t1_hebj7rz,60.634285714285724,10.019047619047623,13.161904761904763,12.161744961471694,10.208928571428572,8.200000000000003
t1_ee7dohn,15.645000000000039,18.530000000000005,21.333333333333332,18.243605946275583,19.318000000000005,14.533333333333331
t1_gzq96bv,45.32412790697677,12.278720930232563,15.111627906976745,13.81666964889586,15.005930232558136,13.509302325581395
t1_hbqpseb,5.8224940047961695,23.957697841726617,26.015347721822543,20.581828153500815,27.357730496453904,14.397122302158273
t1_gxydpzb,55.4412837837838,10.122297297297298,9.562162162162162,10.125756701596842,10.097027027027028,9.24864864864865
t1_h1011en,65.19496629213484,8.587955056179776,10.715505617977529,10.355215969177355,7.897640449438207,6.91011235955056
t1_ih6a7nz,42.0001641791045,14.059014925373138,14.89910447761194,14.836745963215662,15.027910447761194,10.840298507462688
t1_ds5z8j9,80.68400715563509,4.470697674418606,7.380083482409063,8.841846274778883,4.762220279720282,6.620155038759691
t1_doj7s7m,49.48400000000001,12.568000000000001,16.400000000000002,14.554592549557764,12.641799999999996,9.347999999999999
t1_g0oousw,58.3991666666667,8.467592592592595,10.585185185185185,10.686352973137792,7.910555555555558,8.322222222222223
t1_hnuaziw,30.711250000000035,16.925416666666667,19.05,16.728156217252725,18.7578125,12.51666666666667
t1_dv0zbe7,22.410000000000025,13.860000000000003,18.0,15.247664890283005,12.603000000000002,14.513333333333335
t1_k1kct8n,59.828571428571436,10.131428571428575,11.82857142857143,11.979248473330827,10.87057142857143,8.752380952380957
t1_ey2s53w,-18.81434782608693,21.597391304347827,28.3304347826087,22.076135915942103,22.01608695652174,21.747826086956525
t1_esjt3yz,62.443364485981334,8.347129506008013,12.469425901201603,12.28987398476788,8.882483311081444,9.257943925233647
t1_dxbnu39,45.18875,10.931250000000002,13.9,13.81666964889586,10.855937500000003,11.53125
t1_hdsotgi,37.49625000000003,10.824166666666667,13.38888888888889,12.161744961471694,10.466333333333331,12.63111111111111
t1_jgy8ud5,71.23897849462368,8.457096774193548,10.84731182795699,9.725611199111238,8.275107526881726,6.06129032258065
t1_guaxxa3,52.8666666666667,10.440000000000001,12.06060606060606,12.457975602129121,10.655863095238097,9.898181818181818
t1_h12ynpk,42.66202830188681,13.892169811320759,18.147169811320754,15.903189008614273,14.92566037735849,11.098113207547168
t1_dfe7sz8,50.061008771929835,10.21026315789474,11.385964912280702,12.457975602129121,11.276140350877192,12.002105263157894
t1_j3ihm9g,43.347486338797836,12.264590163934429,16.002185792349728,15.021129683784007,12.672732240437156,11.744262295081967
t1_frop3ul,74.63472164948456,7.668783505154639,8.997113402061855,9.3871,9.489278350515463,7.967010309278351
t1_fae60ew,8.14500000000001,21.066666666666666,25.511111111111113,22.076135915942103,21.428333333333335,13.988888888888887
t1_k2u1o8d,10.062240437158522,16.907213114754096,21.903825136612024,18.243605946275583,19.390273224043717,18.685245901639345
t1_fmh0fob,73.40813725490199,5.83588235294118,9.23921568627451,9.725611199111238,6.955490196078433,8.882352941176471
t1_jkgttbs,42.98043478260871,12.978260869565222,14.765217391304347,13.348371206891418,14.602956521739124,12.36695652173913
t1_hf6tel4,51.295578947368455,8.936701754385968,10.174035087719298,10.793553405168563,7.902631578947364,10.094736842105267
t1_etlvzjk,59.295000000000016,7.970000000000002,10.8,11.979248473330827,8.277000000000001,10.250000000000004
t1_k9ctynf,39.26538461538463,17.47128205128205,18.676923076923078,13.023866798666859,20.714230769230767,10.210256410256406
t1_i7c8sxa,42.4507142857143,14.294285714285717,16.914285714285715,15.903189008614273,16.119999999999997,11.728571428571431
t1_ic5ew02,36.33800000000002,13.10977777777778,16.404848484848486,15.381575749822971,13.542424242424246,12.818181818181817
t1_e6ndq3c,77.8839285714286,6.743571428571428,8.523809523809524,9.2995712137729,6.6982857142857135,5.874285714285715
t1_hexc8kn,76.60282894736842,6.114868421052634,9.910526315789475,10.125756701596842,6.565172413793103,7.561403508771932
t1_h4w3u1k,50.098750000000024,14.221250000000001,16.55,13.023866798666859,15.765,9.0125
t1_j9q5dby,49.48500000000003,13.810000000000006,14.666666666666666,13.023866798666859,15.235999999999997,9.699999999999996
t1_inoqwei,75.27063775510206,5.803826530612245,7.348979591836735,8.07648339933343,7.020400000000002,8.534693877551021
t1_k1kdrvp,59.828571428571436,10.131428571428575,11.82857142857143,11.979248473330827,10.87057142857143,8.752380952380957
t1_h4n3x6x,70.04,7.465,9.9,11.602472056035307,6.764125,6.420000000000002
t1_epp1dhn,84.49790397350993,5.224827814569537,6.8347019867549665,8.548686976883017,4.585695364238411,3.9417218543046353
t1_kfff2vu,37.27368421052634,12.780526315789476,16.02105263157895,15.579741850924794,13.107368421052634,12.328947368421051
t1_f3h7vq0,71.47014705882354,9.62558823529412,11.768627450980393,10.125756701596842,11.91470588235294,7.490196078431374
t1_e0yv09k,55.81611872146122,11.519178082191782,13.021004566210047,11.20814326018867,13.25433789954338,10.394520547945202
t1_kcdsey5,6.6153501400560515,22.1909243697479,23.93389355742297,19.946969662950774,25.04056022408964,15.524369747899158
t1_gibvp8y,57.3105263157895,9.98578947368421,11.284210526315789,12.161744961471694,9.295584415584415,8.360526315789475
t1_hk1dg11,43.911047819971884,11.495907172995782,13.351336146272857,13.023866798666859,11.941132208157526,12.358227848101269
t1_e63vihu,54.96503896103897,9.418597402597406,11.874285714285715,11.979248473330827,9.575324675324676,10.449350649350649
t1_jp5e861,71.29000000000002,7.042222222222225,9.555555555555555,10.504223727775692,7.1080000000000005,7.231111111111112
t1_gb06koo,71.33048837209304,7.583116279069767,9.670697674418605,9.888512548439397,7.543488372093023,7.095348837209304
t1_ecam2h5,84.49875000000002,4.454583333333336,6.466666666666668,7.6454224807358475,4.342187500000001,5.295833333333334
t1_fc9j4j1,79.33366915422887,4.967985074626867,8.048756218905472,9.2995712137729,4.46960199004975,5.441791044776121
t1_e6nu9b2,65.74747126436785,6.490344827586206,9.383908045977012,10.504223727775692,6.790919540229886,8.937931034482759
t1_f17da3j,32.98382352941181,17.10529411764706,20.658823529411766,17.122413403193683,20.78235294117647,13.864705882352943
t1_i16eqz0,74.92927238805973,6.969365671641793,9.685074626865672,9.516144504307135,5.785,5.113432835820898
t1_hf8di3h,54.290617505995215,11.442122302158275,13.870983213429259,13.023866798666859,11.805779376498798,8.751079136690649
t1_dwbtij8,73.09914285714288,5.845857142857142,8.051428571428572,8.841846274778883,6.121964285714284,7.967857142857145
t1_ezalvez,52.01950000000002,9.109000000000002,11.4,12.161744961471694,9.939999999999998,12.688000000000002
t1_e7jy268,58.42368421052632,9.830526315789477,10.757894736842106,12.161744961471694,12.11578947368421,11.03157894736842
t1_dv5otx8,50.562857142857155,11.423809523809528,13.161904761904763,13.023866798666859,12.732142857142854,11.23809523809524
t1_dt90dw3,56.60531094527363,8.138134328358213,11.033830845771144,11.20814326018867,6.338115942028981,9.077611940298507
t1_h0q0yr5,60.5380434782609,9.713064182194618,10.784265010351968,10.290406445055957,11.567577639751555,10.353623188405798
t1_hejvrjq,84.34803571428574,3.668214285714285,6.928571428571428,8.07648339933343,4.072714285714287,5.5085714285714324
t1_gjgo1zb,87.58473004694838,3.982746478873242,6.423474178403757,7.168621630094336,4.552557077625572,5.797183098591553
t1_ik7t5bu,55.88958333333338,8.113750000000003,8.016666666666666,9.725611199111238,9.955520833333331,12.418750000000003
t1_k85gvsz,51.74473684210528,10.762105263157899,13.2140350877193,12.745084868956482,11.779661016949156,11.642105263157895
t1_gf7ah4n,43.73475806451617,11.009838709677421,16.52258064516129,14.554592549557764,13.820322580645161,15.032258064516128
t1_fafmsv2,59.618243243243256,10.196254826254826,13.32200772200772,12.540900571622839,11.291158301158298,9.644594594594594
t1_gveb47r,41.553571428571445,10.941428571428574,12.742857142857144,12.161744961471694,13.667586206896551,15.228571428571431
t1_fg34xpj,52.48684210526318,10.65859649122807,11.810526315789474,11.20814326018867,13.107368421052634,12.863157894736844
t1_f1hmhs0,66.83379310344827,7.024958949096881,10.948440065681446,11.20814326018867,7.197389162561578,8.551724137931036
t1_fkhd4w1,41.18038461538464,13.974615384615387,16.246153846153845,14.836745963215662,14.431615384615384,10.812307692307694
t1_gvsk6mc,44.56894230769231,11.079807692307693,12.03846153846154,12.161744961471694,13.433307692307693,14.233846153846155
t1_dxlp6c9,50.098750000000024,14.221250000000001,16.55,13.023866798666859,16.942500000000003,9.91875
t1_dsv14tj,83.60235772357724,4.993658536585368,5.466666666666667,6.42735559955562,5.39211382113821,5.94146341463415
t1_fo7nsed,62.43550387596903,8.111627906976747,10.38449612403101,10.504223727775692,9.286666666666669,10.055813953488371
t1_eyvcgjd,25.795000000000044,14.630000000000003,19.0,17.122413403193683,15.45146341463414,15.055
t1_ec1qosp,50.098750000000024,14.221250000000001,16.55,14.554592549557764,16.5009375,9.0125
t1_dt5u79a,56.03237804878049,10.536707317073173,12.102439024390245,11.20814326018867,13.403902439024392,12.321951219512194
t1_grzkwj5,35.14057606263984,14.52721476510067,17.181655480984343,15.688483145680365,15.541466666666665,12.358389261744964
t1_gujyiuq,21.881540540540556,17.560756756756764,21.029189189189193,18.878054631974784,20.20751677852349,15.766216216216218
t1_jmloy9v,63.525000000000006,7.380000000000003,10.8,10.793553405168563,8.277000000000001,10.250000000000004
t1_e6ob7uf,52.08641025641026,11.376923076923081,11.743589743589745,11.855464076750408,10.779487179487177,8.621538461538464
t1_hmfts82,64.50731707317075,8.627084785133565,10.931010452961672,11.20814326018867,9.285474285714287,9.204878048780486
t1_f7qr3wp,29.295000000000016,18.11666666666667,21.06666666666667,18.243605946275583,17.192162162162163,9.155555555555555
t1_joqui1t,61.2271153846154,9.563717948717951,12.928205128205128,12.161744961471694,10.17923076923077,8.856410256410257
t1_f3oksw3,67.73480769230771,8.656025641025643,8.825641025641026,10.125756701596842,9.937692307692306,8.707692307692312
t1_idpij56,67.16737762237763,7.413986013986015,9.775291375291376,10.63711953065702,7.701293706293708,7.617948717948721
t1_h09y0k2,47.750588235294146,10.822352941176472,15.035294117647062,13.81666964889586,11.866764705882353,12.652941176470591
t1_fpnt9n4,65.92035714285714,6.67325396825397,10.231746031746033,10.31748142421505,6.435476190476191,7.987301587301584
t1_k8pdb8a,51.95862068965518,13.216551724137933,14.358620689655172,11.20814326018867,17.43206896551724,12.579310344827583
t1_gbe2sc1,76.97625000000004,5.317499999999999,6.277777777777779,7.168621630094336,8.896333333333335,10.182222222222226
t1_j467cj6,44.96315018315019,14.523516483516484,17.408058608058607,14.554592549557764,16.05797101449275,10.248351648351651
t1_gjaos23,54.35339285714289,10.460357142857145,12.894805194805196,12.161744961471694,9.909935064935066,8.950649350649353
t1_gsj4uzx,80.30636363636367,4.790909090909089,9.248484848484848,9.725611199111238,7.905454545454546,8.751515151515154
t1_kbuh3es,37.18250000000003,13.911170212765956,17.91063829787234,15.903189008614273,15.072553191489362,12.434042553191489
t1_jxmb30r,63.37318181818182,9.885454545454547,12.436363636363637,12.161744961471694,9.587499999999999,7.109090909090913
t1_gnq55t9,38.0499612403101,15.073720930232565,17.513178294573645,15.021129683784007,17.47026515151515,12.572093023255814
t1_eucppte,61.45000000000003,10.650555555555556,14.044444444444446,12.457975602129121,12.288333333333334,9.147222222222222
t1_i4qartn,57.7226785714286,11.729404761904764,14.69047619047619,13.81666964889586,12.912009345794395,8.75809523809524
t1_g498f3s,53.74210970464138,12.305316455696204,15.09029535864979,13.023866798666859,15.110041666666667,10.864556962025315
t1_i0rkt48,-0.685258215962449,19.234366197183103,22.98779342723005,19.946969662950774,20.29875,18.321126760563384
t1_e4qb6q8,40.46000000000001,13.826666666666668,15.333333333333336,14.554592549557764,14.871200000000002,11.552
t1_gqyi5cr,76.0325,6.629166666666666,9.733333333333334,10.504223727775692,6.293125,6.154166666666669
t1_d04d0p0,62.43550387596903,8.111627906976747,11.314728682170543,11.20814326018867,8.246085271317828,8.572093023255814
t1_ekirngn,30.270625000000024,16.986875,20.3,17.122413403193683,20.548593750000002,14.721875
t1_jbc6bd9,65.47576923076926,10.585897435897436,13.989743589743592,12.457975602129121,11.840886075949363,7.525641025641029
t1_i4vc2n9,75.87457142857146,5.8065396825396824,8.214603174603175,9.3871,5.504285714285718,6.339682539682542
t1_e8xawsr,76.55500000000004,7.550000000000001,8.0,7.168621630094336,7.41,5.050000000000001
t1_dxdbesq,45.06578947368425,11.693684210526317,13.389473684210527,13.81666964889586,13.107368421052634,12.634210526315794
t1_eyogxio,48.87821428571431,10.789285714285715,12.714285714285715,13.023866798666859,13.695999999999998,13.165714285714287
t1_iai3vcu,40.24738095238098,9.964285714285715,11.59047619047619,11.20814326018867,10.571488095238095,13.239285714285717
t1_gsc4lb1,26.9699578059072,16.039493670886078,19.140928270042195,17.879347455551382,15.942489451476789,12.149367088607598
t1_fmslxpo,79.59220895522388,5.48674626865672,7.151044776119403,7.554174236665414,4.953582089552235,5.1044776119403
t1_en9hms5,28.331666666666678,12.620000000000001,15.333333333333336,14.06817628641468,11.612666666666662,13.445
t1_e2ygu1x,63.69500000000001,8.350000000000005,10.566666666666666,11.855464076750408,7.961250000000003,7.845833333333331
t1_d7v7vie,44.12878608923887,12.362637795275592,13.191076115485567,13.023866798666859,14.928530183727034,13.034645669291336
t1_havvhok,82.32708333333336,4.42625,5.516666666666667,7.793537801064561,3.9208333333333307,5.168750000000003
t1_e964bla,80.0925,5.069166666666668,7.300000000000001,8.841846274778883,5.17625,6.6250000000000036
t1_i61suxa,50.38096153846158,11.076538461538462,13.953846153846156,14.554592549557764,12.956923076923076,11.830769230769231
t1_gld9uob,69.8556603773585,5.396819407008092,7.556873315363882,8.841846274778883,5.556825396825396,7.867924528301888
t1_f4k1n4y,60.654868421052626,11.879385964912284,13.15438596491228,10.686352973137792,14.758684210526319,9.31228070175439
t1_gzykva6,61.665000000000006,9.130000000000003,8.977777777777778,9.888512548439397,9.968666666666667,9.622222222222224
t1_gv1f0u3,49.620967741935516,9.638740399385565,11.335791090629801,12.540900571622839,11.919559270516721,12.780645161290323
t1_eatrqrc,63.13239919354842,7.341599462365593,10.241397849462366,10.411451182825502,7.6792741935483875,9.344086021505376
t1_is5xyvz,67.32894736842107,8.588421052631581,11.284210526315789,10.686352973137792,9.698815789473684,8.360526315789475
t1_dqfazwe,53.190000000000026,10.844437689969606,12.879837892603849,12.28987398476788,12.788470824949698,11.48368794326241
t1_diebn5n,70.72757062146894,8.280000000000001,11.256497175141243,10.504223727775692,9.957570621468932,8.54915254237288
t1_dyzrrkg,59.83333333333337,7.149629629629633,11.007407407407408,10.504223727775692,6.445555555555554,8.837037037037039
t1_f21b6dm,79.85113636363639,6.2207575757575775,7.8121212121212125,8.841846274778883,6.944545454545455,5.781818181818181
t1_ea0zrmq,27.123928571428593,13.82357142857143,16.142857142857146,14.554592549557764,15.849142857142859,16.811428571428568
t1_fb1hfiu,70.75452380952383,9.187142857142856,11.61904761904762,9.725611199111238,10.556952380952382,7.540000000000003
t1_e0jv09g,47.819492753623194,10.398695652173913,13.959420289855073,14.06817628641468,9.99144927536232,10.765217391304347
t1_ebaffwk,32.09081081081081,17.975135135135137,21.28648648648649,17.122413403193683,20.68364864864865,11.85135135135135
t1_ir6lwme,15.645000000000039,18.530000000000005,21.333333333333332,18.243605946275583,17.96934426229509,12.503333333333334
t1_iok3zl7,76.70589285714286,6.473134920634923,8.83968253968254,8.841846274778883,8.350238095238097,8.00634920634921
t1_g5l4pkb,58.09579268292684,10.248902439024391,12.102439024390245,12.161744961471694,11.22121951219512,9.917073170731705
t1_j8jbb8i,26.91679867986801,17.868712871287133,19.803300330033004,17.879347455551382,19.59980392156863,12.665346534653466
t1_f7zjbj2,79.33333333333336,6.085957446808511,7.968794326241135,7.793537801064561,5.944822695035459,5.387234042553192
t1_k0y3o9w,66.30500936329588,7.696123595505622,10.427715355805246,10.504223727775692,7.155205992509366,7.7505617977528125
t1_hgqq5ml,61.48894230769233,8.719807692307693,13.269230769230768,12.602617957971052,9.375461538461536,9.504615384615388
t1_fv369q4,43.73475806451617,11.009838709677421,12.651612903225807,13.023866798666859,11.541290322580643,12.787096774193547
t1_gu8owot,39.73166666666668,12.18925925925926,15.348148148148148,14.554592549557764,13.911111111111111,13.596296296296298
t1_fkhdbl1,41.99359016393444,13.463704918032786,15.661639344262296,14.554592549557764,13.625081967213113,10.750819672131147
t1_h6vaerj,76.77118181818184,4.7374545454545505,7.156363636363636,8.841846274778883,6.30590909090909,7.595454545454544
t1_jx5k828,51.01401960784315,8.959411764705884,11.5921568627451,11.855464076750408,7.925196078431373,10.076470588235296
t1_kc4imvp,52.460384615384655,12.401282051282053,14.75897435897436,13.295006501635747,14.425576923076925,10.27692307692308
t1_g3zhiwj,64.88896551724139,7.296223316912972,10.028899835796388,10.608840637214634,8.117733990147784,8.818390804597701
t1_dyo8qrm,69.62454545454548,6.732495164410061,9.382591876208897,10.436869588844216,6.468465909090909,7.4354609929077995
t1_ellqsv7,46.09833333333336,10.970000000000002,16.26666666666667,14.554592549557764,11.018533333333338,11.54
t1_ecqggdj,53.72458227848102,9.690987341772153,10.876962025316457,12.68835289967788,9.42379746835443,9.931645569620255
t1_dzz28sn,37.83352755905511,14.29237795275591,17.08913385826772,15.381575749822971,15.739921875,12.537007874015746
t1_jpv0rmr,54.71455284552849,9.02292682926829,14.247154471544716,13.023866798666859,10.446747967479673,10.751219512195124
t1_k055t3y,67.12818565400846,10.438227848101267,13.571308016877637,11.20814326018867,13.459757575757578,9.46962025316456
t1_jh1rx92,82.7914285714286,6.928571428571427,9.352380952380953,7.168621630094336,9.255714285714284,6.5428571428571445
t1_evhmgeg,58.470476190476234,9.741190476190479,13.895238095238097,13.205437297517054,9.911369047619047,8.852380952380951
t1_e87k9bo,69.67500000000004,9.503333333333334,11.266666666666667,10.504223727775692,9.539041095890411,5.68333333333333
t1_kec4nix,53.52079096045199,10.680000000000003,13.290395480225989,13.023866798666859,12.581333333333333,11.694915254237287
t1_hfcpljf,55.265833333333376,8.904629629629632,10.585185185185185,10.686352973137792,8.172222222222224,9.074074074074076
t1_hpa1oyn,44.97000000000003,10.713333333333338,11.333333333333336,11.20814326018867,10.562000000000001,11.226666666666667
t1_f8pldfo,36.925694444444446,13.139598765432101,16.495061728395065,14.90622815163357,14.803518518518523,13.38518518518519
t1_f0qna2o,52.86500000000001,8.370000000000001,11.200000000000001,11.20814326018867,8.320588235294117,10.355999999999998
t1_kbx7thu,60.847153846153844,8.647846153846157,11.881025641025643,12.340626583579944,9.625625,9.889743589743588
t1_i052bsi,70.3052713178295,7.013953488372092,10.38449612403101,10.504223727775692,8.21621212121212,9.24651162790698
t1_i03ho2k,61.934464285714284,8.53345238095238,10.744444444444445,10.686352973137792,9.09785714285714,9.11111111111111
t1_cp0b35p,86.35312500000002,4.475416666666668,7.916666666666668,8.472884824447931,5.363071428571427,5.420952380952382
t1_e23rtmj,52.89375000000001,9.049166666666668,12.158823529411766,13.023866798666859,8.033235294117649,9.627450980392158
t1_icaef4b,50.470769230769264,9.44923076923077,13.815384615384616,13.023866798666859,9.199692307692306,11.101538461538464
t1_eyhpcg2,34.20153846153849,11.71846153846154,15.96923076923077,13.81666964889586,11.156153846153849,13.600000000000005
t1_geohdws,61.220357142857154,7.328809523809525,10.866666666666667,11.20814326018867,6.921428571428574,8.723809523809525
t1_ei9skns,47.84165254237291,13.915000000000003,16.54576271186441,14.554592549557764,14.954067796610168,9.542372881355934
t1_eg3z4ln,56.97846153846157,8.541538461538462,8.276923076923078,10.125756701596842,10.793846153846154,12.038461538461544
t1_fliybvm,21.190714285714307,20.737619047619052,23.46666666666667,18.243605946275583,22.559285714285714,11.25238095238095
t1_h6r168z,44.55292124542126,10.812912087912089,13.53919413919414,12.745084868956482,11.136811594202896,12.650549450549455
t1_f7elmp1,73.75411290322583,6.822741935483872,8.780645161290323,10.125756701596842,6.223548387096773,6.2387096774193544
t1_e6fzelv,24.35019230769234,14.707307692307694,19.08205128205128,16.52667757954773,14.043846153846154,13.912820512820517
t1_gszeo44,35.82250000000002,16.212500000000002,17.8,14.836745963215662,18.03223602484472,11.368749999999999
t1_g8q6z1f,38.53,19.561276595744683,21.353191489361706,15.903189008614273,22.970625000000005,9.114893617021274
t1_i8i5vpz,11.76437500000003,19.568125,23.425,20.267338824336647,22.90359375,17.531250000000004
t1_ezpc6zp,58.4075,9.087500000000002,12.65,12.161744961471694,9.678437500000001,9.71875
t1_j5qa87g,56.229301075268836,10.550645161290323,12.137634408602151,11.855464076750408,11.84559139784946,9.896774193548389
t1_d6a1oub,33.58250000000004,14.413297872340426,16.208510638297874,15.903189008614273,14.270851063829788,11.81702127659575
t1_e15atoh,56.94146341463414,9.682369337979097,12.231823461091755,11.765960540728905,10.829746543778803,10.666666666666668
t1_iar69nc,70.63166666666669,6.719999999999999,9.333333333333334,10.504223727775692,6.078416666666666,6.630000000000003
t1_gklwo1a,22.78099688473523,18.942429906542063,22.86479750778816,18.946978176291534,22.55043613707165,14.917757009345799
t1_is5cj2w,58.60538461538462,8.314615384615387,8.276923076923078,10.686352973137792,7.895384615384614,9.361538461538466
t1_fax8y0n,15.650000000000034,24.74,27.09090909090909,19.287186520377343,30.733272727272727,13.294545454545457
t1_dam0h7s,49.66878048780491,16.51707317073171,21.278048780487808,15.903189008614273,20.781951219512194,9.648780487804878
t1_h8ib0fz,60.84163793103451,8.375344827586208,9.937931034482759,12.161744961471694,9.532413793103448,10.758620689655174
t1_evmsi5e,61.932500000000005,8.595833333333335,10.566666666666666,10.504223727775692,9.433125,9.779166666666669
t1_fssx3ha,27.144573170731718,14.565975609756098,17.95609756097561,16.52667757954773,14.667560975609753,13.736585365853657
t1_jw0q45y,31.552034883720978,14.199651162790698,16.972093023255816,15.579741850924794,15.389302325581397,14.31860465116279
t1_heaw3yi,60.634285714285724,10.019047619047623,13.161904761904763,12.161744961471694,10.208928571428572,8.200000000000003
t1_e7k7x3d,80.53397727272728,4.07598484848485,6.936363636363637,8.07648339933343,3.2477272727272712,5.3939393939393945
t1_e9980mh,32.36196969696971,12.38909090909091,14.957575757575757,14.554592549557764,11.380151515151518,12.895454545454548
t1_kfgt3z1,71.19750000000002,8.918333333333333,12.555555555555557,11.20814326018867,10.857999999999997,8.146666666666668
t1_gxq4985,-6.013599999999997,20.30880000000001,21.840000000000003,19.287186520377343,20.045920000000002,18.233600000000006
t1_jh7fftp,63.14300324675328,9.234383116883116,12.375324675324677,11.698219412168324,8.931233766233767,7.745454545454546
t1_gzy7yec,49.513669354838726,12.129112903225806,14.891397849462365,14.191785591663535,14.195957446808514,12.051612903225806
t1_gxljgej,16.047727272727286,21.951818181818187,24.872727272727275,19.287186520377343,24.227045454545454,11.86818181818182
t1_k6gn3xk,28.368421052631618,14.022631578947369,16.54736842105263,15.903189008614273,14.656710526315784,14.847368421052629
t1_es8znqh,54.109568298969094,8.724317010309282,9.386082474226805,10.686352973137792,9.56219696969697,11.53608247422681
t1_ix2pt2q,69.9741132075472,6.132679245283018,9.52301886792453,9.888512548439397,5.287169811320755,6.796226415094338
t1_ebbp8uq,68.5484957627119,7.362500000000001,9.289830508474578,10.125756701596842,7.100084745762711,7.457627118644066
t1_hbvn25n,76.7071052631579,5.257443609022559,6.974436090225564,8.841846274778883,5.627387218045115,7.039473684210527
t1_f32w1m5,28.578409090909105,13.372272727272733,15.084848484848486,13.81666964889586,11.755294117647061,13.51515151515152
t1_e8tohxa,64.4693181818182,8.366212121212126,11.44848484848485,11.20814326018867,8.65727272727273,8.945454545454549
t1_gyzc1dq,42.97564102564104,12.647692307692314,15.435897435897438,14.06817628641468,13.822871794871794,11.833846153846153
t1_jlvlmw2,47.041491228070186,9.844736842105267,13.487719298245615,12.457975602129121,11.180175438596493,13.30526315789474
t1_fbvjw16,82.9755434782609,4.542826086956524,6.773913043478261,8.07648339933343,5.361413043478262,6.654347826086955
t1_k764qqg,35.773363636363655,11.548909090909092,14.37090909090909,13.662883650711645,11.883432835820898,14.384848484848487
t1_e682qpn,73.59918284789647,7.258398058252428,9.196763754045309,9.2995712137729,8.348333333333336,8.040776699029124
t1_euyikqc,50.52945147679327,12.75341772151899,14.077637130801689,11.855464076750408,15.465527426160335,11.048101265822787
t1_g6or79o,41.5884756097561,12.551341463414637,15.029268292682929,14.554592549557764,13.958915662650604,13.382926829268289
t1_jg7d3o4,37.551136363636374,12.120757575757576,14.478787878787879,13.81666964889586,11.369090909090907,12.196969696969699
t1_k47vk5s,49.087500000000006,10.511666666666667,13.872727272727275,13.81666964889586,11.797272727272727,12.284848484848485
t1_ienlbii,43.130000000000024,13.951111111111114,16.725925925925928,14.554592549557764,14.660555555555554,10.385185185185186
t1_dx4y4g6,70.90087209302328,8.711279069767443,13.251162790697675,12.161744961471694,8.817209302325583,6.562790697674423
t1_hy7hmzp,69.50500000000004,8.533333333333335,12.0,11.855464076750408,8.509,6.596666666666664
t1_e9eyydp,63.613552631578955,6.746578947368423,10.115789473684211,10.686352973137792,6.374210526315789,8.25263157894737
t1_eg4y2ig,34.67144736842107,10.783421052631578,14.326315789473682,12.161744961471694,11.827894736842104,13.289473684210524
t1_h02yqjb,49.71754794520548,13.578821917808224,17.433424657534246,15.6451,14.881164383561647,9.127397260273973
t1_e01i5l7,44.040928961748676,12.167868852459016,15.346448087431694,14.790194502661404,14.371420765027324,12.932786885245903
t1_h8aqb5n,71.58195402298851,5.6765517241379335,8.004597701149425,8.841846274778883,8.739885057471263,10.537931034482757
t1_fo1zahf,54.37000000000003,9.402222222222225,11.333333333333336,11.20814326018867,11.399333333333338,12.257777777777783
t1_hrwwg46,40.60000000000002,12.565000000000005,15.0,13.81666964889586,12.708750000000002,11.719999999999999
t1_ez6pile,48.17400000000001,10.862666666666666,14.316321839080459,13.662883650711645,12.960909090909091,13.165517241379312
t1_f6v6ws7,66.93357142857143,7.401428571428575,8.457142857142857,8.841846274778883,8.323943661971832,9.262857142857147
t1_gzb9qr4,32.804376640419974,13.942165354330708,17.285564304461943,16.11434528070225,12.777506561679793,11.025196850393705
t1_h7uw8da,64.015,8.802222222222223,11.644444444444446,11.20814326018867,8.895833333333332,7.688888888888886
t1_f5rtqj5,3.1250000000000284,21.27,20.658823529411766,18.243605946275583,23.55294117647059,17.276470588235295
t1_jbpghpe,49.3598122065728,12.254084507042254,15.100469483568077,14.314028922438442,12.52706572769953,9.45774647887324
t1_dripkn6,38.24224793388433,13.93725619834711,15.96099173553719,14.554592549557764,15.50454545454545,13.031404958677687
t1_dva0k7n,46.461071428571444,11.126428571428573,13.857142857142856,13.81666964889586,9.524285714285714,9.35428571428572
t1_ggyqnid,72.07552112676056,6.733915492957749,10.187042253521128,10.355215969177355,6.632816901408454,7.1943661971831006
t1_iktl710,49.848749999999995,10.21916666666667,13.284126984126983,12.602617957971052,10.144523809523808,10.307936507936507
t1_f8du8u6,35.08413043478264,19.793478260869566,21.008695652173913,13.023866798666859,23.99369565217392,10.791304347826092
t1_f7zaqai,45.255000000000024,14.400000000000002,17.333333333333336,15.903189008614273,15.863999999999997,9.603333333333332
t1_dzf8dl4,75.42784482758621,6.340862068965521,8.558620689655172,10.125756701596842,7.583448275862068,7.958620689655174
t1_dwk9eqm,75.12365217391306,6.209391304347829,7.259130434782609,8.238735603445708,4.856086956521736,5.171014492753624
t1_g0m4ir4,40.027083333333366,10.326250000000002,10.516666666666666,13.023866798666859,9.955520833333331,12.418750000000003
t1_gny616d,35.306250000000034,14.297083333333333,17.933333333333334,15.903189008614273,14.654123711340205,11.90625
t1_g8wgqts,8.899032258064523,19.71935483870968,24.012903225806454,21.19438992294339,20.65870967741936,15.05161290322581
t1_gsk0iw2,20.344487179487203,19.03384615384616,22.712820512820514,19.946969662950774,22.563710691823893,15.413461538461547
t1_gtbhy8i,47.59807017543861,9.767105263157898,12.171929824561403,11.855464076750408,10.73137254901961,12.160526315789472
t1_fvwoux8,60.89945754716982,8.05674528301887,10.58301886792453,11.698219412168324,7.767452830188681,9.215094339622642
t1_gshqbl4,52.29869565217393,11.678550724637685,13.837681159420292,13.295006501635747,13.15234042553191,10.736231884057972
t1_e0gaj1z,78.58096153846155,7.143205128205128,10.876923076923077,10.125756701596842,7.748750000000001,6.328205128205131
t1_kbhniqh,54.315339449541284,11.099155963302753,14.224587155963304,13.348371206891418,12.63110091743119,10.458715596330276
t1_iv7iuhy,35.80544117647062,14.600098039215688,18.04313725490196,16.218646115125612,15.183999999999997,12.437254901960785
t1_hnvwhon,43.47853658536589,17.380487804878047,20.302439024390246,14.554592549557764,21.58609756097561,9.082926829268295
t1_eekecxz,48.59700000000001,11.80447619047619,14.704761904761904,13.707050652182112,13.293051948051946,11.664000000000001
t1_dzamqar,96.43210810810812,1.6473513513513538,2.9600000000000004,3.1291,1.237297297297296,2.6162162162162197
t1_keey40j,33.20777777777781,15.335061728395065,19.195061728395064,17.122413403193683,16.84111111111111,13.034567901234574
t1_gvdlzaw,22.96895676691733,18.315845864661657,20.518045112781955,17.122413403193683,21.59208955223881,14.926315789473684
t1_ddoajis,29.892216981132094,15.673301886792455,18.147169811320754,16.52667757954773,19.102452830188682,16.022641509433964
t1_dwx0ybw,57.460897435897465,9.55076923076923,11.548717948717949,11.20814326018867,12.145320512820511,12.38461538461539
t1_gp3kyz5,40.84250000000003,12.673134920634919,16.284126984126985,15.343465313023842,11.653422619047618,10.270833333333332
t1_k166z7w,57.94400000000002,11.388000000000002,14.0,13.023866798666859,11.542178217821785,7.9559999999999995
t1_e24toiu,35.099500000000035,11.469000000000001,14.600000000000001,13.81666964889586,11.007599999999996,13.384000000000004
t1_h4mvnxs,61.89200000000001,10.837333333333333,12.133333333333333,10.504223727775692,12.359199999999994,8.38133333333333
t1_gmpv419,35.47750000000002,13.90055555555556,18.333333333333332,16.52667757954773,14.146373626373624,12.206666666666667
t1_huavhzz,73.75728070175441,6.118421052631579,6.1192982456140355,8.841846274778883,7.089912280701753,8.268421052631577
t1_epito2z,44.98885714285717,10.114476190476193,12.024126984126983,12.68835289967788,9.915238095238095,11.955555555555556
t1_f52qybe,52.04551155115516,14.363762376237624,17.42706270627063,15.021129683784007,15.782244224422442,7.554455445544555
t1_ih2z2sh,57.593817204301104,10.360322580645164,12.137634408602151,11.20814326018867,10.212284946236558,8.493548387096773
t1_e296l4u,64.22500000000002,6.075714285714287,9.257142857142858,9.606745405546679,3.148028571428572,5.111999999999998
t1_d2re132,45.31640350877194,13.232105263157898,18.55438596491228,16.32212239822248,13.423245614035089,9.513157894736842
t1_e8pvy3n,62.70357142857142,7.991428571428575,8.457142857142857,11.20814326018867,8.615357142857146,9.842857142857142
t1_gsjiq4i,40.257000000000005,13.904666666666667,18.333968253968255,16.404322709996244,15.67671875,12.623809523809523
t1_dw5qjqx,81.89428571428574,3.5757142857142874,5.6571428571428575,7.168621630094336,6.124642857142856,7.728571428571428
t1_fd6xjg2,74.805,5.806666666666668,9.244444444444445,9.725611199111238,7.610810810810811,8.961111111111116
t1_gx3uezp,61.71947674418608,9.9918992248062,12.010852713178295,10.864195022040775,11.638153846153848,9.395348837209305
t1_hbkkvgd,30.731290322580662,16.674193548387098,19.71182795698925,16.728156217252725,18.0758064516129,12.120430107526886
t1_gnlufq0,41.802693298969075,13.45306701030928,16.71030927835052,15.579741850924794,14.965918367346937,12.27835051546392
t1_jevgk97,65.9938993710692,8.443396226415096,10.840251572327047,10.504223727775692,10.420125786163524,9.88301886792453
t1_e1tdd1z,72.29892857142859,5.7835714285714275,7.057142857142857,8.472884824447931,5.743928571428572,7.411904761904761
t1_e5qetag,50.707745098039254,11.817647058823535,14.94901960784314,13.5591,12.968480392156863,10.7
t1_dy1vjvf,67.53000000000003,7.566666666666666,10.0,10.125756701596842,8.100645161290323,9.68
t1_ec2x1qs,60.41060869565217,8.261565217391308,10.737391304347828,11.20814326018867,9.429565217391307,11.055072463768116
t1_f6p3vx1,39.52506097560976,12.839146341463415,16.00487804878049,15.903189008614273,16.505609756097563,16.14146341463415
t1_iox02zb,70.91500000000003,8.33666666666667,11.333333333333336,10.504223727775692,9.215500000000002,7.466666666666669
t1_j965p64,39.842434456928885,15.072134831460676,19.057677902621727,16.32212239822248,15.789063670411984,9.921348314606742
t1_gpq8eyl,69.27750000000002,6.205000000000002,8.961904761904762,10.125756701596842,7.370000000000001,9.276190476190475
t1_gn3xrj4,18.11802685950417,18.24716942148761,20.364462809917356,17.971250198000288,18.232580645161292,13.515702479338849
t1_glsosku,44.38250000000002,12.906914893617024,15.35744680851064,14.554592549557764,12.66744680851064,9.719148936170217
t1_ewuu4g3,76.80633333333336,5.2294074074074075,6.542222222222222,8.841846274778883,5.077777777777783,6.700000000000003
t1_eziajen,54.72628731343286,9.787276119402986,14.461194029850748,13.427899808715576,10.564264705882351,10.653731343283585
t1_gvq9h9w,35.12000000000003,13.57777777777778,16.653968253968255,15.021129683784007,15.685238095238098,15.196825396825396
t1_jbk7nfr,44.766454545454565,11.387636363636368,12.494545454545456,13.348371206891418,13.167954545454549,13.297727272727268
t1_iu0mggv,52.57714285714289,11.142857142857142,15.06666666666667,13.81666964889586,12.395714285714284,11.100000000000005
t1_e57nrr3,57.52476584022041,15.255702479338847,18.1168044077135,12.457975602129121,17.38203856749312,5.371900826446282
t1_hwb68ec,18.90287878787882,14.266363636363636,21.32121212121212,16.728156217252725,14.163333333333334,15.531818181818181
t1_ifnuabf,74.405,6.075396825396826,8.6984126984127,9.606745405546679,5.931904761904761,6.77333333333333
t1_e5k2x9q,69.86335294117649,6.893411764705885,9.55764705882353,10.355215969177355,7.396176470588237,7.697058823529414
t1_eh5y6ra,83.46608552631581,4.5675657894736865,5.592105263157895,5.985473137389441,6.487500000000001,6.677894736842106
t1_hf6tpgw,51.295578947368455,8.936701754385968,10.174035087719298,10.793553405168563,7.902631578947364,10.094736842105267
t1_fuu7o89,66.40400000000001,10.208000000000002,12.4,10.125756701596842,12.265,7.84
t1_jvjntf9,43.93487179487181,15.743461538461538,20.02051282051282,17.122413403193683,18.45698717948718,10.33846153846154
t1_gsdv5mo,12.131666666666717,19.351276595744682,23.597163120567377,19.946969662950774,22.050456140350875,16.75957446808511
t1_f150p3r,67.53000000000003,7.566666666666666,9.333333333333334,10.125756701596842,7.500499999999999,7.940000000000005
t1_hzs2hmw,16.07000000000002,20.955000000000002,25.0,21.19438992294339,23.498536585365855,13.620000000000001
t1_goek6a6,64.6433076923077,8.118358974358976,10.855384615384615,11.003577315987393,8.66,9.108974358974358
t1_gzql3y0,51.22645348837213,11.455465116279068,12.32093023255814,11.20814326018867,14.07488372093023,12.227906976744187
t1_fr06d4w,92.32128301886796,3.0156981132075487,5.749433962264151,6.742157984588678,2.532264150943398,3.7320754716981135
t1_k7zbou2,65.65000000000002,7.828888888888891,10.444444444444445,10.504223727775692,8.364,8.64888888888889
t1_doif3n8,49.48400000000001,12.568000000000001,16.400000000000002,14.554592549557764,12.641799999999996,9.347999999999999
t1_cp9o451,46.52386363636364,10.869242424242426,11.44848484848485,11.20814326018867,11.369090909090907,12.10909090909091
t1_hazlwi9,101.36684782608698,1.977608695652176,5.469565217391305,5.985473137389441,1.3169565217391295,2.052173913043479
t1_gy892be,44.038470149253754,15.439179104477613,16.38507462686567,13.023866798666859,19.71358208955224,12.143283582089555
t1_fqz9ymk,79.47552845528456,5.569268292682931,9.36910569105691,9.725611199111238,5.9665040650406524,6.648780487804881
t1_hl3jcnk,40.515000000000015,12.080000000000002,16.08888888888889,14.554592549557764,12.689999999999998,13.166666666666664
t1_k2knzoi,44.6429026548673,12.647008849557523,16.473628318584073,14.836745963215662,13.503362831858404,11.428318584070794
t1_ibau7ta,52.66918918918921,15.104864864864865,18.043243243243246,13.023866798666859,17.76921052631579,8.794594594594592
t1_gk0n303,4.3300000000000125,24.33148936170213,28.16170212765958,22.076135915942103,26.706923076923076,15.77872340425532
t1_hfi4l44,48.30648192771088,10.64544578313253,14.35084337349398,13.348371206891418,12.158214285714287,12.814457831325303
t1_gced6yl,5.598107344632808,22.250000000000004,25.563841807909608,21.493009986710348,25.6983615819209,16.576271186440675
t1_gxit98k,44.04392857142861,11.463571428571427,13.857142857142856,13.81666964889586,12.350285714285711,12.005714285714287
t1_i11t5jp,66.5904166666667,5.296250000000004,3.383333333333333,6.42735559955562,7.288854166666667,8.556249999999999
t1_jttyfuc,55.79000000000002,9.949444444444445,12.755555555555556,12.161744961471694,10.53125,10.105555555555554
t1_fohe9tw,53.92806451612904,13.438709677419357,15.625806451612902,12.161744961471694,16.100645161290323,9.71935483870968
t1_hivrsv1,67.09504065040652,7.296097560975614,10.34471544715447,10.504223727775692,9.297967479674796,10.751219512195124
t1_dxfx5ri,21.07000000000002,19.26388888888889,20.511111111111113,17.693802365651003,22.67125,14.472222222222221
t1_g4rie2s,60.09833333333333,9.348518518518521,10.903703703703705,11.855464076750408,9.026666666666667,8.333333333333332
t1_gy2ledv,34.5204347826087,14.158260869565222,15.286956521739132,15.247664890283005,17.408478260869565,15.5695652173913
t1_g36ncu1,27.508571428571457,11.161428571428573,15.657142857142858,11.698219412168324,12.18035714285714,14.56428571428572
t1_jabimli,75.76500000000001,7.163333333333334,8.311111111111112,10.125756701596842,6.802499999999998,5.594444444444445
t1_gvwmn6w,31.3580792682927,11.431890243902437,13.856097560975611,12.161744961471694,13.218658536585366,14.556097560975608
t1_eqj52vl,74.13619047619049,5.8171428571428585,5.80952380952381,7.793537801064561,5.934761904761903,7.514285714285716
t1_jk42tfn,87.83488095238097,3.326785714285716,5.876190476190477,7.168621630094336,2.0346130952380967,2.9857142857142875
t1_du70bck,64.71000000000002,7.960000000000004,10.0,10.125756701596842,11.818000000000005,11.033333333333335
t1_f8wj0yc,69.18635220125788,7.998113207547171,11.59496855345912,11.20814326018867,7.931823899371068,7.4754716981132106
t1_gv6kskl,25.883673469387787,21.82204081632653,24.497959183673473,17.122413403193683,24.034117647058828,9.400000000000002
t1_hnwwjc8,15.56617647058826,19.53470588235294,23.011764705882356,20.267338824336647,20.643823529411762,14.035294117647059
t1_grv8nh7,51.481666666666655,10.550370370370374,12.014814814814816,13.023866798666859,11.33605504587156,11.125925925925923
t1_f0218f3,29.486447368421068,16.226754385964913,18.417543859649125,15.903189008614273,19.344736842105263,14.400000000000006
t1_gxgwbr6,32.98625000000001,13.937500000000004,17.911764705882355,15.903189008614273,16.23594117647059,15.014117647058818
t1_enns0h4,27.212727272727278,17.66181818181818,20.472727272727276,17.122413403193683,19.69045454545455,12.478787878787877
t1_g3sqeh2,73.415,7.491111111111113,10.533333333333335,10.125756701596842,6.41,5.272222222222219
t1_e8goh8m,51.58924242424246,9.707272727272727,11.321212121212122,12.457975602129121,9.453333333333333,9.863636363636363
t1_dspgjp8,21.328157894736847,19.724736842105262,22.568421052631578,18.243605946275583,20.12842105263158,11.047368421052635
t1_jmdvfyh,49.518421052631595,11.07263157894737,13.915789473684212,13.023866798666859,11.78526315789474,11.082456140350878
t1_gt3or1l,54.45530172413797,11.067212643678157,12.37816091954023,12.161744961471694,14.440113636363634,12.705747126436787
t1_hgnma38,54.97173387096777,11.367822580645164,14.461290322580647,13.427899808715576,12.52951612903226,9.806451612903228
t1_hympdkc,27.16391304347829,15.18434782608696,17.026086956521738,15.247664890283005,15.872608695652175,13.678260869565214
t1_hfxaqyr,63.545,8.867777777777778,11.644444444444446,11.20814326018867,9.393,8.526666666666667
t1_goh57nz,34.021923076923116,14.973076923076924,18.605128205128207,16.728156217252725,18.32038461538462,14.961538461538463
t1_cvjto0l,41.498571428571466,12.68809523809524,15.06666666666667,14.191785591663535,14.69464285714286,13.86190476190476
t1_dw6cz1v,50.99062500000002,9.780416666666667,13.02948717948718,12.602617957971052,10.116858974358976,10.680341880341881
t1_hzovtm3,46.74701219512198,11.831829268292683,14.053658536585367,14.191785591663535,11.17831325301205,9.775609756097559
t1_dwnlhep,74.45315789473686,7.594736842105263,10.968421052631578,10.793553405168563,7.653684210526315,6.330526315789477
t1_id3dtoj,33.869671361502355,14.414647887323948,17.917370892018777,16.32212239822248,15.280093896713616,13.092957746478874
t1_hfs61xw,52.732587719298266,9.83763157894737,11.385964912280702,11.538034831475386,9.05541666666667,9.865263157894738
t1_e84gvx0,60.90479674796748,8.159512195121952,11.320325203252033,11.855464076750408,6.374047619047619,7.921951219512199
t1_huei40j,50.895000000000024,13.613333333333333,16.0,13.023866798666859,15.961803278688528,10.473333333333333
t1_grzjsoy,24.58250000000001,15.6686170212766,19.61276595744681,17.122413403193683,15.600204081632654,13.668085106382982
t1_k6w79lu,53.230245901639364,10.16451990632319,13.200936768149882,12.785403640627713,11.645023419203746,10.83606557377049
t1_g6opqrt,41.5884756097561,12.551341463414637,15.029268292682929,14.554592549557764,13.958915662650604,13.382926829268289
t1_fo64zu2,85.82086021505377,3.856129032258064,6.713978494623657,7.793537801064561,3.488279569892473,4.722580645161294
t1_g3kn0vu,62.10739130434784,10.310434782608699,14.417391304347825,13.023866798666859,10.957826086956523,8.004347826086956
t1_i4q2v88,58.344956896551764,10.524683908045976,13.297701149425288,13.023866798666859,11.370862068965515,9.239080459770118
t1_fggkf08,55.06750000000001,11.665000000000003,14.69795918367347,14.554592549557764,13.697142857142858,9.742857142857144
t1_fajf7bn,74.78928571428573,6.305714285714288,8.457142857142857,8.841846274778883,8.447142857142854,9.01428571428572
t1_fi8qz7n,68.89423076923079,8.263626373626376,12.043956043956044,11.491704259439757,9.157759740259742,7.858461538461537
t1_fxtnk9m,80.77436363636363,6.911797979797981,9.132121212121213,8.238735603445708,7.592599999999997,5.7292929292929315
t1_e0i1f3n,41.10985000000002,15.288700000000002,16.34,14.191785591663535,17.405880000000003,10.814400000000003
t1_ftp4pwf,53.54853448275864,9.392586206896556,10.627586206896552,11.20814326018867,10.263275862068962,11.258620689655178
t1_emcerl8,44.97000000000003,10.713333333333338,15.333333333333332,14.554592549557764,13.387999999999998,14.70666666666667
t1_hgnmf10,54.97173387096777,11.367822580645164,14.461290322580647,13.427899808715576,12.52951612903226,9.806451612903228
t1_k7imr2k,33.27000000000004,16.07166666666667,17.0,14.90622815163357,19.92264462809917,14.726666666666667
t1_fprwbmo,74.28408898305086,6.5625000000000036,12.001694915254237,11.698219412168324,6.221949152542372,6.3762711864406825
t1_imt5so7,65.55550000000002,7.221,10.600000000000001,10.686352973137792,7.8048,9.324000000000002
t1_hemfft1,46.12413793103451,14.030344827586209,15.73793103448276,13.023866798666859,16.13275862068965,10.779310344827586
t1_gxq6chn,5.495000000000033,22.430000000000003,25.0,22.076135915942103,25.534749999999995,15.940000000000005
t1_gte7ag3,25.866450216450232,16.02779220779221,21.175757575757576,18.243605946275583,17.670641025641025,14.306493506493506
t1_jsq0rd8,18.90548387096777,18.323655913978495,21.86236559139785,18.946978176291534,19.848387096774196,14.36559139784946
t1_hmp43v2,64.30983385254413,7.242928348909658,8.867705088265836,9.994966539143718,6.083603322949116,7.566355140186918
t1_ds804f1,73.94235465116282,5.616453488372091,6.16046511627907,8.07648339933343,3.332674418604654,4.781395348837208
t1_hnmn7ce,66.4258757062147,8.880000000000003,11.934463276836158,11.855464076750408,9.07943502824859,7.4677966101694935
t1_j4nv7rw,59.91298850574714,7.304137931034482,8.004597701149425,8.841846274778883,5.069333333333329,7.937931034482759
t1_ds6qrty,53.712500000000034,10.115000000000002,11.0,11.20814326018867,11.610142857142854,11.508571428571429
t1_jgcaxki,54.44256830601097,10.71704918032787,14.690710382513661,13.5591,11.282896174863389,10.032786885245901
t1_f82g0y5,74.78928571428573,6.305714285714288,8.457142857142857,8.841846274778883,5.923928571428572,6.114285714285717
t1_g45ol7o,30.028500000000037,18.387000000000004,20.866666666666667,16.52667757954773,19.1744,9.781333333333336
t1_he8el7w,18.334285714285727,15.919047619047621,20.78095238095238,18.243605946275583,13.853571428571428,12.895238095238096
t1_gncdmbt,52.00163265306125,11.22312925170068,13.842176870748299,13.023866798666859,13.192837837837835,11.514285714285716
t1_kei0r8d,31.440000000000026,20.053333333333338,20.666666666666668,14.554592549557764,24.927173913043482,12.671111111111113
t1_f1i278c,37.30000000000001,12.280000000000001,15.270588235294117,13.968273953766033,14.055529411764702,14.52941176470588
t1_jlligan,59.01939393939395,9.581818181818182,12.424242424242424,13.5591,11.88612121212121,11.796363636363637
t1_jsulv17,74.05465517241382,7.046995073891626,9.387192118226602,9.957137785484202,7.024175824175828,6.663793103448278
t1_kel3t9x,35.10500000000002,18.3,20.0,15.903189008614273,23.062000000000005,12.605000000000004
t1_e828gs8,62.34166666666668,8.870000000000001,13.087179487179487,12.457975602129121,9.42801282051282,9.261538461538457
t1_fcqqn7h,85.39178571428573,3.9573809523809516,6.104761904761905,8.07648339933343,3.4450000000000003,4.857142857142858
t1_g6gskob,70.30437500000001,7.428124999999998,9.525,11.20814326018867,7.69140625,7.543749999999999
t1_e1dge6d,76.83830845771146,8.090149253731344,10.724378109452736,8.841846274778883,9.209353233830846,6.594029850746267
t1_g3ylbke,71.62625000000001,7.243750000000002,10.15,11.20814326018867,5.8515625,5.368749999999999
t1_exqcdsk,44.869779874213876,15.77867924528302,18.28427672955975,15.021129683784007,16.606410256410257,9.18867924528302
t1_fpr1afc,8.876000000000005,18.232000000000003,22.8,20.267338824336647,20.4604,19.208000000000002
t1_hyo8vb8,53.33688405797105,9.62913043478261,12.220289855072465,13.023866798666859,10.605797101449276,11.143478260869568
t1_fo1y7yd,54.37000000000003,9.402222222222225,11.333333333333336,11.20814326018867,11.399333333333338,12.257777777777783
t1_gz178t5,54.22225826972013,11.120419847328243,13.618829516539442,13.5591,13.144529262086515,10.914503816793893
t1_dvqpv8w,74.19833333333334,7.381851851851852,10.162962962962965,10.504223727775692,8.765,7.581481481481479
t1_g7igje2,59.35500000000003,12.433333333333334,14.666666666666666,11.20814326018867,14.922000000000004,8.636666666666667
t1_gxidh0i,32.565000000000026,16.170000000000005,17.333333333333336,15.247664890283005,17.9835,12.889999999999997
t1_f32c3rv,55.03341379310348,8.465034482758622,10.157241379310344,11.20814326018867,7.757586206896555,9.148275862068964
t1_kaab6tv,18.877500000000026,22.550833333333333,26.700000000000003,20.267338824336647,27.199374999999996,12.945833333333333
t1_ghav9cv,59.63500000000003,9.910000000000004,14.0,13.023866798666859,10.353750000000002,7.949999999999996
t1_fgmtqhl,78.24500000000002,4.830000000000002,8.0,8.841846274778883,2.998750000000001,5.986666666666668
t1_el727kd,58.78180645161294,9.681204301075272,11.741075268817205,11.979248473330827,9.799354838709679,8.802150537634414
t1_j75coaw,29.42818840579713,12.963913043478264,18.307246376811595,15.470042427545799,13.779927536231881,15.556521739130439
t1_dw2lyid,58.947485250737486,9.716061946902656,10.719174041297935,11.538034831475386,10.494631268436578,9.883185840707966
t1_dfm2agq,56.40012931034485,10.79594827586207,13.757471264367817,13.427899808715576,13.265689655172416,10.972413793103453
t1_d560jmc,67.39560465116281,8.131953488372094,11.531162790697675,11.20814326018867,7.488720930232553,6.893023255813954
t1_gh7c2g8,13.859487951807239,21.63596385542169,25.7566265060241,21.19438992294339,23.202470588235293,12.975903614457835
t1_ilqjl58,59.83644444444445,8.937876543209878,9.93679012345679,10.793553405168563,8.41740740740741,8.651851851851848
t1_go71git,76.29500000000002,11.561111111111114,14.4,3.1291,13.31666666666667,3.677777777777777
t1_ebi747y,41.905,10.395555555555557,14.8,13.023866798666859,9.166666666666668,10.733333333333334
t1_hf5seci,79.43492647058825,5.347205882352942,9.02156862745098,10.125756701596842,6.463235294117645,7.921568627450981
t1_g0k0h04,71.194,6.906555555555556,7.982222222222223,9.3871,8.600416666666668,9.05
t1_e0mo1dn,30.956434108527162,12.50232558139535,16.896124031007755,15.021129683784007,10.751999999999995,13.158139534883723
t1_ekkucm0,43.96022727272728,11.226818181818185,13.872727272727275,13.81666964889586,10.940909090909095,11.581818181818182
t1_foc7ppu,65.48462162162166,7.802270270270274,10.244324324324324,10.577609850970193,10.12060402684564,10.61216216216216
t1_gztgvur,43.130000000000024,13.951111111111114,15.985185185185186,15.247664890283005,16.056111111111115,11.781481481481485
t1_fpd6k6p,36.189354838709676,15.912903225806453,20.14193548387097,17.122413403193683,17.31612903225807,10.935483870967744
t1_hm8y2ci,30.817499999999995,17.53166666666667,19.017391304347825,16.52667757954773,19.847826086956523,12.42608695652174
t1_kaw3zj9,45.469596638655474,12.82981512605042,16.91495798319328,15.112257680678326,13.825371900826447,11.322689075630258
t1_hd23p3d,97.47601449275363,3.4726086956521733,7.0028985507246375,6.42735559955562,3.336014492753627,2.443478260869565
t1_e0ujkq7,50.61785714285716,9.677142857142858,9.885714285714286,10.125756701596842,11.979642857142856,12.535714285714288
t1_ihnc5s6,53.52079096045199,10.680000000000003,11.934463276836158,12.457975602129121,10.995367231638419,9.92542372881356
t1_k6uf9yu,14.156190476190517,15.922142857142859,21.752380952380953,18.599290044081553,15.667543859649122,16.378571428571423
t1_es98dxq,69.93300000000002,7.678666666666668,9.100952380952382,8.841846274778883,10.351785714285718,9.573809523809526
t1_f0n326t,24.43750000000003,15.813055555555557,17.933333333333334,16.11434528070225,16.04979166666667,13.25555555555556
t1_g36n90z,27.508571428571457,11.161428571428573,15.657142857142858,11.698219412168324,12.18035714285714,14.56428571428572
t1_gkticp9,48.44913265306124,12.588129251700682,16.058503401360547,14.554592549557764,13.03337837837838,9.86122448979592
t1_kd3281t,50.64353857041755,10.529256900212314,12.582873319179052,12.457975602129121,11.112222222222222,10.83821656050955
t1_g18bny8,19.173467741935525,14.43564516129032,17.81290322580645,16.52667757954773,14.124193548387098,15.406451612903226
t1_jfyjapq,11.040969387755126,17.805816326530607,17.963265306122448,15.903189008614273,19.84897959183673,17.436734693877558
t1_flcsmg9,53.639285714285734,9.255714285714287,10.742857142857144,11.979248473330827,8.245285714285714,9.42857142857143
t1_fyc2m0k,23.42500000000001,13.470000000000002,17.02857142857143,14.554592549557764,13.157142857142851,15.090476190476192
t1_istc1q7,87.61458333333336,3.6887500000000024,6.766666666666666,7.793537801064561,3.773645833333333,5.168750000000003
t1_ejzgyrf,76.40105263157895,5.974436090225563,8.796992481203008,9.236282656511921,4.592345864661656,4.66947368421053
t1_dvsuxk3,39.95523648648651,14.580247747747745,16.14504504504505,14.191785591663535,17.480135135135136,12.864864864864863
t1_evuz5ri,68.33782945736438,7.288372093023256,7.593798449612404,10.504223727775692,7.315038759689923,7.7627906976744185
t1_ecxyg04,72.01500539374328,6.057799352750813,8.461272923408846,9.725611199111238,6.470377562028048,7.910679611650487
t1_gc3hq51,53.430000000000035,9.533333333333335,13.111111111111112,12.457975602129121,9.306000000000001,10.195555555555554
t1_kde9e1k,53.877321428571435,9.657261904761906,10.109523809523811,12.161744961471694,11.714523809523804,12.149206349206352
t1_dvghb5p,52.47772727272729,11.405151515151513,15.466666666666669,14.554592549557764,12.691818181818185,10.360606060606063
t1_cl7ew45,58.95833333333336,10.170000000000005,11.492473118279571,11.20814326018867,10.687083333333334,9.99032258064516
t1_fog84ez,45.94484848484851,11.405454545454546,13.515151515151516,13.295006501635747,11.737188405797099,12.060000000000002
t1_fxubwiu,72.16022727272728,7.293484848484848,9.024242424242425,9.516144504307135,9.370909090909091,9.033333333333335
t1_gtdk2uk,70.39603796844185,6.939186390532544,9.183629191321499,10.686352973137792,6.764861932938857,7.117159763313612
t1_hxp8ebt,29.084746268656744,12.531522388059702,14.315223880597015,13.662883650711645,13.389402985074632,15.752238805970151
t1_iui1vok,57.88500000000002,8.166666666666668,12.8,11.979248473330827,8.277000000000001,10.346666666666671
t1_eqh38rn,66.04150234741785,9.927323943661971,12.565258215962443,10.864195022040775,10.039389671361505,6.63943661971831
t1_i874xl5,62.62500000000003,10.486666666666668,12.100000000000001,10.125756701596842,13.335,10.6375
t1_eb37rl3,40.03782608695653,13.388695652173912,16.156521739130437,14.554592549557764,13.210434782608694,10.904347826086958
t1_j8ig4z9,24.260384615384652,16.334615384615386,19.630769230769232,18.243605946275583,16.025769230769235,12.284615384615385
t1_jcut5y8,30.270625000000024,16.986875,19.675,17.122413403193683,19.260703125,12.6828125
t1_gm3ly35,16.951724137931052,18.09931034482759,19.875862068965517,18.243605946275583,19.218620689655175,14.779310344827582
t1_etxu3kc,45.31317204301078,12.073225806451614,15.363440860215054,15.021129683784007,11.921559139784947,10.738709677419354
t1_gk327dk,41.20878947368425,13.175684210526317,16.48842105263158,14.836745963215662,14.994434782608693,13.12280701754386
t1_hi5t85f,81.75647058823532,6.079215686274509,9.15294117647059,8.841846274778883,7.018235294117648,5.886274509803918
t1_kctgi9r,26.39880519480522,13.403012987012989,15.510649350649352,13.968273953766033,13.612467532467534,15.044155844155846
t1_hlpywha,50.130000000000024,9.248333333333335,11.466666666666669,11.20814326018867,9.832727272727272,12.82777777777778
t1_ec4vwzg,35.29666666666668,15.043703703703706,15.244444444444447,14.554592549557764,17.538888888888884,13.177777777777777
t1_jmiye7s,33.74833333333336,14.680000000000003,18.785585585585586,17.315433740611066,16.539642058165548,13.489189189189194
t1_gkqa4yf,46.434846938775536,12.86908163265306,16.33061224489796,14.90622815163357,13.989393939393942,10.985714285714288
t1_c911sly,89.7833783783784,3.362586872586874,5.30965250965251,6.18269132825596,3.2049034749034746,3.2675675675675677
t1_gngvhgm,9.635677655677682,19.45098901098901,24.88058608058608,20.890749979661237,22.918188405797103,18.534065934065932
t1_dz342q6,48.89502732240439,11.490819672131149,11.412021857923499,11.855464076750408,12.981584699453549,12.219672131147544
t1_e42kyg1,44.83517808219182,10.632767123287671,9.675616438356165,11.979248473330827,10.516849315068491,11.967123287671232
t1_gu8es2n,31.215000000000018,20.830000000000002,25.86666666666667,19.287186520377343,25.54326530612245,10.529166666666665
t1_gr8vb8v,40.545417475728186,12.72166990291262,14.065242718446605,13.348371206891418,13.092857142857149,11.988349514563104
t1_fdp1fg9,51.625,9.536666666666669,13.219047619047622,13.5591,11.138571428571431,11.776190476190475
t1_hfvi2x4,34.67575609756102,14.53408130081301,17.644878048780487,15.6451,15.217661290322575,12.421138211382114
t1_gxq6dva,5.495000000000033,22.430000000000003,25.0,22.076135915942103,25.534749999999995,15.940000000000005
t1_dxfjicg,74.805,5.806666666666668,7.466666666666668,8.841846274778883,7.021000000000001,8.123333333333335
t1_k83jz0w,14.85369565217394,22.615217391304352,23.617391304347827,20.267338824336647,25.32478260869565,11.800000000000004
t1_hpy4mjn,63.440000000000026,6.895,8.0,10.686352973137792,5.4715000000000025,7.34
t1_e9r3b0x,31.537931034482796,16.0648275862069,18.49655172413793,15.903189008614273,17.107241379310345,12.479310344827589
t1_dxo2csn,58.85902777777778,10.080339506172841,12.544444444444444,12.161744961471694,9.77512195121951,8.301234567901236
t1_hv58nwq,31.718000000000018,15.046000000000003,18.0,16.52667757954773,16.268499999999996,13.117999999999999
t1_fvqt3m8,6.225000000000023,18.353333333333335,22.933333333333337,19.287186520377343,21.38125,20.18333333333334
t1_gx5f9fx,65.81,8.055000000000003,10.4,10.355215969177355,8.666296296296299,9.392499999999995
t1_gt3fp2x,45.81276315789475,13.94956140350877,17.0140350877193,14.554592549557764,16.045172413793104,11.14385964912281
t1_ix8gc7d,36.07766666666669,13.59325925925926,16.78814814814815,15.381575749822971,14.44638888888889,13.225925925925925
t1_dzynu5k,17.092640845070434,19.694436619718314,21.52394366197183,17.693802365651003,23.1869014084507,16.04225352112676
t1_gz175i9,54.22225826972013,11.120419847328243,13.618829516539442,13.5591,13.144529262086515,10.914503816793893
t1_hd23mx8,97.47601449275363,3.4726086956521733,7.0028985507246375,6.42735559955562,3.336014492753627,2.443478260869565
t1_he89xx9,56.34881318681323,9.921186813186814,12.115164835164835,12.340626583579944,10.85769230769231,10.490109890109888
t1_gb9i1ne,10.065000000000026,23.780000000000005,26.700000000000003,20.267338824336647,26.316250000000004,11.979166666666664
t1_esafso6,48.27160256410258,10.294230769230769,12.220512820512822,12.745084868956482,10.376190476190477,10.929670329670333
t1_h4lvv8q,60.634285714285724,10.019047619047623,12.20952380952381,12.161744961471694,11.835,10.271428571428572
t1_i1sa26m,43.65189024390244,12.263536585365856,15.029268292682929,14.554592549557764,13.059268292682923,12.039024390243902
t1_kcobm84,46.06741071428573,10.094464285714285,13.25,12.38480682065935,10.028214285714284,11.662857142857138
t1_gxebg2f,21.44777397260279,19.33541095890411,22.819178082191783,19.287186520377343,22.112054794520553,13.660273972602738
t1_gt2u7an,25.930909090909097,17.840606060606067,21.078787878787878,18.243605946275583,19.53388059701492,13.05
t1_ekj0eeq,25.317978142076555,14.779344262295083,17.969398907103823,16.728156217252725,15.684043715846997,14.501639344262301
t1_f84e0v4,30.842173913043496,14.67130434782609,18.76521739130435,17.122413403193683,15.258260869565213,13.173913043478262
t1_gxidb3i,32.565000000000026,16.170000000000005,17.333333333333336,15.247664890283005,17.9835,12.889999999999997
t1_iuqzsip,41.022121559633035,14.307224770642204,16.771559633027522,14.554592549557764,14.880779816513758,10.730275229357801
t1_kbl8inp,48.075000000000045,14.006666666666671,16.0,13.427899808715576,15.628500000000003,9.699999999999996
t1_eox4r66,67.34857142857145,9.082539682539686,9.669841269841271,8.841846274778883,10.412187500000002,8.476190476190482
t1_ekzqfw6,65.00500000000002,7.386507936507936,10.031746031746032,10.914260884657427,7.0832380952380944,8.513333333333332
t1_go1vbvi,65.21750000000002,7.765000000000004,8.558620689655172,10.125756701596842,8.55793103448276,9.158620689655173
t1_h9yc1r9,47.45500000000003,14.590000000000003,15.3,11.20814326018867,18.414375,12.45625
t1_hg0l9a8,87.71444767441862,3.6955232558139564,4.3,5.985473137389441,4.7566279069767425,5.8604651162790695
t1_crsecuj,60.34290162774241,9.176390658174096,11.308987968860581,11.855464076750408,9.381526019690575,8.84331210191083
t1_dso1u85,62.76954337899545,10.549315068493154,12.473059360730595,10.504223727775692,12.15748858447489,8.884931506849316
t1_hi4d9j4,60.176607142857165,7.039642857142859,9.214285714285714,10.686352973137792,9.455571428571432,11.971428571428572
t1_gqor6z4,36.80122703412076,13.38468503937008,14.450918635170604,14.06817628641468,13.815931758530184,12.486614173228347
t1_gt65znd,44.22314705882354,10.892032679738566,15.00888888888889,13.968273953766033,11.046258064516131,11.833986928104572
t1_jil156a,56.308636363636396,10.090043290043294,11.482251082251082,12.540900571622839,10.870616883116888,9.828787878787878
t1_g1ir19n,59.16076923076923,8.698516483516485,10.173626373626375,10.914260884657427,10.454340659340659,11.542307692307691
t1_gnpwbhb,5.495000000000033,22.430000000000003,25.0,20.267338824336647,26.044999999999995,17.389999999999997
t1_i1n1hm4,39.73333333333335,11.60936170212766,15.628368794326242,14.06817628641468,11.957588652482272,12.79148936170213
t1_dzdacuz,64.85201754385966,7.360526315789475,9.27719298245614,10.504223727775692,7.265594202898551,8.0140350877193
t1_ik5m9qx,54.199068965517256,11.463172413793107,13.073103448275862,11.979248473330827,12.623706896551724,9.824137931034485
t1_gbukho5,29.583081081081104,14.64818018018018,18.24936936936937,16.404322709996244,14.874864864864868,13.225225225225227
t1_j9hbvvr,57.707004716981146,8.502028301886796,11.337735849056605,11.20814326018867,8.478396226415096,10.09056603773585
t1_eac1hkd,65.21750000000002,7.765000000000004,7.86896551724138,8.07648339933343,8.55793103448276,9.458620689655174
t1_jfyjgye,11.040969387755126,17.805816326530607,17.963265306122448,15.903189008614273,19.84897959183673,17.436734693877558
t1_gscbh2b,31.47913242009136,14.913698630136988,17.952511415525112,17.122413403193683,14.609269406392691,11.745205479452057
t1_e7mq9to,73.55873684210528,5.831438596491232,6.665263157894737,9.3871,5.423684210526314,7.245614035087723
t1_hq93dnc,66.7871428571429,5.682857142857145,8.514285714285714,8.841846274778883,6.4610714285714295,8.971428571428572
t1_itlxg7p,55.21529411764709,9.781176470588235,15.035294117647062,13.81666964889586,8.60142857142857,8.899999999999999
t1_fwv5eov,64.65347368421055,7.073543859649124,9.472280701754386,11.20814326018867,6.745789473684209,8.364912280701756
t1_e8ddm5q,54.44187500000001,9.640625000000004,11.7125,11.698219412168324,11.187109374999999,11.803124999999998
t1_ek2ywfx,73.17748031496065,7.559730033745783,10.091788526434195,10.290406445055957,7.658928571428568,6.453543307086612
t1_dzjngn0,18.27928571428575,17.665714285714284,24.05714285714286,20.267338824336647,19.48428571428571,15.457142857142859
t1_gk3tiht,39.99666666666667,14.38814814814815,15.985185185185186,14.554592549557764,16.36138888888889,12.211111111111109
t1_g7w2pu6,34.700096153846175,15.685876068376071,18.195726495726497,16.218646115125612,16.261923076923075,11.097435897435897
t1_dt044ab,70.63166666666669,6.719999999999999,11.333333333333336,11.20814326018867,6.19616666666667,6.775000000000006
t1_dspvru7,70.81651515151518,7.025454545454547,9.503030303030304,9.725611199111238,6.456060606060603,6.963636363636361
t1_jzllltt,66.87371621621622,8.527702702702705,10.643243243243244,10.125756701596842,9.842432432432432,9.24864864864865
t1_g6s1zrm,60.15409090909094,9.553679653679655,12.08831168831169,12.540900571622839,10.58516233766234,9.653030303030306
t1_fed52l4,47.72118604651163,10.876139534883723,12.926511627906976,12.340626583579944,11.924883720930232,11.748837209302327
t1_f5gwocd,41.305000000000035,12.466666666666669,13.333333333333336,13.5591,14.003999999999998,13.073333333333338
t1_f6ppndm,68.09500000000004,8.73,10.5,10.686352973137792,9.235125,7.805
t1_jprpz0x,53.22308823529414,12.170686274509805,13.337254901960785,11.20814326018867,14.42566037735849,11.24313725490196
t1_ee6hptk,35.70637917637919,12.226247086247088,13.908003108003108,13.5591,11.974794094794099,12.310489510489507
t1_f4yf6qc,71.5884285714286,6.056571428571427,5.908571428571428,9.3871,7.888214285714284,8.175
t1_h06pi9d,49.2427568493151,10.924760273972602,11.683561643835617,12.161744961471694,11.567602739726027,11.498630136986307
t1_hmz0f2y,63.569166666666675,9.692500000000003,11.658333333333333,10.504223727775692,11.97713541666667,10.090625000000003
t1_g42zunj,89.60000000000004,2.9977777777777774,5.822222222222223,7.168621630094336,3.0874999999999986,4.272222222222222
t1_i0dmnb4,77.1025,4.492500000000003,5.7,7.168621630094336,5.825624999999999,8.231250000000003
t1_e883cog,48.27995614035092,10.458684210526318,12.649122807017545,12.161744961471694,12.173161512027491,12.063157894736843
t1_fv21p9l,82.1634285714286,4.581571428571429,7.337142857142857,8.238735603445708,5.533214285714287,6.207142857142859
t1_fdeipbs,63.01833333333336,8.610000000000003,9.066666666666668,10.504223727775692,9.605533333333334,9.8
t1_f3cypbj,19.99856958762888,16.49430412371134,17.535051546391752,16.52667757954773,16.575721649484535,14.19175257731959
t1_ftewg90,57.52000000000004,10.205000000000002,12.0,11.20814326018867,10.58925,9.545000000000002
t1_gikr5s8,25.795000000000044,14.630000000000003,18.0,17.122413403193683,15.417000000000002,14.765
t1_hfplmnc,55.505000000000024,8.853525835866261,12.179939209726445,12.031772070788634,7.13066869300912,8.465957446808513
t1_i4x9bob,48.090892857142876,8.725357142857145,10.357142857142858,10.125756701596842,13.627285714285712,15.617142857142863
t1_k6hj02m,54.44187500000001,9.640625000000004,12.025,12.38480682065935,10.120000000000001,10.715625
t1_ey24zvr,33.597500000000025,14.16277777777778,19.66666666666667,17.693802365651003,16.09133333333333,14.33333333333334
t1_g9cyavj,27.752619047619078,14.025714285714287,15.323809523809524,14.554592549557764,13.640119047619052,13.375000000000004
t1_ipzauyc,32.79540467625904,17.31789568345324,20.230935251798563,17.122413403193683,19.223920863309353,11.305035971223024
t1_f5fifnj,65.555,6.600000000000005,10.0,10.125756701596842,5.052195121951218,7.774999999999999
t1_hf5t4hb,79.43492647058825,5.347205882352942,9.02156862745098,10.125756701596842,6.463235294117645,7.921568627450981
t1_f0svg0c,67.92700000000002,5.573555555555558,7.3244444444444445,9.3871,4.280833333333337,6.511111111111113
t1_jiq3a2m,19.36500000000001,15.030000000000001,17.57037037037037,16.728156217252725,13.387777777777778,13.703703703703706
t1_f2u9ls0,77.04670588235294,5.046823529411764,8.785882352941178,9.888512548439397,2.60235294117647,3.9294117647058826
t1_k15rdjt,30.079310344827604,16.268275862068965,19.875862068965517,17.693802365651003,17.919310344827586,13.079310344827586
t1_eh5x2lw,83.46608552631581,4.5675657894736865,5.592105263157895,5.985473137389441,6.487500000000001,6.677894736842106
t1_hemumpw,36.46285714285716,13.390476190476189,16.019047619047623,14.554592549557764,16.432857142857138,15.795238095238098
t1_h1zw81r,41.876956521739146,13.132173913043484,12.678260869565218,12.161744961471694,15.872608695652175,13.804347826086953
t1_k3boexm,65.22312500000001,8.913194444444446,11.310130718954248,11.20814326018867,8.142303921568626,6.762091503267975
t1_h9yc5oo,47.45500000000003,14.590000000000003,15.3,11.20814326018867,18.414375,12.45625
t1_gt6dvdh,49.81136842105266,9.143719298245617,11.577543859649124,11.979248473330827,8.469655172413795,9.99298245614035
t1_gujnisz,23.95310344827587,17.122758620689655,20.97931034482759,18.026119701940384,18.749178082191783,14.219310344827587
t1_g2kw636,68.28271067415731,9.262780898876404,10.697752808988765,9.516144504307135,10.069719101123596,6.656179775280897
t1_dzrzb8g,58.62000000000002,10.3,11.257142857142858,10.125756701596842,11.162142857142861,9.166666666666668
t1_hwj7wl1,28.306275510204102,15.397653061224492,19.59591836734694,17.122413403193683,16.00408163265306,13.412244897959184
t1_hski6zz,81.629,4.3580000000000005,6.4,7.554174236665414,5.801199999999998,6.876000000000001
t1_i2fop1x,63.23166666666668,8.91148148148148,12.385185185185186,11.855464076750408,9.20111111111111,8.44074074074074
t1_fvedfcd,81.03666666666669,4.275000000000002,3.733333333333334,5.46131890053228,4.599880952380953,5.989285714285717
t1_gcga1cd,57.707004716981146,8.502028301886796,10.58301886792453,11.698219412168324,9.544811320754718,11.075471698113208
t1_ipkdlct,54.92107142857145,9.94642857142857,12.142857142857144,11.698219412168324,11.206428571428567,11.508571428571429
t1_gtj4jeh,40.458287769784164,14.522503597122306,17.1631654676259,15.112257680678326,16.322785714285715,11.801438848920863
t1_g05yfv5,22.116397849462373,15.308709677419355,14.718279569892474,14.06817628641468,14.77095238095238,14.387096774193544
t1_gxd3zbv,48.61049549549551,12.60702702702703,15.812612612612615,14.314028922438442,13.54876379690949,10.471621621621626
t1_g4dxixb,53.38250000000002,11.65159574468085,11.953191489361704,11.20814326018867,12.26659574468085,9.472340425531915
t1_ht55bo5,21.815909090909116,21.147272727272725,23.05454545454546,18.7741,25.24397727272727,13.186363636363634
t1_k81myby,51.30500000000001,9.084444444444447,14.8,13.023866798666859,8.374594594594598,10.250000000000004
t1_gs8wgm8,33.80710622710626,16.079560439560442,20.045421245421245,17.5058628484301,17.338424908424905,11.204395604395604
t1_hkbn7wp,16.688273092369485,17.80481927710844,23.114859437751008,19.6203779977781,19.513217054263563,15.763855421686749
t1_gqvpjzf,36.00517857142859,10.411071428571432,12.642857142857144,11.698219412168324,9.93202702702703,13.794285714285717
t1_gyfy9o3,33.90739130434784,14.243768115942029,15.576811594202901,15.021129683784007,14.780434782608701,12.669565217391302
t1_ebjkudb,72.74666666666668,6.425000000000001,10.333333333333336,10.504223727775692,6.667166666666667,7.790000000000003
t1_he8n2o9,64.43997014925375,7.600179104477611,9.539104477611941,10.355215969177355,6.6407462686567165,7.701492537313431
t1_gxef726,41.72170289855072,12.201521739130438,14.971014492753625,13.81666964889586,13.996898550724637,13.77391304347826
t1_esbfdmm,43.46014150943398,13.780849056603774,16.637735849056607,14.90622815163357,14.525754716981133,10.441509433962263
t1_glbv7kn,65.56701612903228,7.964677419354839,11.361290322580645,11.20814326018867,6.679354838709678,6.800000000000001
t1_e3xhzij,49.48000000000002,7.600000000000001,10.0,8.841846274778883,10.0365,10.325
t1_gu6etka,45.18378481012661,14.807417721518991,17.956455696202536,15.381575749822971,17.327547169811318,10.574683544303799
t1_geex7jn,68.94000000000003,7.370000000000001,8.666666666666668,8.841846274778883,7.189032258064515,7.843333333333337
t1_hhagjqv,49.872000000000014,11.073,13.513333333333334,13.023866798666859,11.033124999999998,10.329166666666666
t1_dyp9yp5,50.67901960784316,13.229411764705883,16.03921568627451,14.554592549557764,14.23643137254902,8.948235294117652
t1_g4gn8jp,55.45526315789476,10.244561403508772,12.512280701754387,12.457975602129121,11.454736842105262,10.522807017543858
t1_d02ig4q,26.860202702702708,14.108783783783785,15.508108108108111,14.191785591663535,14.361486486486491,14.65675675675676
t1_gqxrx4v,51.172598314606745,11.649297752808994,13.39438202247191,13.427899808715576,11.76320224719101,9.26292134831461
t1_gtb8z1h,67.99663461538462,7.812115384615385,10.192307692307693,11.20814326018867,7.92623076923077,8.076923076923077
t1_gsyxdg2,38.360384615384646,14.367948717948721,17.06666666666667,15.688483145680365,15.059999999999995,11.132051282051282
t1_hm2kviq,55.93875,7.879166666666666,11.079487179487181,10.686352973137792,6.8742307692307705,8.974358974358974
t1_eb8kg9c,68.20518115942029,8.507608695652177,11.144927536231885,10.864195022040775,8.67255072463768,7.166956521739131
t1_dtxxenf,37.27576923076927,14.51923076923077,15.015384615384617,13.023866798666859,16.93153846153846,12.953846153846161
t1_jkhl847,42.32461224489799,14.659673469387759,16.11374149659864,13.662883650711645,17.717142857142854,12.627210884353744
t1_kalwq0n,31.9477655677656,16.3389010989011,20.484981684981687,18.599290044081553,18.78765567765568,13.307692307692307
t1_f6xoluu,42.545000000000016,11.3,12.233333333333334,12.457975602129121,11.984375,12.67916666666667
t1_hnmdjna,56.252000000000024,11.624000000000002,15.600000000000001,13.81666964889586,13.395400000000002,9.927999999999997
t1_gsypms1,34.1425806451613,16.198387096774194,18.851612903225806,16.218646115125612,18.386744186046514,12.94677419354839
t1_erkidj3,61.665000000000006,9.130000000000003,12.385185185185186,13.023866798666859,8.765,8.11851851851852
t1_fxgzjf4,73.21625000000003,5.841944444444444,8.944444444444445,9.516144504307135,4.794780219780218,6.122222222222224
t1_k6jr8br,36.93892857142859,14.193571428571428,15.514285714285714,14.554592549557764,16.00408163265306,13.05714285714286
t1_fo1y19x,54.37000000000003,9.402222222222225,11.333333333333336,11.20814326018867,11.399333333333338,12.257777777777783
t1_jlyonlf,43.652222222222235,13.878271604938273,16.725925925925928,15.470042427545799,15.096666666666671,10.671604938271606
t1_f0p1o62,58.008333333333354,9.001216931216934,10.615873015873015,10.914260884657427,7.828174603174606,7.737037037037041
t1_gxidrll,32.565000000000026,16.170000000000005,17.333333333333336,15.247664890283005,17.9835,12.889999999999997
t1_focsyf4,47.76118506493509,11.379837662337664,13.933766233766233,13.023866798666859,13.511249999999997,13.394805194805198
t1_jp33i3e,68.81942307692312,8.50474358974359,9.851282051282052,8.841846274778883,10.17923076923077,9.079487179487181
t1_ja8p06t,51.72112903225809,10.445990783410142,12.569585253456223,12.031772070788634,10.524982857142856,10.640322580645162
t1_gvttaco,39.89097701149427,12.498275862068965,13.250574712643678,13.5591,13.735632183908045,13.26896551724138
t1_gx3ts6a,45.95942148760335,11.143164108618652,14.187012987012986,13.25671669890799,12.577365339578456,12.68595041322314
t1_gcib42a,32.72579225352115,13.104330985915492,14.987323943661972,14.90622815163357,12.761249999999997,13.084507042253524
t1_jmlqmja,60.69340579710146,8.603043478260872,12.220289855072465,11.855464076750408,10.401014492753625,11.395652173913042
t1_cxzpuf8,45.00000000000003,12.945,16.26666666666667,15.247664890283005,14.218124999999993,11.604166666666668
t1_eckf9dw,37.075000000000045,13.056666666666668,18.0,15.903189008614273,14.082500000000003,13.170000000000002
t1_jrfma0j,68.93950000000002,6.749000000000002,8.733333333333334,9.516144504307135,6.109199999999998,7.197333333333333
t1_jed2439,73.94235465116282,5.616453488372091,7.090697674418604,8.841846274778883,5.632906976744188,7.344186046511627
t1_gb0jiyd,51.55994252873566,10.870689655172413,13.250574712643678,13.023866798666859,12.904293785310735,12.56896551724138
t1_kc8d495,21.01750000000004,18.277500000000007,21.55,19.287186520377343,20.622187500000003,14.45
t1_gtac1ez,51.68578378378382,11.565297297297295,13.925045045045046,12.68835289967788,13.798421052631575,12.284684684684688
t1_dwgcfzk,71.28075675675677,5.155459459459461,6.203243243243244,7.554174236665414,3.9105405405405413,5.9081081081081095
t1_efj54fr,53.018563218390824,10.667241379310347,13.940229885057471,13.5591,12.355114942528736,11.368965517241378
t1_h449by9,74.87519157088126,6.017701149425289,8.948659003831418,9.994966539143718,5.559789272030649,6.5534482758620705
t1_j8ym8ul,33.291875000000005,12.590625,13.275,13.023866798666859,12.990156250000005,14.159375
t1_fqwpjkz,23.836039325842734,20.9897191011236,26.339325842696635,21.19438992294339,23.8048,13.903370786516856
t1_emy2ftc,85.4084121621622,3.644527027027028,3.7,3.1291,4.885789473684213,6.864864864864867
t1_dum7d2m,61.07909090909095,7.472727272727273,10.763636363636364,10.686352973137792,5.265000000000001,6.554545454545455
t1_e7b4py7,57.02806603773587,11.888396226415097,13.618867924528303,12.161744961471694,11.548679245283019,6.7207547169811335
t1_fz31bwt,37.86175000000003,11.158250000000002,15.745,14.554592549557764,10.433437500000004,12.337500000000002
t1_izgweld,20.674444444444475,17.08320987654321,20.18271604938272,18.243605946275583,17.71333333333333,14.251851851851857
t1_ihsfua1,87.4509285714286,3.8440714285714286,5.551428571428572,7.554174236665414,3.588421052631581,4.498214285714287
t1_irakgku,76.0839411764706,6.025764705882356,8.381176470588235,9.888512548439397,7.6039705882352955,8.720588235294116
t1_hlfwh82,10.442500000000024,19.7525,24.05,20.267338824336647,21.505312499999995,16.081249999999997
t1_grzeb38,24.567500000000024,13.807500000000001,15.4,15.112257680678326,14.829999999999998,16.062499999999996
t1_ept96pu,33.02711538461543,13.497051282051284,16.005128205128205,15.247664890283005,12.836153846153849,12.276923076923076
t1_e2zok2d,67.75500000000001,6.790000000000003,9.561904761904762,9.957137785484202,5.877142857142857,7.280952380952385
t1_eidgfk0,50.456021126760575,15.040915492957748,16.453521126760563,13.023866798666859,17.41549295774648,8.690140845070427
t1_fo5ioe5,51.59525000000002,7.615500000000001,10.5,9.516144504307135,5.969615384615388,8.232
t1_jntyhkd,72.85258503401364,7.155510204081633,8.165986394557823,10.504223727775692,6.301282051282051,6.416326530612249
t1_kb75zqy,55.21529411764709,9.781176470588235,12.68235294117647,13.023866798666859,10.754571428571431,10.776470588235295
t1_gt2seyp,58.92603853383463,9.170441729323311,10.860526315789475,11.698219412168324,10.223166666666668,10.547368421052632
t1_gl44zio,43.951434782608715,13.98559420289855,17.706666666666667,15.381575749822971,15.03260869565218,10.320289855072467
t1_k6ntofu,37.77664179104477,12.745863539445633,15.418336886993604,15.151101081350806,12.493873015873014,12.129850746268659
t1_jmiosd4,59.907894736842124,9.623508771929828,12.512280701754387,13.023866798666859,11.454736842105262,11.03157894736842
t1_hfwvtpq,57.20588235294119,9.503529411764706,13.388235294117647,12.68835289967788,11.167674418604655,11.390588235294118
t1_he6bn4n,64.43997014925375,7.600179104477611,9.539104477611941,10.355215969177355,6.6407462686567165,7.701492537313431
t1_etn0b69,56.97846153846157,8.541538461538462,10.328205128205129,11.855464076750408,9.103076923076923,9.733333333333334
t1_h0ye9qi,-67.94585365853652,32.921951219512195,39.81463414634146,31.115726806387368,35.71609756097561,27.89756097560976
t1_gan0868,60.176607142857165,7.039642857142859,12.642857142857144,11.20814326018867,7.1678571428571445,9.320000000000004
t1_gt74hev,31.534957055214733,16.959582822085896,20.892760736196323,17.58133193835471,18.592317073170726,11.793865030674844
t1_iu9muqj,62.41930555555557,8.969583333333333,11.111111111111112,11.645159339076184,8.12401388888889,6.822500000000002
t1_gc26su3,48.244022988505776,8.931724137931035,12.142528735632183,11.20814326018867,8.739885057471263,11.53793103448276
t1_h318su7,60.49000000000001,9.29388888888889,11.088888888888889,10.686352973137792,9.942499999999999,9.541666666666664
t1_fljzt9i,53.230245901639364,10.16451990632319,13.5288056206089,13.023866798666859,12.05965156794425,12.404918032786888
t1_gt3fxpx,47.38416666666666,12.239814814814817,15.814814814814817,14.314028922438442,14.443602941176472,12.314074074074078
t1_fm77oyh,93.54500000000002,2.057142857142857,3.740659340659341,5.288315135182226,0.14673854447439538,1.7423076923076941
t1_cjo20mz,72.45500000000001,6.134444444444444,8.688888888888888,9.2995712137729,6.28833333333333,7.511111111111113
t1_eflzkl3,65.319,7.726000000000003,8.537777777777778,9.888512548439397,6.114583333333332,6.472222222222225
t1_exfcuka,60.15920731707318,9.961097560975613,14.053658536585367,13.023866798666859,12.369999999999997,11.048780487804876
t1_ikhrlnu,62.76387978142078,9.556393442622952,12.06775956284153,11.855464076750408,13.05879781420765,11.459016393442624
t1_hgdtk8u,66.74784090909091,7.3652272727272745,9.136363636363638,9.516144504307135,8.481181818181817,9.781818181818185
t1_j6i85t6,32.695827338129504,13.631983556012333,15.137101747173688,15.532846611407376,13.336197327852005,12.669064748201436
t1_dxbfss4,45.26235294117649,11.169411764705881,12.917647058823531,13.023866798666859,14.221764705882357,14.870588235294111
t1_kanb5fh,34.98750000000001,12.478333333333335,15.084848484848486,14.90622815163357,13.224545454545456,14.04242424242424
t1_dflctcf,55.36522887323949,9.946584507042253,11.043661971830986,12.161744961471694,11.583750000000002,11.450704225352109
t1_f09c3oc,69.10833333333336,6.270000000000003,9.266666666666666,9.725611199111238,6.275833333333331,8.431250000000002
t1_k26rhnv,48.75619047619048,9.357142857142861,10.380952380952381,10.864195022040775,9.837333333333333,11.574285714285718
t1_ey5lll2,52.381904761904764,8.851428571428574,11.523809523809526,11.20814326018867,8.626190476190477,10.994285714285713
t1_iahxfuq,50.09161290322584,11.77345622119816,14.534562211981566,13.484332010920856,12.889505494505492,11.114838709677421
t1_gjn25g8,38.947954545454564,14.658636363636365,16.81818181818182,14.554592549557764,15.533571428571427,11.912727272727277
t1_gsihpsd,37.8034267912773,16.84710280373832,20.24797507788162,16.728156217252725,20.08416666666667,11.82803738317757
t1_fc4m35f,20.887500000000017,14.445000000000004,19.933333333333337,16.52667757954773,14.79454545454545,15.27272727272728
t1_fkasum1,40.4914285714286,12.828571428571426,17.288888888888888,16.32212239822248,14.937619047619044,13.723809523809521
t1_d2odas9,49.91409090909093,11.762727272727272,15.163636363636364,13.81666964889586,14.511590909090913,12.777272727272727
t1_igad9lf,61.6357347670251,8.940860215053764,11.792114695340501,12.060818386365153,9.424465949820789,9.198709677419355
t1_fvpox2v,46.07243589743592,11.139230769230767,13.856410256410255,13.023866798666859,10.514935897435898,10.71153846153846
t1_eevt1h1,22.544193548387113,17.816129032258065,21.43225806451613,19.287186520377343,20.202903225806452,15.238709677419358
t1_dwr2hul,67.2632142857143,6.48595238095238,8.644444444444444,9.725611199111238,8.1059375,9.736507936507937
t1_dwkdz1y,22.868235294117653,14.292941176470588,19.741176470588236,17.122413403193683,13.25205882352941,14.017647058823531
t1_jd4e1rk,67.75207692307694,6.392923076923079,8.775384615384615,9.3871,9.584423076923077,12.026923076923076
t1_fdlf58l,54.61500000000001,10.113333333333333,14.977777777777778,13.81666964889586,9.55,9.299999999999997
t1_ibr3h5a,57.251660447761196,9.43503731343284,11.476119402985075,11.698219412168324,10.143507462686564,10.56716417910448
t1_hgvmqv5,67.32894736842107,8.588421052631581,9.705263157894738,10.686352973137792,9.512894736842103,8.131578947368421
t1_et51gb7,37.149391891891895,12.673648648648651,16.048648648648648,15.903189008614273,12.26108108108108,12.070270270270267
t1_f76px00,59.09622093023259,10.357790697674421,15.111627906976745,13.81666964889586,12.977045454545454,11.553488372093021
t1_ezaowcf,52.01950000000002,9.109000000000002,11.4,12.161744961471694,9.939999999999998,12.688000000000002
t1_gboo7yh,90.32934210526317,3.0202631578947354,5.905263157894737,7.168621630094336,2.401538461538461,4.436842105263157
t1_gx32dqr,62.68000000000002,8.740000000000002,10.917647058823531,11.698219412168324,9.026911764705883,8.30294117647059
t1_hqg51cm,59.85838235294119,11.245196078431373,13.337254901960785,13.023866798666859,11.452941176470588,6.694117647058825
t1_e3g2hoq,21.930000000000035,13.181666666666665,14.8,13.81666964889586,12.24125,15.083333333333336
t1_d1z72ut,41.611323529411806,13.790294117647061,14.905882352941177,13.023866798666859,15.701176470588237,12.6078431372549
t1_dtiyukh,42.65485365853661,11.384048780487806,13.877073170731705,13.662883650711645,11.81341463414634,12.526829268292683
t1_f7mhfqg,69.78500000000001,6.010000000000002,6.666666666666668,7.793537801064561,5.550000000000001,7.726666666666663
t1_hx89t3m,71.41629237288137,6.962500000000002,8.611864406779661,10.125756701596842,6.621101694915254,7.06440677966102
t1_ex6ypyb,59.86157142857144,9.083428571428573,11.481904761904763,11.20814326018867,9.230357142857144,9.090476190476188
t1_fz2nnut,51.094659863945594,14.24795918367347,15.515646258503402,11.855464076750408,16.675068027210877,9.216326530612246
t1_gmr24ws,33.53159420289856,10.486956521739135,11.762318840579711,10.504223727775692,11.482463768115942,14.886956521739133
t1_dzus7a9,44.04392857142861,11.463571428571427,16.142857142857146,14.554592549557764,9.524285714285714,9.520000000000003
t1_jifup35,35.91379310344831,15.454482758620689,17.80689655172414,15.247664890283005,17.17881355932203,12.379310344827584
t1_fpt23gw,33.125,11.123333333333338,16.0,13.023866798666859,12.143999999999998,14.686666666666664
t1_k5jqdng,52.70534090909095,10.690227272727274,11.855844155844157,11.698219412168324,11.439155844155842,10.683116883116888
t1_dpzhppp,62.44644230769234,6.971474358974358,8.002564102564103,9.516144504307135,7.478076923076923,9.717948717948719
t1_h8ogbzf,52.89213235294119,11.161029411764705,13.676470588235293,13.427899808715576,11.692176470588237,9.760000000000002
t1_jfjyadp,69.23721751412432,6.045000000000002,8.679096045197742,9.2995712137729,5.780666666666669,7.633898305084749
t1_gisxy30,61.04500000000003,9.713333333333335,12.0,11.20814326018867,9.843499999999999,8.530000000000001
t1_gv28ztq,45.362142857142885,17.36619047619047,18.704761904761906,13.023866798666859,21.038837209302322,9.73333333333333
t1_jgu3je5,65.69826315789477,9.759894736842103,12.628771929824563,11.602472056035307,9.718947368421055,6.457894736842103
t1_i6ez2cw,34.99403037383178,15.023808411214958,17.428971962616824,15.247664890283005,18.224158878504674,14.58691588785047
t1_g3w6y6w,59.846250000000026,8.318988095238097,11.31904761904762,11.765960540728905,10.191060382916053,11.464583333333334
t1_dicooxf,65.555,6.600000000000005,11.0,10.686352973137792,7.120000000000001,8.935000000000002
t1_cxcwsmw,61.665000000000006,9.130000000000003,12.755555555555556,12.161744961471694,8.372500000000002,7.527777777777775
t1_ffvb5pr,64.50551470588238,7.429558823529412,9.805882352941177,10.125756701596842,9.326176470588237,11.333333333333332
t1_ir19bs6,42.129999999999995,19.05914893617022,21.353191489361706,14.554592549557764,24.01659574468085,9.97872340425532
t1_fqcjsnr,39.46957547169811,14.337452830188681,15.50566037735849,14.191785591663535,16.634722222222216,13.067924528301887
t1_epiu9zy,44.98885714285717,10.114476190476193,12.024126984126983,12.68835289967788,9.915238095238095,11.955555555555556
t1_gtgrxs3,70.25959507042258,7.869119718309857,9.916901408450705,10.686352973137792,7.865979020979022,7.20281690140845
t1_hy1qqxs,51.51427884615387,8.092596153846156,10.634615384615385,10.411451182825502,8.066500000000001,10.360000000000007
t1_g4am6if,69.28416666666669,5.541595744680851,8.239716312056737,9.725611199111238,7.606666666666666,9.668085106382982
t1_howxfds,52.29869565217393,11.678550724637685,12.678260869565218,11.855464076750408,14.848695652173916,12.669565217391302
t1_hoo8yfv,47.565,11.096666666666668,12.385185185185186,11.855464076750408,11.890727272727275,12.414814814814811
t1_hg0kkuj,56.922,10.08966666666667,13.096666666666668,13.348371206891418,10.934999999999995,10.26875
t1_hlc3hbc,77.19916666666668,5.845370370370372,9.103703703703705,9.516144504307135,4.916964285714286,5.529629629629628
t1_k3rq183,42.322657657657686,13.484054054054056,15.001801801801804,14.314028922438442,14.485157657657659,11.177027027027027
t1_hf6t852,51.295578947368455,8.936701754385968,10.174035087719298,10.793553405168563,7.902631578947364,10.094736842105267
t1_g0pb1bn,78.59542237442925,5.319383561643836,7.606392694063927,8.841846274778883,3.7514155251141545,4.490410958904111
t1_jed1bk6,73.94235465116282,5.616453488372091,7.090697674418604,8.841846274778883,5.632906976744188,7.344186046511627
t1_fnwt7z6,56.77840909090912,9.438939393939396,13.872727272727275,13.023866798666859,9.513636363636365,9.2969696969697
t1_k2d17jz,75.50311111111111,6.752691358024695,9.442962962962964,9.3871,7.71962962962963,7.720987654320986
t1_jikjg3s,46.04250000000002,11.681666666666668,13.953846153846156,13.81666964889586,11.145384615384614,9.823076923076925
t1_gvq5mg0,37.14390449438204,19.133539325842694,22.29438202247191,15.903189008614273,23.73494382022472,11.166292134831462
t1_gxklosu,43.911,12.500666666666671,14.936296296296298,14.265292616868656,12.660733944954124,10.701851851851853
t1_f9b2zh8,54.37000000000003,9.402222222222225,11.333333333333336,11.20814326018867,8.991999999999997,9.164444444444445
t1_emksy92,79.32142857142858,5.673571428571428,9.885714285714286,10.125756701596842,5.1408620689655145,5.596428571428575
t1_gufpuie,44.156470588235294,11.323660130718956,13.597385620915032,13.731508374201276,11.537532467532465,11.762091503267971
t1_ibj6t6i,79.34892857142859,4.800238095238097,8.009523809523811,8.841846274778883,4.23,5.5476190476190474
t1_gu8ea7e,37.83173513986017,12.423208041958045,16.940209790209792,15.414825405933506,14.06666666666667,13.977622377622378
t1_hm254zx,58.2225,7.001666666666669,8.333333333333334,8.841846274778883,8.068000000000001,9.833333333333332
t1_fb689r5,53.153333333333364,10.636613756613759,11.862433862433862,11.491704259439757,10.72388655462185,9.731851851851854
t1_gyrc8hk,43.753000000000014,11.827106382978727,13.477446808510638,12.68835289967788,13.373936170212765,12.797872340425531
t1_dy74uqc,32.98471411192216,14.331058394160582,18.47639902676399,16.728156217252725,15.94323600973236,13.76642335766423
t1_jraxqgr,23.030882352941205,18.493529411764708,20.658823529411766,18.243605946275583,22.306176470588234,15.570588235294117
t1_gbys40f,46.63886363636365,13.585909090909094,17.545454545454543,15.903189008614273,14.46526315789474,10.330909090909092
t1_e390jy4,63.802321428571446,6.5339285714285715,9.214285714285714,9.516144504307135,4.4764285714285705,6.420000000000005
t1_icqh4om,84.29556818181821,3.6698863636363654,6.407575757575758,8.00094639256281,3.2945738636363657,4.552083333333336
t1_exiixvj,55.93580459770118,10.260344827586206,13.250574712643678,13.023866798666859,10.48735632183908,9.56896551724138
t1_jsh4nf1,40.60000000000002,12.565000000000005,16.0,14.554592549557764,12.809268292682923,12.445
t1_h7cx44m,50.3827027027027,15.423783783783787,19.124324324324323,15.247664890283005,16.737432432432435,6.991891891891893
t1_jayge8u,-17.070105042016763,30.421722689075633,33.884033613445375,25.62020457492028,35.115546218487395,15.968067226890756
t1_hjyjayu,59.91298850574714,7.304137931034482,8.004597701149425,9.725611199111238,6.303678160919539,8.73793103448276
t1_ibtsakd,56.88865384615386,10.168846153846157,11.902564102564103,12.161744961471694,11.06585365853659,10.938461538461539
t1_ew5o3zf,79.90812500000001,4.385089285714287,6.1571428571428575,7.957251820313856,3.0683516483516513,5.068750000000001
t1_jf8ewsk,59.68250000000003,10.772872340425533,13.65531914893617,13.023866798666859,12.005625000000002,9.348936170212767
t1_gkzii57,40.184642857142876,14.610357142857143,17.62857142857143,15.903189008614273,17.41212389380531,12.81607142857143
t1_fzvie0m,57.96690476190477,9.811428571428575,13.180952380952384,13.023866798666859,11.621547619047618,11.096428571428572
t1_hvdbhzd,84.88806557377049,4.449967213114757,5.535737704918033,6.742157984588678,4.28213114754098,5.35409836065574
t1_gxc6pm7,25.080688775510225,18.890799319727893,22.046938775510206,19.78447435784618,21.83162162162163,12.946938775510205
t1_euqbtx8,66.67612068965518,7.561551724137935,11.317241379310346,11.20814326018867,7.745862068965515,8.758620689655174
t1_k2kncfb,44.6429026548673,12.647008849557523,16.473628318584073,14.836745963215662,13.503362831858404,11.428318584070794
t1_hgnn0ca,54.97173387096777,11.367822580645164,14.461290322580647,13.427899808715576,12.52951612903226,9.806451612903228
t1_gtqa1c4,77.28750000000002,6.578333333333337,9.024242424242425,8.841846274778883,5.374545454545455,4.375757575757579
t1_jdijyir,54.37000000000003,9.402222222222225,11.333333333333336,11.20814326018867,12.759999999999998,12.902222222222225
t1_gg1xctq,42.9975,12.85166666666667,14.333333333333336,13.81666964889586,14.102666666666671,12.399999999999999
t1_di0tf0w,63.98400000000001,6.996571428571432,10.152380952380952,10.914260884657427,7.037542857142856,9.2
t1_dvmxtkp,58.791666666666686,8.891957671957673,10.986243386243387,11.20814326018867,8.525952380952383,8.918518518518518
t1_gnzeau1,37.640000000000015,14.220000000000002,16.400000000000002,14.554592549557764,16.392079207920794,13.814
t1_gti8t2s,37.08676975945019,16.118969072164948,19.531271477663232,17.122413403193683,19.05564625850341,12.164948453608247
t1_jyv5s36,35.87159090909094,15.087727272727275,18.272727272727277,15.903189008614273,17.411454545454546,13.283636363636365
t1_kc4rnom,60.847153846153844,8.647846153846157,10.342564102564104,11.20814326018867,7.746153846153845,7.658974358974355
t1_jgd1w5c,52.292789634146345,9.785111788617886,12.003658536585366,11.698219412168324,11.186036585365855,12.029268292682925
t1_ghx9iix,50.86831081081081,10.760135135135137,13.165765765765768,12.745084868956482,11.497297297297301,10.92072072072072
t1_girn761,53.70677728613569,10.447035398230089,14.258997050147492,13.81666964889586,12.078525073746313,11.67964601769912
t1_dv5ircm,38.05727118644069,13.814000000000004,16.219661016949154,14.554592549557764,17.073305084745762,14.84576271186441
t1_gthr1lw,74.27000000000001,6.8750000000000036,8.275,8.841846274778883,7.24984375,6.818749999999998
t1_dwvwcc1,58.42576923076926,11.56923076923077,15.015384615384617,13.023866798666859,12.583846153846153,8.380769230769229
t1_fdozq1x,64.015,8.802222222222223,9.422222222222222,10.125756701596842,7.064166666666669,5.755555555555556
t1_du0xjc4,54.20423469387757,11.785408163265306,13.881632653061224,13.81666964889586,12.35142857142857,8.914285714285715
t1_h7q6cnw,43.14592741935485,13.017284946236561,16.18172043010753,14.554592549557764,13.546684210526315,11.240860215053765
t1_f6p3ul1,52.98213028169016,10.278978873239438,13.29718309859155,13.81666964889586,9.362200000000001,9.816901408450704
t1_i3vrtci,60.31166666666668,9.650000000000002,13.250574712643678,12.457975602129121,9.238633879781418,9.26896551724138
t1_kei3mp6,27.517837837837845,18.612972972972972,20.205405405405408,17.122413403193683,23.54783783783784,14.908108108108106
t1_j0mm67k,38.4325570776256,13.94383561643836,17.952511415525112,15.903189008614273,14.544748858447491,12.063013698630133
t1_gru6jor,49.657976190476205,10.970357142857146,13.538095238095238,13.023866798666859,12.620412979351038,11.614285714285714
t1_e83mhq9,35.007025862068986,13.77985632183908,16.97586206896552,15.579741850924794,14.94396551724138,13.372413793103444
t1_dy393qs,21.53418604651162,20.93813953488372,22.781395348837208,17.122413403193683,26.139302325581397,14.400000000000002
t1_hru767g,80.68684210526318,6.725263157894737,9.705263157894738,8.841846274778883,6.91,5.68947368421053
t1_fwa4gqt,59.32876288659796,8.426656848306333,10.078939617083947,10.608840637214634,9.433061224489798,10.16701030927835
t1_jh57d37,6.170000000000016,20.099999999999998,22.72258064516129,20.267338824336647,22.026129032258062,17.109677419354842
t1_guhjius,46.97909090909093,9.439393939393941,15.30909090909091,13.023866798666859,7.049090909090911,9.103030303030302
t1_gxdbfon,45.06578947368425,11.693684210526317,13.915789473684212,13.5591,13.024736842105263,12.354385964912282
t1_grux0lh,44.094231927710865,12.263945783132531,12.155421686746989,12.602617957971052,14.101941176470582,13.520481927710847
t1_fdt05co,70.35000000000002,7.173333333333336,8.666666666666668,8.841846274778883,8.678,9.293333333333337
t1_exagppq,64.66583333333335,7.593518518518522,9.103703703703705,9.516144504307135,9.480555555555558,10.792592592592595
t1_cwkcalg,51.322099056603804,9.392594339622644,11.337735849056605,12.161744961471694,9.900283018867924,11.294339622641509
t1_k6u773a,30.274365853658566,13.110878048780489,13.877073170731705,13.348371206891418,14.570487804878049,15.426829268292682
t1_dqlmrfp,22.245000000000033,19.100000000000005,21.06666666666667,18.243605946275583,17.95594594594595,10.12222222222222
t1_hzw41mn,65.55750000000002,9.705000000000002,10.777777777777779,11.20814326018867,11.38133333333333,9.177777777777777
t1_eyelvev,31.257045454545477,15.731363636363636,18.272727272727277,16.827784334635936,15.613090909090907,11.121818181818181
t1_diebx8y,79.19776315789476,4.572894736842105,6.957894736842106,8.07648339933343,4.143157894736845,5.657894736842103
t1_gbsfufc,53.50026881720433,10.931290322580647,12.782795698924733,12.457975602129121,12.301397849462369,10.9258064516129
t1_iv7fmry,37.44186855670105,14.06131443298969,17.535051546391752,15.903189008614273,14.763100000000001,12.637113402061853
t1_ivaf0yr,58.72749999999999,9.539722222222224,12.200000000000001,11.698219412168324,10.138750000000002,9.340277777777775
t1_hvaeb40,74.68978658536587,5.387987804878048,6.051219512195122,8.841846274778883,8.623536585365855,10.878048780487806
t1_h17bkg7,47.201586206896565,10.99829885057471,12.937011494252875,13.348371206891418,11.90275862068966,11.898850574712643
t1_hl44mw5,57.55839534883722,9.504046511627909,12.46139534883721,11.979248473330827,10.227093023255811,9.995348837209306
t1_inm8hm3,72.40609836065575,6.190950819672132,9.47016393442623,9.888512548439397,4.899836065573773,6.209836065573775
t1_hhtd880,25.369,13.298222222222225,14.648888888888889,13.662883650711645,13.899166666666666,15.25277777777777
t1_gxd9iny,54.37000000000003,9.402222222222225,10.88888888888889,12.457975602129121,9.777000000000001,10.13111111111111
t1_f5x3kqq,41.97560606060608,11.048181818181817,14.048484848484847,13.023866798666859,9.560378787878786,10.390909090909087
t1_huihxt7,60.27721153846156,7.2740384615384635,10.053846153846155,10.125756701596842,7.478076923076923,10.164102564102564
t1_ino5ury,32.82000000000002,17.625000000000004,21.622222222222224,17.693802365651003,19.335,10.766666666666666
t1_iukf0bt,62.62408602150538,7.091612903225808,10.58494623655914,10.504223727775692,7.134731182795701,9.400000000000002
t1_gny9w6i,50.56564655172417,11.609741379310346,14.677011494252874,13.427899808715576,13.20909090909091,10.77241379310345
t1_euffflx,51.13755980861245,10.846794258373208,12.576076555023924,12.40481918309499,12.522383177570099,11.309090909090912
t1_ekzj0w3,67.8844871794872,5.943846153846156,6.543589743589743,7.793537801064561,7.540256410256408,9.33846153846154
t1_dv52oyg,29.99507792207794,16.727194805194802,19.852467532467536,16.887214914478655,18.4987012987013,12.954545454545453
t1_e4xcv8h,45.89364516129035,13.01909677419355,16.049032258064518,14.554592549557764,13.98822580645161,10.83709677419355
t1_ialtcxq,91.55185714285714,2.5764761904761926,4.312380952380953,5.683917801722854,1.7195348837209288,3.6000000000000014
t1_fsxo0dp,70.14470588235295,7.698823529411765,9.15294117647059,8.841846274778883,8.680588235294117,7.705882352941174
t1_gw2t76k,73.74915473755968,7.472106339468304,8.96223585548739,9.150863307647796,6.207079945799457,4.804907975460125
t1_j468enl,44.96315018315019,14.523516483516484,17.408058608058607,14.554592549557764,16.05797101449275,10.248351648351651
t1_hg0kqc9,56.922,10.08966666666667,13.096666666666668,13.348371206891418,10.934999999999995,10.26875
t1_kde6dk3,59.09654008438821,11.55848101265823,15.09029535864979,13.023866798666859,12.460666666666668,7.817721518987341
t1_ex53tdk,60.25706081081083,7.152635135135139,9.105405405405406,10.125756701596842,7.488684210526316,10.0
t1_inbwxt1,28.444999999999993,13.26666666666667,16.400000000000002,14.554592549557764,13.652499999999996,14.370833333333326
t1_j5ucj88,65.27600000000002,10.365333333333336,14.266666666666666,12.457975602129121,11.166000000000004,6.9893333333333345
t1_h87wuuf,32.565000000000026,16.170000000000005,21.333333333333332,18.243605946275583,18.062000000000005,12.309999999999999
t1_i93tc96,35.031666666666666,12.844814814814818,15.348148148148148,15.021129683784007,14.347222222222221,14.777777777777775
t1_ezu2gtr,78.12846153846156,5.5915384615384625,8.276923076923078,8.841846274778883,6.536730769230768,6.796153846153846
t1_gjusp8f,29.748571428571466,14.326984126984126,16.019047619047623,15.021129683784007,16.299687499999997,15.841269841269849
t1_gkxith8,25.88730769230773,16.10769230769231,20.01538461538462,17.971250198000288,17.973173076923082,14.626923076923081
t1_ffurfu0,59.280151515151545,8.634545454545453,9.503030303030304,9.725611199111238,9.988560606060602,10.522727272727273
t1_gvdybd6,70.78257861635223,7.775471698113208,10.462893081761008,10.504223727775692,9.575880503144653,7.8037735849056595
t1_exiozm7,30.731290322580662,16.674193548387098,18.851612903225806,15.903189008614273,19.291290322580643,13.741935483870968
t1_gxbc5d7,40.83173300165839,11.262935323383086,13.716749585406303,13.023866798666859,11.462504145936983,12.423880597014925
t1_kfkui6e,64.66285714285716,9.457142857142859,10.304761904761905,8.841846274778883,8.659318181818183,7.647619047619049
t1_e3f3qay,74.86233333333335,6.958000000000002,9.066666666666668,8.841846274778883,8.663533333333334,7.944000000000003
t1_fvy5ilb,40.660426208651415,13.012022900763363,15.756234096692111,15.021129683784007,16.59613231552163,14.943511450381685
t1_jlgd7c0,49.48400000000001,12.568000000000001,14.8,15.247664890283005,13.395400000000002,10.16
t1_gyl5nvu,56.110000000000014,10.40166666666667,12.333333333333336,11.538034831475386,11.884499999999996,10.173333333333332
t1_johr9g7,65.40500000000003,7.117777777777778,9.244444444444445,10.504223727775692,6.465135135135132,7.994444444444447
t1_e43isyj,38.20500000000004,15.383333333333336,20.0,17.122413403193683,18.335483870967742,13.759999999999998
t1_dk4f13q,66.965,6.4033333333333395,6.666666666666668,7.793537801064561,4.765000000000001,6.373333333333331
t1_h9ybqe7,47.45500000000003,14.590000000000003,15.3,11.20814326018867,18.414375,12.45625
t1_h5nxa6r,35.72450581395353,16.28827519379845,18.791472868217053,15.903189008614273,19.705465116279065,13.0015503875969
t1_hfszr26,69.46163654618478,7.007409638554218,9.388755020080323,9.725611199111238,7.33425702811245,8.404819277108434
t1_imwd43s,7.497173913043497,23.64130434782609,27.96521739130435,23.72669961743115,28.191739130434783,15.456521739130437
t1_g1gtskh,40.052878787878825,11.316363636363636,13.13939393939394,12.457975602129121,12.55765151515152,13.686363636363634
t1_fvvwmd7,33.97743362831861,12.530493046776236,15.30670037926675,14.138980108339055,12.150455120101142,13.214159292035397
t1_jeh92lw,78.19795454545455,3.7186363636363637,6.745454545454546,7.6454224807358475,3.264318181818183,4.6545454545454525
t1_gxljv68,15.56617647058826,19.53470588235294,21.247058823529414,19.287186520377343,22.652499999999996,15.655882352941177
t1_j5sxio3,72.00846153846156,7.367887667887672,9.07887667887668,9.606745405546679,7.417655677655677,6.17435897435897
t1_gqurlxb,44.69666666666669,13.732592592592596,18.20740740740741,15.903189008614273,16.84111111111111,12.533333333333339
t1_ijn6u4f,3.000356234096728,23.688854961832067,26.626972010178118,22.361069737912963,27.548753180661578,16.196946564885497
t1_h5w43gd,28.62068965517244,16.471724137931037,21.255172413793105,18.243605946275583,18.325344827586207,13.679310344827584
t1_immj2qa,65.97975000000002,8.714500000000001,11.233333333333334,11.20814326018867,9.548200000000001,8.064
t1_geasb34,78.99827956989247,4.807741935483875,6.713978494623657,7.793537801064561,5.159569892473122,6.593548387096774
t1_etbyfam,58.885865384615386,9.082884615384618,10.807692307692308,10.686352973137792,9.81023076923077,10.218461538461536
t1_ebmj8s4,71.39410377358492,9.884622641509434,12.109433962264152,8.841846274778883,11.370943396226416,6.611320754716981
t1_fyqgpgd,78.87285714285717,3.997142857142858,7.561904761904763,8.344100000000001,4.162142857142857,5.933333333333337
t1_kc0ct8j,43.78346153846158,13.611538461538462,18.092307692307692,15.903189008614273,18.380769230769232,14.961538461538463
t1_iwx22z4,49.48100000000002,8.842000000000002,10.4,11.602472056035307,11.1706,13.14
t1_f0nkl9e,58.62000000000002,10.3,15.06666666666667,13.81666964889586,12.732142857142854,10.961904761904762
t1_dwjes1m,67.59012578616354,8.220754716981133,11.59496855345912,11.20814326018867,9.886918238993715,9.554716981132074
t1_ivl20c7,60.880888888888904,8.792197530864197,11.418271604938273,11.20814326018867,9.347777777777779,9.367901234567903
t1_i04pj4v,47.26658634538154,13.539759036144577,16.84979919678715,14.554592549557764,15.077054263565891,11.151807228915661
t1_g4rvc89,35.47205882352944,16.75823529411765,18.30588235294118,14.554592549557764,19.951176470588237,12.158823529411766
t1_dzs76tc,43.845051020408164,13.23030612244898,15.514285714285714,13.81666964889586,14.46612244897959,11.755102040816329
t1_eya796u,16.107500000000016,14.9875,17.650000000000002,15.903189008614273,14.388437500000002,15.881249999999998
t1_e4j7j75,63.38008438818568,10.961012658227848,13.571308016877637,11.855464076750408,12.663375527426162,8.331645569620253
t1_j8pkpz4,72.72000000000003,8.333333333333332,11.257142857142858,10.125756701596842,10.152857142857144,8.06190476190476
t1_gnlf1w7,50.105470588235306,11.338549019607843,13.650196078431373,13.968273953766033,13.36163461538461,12.545098039215691
t1_ib9fbnv,45.37812500000001,22.829375000000002,25.6,3.1291,28.03323076923077,5.034375000000001
t1_gzq4qbj,55.17601449275364,9.372608695652175,13.959420289855073,13.5591,9.581884057971013,10.38695652173913
t1_ef7tvwt,66.0410454545455,6.507363636363639,7.5963636363636375,9.3871,7.165151515151514,9.096969696969698
t1_gd3a1im,71.37714285714287,8.520634920634922,10.93968253968254,9.725611199111238,9.704285714285717,7.555555555555557
t1_g9t3m81,32.459736842105286,18.1721052631579,21.51578947368421,17.122413403193683,20.500263157894736,9.97894736842105
t1_f7avfmg,50.09537148594379,9.708614457831327,13.726104417670683,13.023866798666859,8.866425702811249,9.662650602409638
t1_ja7zgep,54.7732170542636,12.741162790697675,14.257364341085273,11.855464076750408,13.495891472868216,7.581395348837209
t1_dk957s4,17.12240566037738,17.45443396226415,19.656603773584905,17.693802365651003,18.569245283018866,15.475471698113207
t1_f8e75di,61.90345454545454,9.141909090909092,10.872727272727275,11.022393298168332,10.787009090909095,9.861
t1_h6g00li,64.71000000000002,7.960000000000004,8.666666666666668,8.841846274778883,11.347000000000001,11.806666666666665
t1_kb88zba,29.938875502008045,15.956626506024097,19.741365461847394,17.5058628484301,18.677188755020083,14.016867469879521
t1_gq4m4c7,76.19195895522388,6.79324626865672,8.491044776119404,8.07648339933343,5.984014084507045,5.71940298507463
t1_i0slrpz,51.995350877192976,12.300526315789476,13.817543859649124,13.023866798666859,13.547192982456139,10.047368421052632
t1_hfpavwq,61.61361344537818,8.888739495798319,10.833613445378152,11.20814326018867,8.561848739495797,8.33949579831933
t1_eo9w9jc,63.17728358208956,7.776298507462688,11.330149253731344,11.20814326018867,7.835820895522385,9.000000000000004
t1_gsih0dt,57.460897435897465,9.55076923076923,10.01025641025641,10.504223727775692,11.941949685534588,12.16153846153846
t1_duz6xqn,55.83397435897439,9.777692307692309,13.087179487179487,12.745084868956482,10.016762820512824,10.042307692307691
t1_e2momt5,63.020000000000024,10.68,14.8,13.023866798666859,11.2288,7.6080000000000005
t1_heaw6an,60.634285714285724,10.019047619047623,13.161904761904763,12.161744961471694,10.208928571428572,8.200000000000003
t1_dp0t655,52.74250000000002,13.852500000000003,16.55,13.81666964889586,14.955468750000001,8.015625
t1_itq73rp,-7.558571428571412,23.008571428571432,26.571428571428573,24.50423929779172,24.060857142857145,17.491428571428575
t1_eclxulv,15.35250000000002,23.0425,25.033333333333335,19.287186520377343,28.180625,14.395833333333332
t1_htwwxhl,74.86066666666667,4.888000000000002,8.133333333333335,8.841846274778883,5.909866666666666,7.908000000000001
t1_glu1ikf,78.33000000000001,5.315000000000001,7.5777777777777775,8.841846274778883,4.391249999999999,5.255555555555556
t1_i6p1fbq,60.71474358974362,9.09692307692308,11.164102564102564,11.20814326018867,10.696089743589745,10.488461538461536
t1_gg5vpo2,33.51947674418608,13.925232558139538,15.111627906976745,14.554592549557764,15.389302325581397,13.846511627906978
t1_hh1czm0,2.8893896713615277,18.73577464788733,24.114553990610332,20.267338824336647,19.448333333333338,18.07605633802817
t1_jfuqite,56.472965116279084,10.723682170542634,13.251162790697675,12.161744961471694,11.007906976744188,8.990697674418605
t1_iktl5wg,49.848749999999995,10.21916666666667,13.284126984126983,12.602617957971052,10.144523809523808,10.307936507936507
t1_j8fn3kf,50.47625000000002,10.193750000000005,10.15,10.125756701596842,11.119090909090907,12.4375
t1_hwfmek6,87.67750000000001,3.017500000000002,5.7,7.168621630094336,3.7650000000000006,4.0625
t1_iirj3g5,28.96706569343067,16.02592700729927,19.427153284671533,16.887214914478655,17.401459854014597,13.516788321167883
t1_kdel1wj,77.90875,5.311648936170215,8.104255319148937,8.841846274778883,6.291382978723405,7.965957446808517
t1_ged5j24,42.267678571428604,12.146071428571428,13.933766233766233,13.81666964889586,12.662532467532465,11.511688311688314
t1_e33d68o,50.47625000000002,10.193750000000005,13.275,13.81666964889586,10.48796875,11.16875
t1_frcvsos,37.96433823529415,11.131519607843138,15.296078431372548,13.427899808715576,11.912058823529414,13.721568627450981
t1_fy84d9p,47.764351351351394,10.27389189189189,12.947027027027028,12.68835289967788,9.896799999999999,10.886486486486486
t1_hgnt2hn,41.025000000000034,14.990000000000006,16.0,13.023866798666859,20.731,15.306666666666665
t1_dgjhaqp,60.84163793103451,8.375344827586208,12.696551724137933,13.81666964889586,7.583448275862068,8.158620689655173
t1_gnd641q,66.59500000000001,7.2357142857142875,9.60496894409938,10.914260884657427,8.033041474654375,8.804347826086953
t1_ctsjmpi,70.56295731707318,5.963597560975611,6.051219512195122,10.125756701596842,5.4069512195121945,7.058536585365857
t1_eih6xa2,61.98796448087435,7.138934426229508,9.968306010928963,10.504223727775692,7.743825136612024,9.337704918032792
t1_fvvcpfe,53.073846153846176,9.086153846153849,11.96923076923077,12.68835289967788,9.996769230769232,11.636923076923075
t1_fz4d5af,77.53333333333335,6.337021276595745,7.968794326241135,7.793537801064561,5.844609929078015,5.510638297872344
t1_k9mnjkj,53.388181818181835,8.545454545454547,11.672727272727274,11.698219412168324,8.15522727272727,9.850000000000001
t1_el2xr0g,50.71073863636366,9.260492424242425,12.222727272727274,11.93303328291395,10.067803030303029,11.51111111111111
t1_kd9reh7,46.918618421052656,10.255219298245617,12.015789473684212,13.023866798666859,8.997105263157895,9.901754385964914
t1_dsqdn6h,56.64406976744189,8.41073089700997,10.495681063122925,11.491704259439757,8.154581280788175,9.644186046511624
t1_k9bcleb,31.37139534883721,19.566046511627906,21.851162790697675,15.903189008614273,22.962790697674414,11.027906976744191
t1_gtoga4n,37.41500000000002,14.996666666666666,16.914285714285715,15.470042427545799,16.456428571428567,12.142857142857142
t1_ivr5p1o,47.59642857142859,10.098571428571429,14.171428571428573,13.348371206891418,10.600285714285711,12.32857142857143
t1_fthhmax,57.31380952380957,9.322857142857146,10.614965986394559,11.855464076750408,9.156266666666667,9.375510204081635
t1_dw8ojqz,81.84454545454548,4.576363636363638,5.127272727272728,5.683917801722854,4.3658181818181845,5.869090909090911
t1_jizifs5,75.26537209302327,7.034279069767443,9.670697674418605,9.3871,6.776744186046514,6.151162790697676
t1_gdm8c9x,34.021923076923116,14.973076923076924,18.092307692307692,15.903189008614273,17.83730769230769,14.292307692307695
t1_floiprs,61.376994535519145,9.749836065573774,12.06775956284153,11.855464076750408,9.31574358974359,8.98688524590164
t1_ds6snwt,51.651818181818186,11.910735930735932,14.519480519480522,14.138980108339055,11.764805194805199,8.780606060606058
t1_hov10ip,47.76424300254456,12.021183206106873,13.924173027989822,13.295006501635747,13.8930303030303,12.331297709923664
t1_hkyfi2n,72.35158823529413,6.546352941176469,8.969411764705882,10.355215969177355,7.811764705882354,8.976470588235298
t1_hfap2ba,69.1602027027027,8.208783783783787,10.643243243243244,10.125756701596842,7.77552631578947,7.054054054054049
t1_ihuuj43,36.35956521739132,13.901739130434787,15.286956521739132,14.554592549557764,14.74630434782609,12.039130434782606
t1_e9sorvo,71.2218699186992,6.720487804878051,7.417886178861789,9.725611199111238,6.196260162601625,7.214634146341467
t1_ggs1834,47.83000000000001,13.29555555555556,12.281481481481482,13.023866798666859,17.364444444444445,13.3925925925926
t1_gvtomez,51.567028985507264,13.685217391304352,15.310144927536232,13.023866798666859,15.456702898550724,9.334782608695654
t1_ite66co,44.408000000000015,13.276000000000003,14.0,13.81666964889586,15.373600000000003,11.552
t1_elr4ex7,36.252769953051654,14.082253521126763,17.917370892018777,15.903189008614273,17.203896713615023,15.053521126760565
t1_hexc4is,76.60282894736842,6.114868421052634,9.910526315789475,10.125756701596842,6.565172413793103,7.561403508771932
t1_he7jxk8,64.43997014925375,7.600179104477611,9.539104477611941,10.355215969177355,6.6407462686567165,7.701492537313431
t1_emntjd4,78.24500000000002,4.830000000000002,7.2,8.238735603445708,5.1418,6.876000000000001
t1_hd839q5,54.591428571428594,10.861904761904764,14.114285714285714,13.81666964889586,11.274285714285718,9.580952380952382
t1_e69rpxk,63.98693693693693,7.3983783783783785,6.014414414414415,9.725611199111238,6.7590990990991,7.664864864864867
t1_hru9mlm,47.29210526315791,11.383157894736843,14.968421052631578,13.81666964889586,13.107368421052634,12.099999999999998
t1_dzksc2z,82.94344512195123,4.236768292682928,8.002439024390245,8.841846274778883,4.25817073170732,5.219512195121954
t1_ibdbhxh,23.062037953795397,14.22450495049505,18.21848184818482,15.688483145680365,14.687062706270623,15.17425742574257
t1_gtu3dvo,43.164612903225816,13.399741935483874,16.371612903225806,15.112257680678326,16.81848,13.73709677419355
t1_e6p4ziz,48.58000000000001,10.706666666666667,15.427450980392159,14.06817628641468,10.342941176470589,10.435294117647057
t1_fyc7n4p,55.82666666666668,8.785,11.333333333333336,11.20814326018867,6.078416666666666,6.775000000000006
t1_e6t9p6s,63.50875000000002,7.320159574468086,7.253191489361703,8.841846274778883,7.40625,9.200000000000003
t1_gdckh2h,62.0957575757576,9.152727272727272,12.424242424242424,12.457975602129121,11.54357575757576,11.058181818181822
t1_i3p8qqq,62.53253623188408,8.346521739130438,11.35072463768116,11.855464076750408,7.63644927536232,7.865217391304348
t1_hu00gb8,77.1025,4.492500000000003,4.45,7.168621630094336,4.121818181818185,6.600000000000001
t1_h3dit84,93.605,3.184444444444445,5.911111111111111,6.42735559955562,4.064166666666669,4.772222222222226
t1_gx4gv0j,25.703448275862087,16.878620689655175,20.703448275862073,18.243605946275583,18.684657534246575,13.739310344827583
t1_iok3xl9,76.70589285714286,6.473134920634923,8.83968253968254,8.841846274778883,8.350238095238097,8.00634920634921
t1_f5ug1nd,45.00000000000003,12.945,15.433333333333335,14.554592549557764,13.433124999999997,10.6375
t1_fupt4t6,51.8396153846154,9.719670329670329,11.712087912087913,12.031772070788634,9.729725274725276,10.25961538461539
t1_inqk54o,54.05461065573772,9.508319672131147,11.345901639344262,11.698219412168324,10.131065573770492,11.068852459016398
t1_j9fa68n,53.15479729729731,10.441216216216215,14.967567567567569,13.81666964889586,9.460540540540542,8.935135135135134
t1_e2t5fxj,64.26538043478264,8.580978260869564,10.957971014492754,10.686352973137792,9.106739130434782,9.130434782608695
t1_g41pjf0,40.32862189440996,12.633905279503104,16.4972049689441,15.247664890283005,12.299518633540366,11.152795031055899
t1_esiinbd,27.242553763440867,15.87725806451613,18.591397849462364,17.315433740611066,16.647182795698924,13.101935483870975
t1_h5f1psu,9.225945945945966,21.16432432432433,24.52972972972973,20.267338824336647,22.274864864864867,14.124324324324323
t1_evxsz0z,20.628825136612022,20.484754098360657,24.13551912568306,19.287186520377343,24.306448087431697,12.519672131147537
t1_j46883y,44.96315018315019,14.523516483516484,17.408058608058607,14.554592549557764,16.05797101449275,10.248351648351651
t1_h4vlhff,-6.502647058823527,31.05941176470588,33.67058823529412,22.918633597333717,36.725571428571435,13.617647058823533
t1_g3gjzxu,3.5250000000000057,27.673333333333336,30.66666666666667,22.076135915942103,33.062000000000005,12.320000000000004
t1_fdhc0dy,77.53333333333335,6.337021276595745,7.968794326241135,8.841846274778883,5.944822695035459,5.387234042553192
t1_e4ryc34,71.53096491228072,6.428947368421053,10.329824561403509,11.20814326018867,6.594122807017545,6.894736842105264
t1_dipklew,59.581538461538486,8.17846153846154,10.123076923076923,11.20814326018867,9.344615384615388,10.476923076923079
t1_jjkrax5,70.68070231958767,6.412976804123712,8.561340206185568,10.125756701596842,6.725798969072166,7.649484536082479
t1_hhn0cfg,75.41936936936936,5.803783783783789,7.095495495495496,9.725611199111238,6.7590990990991,7.978378378378377
t1_e4dmtmf,49.695833333333354,12.952500000000004,15.66666666666667,14.06817628641468,14.275833333333331,10.132499999999997
t1_gnhr7ae,69.86000000000003,5.751111111111115,9.822222222222223,10.793553405168563,5.678000000000001,7.719999999999999
t1_foatypi,57.14082352941179,7.8232941176470625,9.57019607843137,9.888512548439397,8.605294117647055,11.094117647058827
t1_he8nxcy,65.62112500000003,7.286375000000003,8.870000000000001,9.888512548439397,6.23859375,7.443750000000001
t1_i0q5up8,38.207235772357734,11.325365853658536,16.198373983739838,14.554592549557764,8.72904761904762,10.468292682926833
t1_ibu5a2r,84.0213076923077,4.123692307692309,6.467692307692308,7.554174236665414,2.8669090909090897,5.446153846153848
t1_ixi3hzd,39.154846153846165,11.673487179487182,14.445128205128206,14.265292616868656,10.993164556962029,12.194871794871801
t1_ez4re1h,41.553571428571445,10.941428571428574,15.600000000000001,14.554592549557764,11.306785714285716,13.157142857142855
t1_gcqjde6,63.51183673469389,9.617687074829934,11.66530612244898,11.491704259439757,10.85775510204082,8.870748299319729
t1_gvsk57y,44.56894230769231,11.079807692307693,12.03846153846154,12.161744961471694,13.433307692307693,14.233846153846155
t1_fy3ymut,75.88669230769231,5.258307692307696,6.467692307692308,8.238735603445708,4.874423076923076,6.338461538461537
t1_gk52mrr,26.92500000000004,16.956666666666667,24.0,20.267338824336647,19.945999999999998,14.919999999999998
t1_g31deyc,46.58319264069266,9.950064935064933,12.665800865800868,12.457975602129121,9.851796536796538,11.42077922077922
t1_gtia97x,36.061547619047644,12.866785714285719,18.18095238095238,15.903189008614273,12.787138643067848,12.13214285714286
t1_k6z1u6l,54.48947252747257,10.180527472527473,12.115164835164835,11.602472056035307,11.068064516129034,11.19120879120879
t1_gxdb9ek,45.06578947368425,11.693684210526317,13.915789473684212,13.5591,13.024736842105263,12.354385964912282
t1_g2xkt0z,33.33883720930234,19.291627906976746,22.781395348837208,18.243605946275583,21.757906976744188,9.948837209302326
t1_f33xdmc,30.660833333333358,15.607499999999998,18.666666666666668,16.728156217252725,18.161583333333333,14.627500000000001
t1_ehj956t,45.04897196261686,10.773297730307082,12.095594125500668,12.540900571622839,11.127436582109482,11.859813084112151
t1_dub46ko,56.27880102040817,8.45280612244898,10.614285714285714,11.45678717892309,8.38918367346939,9.718367346938777
t1_jgojurx,60.16999999999999,8.841666666666672,10.566666666666666,11.20814326018867,8.451874999999998,8.570833333333333
t1_kb7mn67,40.39198979591836,13.711938775510205,16.738775510204082,14.90622815163357,15.138979591836737,11.991836734693877
t1_cjvgu50,75.513275862069,6.843546798029557,9.387192118226602,9.236282656511921,6.142352216748769,5.5137931034482754
t1_gncesez,17.545000000000016,19.755555555555556,21.06666666666667,18.243605946275583,20.119999999999997,11.894444444444446
t1_gxifdus,45.473572815534,12.034291262135927,13.676893203883495,13.662883650711645,13.461634615384618,11.875728155339804
t1_ek0lmjc,47.83250000000001,10.562500000000004,13.9,13.023866798666859,11.4446875,12.4375
t1_isrq6y9,70.30794871794872,8.83538461538462,8.666666666666668,7.793537801064561,12.011333333333333,10.049230769230771
t1_ibu4g2y,84.0213076923077,4.123692307692309,6.467692307692308,7.554174236665414,2.8669090909090897,5.446153846153848
t1_f7fz7kg,61.859230769230805,7.8607692307692325,10.200000000000001,10.686352973137792,9.072884615384613,10.700000000000003
t1_fwoh6py,93.41611111111112,2.1066666666666656,3.6104575163398693,5.82211442006289,3.127189542483663,4.761764705882353
t1_gzq4te7,55.17601449275364,9.372608695652175,13.959420289855073,13.5591,9.581884057971013,10.38695652173913
t1_dvxoi49,65.74747126436785,6.490344827586206,9.383908045977012,9.725611199111238,6.141264367816092,7.53793103448276
t1_ewe9ooa,91.96651515151517,4.075454545454548,6.775757575757575,6.42735559955562,4.533999999999999,4.9863636363636346
t1_ieimagk,57.49500000000003,14.183333333333334,16.622222222222224,11.20814326018867,14.625,5.127777777777776
t1_hfpb04f,61.61361344537818,8.888739495798319,10.833613445378152,11.20814326018867,8.561848739495797,8.33949579831933
t1_h87wvoy,32.565000000000026,16.170000000000005,21.333333333333332,18.243605946275583,18.062000000000005,12.309999999999999
t1_gny16id,38.89668103448281,13.237327586206899,16.05632183908046,14.90622815163357,14.041666666666664,12.77241379310345
t1_e75ax0b,44.39557142857146,9.849428571428572,10.90857142857143,11.20814326018867,9.124736842105264,11.69642857142857
t1_e0kuksd,63.381071428571445,8.766428571428573,11.571428571428573,12.161744961471694,8.515,8.360000000000003
t1_gt7hdko,46.17500000000004,12.781111111111112,15.155555555555555,14.06817628641468,14.829726027397264,12.208333333333336
t1_icp4j92,53.54500000000003,12.250000000000004,13.989743589743592,12.457975602129121,14.033076923076926,10.27692307692308
t1_dxabi0m,84.11007591442375,5.97175983436853,8.397791580400277,8.167268648758528,5.476804692891648,4.160248447204971
t1_fl1r4a3,55.40350000000004,8.637,11.4,11.20814326018867,10.442400000000003,10.832
t1_k0257rj,3.1250000000000284,21.27,25.95294117647059,22.076135915942103,23.483676470588236,16.849999999999998
t1_gxljsy9,15.56617647058826,19.53470588235294,21.247058823529414,19.287186520377343,22.652499999999996,15.655882352941177
t1_e9lzdhn,35.8637931034483,13.403054187192119,15.733990147783253,15.343465313023842,12.054866995073894,10.69103448275862
t1_fxljrfy,44.40633333333335,11.206,13.06666666666667,12.457975602129121,13.561933333333336,13.744
t1_gvcazr1,55.0071551724138,9.189137931034484,11.317241379310346,11.20814326018867,11.253999999999998,13.95862068965517
t1_i724qx9,43.54931372549021,10.00058823529412,12.768627450980393,12.457975602129121,9.587549019607845,11.952941176470585
t1_fqzo4j8,44.66551724137932,14.233793103448274,16.427586206896553,13.81666964889586,17.107241379310345,11.979310344827585
t1_ga87avx,59.416568627451,10.60294117647059,12.59607843137255,11.20814326018867,10.267156862745097,7.800000000000001
t1_dyt04ua,74.69500000000002,9.3,11.16923076923077,8.841846274778883,11.044038461538463,6.373076923076923
t1_gg15cpi,57.338214285714315,9.609285714285715,11.571428571428573,11.20814326018867,10.608333333333334,10.68
t1_jtpnx3z,70.90087209302328,8.711279069767443,11.390697674418604,11.20814326018867,9.803023255813951,7.372093023255818
t1_e8ylrnc,73.62000000000003,5.226666666666667,8.933333333333335,9.3871,2.7473333333333336,4.36888888888889
t1_dzcpmo6,72.51946787148597,6.5809036144578315,8.424899598393575,9.2995712137729,6.029076305220887,6.867469879518072
t1_hpvccw6,33.38642857142861,15.55857142857143,19.771428571428572,17.122413403193683,17.129285714285714,12.764285714285712
t1_hwmp6s6,75.12117647058825,7.004705882352944,10.329411764705883,10.125756701596842,9.511764705882353,9.241176470588233
t1_ez8ecp5,52.667725409836095,9.701762295081966,11.345901639344262,11.698219412168324,8.20073770491803,8.501639344262294
t1_ibhs1ur,13.212000000000018,18.422184397163125,21.77645390070922,18.669449996058646,20.595957446808512,16.22269503546099
t1_geb8hpf,36.30551470588236,11.362892156862745,13.727450980392158,13.427899808715576,12.46617647058823,14.631372549019613
t1_ducu5l7,31.71550000000002,11.940999999999999,17.8,14.554592549557764,11.572799999999994,14.080000000000005
t1_i9qi47w,60.811382352941166,8.578307189542489,11.34875816993464,11.979248473330827,10.631960784313726,11.492810457516338
t1_elm8mdl,78.63513052208839,5.727891566265061,7.9429718875502004,8.344100000000001,6.483052208835346,6.308433734939758
t1_e2uwyee,40.95608974358976,10.238076923076925,17.25641025641026,13.81666964889586,11.377128205128201,14.393846153846159
t1_jxrnz3n,58.31446938775511,9.994816326530614,14.370612244897963,13.662883650711645,9.541212121212123,8.13877551020408
t1_jtx49ya,33.48586734693879,14.675204081632653,17.963265306122448,16.52667757954773,14.369999999999997,11.63673469387755
t1_clzliob,55.853898195876326,8.481018041237117,11.447938144329896,11.20814326018867,7.162809278350515,8.785567010309283
t1_kcapsc7,73.94818181818182,8.410454545454545,10.618181818181819,9.516144504307135,9.587499999999999,6.647727272727277
t1_dyjp3rd,71.76000000000002,6.97666666666667,10.666666666666666,11.20814326018867,7.265000000000001,7.940000000000005
t1_g3w7xm9,61.52804004854369,7.875910194174761,10.975242718446603,11.45678717892309,9.364928571428575,11.069902912621362
t1_gcvdbo9,53.19389534883723,11.181046511627908,16.041860465116283,14.554592549557764,10.788837209302322,8.855813953488372
t1_eme5rgn,41.01896713615025,13.417464788732396,17.35399061032864,15.903189008614273,14.08600938967136,11.704225352112676
t1_hzfper7,72.53969512195123,8.23426829268293,9.175609756097561,7.168621630094336,7.889756097560976,5.248780487804879
t1_f2ozspc,31.87571428571431,15.769285714285719,18.342857142857145,15.903189008614273,19.14785714285714,14.214285714285712
t1_h08ea3z,66.78166037735852,6.577962264150948,8.013584905660379,9.888512548439397,6.547777777777778,8.109433962264152
t1_ek41p3d,71.02045454545457,6.476493506493508,10.483116883116885,10.914260884657427,6.211282467532467,6.69318181818182
t1_k9odjtu,42.03347457627123,11.584285714285716,15.217433414043583,14.348710955821954,11.586368038740922,11.984745762711867
t1_gt2sxuq,57.26418181818184,9.644454545454547,12.494545454545456,12.68835289967788,10.762999999999998,10.397727272727277
t1_gd3ir0j,85.57889473684213,3.2108421052631577,4.092631578947368,6.742157984588678,4.060789473684213,5.947368421052634
t1_h1shmks,68.69142857142859,8.895238095238096,9.352380952380953,10.125756701596842,8.134285714285713,5.576190476190476
t1_i6ljgev,55.377941176470614,13.981764705882352,17.129411764705885,13.023866798666859,17.04205882352941,8.91764705882353
t1_dm2wm6j,16.67750000000001,16.52277777777778,20.555555555555557,17.693802365651003,17.03333333333333,15.751111111111118
t1_gvq9e48,35.12000000000003,13.57777777777778,16.653968253968255,15.021129683784007,15.685238095238098,15.196825396825396
t1_g37otor,55.21529411764709,9.781176470588235,10.721568627450981,11.20814326018867,13.667647058823526,13.278431372549019
t1_e7p842y,-11.409545454545423,31.246969696969703,34.278787878787874,23.72669961743115,37.18954545454546,15.300000000000004
t1_ec4pxh9,66.73214285714286,7.429523809523811,8.933333333333335,9.2995712137729,9.232142857142858,10.533333333333335
t1_ifjp9lf,30.365000000000038,15.98,16.914285714285715,14.554592549557764,21.33464285714286,17.321428571428573
t1_htn3jda,28.765000000000015,13.718888888888891,16.08888888888889,14.554592549557764,13.823888888888895,13.274074074074075
t1_i9vxe9d,64.39767295597487,8.666037735849056,11.59496855345912,11.20814326018867,8.109559748427671,7.25660377358491
t1_e17924d,69.94714285714288,7.229523809523812,9.80952380952381,9.957137785484202,7.915428571428574,8.575238095238095
t1_j0cnnp7,80.30636363636367,4.790909090909089,6.824242424242425,7.793537801064561,4.622727272727271,6.115151515151517
t1_cybrizc,46.636458333333366,9.404375000000002,11.766666666666666,11.855464076750408,7.232552083333331,8.884375000000002
t1_gznrzjf,64.4693181818182,8.366212121212126,10.236363636363638,10.125756701596842,7.372727272727271,7.363636363636363
t1_kcgzql6,43.87326923076927,11.98423076923077,16.005128205128205,15.247664890283005,13.439999999999998,12.574358974358983
t1_ij4fuqp,69.8817179670723,6.380443808160347,9.027630637079456,10.018931242160765,7.5589477451682185,8.626771653543305
t1_ect7ayw,57.20588235294119,9.503529411764706,13.388235294117647,12.68835289967788,10.065882352941177,9.548235294117646
t1_f3qr25q,41.39659090909092,11.584393939393944,12.660606060606062,13.023866798666859,11.083636363636366,11.054545454545455
t1_dzvj2vr,4.99406779661021,27.220000000000002,30.379661016949157,22.076135915942103,32.57796610169492,12.89491525423729
t1_gxd35fh,35.38500000000002,15.776666666666667,20.0,17.122413403193683,17.423870967741934,12.599999999999998
t1_j4zhiju,66.96598837209305,9.260116279069766,9.530232558139536,7.168621630094336,10.569767441860467,8.58604651162791
t1_k82ugn8,45.31317204301078,12.073225806451614,16.653763440860217,15.021129683784007,15.416075268817202,14.574193548387097
t1_gd9z3wr,76.97666666666669,5.835000000000001,7.333333333333335,8.841846274778883,6.667166666666667,7.209999999999997
t1_hitm9p3,51.49412280701759,9.223684210526319,12.435087719298247,12.457975602129121,7.833596491228068,9.184210526315788
t1_fp4h3ej,60.58711956521742,9.094021739130437,11.537681159420291,11.20814326018867,9.516304347826086,8.962318840579712
t1_gfwz4mi,52.07554123711343,18.04458762886598,21.461855670103095,12.161744961471694,22.92247422680412,7.208247422680408
t1_ebzmmaw,30.03280612244899,15.15683673469388,17.963265306122448,15.903189008614273,14.754489795918367,11.755102040816329
t1_gfnleie,44.69666666666669,13.732592592592596,15.985185185185186,15.903189008614273,14.678000000000004,10.170370370370375
t1_gv1mgk9,45.215,11.424444444444447,12.755555555555556,13.81666964889586,11.905000000000001,11.716666666666665
t1_dt4t1ml,62.18169642857143,7.846845238095238,10.583333333333336,11.20814326018867,9.310500000000001,10.06095238095238
t1_hfe1wom,68.61923529411766,7.066941176470589,9.55764705882353,10.355215969177355,7.811764705882354,8.720588235294116
t1_gyu8ads,46.534285714285744,11.985714285714284,15.06666666666667,14.554592549557764,14.414285714285718,13.44761904761905
t1_ic06veq,15.625000000000028,17.042222222222225,20.155555555555555,18.243605946275583,18.568333333333335,16.23611111111111
t1_g56n3w6,38.43235632183911,12.701724137931034,15.319540229885058,14.554592549557764,11.863879781420763,12.068965517241377
t1_eyhkmkj,84.20500000000001,4.495555555555558,8.133333333333335,9.725611199111238,5.895833333333332,6.544444444444448
t1_hdqjgw1,53.639285714285734,9.255714285714287,9.885714285714286,12.161744961471694,8.783571428571431,10.05
t1_di0vy6l,33.70568181818183,12.657121212121215,15.084848484848486,13.81666964889586,10.940909090909095,11.406060606060606
t1_jcvgzkr,70.8425,5.862500000000001,8.5,9.827888789773866,4.411749999999998,6.035000000000004
t1_f5qp1ad,64.7525,8.202500000000004,9.9,10.793553405168563,11.238624999999999,11.64
t1_hkv9nar,63.86500000000004,9.32,12.0,11.20814326018867,10.471500000000002,8.530000000000001
t1_ibu4yx1,84.0213076923077,4.123692307692309,6.467692307692308,7.554174236665414,2.8669090909090897,5.446153846153848
t1_i50pmy9,58.853045977011504,9.853448275862068,11.1816091954023,11.855464076750408,11.068192090395485,9.76896551724138
t1_e8judcl,90.05697033898308,4.362500000000001,7.25593220338983,8.841846274778883,5.9026271186440695,5.491525423728813
t1_ent1zji,50.55733870967745,10.058225806451613,12.006451612903227,12.161744961471694,9.57095238095238,10.729032258064517
t1_gwwobbm,41.8518181818182,10.154545454545456,12.581818181818182,12.161744961471694,10.082045454545455,12.61818181818182
t1_j19nj2i,57.94400000000002,11.388000000000002,14.0,12.161744961471694,12.170800000000007,8.187999999999999
t1_e7bhf0t,68.2960483870968,7.584032258064514,10.070967741935485,11.20814326018867,8.502580645161292,8.670967741935485
t1_is6pamy,79.5575,6.137499999999999,7.65,7.168621630094336,6.440312500000001,6.274999999999999
t1_dxdsm6n,48.1713403614458,11.695271084337353,12.637349397590363,13.023866798666859,12.440232558139535,11.004819277108432
t1_kbb8e3m,38.48500000000004,12.860000000000003,16.0,14.554592549557764,15.652499999999996,15.344999999999999
t1_gx5o5i9,40.28290322580648,15.34193548387097,17.561290322580646,14.554592549557764,18.68354838709677,12.900000000000002
t1_hho13kk,46.846842105263164,11.44526315789474,16.442105263157895,14.836745963215662,10.925894736842103,10.11578947368421
t1_f8ab8h3,53.759545454545474,11.22636363636364,15.163636363636364,14.554592549557764,12.049545454545452,10.009090909090911
t1_f8ny68y,60.58250000000001,10.647340425531919,12.804255319148936,11.20814326018867,11.36468085106383,8.238297872340429
t1_jb45k7v,3.2552173913043703,18.519130434782614,21.373913043478264,18.243605946275583,18.13375,18.21739130434783
t1_hwy7my4,41.045000000000044,16.477777777777778,19.955555555555556,17.122413403193683,18.026666666666664,9.477777777777778
t1_ifw6cn9,23.554473684210564,19.414210526315788,22.568421052631578,18.243605946275583,23.7228947368421,15.015789473684215
t1_hemfjw1,46.12413793103451,14.030344827586209,15.73793103448276,13.023866798666859,16.13275862068965,10.779310344827586
t1_kcjp882,50.407687074829965,10.286122448979594,13.880272108843537,13.295006501635747,10.286666666666669,10.263265306122449
t1_fra4703,51.995350877192976,12.300526315789476,14.87017543859649,14.554592549557764,13.609166666666667,10.276315789473685
t1_k3n9rfl,28.335000000000036,16.76,17.333333333333336,16.52667757954773,17.826500000000003,12.116666666666664
t1_ewsqhqj,64.58722972972974,8.846621621621622,11.724324324324325,12.161744961471694,6.430243902439024,6.740540540540543
t1_jzi1ivp,62.625701754386,7.671052631578949,8.22456140350877,9.725611199111238,7.709649122807015,8.777192982456143
t1_e5zc8p5,72.46070675105486,6.4234810126582325,8.810970464135021,9.725611199111238,5.722320675105486,5.739240506329111
t1_fzp0p9m,59.21663940013636,9.49910020449898,13.134014996591686,12.650343791298138,9.384021813224273,8.54110429447853
t1_k6srlu5,44.52000000000001,12.26666666666667,14.114285714285714,13.023866798666859,13.457333333333331,12.619047619047624
t1_hfx9c9i,63.545,8.867777777777778,11.644444444444446,11.20814326018867,9.393,8.526666666666667
t1_joy5ola,39.94335213032582,13.19484962406015,15.783959899749375,15.247664890283005,14.796942355889726,13.434586466165417
t1_e5en1c2,51.26432432432435,10.048339768339769,11.748262548262549,12.031772070788634,10.798836915297095,11.490090090090092
t1_ffxu798,47.79000000000002,10.320000000000004,13.333333333333332,13.023866798666859,10.160491803278692,11.613333333333333
t1_jgszjzu,34.48809523809524,17.723571428571436,17.790476190476195,13.023866798666859,20.576398809523816,11.889285714285712
t1_f91clcn,53.5564705882353,10.012549019607842,11.505882352941178,12.457975602129121,9.23470588235294,9.184313725490195
t1_icap1jx,92.17959039548025,2.8450000000000024,3.9333333333333336,5.46131890053228,3.6837853107344642,4.586440677966102
t1_htw601j,36.325000000000045,15.645555555555557,18.666666666666668,15.903189008614273,17.69566666666666,11.955555555555556
t1_fnc9n35,56.53317829457367,8.934883720930234,11.314728682170543,11.20814326018867,9.943875968992252,10.460465116279071
t1_gb9jml8,64.66583333333335,7.593518518518522,9.844444444444445,10.686352973137792,9.480555555555558,10.685185185185187
t1_eyxe2yx,56.83717226890758,8.287974789915967,10.810420168067228,11.20814326018867,8.501750000000001,10.225210084033616
t1_gq5mf1h,42.67485824742269,13.331417525773197,17.122680412371135,15.579741850924794,12.178367346938778,8.929896907216499
t1_fnea3zc,69.43333333333334,7.466808510638298,10.096453900709221,10.864195022040775,7.289090909090909,7.608510638297876
t1_g9mg19q,39.901250000000005,11.66875,16.400000000000002,14.554592549557764,14.0940625,14.6125
t1_f8bkb06,76.01966216216218,7.2520270270270295,9.994594594594595,10.355215969177355,7.958432432432435,6.019459459459458
t1_fo65h4j,33.33481707317074,13.70256097560976,16.98048780487805,15.903189008614273,13.827857142857141,13.17073170731707
t1_frr1rwm,31.71550000000002,11.940999999999999,16.2,13.81666964889586,11.335555555555551,15.472000000000001
t1_euqn7bc,65.81,8.055000000000003,10.4,11.003577315987393,8.36472049689441,8.55875
t1_ezgjbzb,62.791094339622674,7.134566037735851,9.900377358490566,10.355215969177355,6.583644859813084,8.218867924528304
t1_f822hul,64.71000000000002,7.960000000000004,10.0,10.125756701596842,10.405000000000001,11.806666666666665
t1_ejvea52,74.34598039215687,8.52058823529412,11.419607843137257,9.725611199111238,8.327745098039216,5.241176470588236
t1_iwvixl0,37.25750000000002,12.037500000000005,15.15,13.81666964889586,12.3278125,13.524999999999999
t1_h19q0ru,40.17038461538462,20.574615384615388,22.33846153846154,11.20814326018867,24.5875,7.4999999999999964
t1_ip42x9c,1.7562500000000227,28.913750000000004,32.475,22.076135915942103,34.414375,12.375000000000004
t1_j08g5oh,51.62786163522014,10.447169811320759,11.59496855345912,12.457975602129121,11.30880503144654,11.086792452830188
t1_ifr6v1u,34.83680555555557,13.43095679012346,16.98888888888889,15.579741850924794,14.39648148148148,13.456790123456795
t1_h2wz8xv,45.175757575757615,11.512727272727272,14.606060606060607,13.5591,13.17066666666667,12.64
t1_ih7yvjn,44.58450000000002,11.810500000000001,15.180000000000001,13.968273953766033,13.044687500000002,12.383333333333333
t1_focsvx5,47.76118506493509,11.379837662337664,13.933766233766233,13.023866798666859,13.511249999999997,13.394805194805198
t1_g3koa1r,27.43651162790698,20.114883720930234,20.920930232558142,15.903189008614273,23.08477272727273,11.162790697674417
t1_jd3ywaq,47.15016791044778,10.843992537313436,13.267164179104478,14.191785591663535,10.91058823529412,11.605970149253732
t1_euide1o,52.47770408163268,12.026224489795919,13.06530612244898,11.20814326018867,15.811836734693877,12.938775510204085
t1_jss4kby,59.05000000000004,7.25888888888889,11.377777777777778,11.20814326018867,6.489166666666666,8.944444444444446
t1_k5oanm7,25.346077586206917,18.72956896551724,22.224137931034484,19.032712561301913,20.182615894039735,12.623448275862067
t1_gs7tgq9,46.29533783783785,11.397972972972973,15.327927927927929,14.06817628641468,11.538214285714282,10.816216216216215
t1_k2knpq5,44.6429026548673,12.647008849557523,16.473628318584073,14.836745963215662,13.503362831858404,11.428318584070794
t1_e4kvdzg,10.495000000000033,20.73888888888889,24.400000000000002,20.267338824336647,24.960833333333333,17.372222222222224
t1_e2zxhza,64.38750000000003,10.240833333333335,14.600000000000001,13.81666964889586,10.979999999999997,7.737499999999997
t1_h3kimjf,65.94562500000002,8.439778368794329,10.170567375886526,10.411451182825502,8.413958333333333,7.81843971631206
t1_dzvp6zl,53.3723529411765,10.64155462184874,14.242016806722688,13.484332010920856,12.742642857142854,11.761764705882353
t1_keznacg,54.71942307692311,10.471410256410259,12.928205128205128,12.602617957971052,12.956923076923076,11.830769230769231
t1_keip4y9,52.585000000000036,10.893333333333334,11.333333333333336,11.20814326018867,12.277000000000001,11.140000000000004
t1_hi4dgd0,60.176607142857165,7.039642857142859,9.214285714285714,10.686352973137792,9.455571428571432,11.971428571428572
t1_gwkki6v,73.54410714285716,6.044642857142858,9.79795918367347,10.125756701596842,5.6496938775510195,6.877551020408166
t1_hzjpqhu,53.83452380952383,11.547142857142855,14.476190476190476,14.554592549557764,12.171809523809522,9.694285714285716
t1_hd6rrad,54.591428571428594,10.861904761904764,14.114285714285714,13.81666964889586,11.274285714285718,9.580952380952382
t1_hnv01yp,29.745000000000033,16.563333333333336,21.333333333333332,19.287186520377343,16.806000000000004,11.246666666666666
t1_ij6ryxf,46.04963768115945,14.454782608695652,17.04927536231884,14.554592549557764,19.142789855072465,13.558695652173917
t1_gtnnh0o,65.59551282051284,8.416153846153843,11.548717948717949,11.855464076750408,8.79397435897436,8.369230769230771
t1_dvflssh,51.63905216284991,11.480725190839696,12.092111959287532,12.745084868956482,12.317582697201019,10.029007633587785
t1_h0q3v62,19.03,19.3,20.857142857142858,17.122413403193683,22.176857142857138,15.00571428571429
t1_em9h6f2,61.8247916666667,7.151342592592595,9.975925925925928,10.9516,4.565833333333334,6.051851851851854
t1_f8qwsad,79.51333333333334,3.825000000000003,8.666666666666668,9.2995712137729,2.8628333333333345,3.5399999999999956
t1_hx3hcf2,58.4787254901961,7.91823529411765,8.062745098039215,9.725611199111238,7.786666666666669,9.735294117647054
t1_keby79n,37.93333333333334,11.860425531914895,14.777304964539008,14.554592549557764,10.855248226950359,11.680851063829792
t1_h7jhsqx,57.199602649006636,10.6400756859035,14.191485335856198,13.023866798666859,12.219489120151373,10.44503311258278
t1_golnx6v,46.0118181818182,12.697402597402597,15.489177489177491,14.554592549557764,13.16353246753247,10.256969696969694
t1_e1aen2x,36.37000000000003,13.155000000000001,15.0,14.554592549557764,14.475000000000001,14.04
t1_dnwomd1,49.0002380952381,12.221428571428572,15.333333333333332,14.314028922438442,14.896880952380954,12.42857142857143
t1_e6c2jhu,32.0334684684685,14.91918918918919,19.5963963963964,17.122413403193683,14.707927927927933,11.686486486486487
t1_g36na53,27.508571428571457,11.161428571428573,15.657142857142858,11.698219412168324,12.18035714285714,14.56428571428572
t1_fe5zdhc,57.73333333333335,9.09872340425532,11.373049645390072,11.855464076750408,10.454397163120568,10.940425531914894
t1_gnlpnji,33.99500000000003,17.461111111111112,21.06666666666667,17.122413403193683,19.61081081081081,11.733333333333334
t1_glehu5u,99.12733108108111,1.7310135135135134,3.7,5.985473137389441,1.3985135135135138,2.3189189189189214
t1_e1vgie7,43.4139112903226,9.129274193548387,16.003225806451614,12.161744961471694,7.514354838709675,10.316129032258065
t1_d0yhv7g,28.41923076923078,18.984102564102567,19.702564102564104,15.903189008614273,20.77461538461538,10.210256410256406
t1_hi3pox8,25.78078947368425,19.103684210526314,24.673684210526318,21.19438992294339,22.359473684210528,13.336842105263155
t1_e33ujje,36.607932489451514,14.695189873417721,17.115611814345993,15.470042427545799,15.644388185654009,11.708860759493671
t1_gd8cvpw,58.4787254901961,7.91823529411765,10.415686274509804,11.20814326018867,6.5399019607843165,8.02941176470588
t1_fkd52kw,54.21477272727276,9.796515151515155,12.660606060606062,14.554592549557764,10.370000000000001,10.878787878787882
t1_ewx339g,61.3169230769231,7.936410256410259,8.276923076923078,9.725611199111238,8.149000000000001,10.179487179487179
t1_hsxybax,56.82838114754102,9.12143442622951,11.345901639344262,12.161744961471694,8.681451612903228,9.072131147540986
t1_gi59e36,59.07000000000002,8.74666666666667,9.333333333333334,11.698219412168324,8.128500000000003,8.423333333333336
t1_k2u1gsc,10.062240437158522,16.907213114754096,21.903825136612024,18.243605946275583,19.390273224043717,18.685245901639345
t1_e1g6fl8,44.49827464788734,15.871901408450707,17.580281690140847,13.023866798666859,18.012535211267604,9.34366197183099
t1_hf24xvp,47.21692307692311,9.903076923076924,14.430769230769233,13.81666964889586,9.888076923076923,11.592307692307692
t1_k3gi8t5,41.41512195121955,17.66829268292683,19.326829268292684,14.554592549557764,21.126585365853657,9.931707317073169
t1_isv9jgi,46.46379032258068,10.629193548387097,11.361290322580645,12.161744961471694,9.870000000000001,10.541935483870969
t1_jvpp0tk,45.67500000000001,10.615000000000006,14.0,13.427899808715576,10.758249999999997,11.758333333333336
t1_dyg9max,44.14123188405799,10.911739130434785,13.08985507246377,12.457975602129121,11.01536231884058,11.900000000000002
t1_hlspzii,29.614583333333343,14.159351851851856,16.98888888888889,15.579741850924794,15.501296296296296,14.817283950617284
t1_dxyt4o8,25.103537735849073,16.341226415094344,20.411320754716982,18.7741,17.947169811320755,14.381132075471697
t1_dtymwhf,44.877500000000026,12.589444444444442,17.0,15.247664890283005,13.683999999999997,11.368888888888893
t1_iz9cuto,45.582142857142856,10.37952380952381,13.219047619047622,12.457975602129121,10.577857142857141,11.914285714285718
t1_h9z3t8s,62.13481081081082,6.431135135135136,7.284324324324325,8.238735603445708,7.307368421052633,10.454054054054051
t1_eq0zdn4,3.9294871794871824,18.093846153846155,20.974358974358978,18.599290044081553,17.735794871794873,16.56307692307693
t1_heifwpb,51.32848484848489,10.654545454545453,12.424242424242424,11.855464076750408,12.05739393939394,11.901818181818186
t1_f9o2n2f,43.73475806451617,11.009838709677421,12.651612903225807,12.161744961471694,13.66838709677419,13.909677419354836
t1_ec3okf0,34.58288461538464,16.50961538461539,19.153846153846157,17.122413403193683,18.732307692307693,11.575384615384621
t1_ilqenqi,59.83644444444445,8.937876543209878,9.93679012345679,10.793553405168563,8.41740740740741,8.651851851851848
t1_h0xvcsl,61.92500000000004,8.454920634920637,10.245502645502647,12.031772070788634,8.635376623376622,9.348148148148152
t1_f8t6on2,48.34755555555557,10.540345679012344,13.887407407407409,13.348371206891418,11.208518518518517,11.874074074074077
t1_f9gvfje,62.30074324324326,9.16554054054054,9.562162162162162,10.125756701596842,11.497297297297301,10.502702702702699
t1_cn0alyi,59.09622093023259,10.357790697674421,11.390697674418604,10.125756701596842,11.665116279069771,9.395348837209305
t1_gtayyve,20.7052941176471,23.041176470588237,21.968627450980392,13.023866798666859,28.7975,13.870588235294122
t1_f46r0ke,69.59336206896553,7.154655172413797,8.098850574712644,8.344100000000001,8.34137931034483,9.091954022988507
t1_hgvfb6v,59.416568627451,10.60294117647059,13.184313725490197,11.855464076750408,12.345098039215685,9.847058823529416
t1_e3bxdog,59.14769230769235,8.23897435897436,9.302564102564103,10.504223727775692,7.412307692307692,8.394871794871797
t1_hm7dh22,47.69750000000002,12.196111111111112,14.333333333333336,13.81666964889586,12.85241758241758,10.402222222222225
t1_e1rbnjn,66.43612804878049,6.539207317073171,7.026829268292683,8.07648339933343,7.589634146341464,9.746341463414637
t1_gzq4vfp,55.17601449275364,9.372608695652175,13.959420289855073,13.5591,9.581884057971013,10.38695652173913
t1_exi10rb,70.63166666666669,6.719999999999999,7.333333333333335,8.841846274778883,3.958916666666667,4.600000000000001
t1_f6te6z0,33.597500000000025,14.16277777777778,17.88888888888889,15.903189008614273,15.463333333333331,13.431111111111111
t1_ico0hd2,70.97411764705885,7.58313725490196,9.545098039215686,10.125756701596842,8.218823529411765,7.933333333333334
t1_g5h55j5,55.711323529411786,11.823627450980393,12.945098039215686,11.698219412168324,13.300000000000004,9.423529411764704
t1_gsk02yd,56.939473684210554,10.037543859649123,13.2140350877193,12.457975602129121,10.807931034482756,9.91228070175439
t1_gvdx7ga,9.361428571428576,20.648571428571433,20.857142857142858,18.243605946275583,23.414166666666667,16.33142857142857
t1_ijxzvoa,54.43641791044777,8.044349680170576,10.395735607675906,10.290406445055957,7.104728370221331,9.241791044776122
t1_egmykdu,87.99727272727276,3.7181818181818187,6.218181818181819,7.168621630094336,3.231136363636363,3.7863636363636353
t1_jyg6by4,46.14709183673472,12.909217687074833,14.970068027210885,13.81666964889586,14.433221476510063,11.597278911564626
t1_k2tbru2,74.9575,8.393888888888892,10.777777777777779,8.841846274778883,11.06733333333333,7.888888888888889
t1_f1hu9ni,75.98944444444446,5.696666666666665,8.88888888888889,9.444778638647367,5.191020202020201,5.874545454545455
t1_gpf0ghz,64.42517507002803,9.200462184873949,10.286274509803922,10.125756701596842,11.363809523809522,10.147899159663869
t1_gx537x5,65.81,8.055000000000003,10.4,10.355215969177355,8.666296296296299,9.392499999999995
t1_gp2n00d,56.15750000000001,11.016111111111112,13.444444444444446,12.161744961471694,11.69533333333333,9.564444444444444
t1_e132r4w,59.63300000000001,7.4260000000000055,10.4,11.20814326018867,8.8156,10.124000000000002
t1_glle6xm,29.9226086956522,14.799565217391308,18.330434782608695,16.52667757954773,17.664456521739133,15.947826086956525
t1_iz8se15,20.674444444444475,17.08320987654321,20.18271604938272,18.243605946275583,17.71333333333333,14.251851851851857
t1_k95p8ng,22.748333333333363,13.73,15.866666666666667,14.06817628641468,16.675333333333334,18.695454545454556
t1_dsirz4y,49.91500000000002,10.768888888888888,14.977777777777778,13.81666964889586,11.381666666666668,11.394444444444446
t1_g8ixhoe,49.48500000000003,13.810000000000006,14.666666666666666,14.554592549557764,18.847,13.373333333333331
t1_e9v4c82,33.38642857142861,15.55857142857143,19.295238095238098,16.728156217252725,18.923571428571428,14.559523809523814
t1_guk6ipm,37.27576923076927,14.51923076923077,17.70769230769231,15.903189008614273,16.106857142857145,12.451923076923077
t1_ju2vv31,40.2858823529412,11.863529411764706,15.035294117647062,13.81666964889586,13.25205882352941,14.017647058823531
t1_hwgruhs,49.90625000000003,11.577500000000004,14.61764705882353,13.624085052395262,11.918684210526315,10.101176470588236
t1_gaf0ucg,51.17500000000004,11.090000000000003,12.0,11.20814326018867,12.433999999999997,11.043333333333337
t1_gzzcusu,58.57756250000001,11.448687500000002,14.615000000000002,13.348371206891418,12.748984375,8.6453125
t1_g9j8n8k,40.03617117117119,13.802972972972974,15.542342342342344,15.021129683784007,15.528098434004477,12.391891891891895
t1_djvnqvj,63.37318181818182,9.885454545454547,13.345454545454544,12.161744961471694,9.908636363636365,7.636363636363637
t1_gxday7l,69.12775309917356,7.37486570247934,9.686363636363637,10.125756701596842,8.514731404958681,8.846280991735537
t1_dxc4p7u,76.91375000000001,6.506250000000001,8.9,10.686352973137792,7.544218749999999,7.543749999999999
t1_ek9wesh,45.980362318840605,10.655217391304351,11.35072463768116,12.457975602129121,11.322536231884058,12.404347826086958
t1_ia3rbx5,49.418469036697275,9.751272935779816,11.688532110091742,12.161744961471694,9.78114864864865,11.506422018348626
t1_gsdejed,50.336956521739154,11.952173913043477,13.373913043478263,12.340626583579944,13.254568965517244,10.601739130434783
t1_jtolbew,38.83125000000004,13.80541666666667,16.683333333333334,15.247664890283005,14.7578125,12.268749999999997
t1_gxidcwu,32.565000000000026,16.170000000000005,17.333333333333336,15.247664890283005,17.9835,12.889999999999997
t1_ia9jf2r,61.687365591397864,9.78935483870968,12.137634408602151,11.20814326018867,11.84559139784946,10.645161290322584
t1_gtf9yun,28.340735294117678,15.641274509803925,20.396078431372548,18.7741,18.221346153846156,15.450980392156858
t1_h6ofutl,49.32628205128208,10.685384615384617,13.087179487179487,13.023866798666859,11.148974358974357,11.49230769230769
t1_gtrm2vt,52.74529805352802,11.57485401459854,13.804866180048663,13.295006501635747,12.723429256594727,10.083211678832118
t1_gyh41f9,41.793846153846175,10.659487179487183,12.37948717948718,12.161744961471694,10.150750000000002,12.112820512820516
t1_d2u51tg,60.76500000000003,12.236666666666668,16.0,13.023866798666859,14.451,8.539999999999996
t1_f9ewl9c,37.22000000000003,18.005,20.0,15.903189008614273,20.942500000000003,10.285000000000004
t1_gs5dysi,36.743702702702706,15.487783783783787,17.515675675675677,15.6451,17.830599999999997,12.5527027027027
t1_d2ttxsg,40.30814935064937,17.201623376623377,21.114285714285714,17.693802365651003,20.162307692307692,10.84935064935065
t1_gubwecn,59.656833435021355,8.303465527760832,11.324222086638194,11.741389052700956,9.388516746411486,11.053691275167786
t1_gxdax65,69.12775309917356,7.37486570247934,9.686363636363637,10.125756701596842,8.514731404958681,8.846280991735537
t1_depbj99,54.9634420289855,10.354565217391308,12.536231884057973,12.745084868956482,11.622126436781606,11.050434782608697
t1_grzfge0,30.0559940944882,16.954704724409456,18.9992125984252,17.122413403193683,19.090348837209305,13.089763779527559
t1_eq37w0l,-4.403837209302296,35.23837209302326,39.51627906976745,22.076135915942103,43.76655172413793,10.765116279069769
t1_f9sl6jt,49.192822580645185,10.248548387096779,11.361290322580645,12.161744961471694,9.870000000000001,10.916129032258066
t1_gxisupo,38.982500000000016,13.660106382978729,17.059574468085106,15.247664890283005,14.571489361702127,12.063829787234042
t1_flgxmof,48.414583333333354,11.537129629629632,13.038271604938272,13.427899808715576,12.884629629629629,11.953086419753088
t1_g53pgss,61.05125000000001,8.718750000000004,10.15,10.686352973137792,9.752031250000002,10.443749999999998
t1_ijls5cu,53.54500000000003,12.250000000000004,15.015384615384617,13.023866798666859,13.761346153846155,9.607692307692307
t1_k4pr2up,84.91663461538462,5.452115384615386,8.346153846153845,8.07648339933343,7.346538461538465,6.827692307692306
t1_gik8tpd,77.38000000000002,4.702222222222225,8.044444444444444,8.841846274778883,5.186521739130438,7.719999999999999
t1_g3ko9od,27.43651162790698,20.114883720930234,20.920930232558142,15.903189008614273,23.08477272727273,11.162790697674417
t1_k7pfrpl,61.97362244897961,10.701734693877551,13.06530612244898,11.20814326018867,12.495612244897963,8.795918367346939
t1_f6t85gx,39.23750000000001,13.376111111111111,16.703703703703706,15.470042427545799,13.265333333333338,11.025185185185187
t1_g8nwdtp,68.51687804878048,5.739707317073172,7.182439024390243,9.3871,5.760487804878046,8.034146341463412
t1_f7azevv,73.17033333333337,7.193999999999999,9.066666666666668,8.841846274778883,8.475133333333332,8.292000000000002
t1_ewv5e8m,34.92692307692309,18.07641025641026,21.241025641025644,17.122413403193683,22.22384615384616,11.994871794871795
t1_hwzd1zp,64.10514534883723,6.988546511627909,8.020930232558142,9.516144504307135,6.7282558139534885,8.827906976744188
t1_es8wbep,87.18917372881357,4.762500000000003,5.9,5.985473137389441,4.7051694915254245,3.5254237288135606
t1_h0l71h9,50.335883027522954,13.008142201834861,14.936697247706423,13.023866798666859,14.491880733944953,9.825688073394499
t1_hfx91b9,63.545,8.867777777777778,11.644444444444446,11.20814326018867,9.393,8.526666666666667
t1_ev0ee8c,30.289932432432437,13.630405405405408,16.048648648648648,14.554592549557764,12.26108108108108,11.756756756756758
t1_ig99ol8,75.27184615384617,4.698153846153847,8.248205128205129,8.841846274778883,4.812307692307691,5.5384615384615365
t1_foatj40,57.14082352941179,7.8232941176470625,9.57019607843137,9.888512548439397,8.605294117647055,11.094117647058827
t1_gzv1xk3,76.24489449541286,5.332559633027525,8.763669724770642,9.3871,5.711926605504587,7.398165137614679
t1_evl9eot,58.328063063063084,11.251621621621624,13.109909909909911,12.457975602129121,12.098333333333336,8.394594594594594
t1_dbf2b7d,18.495568181818186,16.828156565656567,20.001010101010102,17.410965686947208,17.206818181818186,14.347474747474749
t1_hu7naqd,73.20278846153847,7.085961538461543,9.576923076923078,9.516144504307135,6.870671641791045,7.273846153846154
t1_ells7xm,70.14470588235295,7.698823529411765,9.937254901960785,9.725611199111238,9.142352941176473,8.843137254901958
t1_dintv4j,64.54095500459138,7.597134986225896,9.34471992653811,9.994966539143718,7.012718089990816,7.355371900826448
t1_fc02m1f,57.83270403146511,8.311976401179944,10.685939036381516,11.20814326018867,7.855919370698132,9.456637168141594
t1_i79u1wg,39.46957547169811,14.337452830188681,15.883018867924529,15.247664890283005,16.34754716981132,10.441509433962263
t1_iw0iolc,63.770000000000024,8.091111111111115,12.222222222222223,11.855464076750408,10.352666666666668,11.226666666666667
t1_jeepuxp,22.544193548387113,17.816129032258065,18.851612903225806,17.693802365651003,20.27887096774193,14.770967741935483
t1_jsgzibj,46.69596899224811,10.306976744186048,11.314728682170543,11.20814326018867,10.92968992248062,11.4046511627907
t1_gug6bdw,43.055000000000035,14.210000000000004,15.771428571428572,13.348371206891418,17.255744680851066,12.557142857142857
t1_ian88oz,30.199166666666713,12.400925925925925,15.77037037037037,13.81666964889586,12.009999999999998,13.8
t1_gny4zi7,29.930000000000007,12.811111111111114,14.88888888888889,14.06817628641468,12.691739130434783,14.32
t1_gqzmgnv,71.91608695652175,8.942318840579713,10.359420289855073,7.793537801064561,9.387826086956519,6.028985507246375
t1_edswhw6,48.17704545454549,13.371363636363636,16.81818181818182,15.247664890283005,15.869999999999997,11.279999999999998
t1_ghu5art,33.79236111111112,13.576635802469138,17.976543209876542,15.903189008614273,12.761951219512191,11.953086419753088
t1_hdz2sqj,58.4075,9.087500000000002,8.9,10.504223727775692,8.648125,8.93333333333333
t1_hs3vsam,49.14429007633589,12.91349618320611,15.060152671755725,13.023866798666859,15.219999999999999,10.919083969465646
t1_gt756te,60.67506097560977,9.889146341463416,11.858536585365854,11.45678717892309,11.399454545454546,9.669512195121953
t1_k1yyhc1,6.146615384615416,16.923384615384617,20.466813186813187,17.353723509956247,19.760109890109888,20.942857142857147
t1_ev7wzaj,59.087820512820514,9.323846153846159,10.77948717948718,11.20814326018867,10.605512820512821,10.376923076923077
t1_gkgqlji,30.365000000000038,15.98,18.81904761904762,16.728156217252725,18.8675,15.11190476190476
t1_gt3q6lb,42.99832920792082,13.534727722772278,17.624752475247526,15.579741850924794,17.21658415841584,13.176237623762376
t1_dt46oz1,60.0566666666667,8.195,10.333333333333336,10.504223727775692,9.257666666666665,10.98
t1_j10yz0d,48.90261904761908,11.075714285714287,15.323809523809524,15.021129683784007,10.612261904761901,10.164285714285715
t1_hrkgcrg,43.130000000000024,13.951111111111114,15.985185185185186,13.81666964889586,15.968888888888891,11.9962962962963
t1_j3rbdq8,55.38858695652178,8.390652173913043,10.686956521739132,11.20814326018867,7.972391304347823,9.995652173913044
t1_gycc31z,56.110778301886825,8.724669811320759,11.337735849056605,11.698219412168324,9.100471698113207,10.09056603773585
t1_dvlx3dq,-5.383461538461518,26.928461538461537,30.030769230769234,22.918633597333717,31.924230769230768,16.646153846153847
t1_h8gifqf,51.45750000000001,11.67166666666667,12.555555555555557,11.698219412168324,13.317666666666668,11.046666666666667
t1_jes6arx,23.300018867924564,15.27611320754717,19.423396226415093,17.353723509956247,16.80792452830189,16.016981132075475
t1_f5pu9wg,51.70314285714289,9.177968253968256,12.024126984126983,11.979248473330827,8.420000000000002,9.285714285714288
t1_fees8h5,60.78769230769231,8.471593406593406,11.32747252747253,11.20814326018867,10.363763736263735,11.319230769230767
t1_eahlbx7,43.96022727272728,11.226818181818185,11.44848484848485,12.161744961471694,9.656363636363636,9.824242424242428
t1_kfg52a2,-0.5517241379310178,20.540689655172418,22.634482758620692,19.287186520377343,25.06551724137931,20.77931034482759
t1_enn2wiz,62.10739130434784,10.310434782608699,13.257971014492753,11.855464076750408,11.026086956521745,7.710144927536234
t1_ew09vdr,65.27400000000002,7.8813333333333375,8.133333333333333,10.355215969177355,9.306000000000001,9.757333333333335
t1_djgvr8a,40.84562500000004,15.511875000000003,17.8,15.247664890283005,18.414375,12.184375
t1_e854lr4,26.927780612244902,12.546683673469389,16.32857142857143,14.191785591663535,11.224795918367349,13.742857142857144
t1_frheowo,46.46379032258068,10.629193548387097,12.651612903225807,13.023866798666859,10.93354838709677,11.477419354838712
t1_gsdwbbj,35.297982456140375,14.629473684210527,17.238596491228073,16.11434528070225,16.16296536796537,13.17631578947369
t1_hfju03f,69.64827205882354,6.1843382352941205,8.955882352941178,9.827888789773866,5.326852941176469,7.138823529411766
t1_e9odppu,68.9825,7.612500000000001,8.9,8.841846274778883,8.942499999999999,9.35625
t1_du163mv,25.367276422764235,16.511463414634154,20.68943089430894,18.599290044081553,17.682154471544713,13.460975609756098
t1_jltelr0,25.033815789473692,16.84780701754386,19.82105263157895,17.122413403193683,17.506896551724132,13.17894736842105
t1_e0aehjj,33.03476744186048,11.703754152823922,13.751495016611296,12.540900571622839,9.029601328903656,10.993023255813952
t1_eg1pqs6,49.91500000000002,10.768888888888888,12.755555555555556,12.161744961471694,10.858333333333334,10.105555555555554
t1_ino8f1z,32.82000000000002,17.625000000000004,21.622222222222224,17.693802365651003,19.335,10.766666666666666
t1_grvjyj7,30.63487288135596,16.315,17.901694915254236,16.52667757954773,17.969,12.589830508474577
t1_dx38kva,76.52625000000003,6.870833333333334,9.218840579710145,8.841846274778883,7.605,6.6927536231884055
t1_f3xwhyd,41.26391304347828,13.217681159420291,16.73623188405797,15.470042427545799,13.82478260869565,11.66086956521739
t1_jlfnclp,42.90630081300813,14.065121951219513,16.29918699186992,15.470042427545799,15.499471544715448,10.84390243902439
t1_g23dhr4,52.06039682539685,9.862380952380953,12.507936507936508,12.650343791298138,9.662277777777778,9.93
t1_j002bsk,66.33875,7.981249999999999,11.4,11.20814326018867,9.9728125,9.71875
t1_gyh6dv3,-4.097857142857123,27.742857142857144,30.971428571428575,23.72669961743115,35.67107142857143,18.47142857142857
t1_gny0jbj,38.39680412371138,11.346244477172316,14.202650957290132,13.023866798666859,11.211326530612247,12.917525773195877
t1_dvw8pdm,47.55011363636365,12.775631313131314,15.55656565656566,14.554592549557764,13.258030303030303,10.070707070707073
t1_ibv3pep,19.590000000000032,14.253333333333334,14.0,13.023866798666859,15.743000000000002,18.186666666666664
t1_e2u0yph,61.20522012578617,9.111320754716985,10.08553459119497,11.855464076750408,8.553899371069186,7.4754716981132106
t1_irvf0ob,48.87089147286824,13.564418604651163,17.048062015503877,14.554592549557764,15.467519379844958,10.548837209302327
t1_i3vlil7,95.0393220338983,2.0971428571428596,4.049394673123487,5.288315135182226,1.5444552058111398,2.3152542372881335
t1_dm5uz1p,25.5721551724138,20.499137931034486,24.29655172413793,19.78447435784618,23.274482758620692,11.386206896551723
t1_djs9x3q,28.765000000000015,13.718888888888891,18.311111111111114,15.903189008614273,15.044999999999995,14.99259259259259
t1_gywws4t,60.42419303797472,9.737816455696205,12.963291139240505,12.602617957971052,8.954367088607597,7.589873417721517
t1_kaz40x0,75.1186290322581,6.6324193548387065,10.070967741935485,10.125756701596842,6.907258064516128,6.987096774193546
t1_h0wfkos,35.38500000000002,15.776666666666667,21.333333333333332,18.243605946275583,16.335,11.053333333333331
t1_h8gj5be,51.45750000000001,11.67166666666667,12.555555555555557,11.698219412168324,13.317666666666668,11.046666666666667
t1_j80o8fg,25.63166666666669,14.155925925925924,14.607407407407408,15.021129683784007,14.434444444444445,15.099999999999998
t1_gy4jmlt,64.9245454545455,6.936363636363637,11.066666666666668,11.20814326018867,7.1204545454545425,8.04848484848485
t1_jm2ypn7,45.175021097046425,13.500253164556963,16.60928270042194,15.470042427545799,14.511603375527429,10.240506329113927
t1_hgx3fz3,67.22000000000001,7.858333333333331,9.733333333333334,9.725611199111238,9.040624999999999,9.29583333333333
t1_fs8ojbh,66.57521518987342,7.898582278481012,9.864303797468356,9.888512548439397,7.575569620253162,7.655696202531647
t1_joifrnt,82.46400000000003,4.589333333333336,7.3670175438596495,8.238735603445708,3.9363157894736815,4.600000000000001
t1_fjm07ou,32.65663043478261,17.275144927536235,19.017391304347825,15.903189008614273,20.189130434782605,12.468115942028984
t1_eb5gedq,66.97106060606063,7.561818181818182,8.593939393939394,11.20814326018867,6.134924242424244,6.699999999999999
t1_e3sq8d6,39.78220168067227,13.62309243697479,16.578823529411768,15.381575749822971,15.40529411764706,12.443697478991595
t1_gekp8sd,61.791052631578964,10.035150375939853,13.159398496240602,13.25671669890799,10.15734022556391,7.906578947368423
t1_gsk17c6,32.946359649122826,14.170789473684213,17.287719298245616,15.688483145680365,14.539004975124378,12.78045112781955
t1_fb824gi,28.331500000000034,12.413,14.600000000000001,13.81666964889586,13.456800000000001,16.168
t1_dvu9owh,85.4336363636364,4.075757575757578,5.612121212121213,7.793537801064561,2.7672727272727258,3.830303030303032
t1_h2x12xt,69.99384615384618,6.726153846153846,10.123076923076923,10.793553405168563,7.315692307692309,8.603076923076923
t1_ib5pqnx,62.81375,8.472916666666666,10.983333333333334,10.864195022040775,8.844375000000003,9.114583333333332
t1_eok9nmo,72.51060344827589,6.747758620689655,8.558620689655172,9.516144504307135,5.878103448275862,5.6586206896551765
t1_e36943k,75.27063775510206,5.803826530612245,6.53265306122449,8.841846274778883,6.3225510204081665,7.3510204081632615
t1_dvtvbii,48.2117307692308,11.379102564102567,13.953846153846156,13.023866798666859,11.628461538461544,10.343589743589746
t1_dwei893,46.12413793103451,14.030344827586209,17.117241379310343,14.554592549557764,17.2696551724138,12.179310344827584
t1_k1kcjjw,59.828571428571436,10.131428571428575,11.82857142857143,11.979248473330827,10.87057142857143,8.752380952380957
t1_e11z26u,48.68115646258505,10.526938775510207,13.880272108843537,13.5591,10.190544217687076,10.559183673469388
t1_er9vnvz,1.291315789473714,22.519473684210528,26.778947368421054,22.076135915942103,24.590526315789468,16.389473684210532
t1_gv56hfd,45.18739130434784,12.670434782608698,14.765217391304347,13.662883650711645,13.985431034482758,11.20695652173913
t1_hhj181y,40.784285714285716,16.265714285714285,22.0,18.243605946275583,17.60142857142857,9.37142857142857
t1_e177pyz,75.50000000000003,4.964444444444446,8.044444444444444,8.841846274778883,3.4800000000000004,5.400000000000002
t1_kcemqfq,39.952500000000015,14.021666666666668,18.04313725490196,16.52667757954773,16.624705882352934,13.290196078431379
t1_fp6028h,57.09750000000001,10.885000000000002,12.111111111111112,11.20814326018867,12.113999999999997,9.757777777777783
t1_dt4apjv,33.33481707317074,13.70256097560976,16.00487804878049,15.903189008614273,15.241951219512195,14.30243902439025
t1_dvvl8hl,78.17503875968995,5.9162790697674446,7.593798449612404,7.793537801064561,6.670000000000002,6.683720930232564
t1_k4z4r5q,82.57000000000001,5.468888888888891,8.666666666666668,8.841846274778883,6.138695652173915,5.684444444444445
t1_gs2ew31,47.43250000000003,9.997222222222224,11.325925925925928,12.161744961471694,10.325818181818185,12.296296296296301
t1_ib9ew47,45.37812500000001,22.829375000000002,25.6,3.1291,28.03323076923077,5.034375000000001
t1_h0sdou8,84.63966666666668,4.136814814814816,8.764444444444445,9.3871,2.8100000000000023,4.981481481481481
t1_fs2qsva,63.52966894977172,7.420753424657537,9.798173515981736,10.864195022040775,7.429086757990866,9.019178082191779
t1_h6zhn05,51.18239207360227,10.454097664543529,12.582873319179052,12.261556223090622,11.138448637316564,11.355414012738855
t1_k3n9eut,28.335000000000036,16.76,17.333333333333336,16.52667757954773,17.826500000000003,12.116666666666664
t1_hcyz6ba,62.05047619047622,7.502857142857145,8.095238095238095,8.841846274778883,6.47304761904762,8.342857142857142
t1_job3c89,39.990239726027426,16.749109589041094,20.627397260273973,16.52667757954773,18.634736842105262,10.243835616438353
t1_e0tg9pu,37.04905000000002,15.8551,18.580000000000002,15.903189008614273,17.857142857142854,11.835200000000004
t1_g15a92m,50.306196581196616,9.831025641025644,13.162393162393162,12.457975602129121,10.277031382527564,10.793846153846157
t1_gq203ox,62.723750000000024,6.781964285714288,11.157142857142858,11.20814326018867,7.353772321428572,9.690625
t1_gs5eff1,61.53250000000003,8.030555555555559,9.844444444444445,10.504223727775692,7.778658536585368,8.000000000000004
t1_k7ari2r,20.79916666666668,13.712037037037042,17.251851851851853,14.554592549557764,12.358888888888892,14.87407407407408
t1_f2p0ooz,31.87571428571431,15.769285714285719,18.342857142857145,15.903189008614273,19.14785714285714,14.214285714285712
t1_k6iyggz,53.15479729729731,10.441216216216215,12.805405405405407,13.023866798666859,10.502368421052633,10.34594594594595
t1_gtnpq8o,25.79600000000002,15.872000000000003,19.06666666666667,17.122413403193683,17.208940397350993,14.297333333333334
t1_f7qtt0m,12.825000000000017,18.923333333333336,24.0,20.267338824336647,20.887999999999998,16.273333333333337
t1_guyoo91,64.23987096774196,8.919913978494627,11.310967741935485,10.793553405168563,9.748709677419356,8.802150537634414
t1_htfcayq,71.11762931034485,5.140948275862069,7.037931034482759,8.07648339933343,5.420172413793104,6.3172413793103495
t1_gn8mlhg,28.40571428571431,14.514285714285716,16.97142857142857,15.903189008614273,15.872142857142855,14.690476190476193
t1_duaydth,35.48691860465118,13.65081395348837,16.972093023255816,15.247664890283005,13.855813953488372,12.632558139534886
t1_gmpumnz,35.47750000000002,13.90055555555556,18.333333333333332,16.52667757954773,14.146373626373624,12.206666666666667
t1_kamhqia,54.65088709677423,9.48725806451613,11.361290322580645,11.20814326018867,10.781612903225806,11.009677419354837
t1_ff99o9f,71.25721388367732,6.454390243902441,7.729080675422139,9.265573868473778,6.245009380863035,7.246341463414634
t1_g3r3dpt,61.89178571428573,7.23515873015873,8.644444444444444,9.2995712137729,7.5195238095238075,9.644444444444442
t1_hev4kgq,71.48250492125986,7.232746062992128,9.18464566929134,9.188382445141503,7.8323031496063,7.636220472440947
t1_hrifvl3,50.87500000000003,12.125555555555557,14.600000000000001,13.023866798666859,12.8941095890411,10.033333333333335
t1_etcb0tv,52.482500000000016,11.777127659574472,12.804255319148936,12.602617957971052,12.680105263157891,10.027659574468089
t1_hgwknht,68.09500000000004,8.73,11.0,11.20814326018867,8.558780487804878,6.934999999999999
t1_ij6bq2a,64.83485294117649,10.551078431372549,11.768627450980393,8.841846274778883,11.452941176470588,6.921568627450981
t1_gsyp68f,33.33481707317074,13.70256097560976,16.00487804878049,14.554592549557764,14.164285714285718,13.878048780487806
t1_e74aqqv,54.33967105263159,9.22013157894737,13.419298245614037,13.81666964889586,9.079736842105262,10.003508771929823
t1_ivc5hrl,55.93076530612245,11.544591836734696,15.10612244897959,13.81666964889586,11.63051020408163,8.204081632653061
t1_jgumaer,59.07901265822784,8.94415189873418,10.623797468354432,11.602472056035307,9.393987341772153,9.6746835443038
t1_j0tqiok,67.0311904761905,8.547142857142859,11.038095238095238,11.20814326018867,8.930119047619051,7.678571428571427
t1_jarvzqh,38.20500000000004,15.383333333333336,17.333333333333336,16.52667757954773,17.433999999999997,11.923333333333332
t1_hzmpktk,64.66583333333335,7.593518518518522,12.807407407407409,12.161744961471694,9.044444444444444,10.577777777777776
t1_ebsz0y5,60.812341463414654,10.888552845528459,13.742439024390245,12.68835289967788,11.701219512195124,7.61138211382114
t1_dx7ueh3,52.10636363636365,8.724242424242426,11.672727272727274,11.20814326018867,8.333636363636362,10.333333333333336
t1_hkt057l,55.292580645161294,13.248387096774195,17.561290322580646,14.554592549557764,14.429354838709678,8.129032258064516
t1_gx4hcol,54.65088709677423,9.48725806451613,13.94193548387097,13.023866798666859,8.806451612903228,9.232258064516131
t1_dz7l1ye,28.002258064516155,17.054838709677416,20.14193548387097,19.287186520377343,20.11352941176471,15.238709677419358
t1_k2qcyfg,-34.76548387096773,25.809677419354845,31.754838709677422,25.254471183327073,31.446129032258064,28.522580645161295
t1_go8x1ow,35.60000000000002,14.256111111111114,17.933333333333334,16.32212239822248,16.442739726027398,14.463888888888889
t1_ekunhum,52.2009141791045,10.139514925373138,12.670149253731346,12.161744961471694,9.581119402985074,8.749253731343284
t1_es5bnnj,63.50875000000002,7.320159574468086,10.65744680851064,11.20814326018867,7.794574468085106,9.81702127659575
t1_ekopgwb,68.9825,7.612500000000001,7.65,7.168621630094336,7.470625000000002,7.90625
t1_dyo8nnf,69.58522727272731,6.8057323232323235,9.403030303030304,10.436869588844216,6.660522113022115,7.595833333333335
t1_girxmb4,15.90846774193551,22.592311827956994,26.34193548387097,21.640513641318698,26.460736842105263,14.06021505376344
t1_gxwayu7,53.025714285714315,12.819285714285716,14.771428571428572,12.161744961471694,16.204107142857147,11.00357142857143
t1_gs30rpj,45.86583333333337,10.215740740740742,12.807407407407409,13.023866798666859,11.561428571428571,13.585185185185185
t1_g67n06b,23.850000000000023,15.895,16.26666666666667,14.554592549557764,17.358125,15.229166666666668
t1_kd3fb09,52.01950000000002,9.109000000000002,11.4,11.698219412168324,8.840999999999998,10.716000000000005
t1_ew1bf92,55.82945355191259,10.52360655737705,12.06775956284153,11.20814326018867,12.058763440860211,11.078688524590163
t1_hvcu5ab,81.37694444444446,5.262654320987657,7.375308641975309,9.725611199111238,6.253333333333334,6.925925925925927
t1_id9mpgo,57.58432692307693,9.264423076923077,12.653846153846155,12.161744961471694,7.708846153846153,7.719999999999999
t1_erh9gdc,47.045000000000016,12.4468253968254,14.936155202821869,13.707050652182112,13.83679894179894,11.025925925925929
t1_duqfq38,58.130000000000024,8.87777777777778,11.333333333333336,12.457975602129121,8.782666666666664,9.551111111111116
t1_esmq8wg,34.58288461538464,16.50961538461539,19.153846153846157,16.52667757954773,17.355538461538465,10.504615384615388
t1_igqo94y,90.29500000000002,2.155555555555555,2.4000000000000004,6.42735559955562,0.8024999999999984,1.3388888888888886
t1_ez8w5at,67.03295454545456,8.008636363636366,13.26666666666667,12.602617957971052,9.156818181818181,9.033333333333335
t1_f9zhsi0,45.82106060606063,10.511818181818182,13.13939393939394,13.023866798666859,9.453333333333333,11.05
t1_h7bz30a,32.41900000000001,12.314888888888891,14.648888888888889,13.348371206891418,10.868493150684934,12.755555555555556
t1_jwwjw2p,55.23927884615384,10.802596153846157,12.947041420118342,12.38480682065935,10.954571005917167,9.053254437869825
t1_f6suzsh,51.66879781420769,11.103934426229507,11.412021857923499,13.023866798666859,11.514535519125687,9.652459016393443
t1_hixx9nl,29.982500000000016,14.915425531914895,15.35744680851064,13.81666964889586,20.083191489361703,17.987234042553194
t1_j18y9va,38.880000000000024,13.053333333333338,15.63809523809524,14.554592549557764,13.875999999999998,12.453333333333333
t1_jj6v4yw,-1.0699999999999932,25.084680851063833,29.012765957446813,23.72669961743115,28.661875000000002,15.902127659574472
t1_egy3fu7,47.12018442622954,10.475532786885243,13.968852459016393,13.427899808715576,12.756311475409838,13.826229508196718
t1_h9ppwmz,59.303231132075496,8.279386792452833,11.337735849056605,11.698219412168324,7.411981132075475,8.558490566037733
t1_dscpgiz,63.381071428571445,8.766428571428573,11.571428571428573,11.20814326018867,10.600857142857144,10.182857142857141
t1_fb6ec4m,66.27342342342342,7.079459459459461,11.419819819819821,11.20814326018867,7.395585585585586,8.91891891891892
t1_jeemv68,45.71750000000003,10.857499999999998,13.4,12.68835289967788,11.650750000000002,12.4375
t1_g8oq9dq,41.329817351598194,13.539726027397261,16.308675799086757,15.247664890283005,13.96406392694064,10.791780821917808
t1_j78ao6o,78.43882352941179,6.541960784313726,9.15294117647059,8.841846274778883,6.51029411764706,5.317647058823528
t1_jp52rai,28.222011494252882,14.125862068965517,16.698850574712647,15.470042427545799,14.710114942528733,14.368965517241381
t1_g6wz4w7,21.646521739130463,15.953913043478263,19.63478260869565,17.693802365651003,16.07739130434782,13.804347826086953
t1_eqgab08,17.975000000000023,16.714444444444442,19.6,17.122413403193683,17.926712328767124,16.155555555555562
t1_erblksx,48.62081896551726,11.88100574712644,15.136781609195403,13.81666964889586,12.237068965517246,9.839080459770113
t1_fj1cioj,74.82750000000003,6.229404761904764,9.235714285714286,9.606745405546679,5.666152758132959,6.8124999999999964
t1_dx4en94,46.75750000000002,12.327222222222222,15.222222222222223,15.247664890283005,11.800000000000004,9.435555555555556
t1_e61czhy,49.01742857142861,9.55257142857143,12.65904761904762,12.340626583579944,9.915238095238095,12.231746031746038
t1_kefeune,62.30929878048781,7.114817073170734,7.026829268292683,10.125756701596842,7.474756097560977,8.473170731707317
t1_iz78ajg,40.98605072463769,12.30413043478261,14.623188405797102,14.314028922438442,11.908115942028985,11.100869565217394
t1_f6n29jd,46.52386363636364,10.869242424242426,13.872727272727275,13.023866798666859,10.940909090909095,11.581818181818182
t1_i32gg4z,73.54021505376345,5.569032258064517,7.359139784946237,8.841846274778883,6.375053763440864,8.277419354838713
t1_glvs2h2,56.967209302325585,9.89171650055371,12.642746400885935,12.28987398476788,12.393122923588038,11.773643410852713
t1_hnkego4,60.15920731707318,9.961097560975613,14.053658536585367,13.023866798666859,8.923658536585368,7.087804878048779
t1_kane5ay,44.28434482758621,11.405195402298855,14.776091954022988,13.662883650711645,11.577931034482752,11.498850574712645
t1_f8abql2,60.01000000000002,8.61555555555556,9.555555555555555,9.725611199111238,7.981739130434782,8.52
t1_foybyho,49.518421052631595,11.07263157894737,10.757894736842106,11.20814326018867,12.11578947368421,11.03157894736842
t1_do2m8ux,64.89762323943664,8.617007042253523,11.043661971830986,11.20814326018867,9.601901408450704,8.918309859154927
t1_hjal99w,56.93460526315789,7.678157894736845,11.16842105263158,10.686352973137792,7.489736842105263,9.931578947368426
t1_kfkvxtj,64.66285714285716,9.457142857142859,10.304761904761905,8.841846274778883,8.659318181818183,7.647619047619049
t1_fkrlwk8,45.26235294117649,11.169411764705881,14.643137254901962,13.5591,13.205882352941174,13.619607843137256
t1_dy0oy06,33.83000000000001,11.025000000000002,16.0,13.023866798666859,12.418749999999996,15.750000000000004
t1_gd8cryt,58.4787254901961,7.91823529411765,10.415686274509804,11.20814326018867,6.5399019607843165,8.02941176470588
t1_kdihfml,-10.812352941176442,27.437254901960788,29.419607843137257,24.50423929779172,29.790294117647058,14.837254901960783
t1_ejb19lh,7.938823529411792,16.37529411764706,22.094117647058823,17.693802365651003,16.02264705882353,17.258823529411767
t1_io3854z,28.647173913043503,20.691304347826094,22.31304347826087,17.693802365651003,23.99369565217392,10.60217391304348
t1_h6erfna,35.27000000000001,13.060000000000002,16.02105263157895,15.381575749822971,12.562000000000005,12.19157894736842
t1_cjuo15p,48.994705882352946,10.648823529411764,13.270588235294117,13.023866798666859,10.82779411764706,10.776470588235295
t1_dvpi4lw,62.517137096774206,6.464758064516129,12.13225806451613,10.686352973137792,5.539193548387097,7.883870967741938
t1_gru65a8,35.815,12.735555555555557,14.607407407407408,14.314028922438442,13.28405405405406,13.811111111111114
t1_j33xx4f,-4.9864150943396055,27.121509433962263,31.766037735849057,24.50423929779172,30.39735849056604,14.283018867924529
t1_k3n9mr3,28.335000000000036,16.76,17.333333333333336,16.52667757954773,17.826500000000003,12.116666666666664
t1_h2z1z6r,27.23357142857145,19.894761904761904,22.99047619047619,18.7741,23.288214285714282,12.426190476190474
t1_ixsqpfr,67.53000000000003,7.566666666666666,10.666666666666666,11.698219412168324,8.364,8.616666666666667
t1_f5p4ff9,57.3105263157895,9.98578947368421,12.336842105263159,12.602617957971052,12.11578947368421,11.48947368421053
t1_fss38xv,41.94470588235296,11.632156862745099,13.858823529411765,13.023866798666859,12.374705882352934,12.937254901960785
t1_hteipvy,66.36500000000001,8.474444444444444,10.533333333333335,10.686352973137792,9.55,8.816666666666666
t1_ge2fugq,55.68227272727273,10.958181818181817,13.345454545454544,12.161744961471694,11.086136363636363,8.29545454545455
t1_e2p70d4,47.750588235294146,10.822352941176472,13.858823529411765,13.023866798666859,11.589705882352938,11.288235294117648
t1_j2uwrpl,62.625701754386,7.671052631578949,8.22456140350877,8.841846274778883,7.709649122807015,8.573684210526316
t1_gejcstt,60.966960784313756,7.571176470588238,10.415686274509804,10.504223727775692,6.955490196078433,8.541176470588237
t1_ebrcze6,23.680000000000035,14.925000000000004,18.0,16.52667757954773,14.121749999999999,13.46
t1_dxyy1om,76.26924731182795,5.188387096774196,9.294623655913979,9.725611199111238,4.24795698924731,5.658064516129031
t1_gvs5t8o,85.01333333333335,4.300000000000001,6.380952380952381,7.168621630094336,3.4451904761904757,4.282857142857143
t1_gtbm237,52.640000000000015,9.146666666666668,13.405128205128205,12.457975602129121,11.328250000000004,13.897435897435898
t1_jpq310w,55.4412837837838,10.122297297297298,12.805405405405407,12.161744961471694,10.988108108108115,10.34594594594595
t1_h4jdfsy,70.10163043478265,6.3384782608695645,9.817391304347826,10.686352973137792,5.412608695652175,6.717391304347828
t1_gcn8bwa,75.17909090909093,5.506060606060608,6.824242424242425,7.793537801064561,5.47909090909091,7.169696969696968
t1_g7pbbcj,65.58621593291406,7.037295597484281,10.37148846960168,10.980518767755715,6.99645898234683,8.060377358490566
t1_jp33fb5,68.81942307692312,8.50474358974359,9.851282051282052,8.841846274778883,10.17923076923077,9.079487179487181
t1_g4cka1q,65.94562500000002,8.439778368794329,9.319503546099291,8.841846274778883,10.531648936170214,9.834042553191487
t1_iq3n6gt,87.18537634408602,3.665806451612905,6.713978494623657,7.793537801064561,5.463440860215055,6.593548387096774
t1_f4i3b9p,35.91379310344831,15.454482758620689,16.427586206896553,14.554592549557764,17.640499999999996,12.879310344827587
t1_ez5khxn,64.91300000000003,7.8820000000000014,11.325405405405405,11.979248473330827,8.310675675675675,8.535135135135135
t1_hqg9y2v,52.01950000000002,9.109000000000002,11.0,10.9516,10.819200000000002,12.804000000000002
t1_g5kqgws,60.18740384615384,8.90134615384616,9.576923076923078,10.125756701596842,10.75223076923077,11.378461538461536
t1_hu8ghob,68.34447115384619,7.359903846153845,9.610683760683763,11.20814326018867,7.756059322033899,8.64786324786325
t1_icanpki,97.4775,2.2716666666666683,4.2,3.1291,2.435714285714287,3.06190476190476
t1_fo1yl1t,54.37000000000003,9.402222222222225,11.333333333333336,11.20814326018867,11.399333333333338,12.257777777777783
t1_efmlhjv,62.70357142857142,7.991428571428575,9.885714285714286,11.20814326018867,8.783571428571431,9.635714285714286
t1_j39tj1k,33.46032258064517,16.293548387096777,18.421505376344086,15.903189008614273,17.468064516129033,11.184946236559142
t1_dvbcbco,38.76041176470591,11.23164705882353,14.851764705882355,13.662883650711645,11.96764705882353,13.49705882352941
t1_ejc4kfl,56.1296428571429,9.777857142857144,10.428571428571429,11.20814326018867,10.197142857142854,10.348571428571429
t1_hxn1w79,43.504999999999995,12.65666666666667,16.67878787878788,15.903189008614273,14.33318181818182,12.90909090909091
t1_ewl8onp,38.36714285714288,16.602857142857143,18.571428571428573,18.243605946275583,18.812571428571424,10.531428571428574
t1_k4prup6,84.91663461538462,5.452115384615386,8.346153846153845,8.07648339933343,7.346538461538465,6.827692307692306
t1_jv2fc45,53.860748299319766,9.804489795918371,10.614965986394559,12.457975602129121,9.421564625850337,9.730612244897962
t1_hgnsy9q,41.025000000000034,14.990000000000006,16.0,13.023866798666859,20.731,15.306666666666665
t1_hw5y53n,73.83183486238534,6.829646133682829,8.79737876802097,9.236282656511921,6.1463564875491485,5.711926605504587
t1_f77ubvp,70.2925,5.815000000000001,8.010526315789475,8.841846274778883,4.3910526315789475,6.268421052631581
t1_gs51ada,29.821612903225827,16.801075268817204,19.71182795698925,17.122413403193683,18.672234042553193,12.868817204301077
t1_h02z5id,49.71754794520548,13.578821917808224,17.433424657534246,15.6451,14.881164383561647,9.127397260273973
t1_i72lfrd,64.93346153846157,10.661538461538463,12.707692307692309,10.125756701596842,11.949807692307694,7.153846153846157
t1_f8ddjqo,79.80028846153847,4.550961538461539,6.976923076923078,8.07648339933343,5.666538461538462,7.635897435897437
t1_dy0j7tc,42.43500000000003,14.793333333333333,15.333333333333336,14.554592549557764,17.198500000000003,11.34333333333333
t1_hc69h31,58.034889705882364,9.915808823529414,11.310130718954248,11.20814326018867,10.789754901960784,9.908496732026144
t1_gxtmzmy,81.76666666666668,4.090370370370373,3.6,6.42735559955562,6.968888888888891,8.407407407407405
t1_ev8xp30,55.35452380952384,7.857142857142858,9.447619047619048,9.725611199111238,9.385287356321843,12.92857142857143
t1_gxlju1q,15.56617647058826,19.53470588235294,21.247058823529414,19.287186520377343,22.652499999999996,15.655882352941177
t1_ehv2kzu,44.008457711442816,12.669253731343286,14.903482587064676,14.06817628641468,13.919353233830847,12.04776119402985
t1_j0npnra,14.649210526315812,20.656315789473684,25.726315789473684,21.19438992294339,25.953947368421048,16.542105263157897
t1_ev8t76j,57.23000000000002,11.984444444444446,13.762962962962963,12.161744961471694,13.70111111111111,9.096296296296302
t1_g4tfdp0,47.699358974359,10.912307692307696,12.702564102564104,12.161744961471694,13.096378205128204,13.778846153846153
t1_g23dook,51.45611111111114,9.946666666666665,12.793650793650793,12.838901577100671,9.662277777777778,9.93
t1_gk3qc42,63.05500000000001,7.445555555555558,9.244444444444445,9.725611199111238,7.596666666666668,8.961111111111116
t1_gw5ngm6,60.97288461538463,6.369615384615386,10.600000000000001,9.888512548439397,4.138153846153845,6.1476923076923065
t1_eau9xjg,49.087500000000006,10.511666666666667,15.084848484848486,14.554592549557764,10.370000000000001,11.054545454545455
t1_eb2m99c,38.90269230769235,14.292307692307695,17.323076923076922,15.247664890283005,14.214230769230767,10.500000000000004
t1_gpsm49h,39.74784158415844,12.733544554455445,14.812673267326733,14.836745963215662,14.159411764705887,13.629702970297028
t1_izlpvtk,75.98359649122811,5.807894736842105,9.27719298245614,9.725611199111238,4.467948717948719,5.368421052631579
t1_gyh5dem,50.28191256830604,11.29737704918033,13.379234972677597,13.023866798666859,13.136010928961753,11.649180327868855
t1_igwrma9,69.18096153846157,8.454316239316242,9.167521367521367,9.2995712137729,9.696153846153845,7.964102564102564
t1_hf6tc7w,51.295578947368455,8.936701754385968,10.174035087719298,10.793553405168563,7.902631578947364,10.094736842105267
t1_d1drsnh,28.68120283018868,19.133883647798744,22.944025157232705,18.243605946275583,21.609905660377358,11.57987421383648
t1_hdqtm4n,53.83561320754718,12.333679245283019,15.128301886792451,13.023866798666859,13.059433962264144,8.362264150943393
t1_hejdxsw,37.72585000000001,15.760700000000003,18.900000000000002,16.52667757954773,17.97108,11.835200000000004
t1_i391a57,69.70315315315315,6.60108108108108,8.717117117117118,10.864195022040775,5.549774774774779,6.7243243243243285
t1_hrabolz,35.14428571428573,17.052380952380954,20.476190476190478,17.122413403193683,21.189999999999998,13.735238095238099
t1_gxd8jom,58.633333333333354,8.973191489361703,10.096453900709221,10.504223727775692,9.452269503546098,9.891489361702128
t1_dy26buk,72.64663934426231,7.456323185011708,9.266510538641686,9.606745405546679,8.17541474654378,7.175409836065576
t1_hk2om0v,96.18000000000002,2.080000000000002,4.488888888888889,7.554174236665414,-1.1253333333333302,-0.5288888888888863
t1_ezf5dyk,42.76214285714286,10.772857142857145,13.600000000000001,12.68835289967788,12.834929577464784,14.400000000000002
t1_h77send,46.62107692307694,11.923923076923078,14.85846153846154,14.265292616868656,13.33519230769231,11.832692307692312
t1_dw74hjp,77.60941176470591,6.657647058823532,7.976470588235294,7.168621630094336,8.395833333333332,7.36470588235294
t1_fmfm4su,81.51849315068493,4.479882583170259,5.815264187866928,7.447530270364452,4.366340508806264,6.071232876712326
t1_hg6qo5v,72.74666666666668,6.425000000000001,7.333333333333335,7.793537801064561,5.018666666666668,5.180000000000003
t1_gmlp2yb,75.76500000000001,7.163333333333334,10.533333333333335,10.125756701596842,7.0464864864864865,6.077777777777776
t1_ie0vawm,22.786206896551732,17.285517241379313,21.255172413793105,19.287186520377343,17.919310344827586,13.579310344827586
t1_er6dx3k,81.36321428571429,4.519285714285715,6.104761904761905,7.168621630094336,4.193488372093022,5.409523809523812
t1_eudl1mi,55.99102564102566,10.83230769230769,12.974358974358976,13.023866798666859,12.301179487179489,10.76307692307692
t1_iie1ofb,52.08439393939395,13.281818181818185,15.36969696969697,12.457975602129121,16.197916666666664,10.543181818181818
t1_i2rj81n,66.33875,7.981249999999999,10.15,10.125756701596842,10.414375,10.9875
t1_hi5eww5,25.795000000000044,14.630000000000003,17.0,16.52667757954773,15.887999999999998,15.344999999999999
t1_g8iuabj,69.32195121951221,7.9555400696864105,10.605807200929153,10.914260884657427,7.727421602787459,6.658536585365859
t1_e2mi5fm,63.76688679245284,8.12703504043127,11.717520215633423,11.765960540728905,8.225107816711592,8.673584905660377
t1_jze7b0k,6.295760869565214,20.95195652173913,23.655072463768118,21.19438992294339,22.987826086956524,16.250724637681163
t1_h5d40q5,25.165384615384625,19.437948717948718,21.753846153846155,17.122413403193683,22.405,12.738461538461536
t1_gx8dfnm,28.60373873873877,15.39756756756757,19.5963963963964,17.122413403193683,16.400133333333336,13.724324324324325
t1_dt9elm2,68.99427027027028,5.474378378378379,8.365405405405406,9.3871,5.696052631578947,8.572972972972977
t1_ebi2vx7,60.84163793103451,8.375344827586208,12.696551724137933,12.161744961471694,8.882758620689653,9.758620689655174
t1_el49p3j,36.300158730158756,11.480952380952381,15.37292250233427,13.901157680251561,10.551783380018676,12.131092436974793
t1_glczc7c,82.71037616387338,4.687463687150839,6.784506517690875,8.447377352677275,4.292500000000004,4.854748603351954
t1_kdas8gi,40.876185300207084,14.224068322981367,18.435196687370603,16.32212239822248,14.502764227642274,10.655900621118018
t1_idluzk4,78.38460784313727,5.1417647058823555,5.7098039215686285,7.793537801064561,5.985784313725489,7.005882352941175
t1_gcmg97l,56.25000000000003,9.140000000000004,11.333333333333336,11.20814326018867,11.032999999999994,12.580000000000005
t1_etkzes2,45.4721428571429,13.872857142857146,16.2,13.81666964889586,13.765,8.414285714285711
t1_itzxs42,62.3432808988764,8.985707865168543,9.816629213483147,11.20814326018867,10.173258426966292,9.842696629213481
t1_f8dn3sw,54.76877578176982,10.229900199600802,14.607850964737194,13.5591,10.41652777777778,9.79880239520958
t1_e2kd0gw,54.87766666666667,10.97103703703704,12.714074074074075,13.662883650711645,11.19155963302753,9.090740740740742
t1_dst39lq,37.920000000000016,11.696666666666669,16.0,14.554592549557764,11.032999999999994,11.71
t1_k9k5mso,71.0192131147541,6.384393442622951,8.158688524590165,8.841846274778883,7.370655737704915,8.491803278688526
t1_ht1oivh,63.706073943662005,8.783204225352115,10.480281690140846,11.20814326018867,9.270211267605632,8.67323943661972
t1_g4d2mm3,65.94562500000002,8.439778368794329,9.319503546099291,8.841846274778883,10.531648936170214,9.834042553191487
t1_hdry65j,18.334285714285727,15.919047619047621,20.78095238095238,18.243605946275583,13.853571428571428,12.895238095238096
t1_ff6n7ag,64.61996774193551,7.326645161290326,8.185806451612903,9.3871,7.408387096774195,8.848387096774193
t1_j1dedfj,56.72018292682927,10.440772357723581,13.078048780487805,12.161744961471694,11.10634146341463,9.634146341463413
t1_frimgth,45.68000000000002,16.825000000000006,17.0,11.20814326018867,21.200975609756092,10.864999999999998
t1_emtcrts,52.10636363636365,8.724242424242426,9.248484848484848,10.504223727775692,9.332727272727272,12.09090909090909
t1_h9d7oou,18.054411764705918,19.187647058823533,20.658823529411766,19.287186520377343,23.968529411764706,17.447058823529414
t1_e8e4n3y,88.5414285714286,2.6485714285714295,5.085714285714286,7.554174236665414,3.4559459459459454,5.16
t1_jupe166,50.96333333333334,12.858518518518522,15.244444444444447,13.023866798666859,16.14333333333333,12.31851851851852
t1_h7x79cs,73.21469298245616,6.980789473684215,8.859649122807019,8.841846274778883,7.297176870748299,7.423157894736843
t1_f8fvvst,36.33444444444447,11.066067019400354,14.505114638447973,13.25671669890799,11.627195767195765,13.935802469135801
t1_gte95yx,44.50070652173915,14.194673913043477,18.108695652173914,15.903189008614273,16.494999999999997,11.464347826086957
t1_jiwlr64,63.0392934782609,8.751992753623188,11.537681159420291,11.698219412168324,8.21934782608696,7.44927536231884
t1_dtbufji,56.43287096774196,8.468580645161293,10.766451612903225,11.602472056035307,9.142380952380954,11.374193548387098
t1_i3wbj8n,32.87743589743593,16.209230769230768,19.16630036630037,16.32212239822248,17.54545787545787,12.032967032967033
t1_dssvnhe,42.71500000000003,12.270000000000003,18.0,15.903189008614273,14.121749999999999,13.605
t1_j0oqoc1,72.948125,7.059374999999999,7.65,8.841846274778883,7.221538461538465,7.634374999999999
t1_hf5tkj3,79.43492647058825,5.347205882352942,9.02156862745098,10.125756701596842,6.463235294117645,7.921568627450981
t1_jsis2tb,58.54678571428573,9.440714285714286,13.857142857142856,13.81666964889586,9.389714285714287,8.691428571428574
t1_g4m6sza,62.32663414634146,6.603121951219514,10.109268292682927,10.355215969177355,4.956341463414631,7.3268292682926806
t1_gi5epn1,58.744435483871,8.916290322580647,9.425806451612903,11.698219412168324,8.65451612903226,8.764516129032259
t1_dfumrce,29.03000000000003,15.91777777777778,16.725925925925928,15.247664890283005,18.84722222222222,15.862962962962964
t1_hg0knnu,56.922,10.08966666666667,13.096666666666668,13.348371206891418,10.934999999999995,10.26875
t1_gn4a9my,40.35668478260871,11.915760869565219,14.43623188405797,13.624085052395262,10.676739130434783,10.517391304347829
t1_gnq5t25,49.89142857142858,11.517460317460316,14.74920634920635,13.5591,15.122187500000003,13.355555555555558
t1_dumn2t3,49.595,10.316666666666666,13.06666666666667,13.023866798666859,10.5125,11.229166666666668
t1_e3db1q8,70.14470588235295,7.698823529411765,9.937254901960785,10.504223727775692,9.511764705882353,8.388235294117646
t1_h0bzyyo,0.1507142857143151,20.194285714285716,24.05714285714286,20.267338824336647,22.68035714285714,18.97857142857143
t1_kf4zudh,3.440967741935509,20.480645161290322,24.012903225806454,20.581828153500815,22.53258064516129,17.29677419354839
t1_eaag5ml,61.760401069518736,8.484331550802139,11.122994652406419,12.40481918309499,7.820877378435519,8.350588235294122
t1_ewi3drn,64.85201754385966,7.360526315789475,11.382456140350877,11.20814326018867,8.453333333333333,10.099999999999998
t1_j2a1yv0,68.67102750809065,7.945776699029128,9.973462783171522,10.504223727775692,7.216121794871796,6.689320388349515
t1_hu5ez2a,64.70503448275863,8.556919540229888,10.63816091954023,10.355215969177355,9.195862068965514,8.632183908045977
t1_k63z1cv,69.05603741496603,5.6562244897959175,5.715646258503401,9.2995712137729,5.7227210884353745,7.444897959183674
t1_gjuqlcb,86.04480620155041,4.818604651162794,8.524031007751939,9.725611199111238,4.357596899224806,4.525581395348841
t1_hnysrov,25.028947368421086,14.48842105263158,19.178947368421053,17.122413403193683,14.594736842105263,14.542105263157897
t1_i2jemch,65.10263157894738,8.898947368421055,10.757894736842106,11.20814326018867,9.884736842105266,8.43684210526316
t1_h0b0n30,36.967426470588265,13.382205882352945,17.441176470588236,15.903189008614273,14.628999999999998,13.512941176470587
t1_jm7zwd0,45.175021097046425,13.500253164556963,16.60928270042194,15.470042427545799,14.511603375527429,10.240506329113927
t1_gnqb3pm,39.33500000000002,17.710000000000004,20.5,15.247664890283005,20.782592592592586,9.342500000000005
t1_dxwmmgu,72.26232142857144,5.353928571428575,5.7857142857142865,7.168621630094336,6.495000000000001,8.822857142857142
t1_gru6wpa,9.729534883720959,22.584651162790696,25.572093023255817,21.640513641318698,26.27275862068965,15.209302325581397
t1_j4lsctc,44.97000000000003,10.713333333333338,12.933333333333332,13.662883650711645,12.346842105263157,13.855999999999998
t1_ezicc6z,54.72628731343286,9.787276119402986,14.461194029850748,13.427899808715576,10.564264705882351,10.653731343283585
t1_i9j8od5,52.80577519379847,13.015581395348843,14.955038759689922,13.023866798666859,14.865077519379845,9.436046511627904
t1_hpou96n,45.80972972972974,16.061621621621622,16.962162162162162,15.903189008614273,19.21972972972973,9.578378378378375
t1_fkt5ng2,65.19496629213484,8.587955056179776,12.513258426966292,12.340626583579944,9.379438202247194,8.474157303370784
t1_e50geae,67.54,8.310555555555556,9.977777777777778,10.686352973137792,7.783750000000001,6.399999999999999
t1_hrtpeb6,37.64973471223024,12.32437949640288,15.870863309352519,15.414825405933506,12.19678057553957,12.581294964028775
t1_froim3v,47.039666666666704,9.38125925925926,10.245925925925926,11.20814326018867,9.875,12.607407407407411
t1_j6hoxz0,50.173799283154125,10.539569892473121,12.308243727598565,12.457975602129121,11.033034188034186,11.294193548387096
t1_hzqzx89,67.32894736842107,8.588421052631581,10.23157894736842,12.161744961471694,7.901578947368421,6.223684210526315
t1_gx3tiqm,50.86088235294119,10.388529411764704,13.56470588235294,12.815532586354998,11.814565217391305,11.92794117647059
t1_hvau3fr,87.4520945945946,5.657432432432433,8.481081081081081,7.168621630094336,6.405405405405407,4.702702702702702
t1_i8p5l14,67.22243589743591,8.189230769230772,10.77948717948718,10.504223727775692,8.431666666666665,7.811538461538458
t1_k4egrf9,57.80325000000002,9.966750000000001,12.263333333333334,11.602472056035307,11.033124999999998,9.785416666666666
t1_gxecbxa,20.539999999999992,14.866111111111113,18.311111111111114,15.903189008614273,17.85791666666666,18.402777777777775
t1_hrb4wq1,65.4575,8.104166666666668,8.9,10.504223727775692,9.138750000000002,9.175
t1_hgnnbc1,54.97173387096777,11.367822580645164,14.461290322580647,13.427899808715576,12.52951612903226,9.806451612903228
t1_hfx9evz,63.545,8.867777777777778,11.644444444444446,11.20814326018867,9.393,8.526666666666667
t1_hdveh5b,35.94800000000001,14.456,16.400000000000002,14.554592549557764,18.061923076923073,16.888
t1_i7n8om3,47.93175000000002,11.231833333333334,13.9,13.427899808715576,10.992600000000003,10.538666666666668
t1_dzpw21t,79.50500000000001,5.151111111111113,8.133333333333335,8.841846274778883,2.773513513513514,3.805555555555557
t1_d375flm,51.51500000000003,13.030000000000005,16.914285714285715,15.903189008614273,15.447142857142858,10.278571428571432
t1_d01kd3o,55.54357142857147,12.468095238095241,15.009523809523811,12.457975602129121,13.708928571428572,8.138095238095236
t1_gxid4jd,32.565000000000026,16.170000000000005,17.333333333333336,15.247664890283005,17.9835,12.889999999999997
t1_jqugkxd,38.43663135593221,11.562500000000004,15.391525423728815,13.81666964889586,13.017605042016804,14.633898305084745
t1_f60l2vj,67.26972972972975,7.815907335907337,10.306821106821108,10.914260884657427,8.223976833976835,7.7801801801801815
t1_ezf3mf3,42.76214285714286,10.772857142857145,13.600000000000001,12.68835289967788,12.834929577464784,14.400000000000002
t1_jx42ted,33.00979591836736,13.872108843537415,16.835374149659867,15.151101081350806,14.189999999999998,13.092517006802723
t1_dyh6zk0,53.19389534883723,11.181046511627908,12.32093023255814,12.161744961471694,11.33651162790698,9.125581395348838
t1_kfgksr7,70.7057142857143,8.614285714285717,12.20952380952381,11.20814326018867,10.265,8.476190476190482
t1_ke66zkr,21.91153846153847,19.891794871794875,22.77948717948718,18.243605946275583,23.069230769230764,13.630769230769232
t1_j6n8uxn,51.92185483870969,9.867903225806455,11.361290322580645,11.20814326018867,10.173870967741934,11.103225806451611
t1_gtbn8yr,52.33333333333334,9.851914893617021,12.224113475177305,12.457975602129121,11.757163120567377,12.544680851063827
t1_ex35709,69.23333333333335,5.838518518518523,6.562962962962963,8.841846274778883,7.317777777777778,9.911111111111111
t1_h81gdqi,34.903636363636366,16.589090909090917,19.86666666666667,17.693802365651003,17.40681818181818,10.281818181818181
t1_fm0n822,73.9583823529412,9.278529411764705,11.768627450980393,8.841846274778883,10.298529411764704,5.386274509803922
t1_g3kjdpy,64.50551470588238,7.429558823529412,9.805882352941177,10.125756701596842,7.848529411764705,9.058823529411768
t1_dy5sjng,42.74014285714287,11.47152380952381,15.767619047619048,14.836745963215662,11.136785714285715,11.369047619047617
t1_f0kddf1,41.01528571428574,8.929714285714287,7.954285714285715,9.3871,9.798214285714288,12.471428571428572
t1_kbj0kca,52.5266666666667,10.724021164021167,12.455026455026456,13.023866798666859,11.387422360248443,10.762962962962959
t1_f49k0yo,66.21291666666669,9.32375,11.658333333333333,11.855464076750408,10.358072916666664,8.278125000000003
t1_f7evkom,15.305000000000007,16.59,23.345454545454547,20.267338824336647,16.117272727272727,14.490909090909089
t1_gv1ih2a,48.34906177156179,12.436468531468531,14.28857808857809,14.554592549557764,14.232916666666668,11.34965034965035
t1_elgc8jr,21.30071428571432,17.244285714285713,22.62857142857143,19.287186520377343,19.316071428571426,15.457142857142859
t1_gt2hqjo,40.08110062893084,16.446603773584908,19.038993710691823,15.903189008614273,19.522554517133962,11.049056603773586
t1_gzn7a5i,58.54678571428573,9.440714285714286,10.714285714285715,10.411451182825502,10.12985714285714,9.602857142857147
t1_fjtrkun,57.80325000000002,9.966750000000001,11.846666666666668,11.602472056035307,10.700309278350517,9.725000000000001
t1_fgezaei,47.03313008130081,13.489512195121954,15.81138211382114,13.5591,15.269715447154475,10.98536585365854
t1_hg0l3o7,56.922,10.08966666666667,13.096666666666668,13.348371206891418,10.934999999999995,10.26875
t1_dszbrna,52.530000000000015,12.640000000000004,15.985185185185186,13.81666964889586,14.398888888888884,10.170370370370375
t1_jgurspo,67.44374671916013,9.110669291338585,11.931233595800528,11.20814326018867,8.920498687664043,6.275590551181104
t1_i0jh8vn,48.89502732240439,11.490819672131149,13.379234972677597,12.457975602129121,12.209453551912567,11.268852459016394
t1_gimrykx,72.51060344827589,6.747758620689655,7.179310344827586,8.841846274778883,8.882758620689653,7.558620689655175
t1_ggkf63c,45.64718867924529,12.1591320754717,16.027169811320757,14.554592549557764,13.608679245283021,11.913207547169812
t1_f8rl2k6,56.005000000000024,8.428888888888888,10.355555555555556,11.20814326018867,7.465833333333332,9.444444444444446
t1_gtaz80l,45.37452380952382,12.727142857142855,16.19047619047619,14.554592549557764,15.795827505827504,13.671428571428574
t1_h6x17yh,68.22168316831684,7.32823196605375,10.523903818953324,10.608840637214634,6.794579831932776,6.669306930693072
t1_iiyi6oe,67.75500000000001,6.790000000000003,9.244444444444445,10.504223727775692,10.082500000000003,11.861111111111114
t1_hfx8t1p,63.545,8.867777777777778,11.644444444444446,11.20814326018867,9.393,8.526666666666667
t1_exta6a0,48.87821428571431,10.789285714285715,12.714285714285715,12.161744961471694,13.292285714285718,12.668571428571429
t1_de2711z,69.40173195876291,8.398680412371135,12.296082474226806,11.979248473330827,10.120515463917528,7.847422680412372
t1_jwn2hn5,56.88865384615386,10.168846153846157,12.928205128205128,13.023866798666859,11.266153846153848,9.748717948717953
t1_fojx4yc,73.17000000000003,6.780000000000001,8.666666666666668,9.725611199111238,7.735999999999997,8.391111111111112
t1_f5rmti5,54.84000000000003,9.33666666666667,12.666666666666668,13.023866798666859,8.364,9.293333333333337
t1_cwebif6,57.015144927536255,9.116086956521741,13.959420289855073,13.023866798666859,10.298623188405799,11.269565217391303
t1_hfk1fyt,69.64827205882354,6.1843382352941205,8.955882352941178,9.827888789773866,5.326852941176469,7.138823529411766
t1_j7zj9a7,70.93250000000003,6.719444444444445,9.103703703703705,9.516144504307135,5.991666666666667,6.81851851851852
t1_is5xw7j,67.32894736842107,8.588421052631581,11.284210526315789,10.686352973137792,9.698815789473684,8.360526315789475
t1_jpn0c1k,58.282400000000024,11.340800000000002,15.12,13.662883650711645,12.43188976377953,8.907200000000003
t1_kcncpiq,45.85448113207548,13.446886792452833,15.128301886792451,13.81666964889586,15.192264150943394,11.20754716981132
t1_ici7loy,29.603333333333353,15.754999999999999,17.666666666666668,15.903189008614273,17.636016260162606,14.627500000000001
t1_iz727t6,76.0325,6.629166666666666,9.455555555555556,9.725611199111238,8.451874999999998,8.24861111111111
t1_dyp3e6m,71.62625000000001,7.243750000000002,10.15,11.20814326018867,7.97909090909091,8.993749999999999
t1_i1w3w9c,74.01550000000002,6.041,7.4,8.07648339933343,3.8484000000000016,4.568000000000001
t1_dydpc83,54.88249999999999,9.57916666666667,13.9,13.5591,7.765000000000001,7.362500000000001
t1_iagrkzk,91.68615384615387,3.7005128205128237,6.225641025641026,6.42735559955562,1.0115384615384642,0.5128205128205181
t1_k4u8bjj,57.73333333333335,9.09872340425532,13.075177304964539,12.457975602129121,9.051418439716311,9.706382978723408
t1_ebzl00l,57.23363636363638,8.009090909090911,8.036363636363637,8.841846274778883,4.572352941176469,6.642424242424241
t1_e7xn9br,45.93658536585366,11.217328687572593,13.532636469221837,13.023866798666859,12.111474285714287,12.034146341463419
t1_h3wkzec,1.398490566037765,26.23094339622642,29.501886792452833,22.076135915942103,32.619056603773586,16.471698113207548
t1_k2kngnj,44.6429026548673,12.647008849557523,16.473628318584073,14.836745963215662,13.503362831858404,11.428318584070794
t1_hell83p,70.35000000000002,7.173333333333336,9.200000000000001,9.3871,7.966821192052983,8.249333333333333
t1_gny1lfx,16.61558139534884,21.62418604651163,25.106976744186046,20.267338824336647,24.756896551724132,13.388372093023257
t1_jtse98m,38.16500000000002,12.407777777777778,16.08888888888889,15.247664890283005,12.2975,12.36111111111111
t1_ifeyj61,73.75728070175441,6.118421052631579,8.22456140350877,8.841846274778883,4.982807017543859,5.826315789473686
t1_gomzx4e,19.92192307692312,16.93974358974359,20.143589743589743,18.946978176291534,19.346923076923083,16.374358974358973
t1_gugg67i,33.499845041322345,16.10171487603306,18.38099173553719,16.218646115125612,19.5227868852459,14.426446280991737
t1_hg0l0tz,56.922,10.08966666666667,13.096666666666668,13.348371206891418,10.934999999999995,10.26875
t1_j467bok,44.96315018315019,14.523516483516484,17.408058608058607,14.554592549557764,16.05797101449275,10.248351648351651
t1_fte757n,67.2632142857143,6.48595238095238,8.009523809523811,9.516144504307135,6.584999999999997,8.17142857142857
t1_hfk1jxm,69.64827205882354,6.1843382352941205,8.955882352941178,9.827888789773866,5.326852941176469,7.138823529411766
t1_kf88cba,39.34,12.24388888888889,14.977777777777778,14.554592549557764,12.10125,12.36111111111111
t1_j75wwee,22.41500000000002,20.070000000000004,23.0,19.287186520377343,23.728292682926828,14.055000000000003
t1_il1mxfw,34.89714285714288,15.34785714285714,18.7,16.218646115125612,16.582589285714285,11.728571428571431
t1_dyy7u1z,45.25150000000002,10.053,13.533333333333331,12.457975602129121,10.254000000000001,11.83733333333333
t1_gpq6pey,50.953205128205155,10.458461538461538,11.548717948717949,11.855464076750408,12.417051282051283,12.16153846153846
t1_k2ko8ma,44.6429026548673,12.647008849557523,16.473628318584073,14.836745963215662,13.503362831858404,11.428318584070794
t1_h2juajq,-0.3044318181817971,19.450378787878787,25.253535353535355,20.736966565827903,20.489545454545457,18.03838383838384
t1_i35ht1l,8.675000000000011,25.46444444444445,29.748148148148147,22.076135915942103,29.33605504587156,12.275925925925929
t1_evbmxqn,62.43550387596903,8.111627906976747,8.524031007751939,9.725611199111238,8.958062015503877,10.055813953488371
t1_joi7so1,35.94633333333334,12.386000000000003,15.466666666666669,14.06817628641468,12.054733333333331,12.120000000000001
t1_e87u4im,45.17345394736844,9.908618421052633,11.486842105263158,11.698219412168324,10.160995145631066,12.783157894736842
t1_gmn5453,77.03958333333337,5.16375,9.266666666666666,9.725611199111238,4.267156862745097,5.350000000000001
t1_jn7npig,41.34959770114946,12.294827586206896,16.698850574712647,15.470042427545799,12.904293785310735,13.06896551724138
t1_gxdaz6x,69.12775309917356,7.37486570247934,9.686363636363637,10.125756701596842,8.514731404958681,8.846280991735537
t1_ivcmeib,51.81083333333336,12.657500000000002,15.16666666666667,13.023866798666859,13.569333333333333,9.335000000000004
t1_e5myckn,43.96022727272728,11.226818181818185,11.44848484848485,13.023866798666859,11.511818181818178,11.757575757575758
t1_dnehbdr,38.386842105263185,12.625263157894736,16.02105263157895,15.247664890283005,13.417236842105261,13.168421052631583
t1_i9j4jkp,67.73480769230771,8.656025641025643,11.902564102564103,11.20814326018867,8.367692307692309,6.6256410256410305
t1_kbtpo43,40.613157894736844,12.314736842105265,14.968421052631578,14.554592549557764,12.735526315789471,12.25263157894737
t1_gojbzbr,54.79904761904763,8.514285714285716,12.666666666666666,12.457975602129121,8.08790476190476,9.337142857142855
t1_k6oi5i0,61.512543859649156,7.826315789473686,11.382456140350877,11.20814326018867,6.128917748917747,7.505263157894738
t1_hjvzntt,44.509813559322026,12.914000000000001,14.863728813559323,13.662883650711645,14.83805084745763,12.142372881355936
t1_gkxxoay,40.613157894736844,12.314736842105265,16.02105263157895,14.554592549557764,13.355263157894733,13.015789473684208
t1_j4jcw1z,59.44400000000002,8.545444444444446,10.76,11.979248473330827,8.07708333333333,8.647222222222222
t1_jbafu53,48.525000000000034,12.453333333333333,14.933333333333335,14.265292616868656,12.667749999999998,9.45333333333333
t1_fo5mkln,56.64743589743591,9.664230769230773,11.164102564102564,12.457975602129121,10.607238095238095,10.544230769230772
t1_e14vx9e,42.505714285714305,12.547619047619047,16.019047619047623,14.554592549557764,14.975000000000001,12.895238095238096
t1_gn43hmb,8.748123249299738,21.89344537815126,25.278431372549022,20.581828153500815,24.051064425770306,14.403361344537814
t1_gdwhsjp,53.354178145087246,9.157465564738292,10.99761248852158,12.060818386365153,10.165693296602388,11.142148760330578
t1_f8gzw4g,54.35000000000002,7.914444444444449,10.266666666666667,10.686352973137792,5.856216216216215,8.783333333333335
t1_fofxaml,17.57307692307694,20.49692307692308,23.805128205128206,20.267338824336647,23.43153846153846,14.076923076923077
t1_jpmueic,44.37047619047621,11.707857142857144,15.323809523809524,14.06817628641468,11.957976190476188,11.925000000000004
t1_jzvheuw,58.54678571428573,9.440714285714286,11.571428571428573,11.20814326018867,10.197142857142854,9.851428571428574
t1_k9pbjdg,47.09655172413795,13.894712643678158,16.657471264367818,14.554592549557764,15.91620689655172,10.112643678160918
t1_h2othom,66.37038759689926,7.562790697674419,9.454263565891473,9.725611199111238,7.28241134751773,9.24651162790698
t1_e5ndxmd,63.09916666666669,7.812037037037037,9.103703703703705,9.516144504307135,7.823333333333334,9.181481481481484
t1_fklk70k,57.48121212121217,9.796363636363637,11.696969696969697,11.855464076750408,8.888848484848488,8.316363636363636
t1_k7jm7ij,12.258333333333354,15.690000000000001,20.26666666666667,16.728156217252725,16.387933333333336,18.267999999999997
t1_fi21xdt,82.57000000000001,5.468888888888891,8.666666666666668,8.841846274778883,3.8633333333333333,3.751111111111115
t1_frearhu,25.896666666666675,16.35481481481482,19.195061728395064,17.122413403193683,18.58555555555555,14.824691358024698
t1_gptvybx,52.13421768707485,10.04530612244898,13.063945578231293,13.023866798666859,11.055646258503401,11.506122448979593
t1_gg2x8e5,70.81651515151518,7.025454545454547,9.048484848484849,9.725611199111238,7.526515151515149,8.281818181818181
t1_gx3s9gz,32.98825000000002,16.421499999999998,17.94,15.579741850924794,18.679523809523808,12.9952
t1_eceugpx,61.37900423728814,8.362500000000004,9.967796610169493,10.686352973137792,8.058050847457626,8.637288135593224
t1_hctxa0m,85.4336363636364,4.075757575757578,8.036363636363637,8.841846274778883,4.194545454545455,5.7636363636363654
t1_gxf6ukd,44.03347985347989,14.653186813186817,18.287179487179486,15.903189008614273,17.54545787545787,11.459340659340658
t1_gf6x2th,19.807391304347846,16.210434782608697,20.504347826086956,17.693802365651003,18.530425531914894,17.460869565217397
t1_fyk95oc,35.95300000000002,20.666,23.200000000000003,14.554592549557764,25.707,10.404000000000003
t1_eaxonx6,76.01966216216218,7.2520270270270295,8.481081081081081,8.841846274778883,8.569459459459459,7.681081081081082
t1_f5dvkky,69.78633333333336,7.666,10.666666666666668,11.20814326018867,7.3447333333333304,6.667999999999999
t1_dxbihwe,53.639285714285734,9.255714285714287,12.742857142857144,12.161744961471694,8.783571428571431,9.635714285714286
t1_jspvj43,73.75411290322583,6.822741935483872,8.780645161290323,8.841846274778883,7.7429032258064545,7.922580645161286
t1_inown2o,8.595000000000027,19.51333333333334,22.0,19.287186520377343,21.359,15.983333333333334
t1_fl932o7,61.364204545454555,8.116136363636365,11.31818181818182,11.20814326018867,8.609636363636362,9.465454545454548
t1_dgpu8vz,20.30000000000001,20.365000000000006,27.0,22.076135915942103,22.826500000000003,13.185000000000002
t1_guzoaa2,45.215,11.424444444444447,12.755555555555556,13.81666964889586,11.905000000000001,11.716666666666665
t1_j5llbph,54.6546153846154,9.788400488400491,12.839560439560442,12.28987398476788,10.839450549450554,10.784615384615385
t1_eau536z,74.01550000000002,6.041,6.6000000000000005,9.516144504307135,6.015000000000001,7.004000000000001
t1_gbubl02,48.54857142857145,11.704761904761906,13.161904761904763,13.023866798666859,12.395714285714284,10.547619047619047
t1_k7atoac,20.79916666666668,13.712037037037042,17.251851851851853,14.554592549557764,12.358888888888892,14.87407407407408
t1_ezklioc,24.570606435643583,16.10502475247525,18.81287128712871,16.52667757954773,18.685096153846153,16.104950495049504
t1_f698jqa,27.123928571428593,13.82357142857143,18.428571428571427,15.903189008614273,13.225000000000001,14.657142857142858
t1_hh8glho,37.36557692307696,12.891923076923078,18.056410256410256,15.903189008614273,11.869999999999997,11.08717948717949
t1_gjarv7f,64.21234709480123,8.816100917431196,12.03730886850153,11.538034831475386,9.319333333333333,8.165137614678901
t1_e2hnuzb,51.70314285714289,9.177968253968256,13.92888888888889,12.68835289967788,7.896666666666668,9.561904761904763
t1_is6fx44,37.07600000000002,14.29866666666667,14.8,13.5591,15.122399999999999,11.706666666666663
t1_ewlqjv4,63.020000000000024,10.68,14.0,12.161744961471694,11.982400000000005,8.072
t1_fcut805,47.15016791044778,10.843992537313436,12.670149253731346,12.602617957971052,9.721716417910446,10.047761194029853
t1_g2ybjmq,40.613157894736844,12.314736842105265,13.915789473684212,14.554592549557764,14.718684210526312,14.389473684210525
t1_e0l2zt6,50.327500000000015,9.345000000000002,11.4,11.698219412168324,7.616399999999999,8.976000000000003
t1_jn2v79k,47.46552173913045,11.209913043478263,13.881739130434784,13.348371206891418,11.83195652173913,11.591304347826085
t1_e2g8n1d,66.27023076923078,7.891435897435898,9.316923076923077,10.355215969177355,9.014230769230767,9.889743589743588
t1_e1u236u,58.4075,9.087500000000002,10.775,11.698219412168324,9.243720930232556,9.4015625
t1_hoh33kk,82.27882882882884,4.847027027027028,9.257657657657658,9.725611199111238,4.976936936936937,5.783783783783782
t1_hd6eq4e,59.53333333333336,8.847659574468086,10.521985815602838,11.20814326018867,7.84886524822695,8.225531914893615
t1_gzy7v12,49.513669354838726,12.129112903225806,14.891397849462365,14.191785591663535,14.195957446808514,12.051612903225806
t1_fm0vcj8,35.9683928571429,14.763690476190476,18.5,16.218646115125612,15.379571428571431,11.630476190476191
t1_dww0zqu,73.64296103896106,6.813402597402597,10.315844155844156,10.355215969177355,6.3945454545454545,6.532467532467535
t1_frzg3ff,75.12117647058825,7.004705882352944,8.564705882352943,8.07648339933343,9.11826086956522,9.070588235294117
t1_gjkwzr3,49.087500000000006,10.511666666666667,13.064646464646467,13.023866798666859,9.894242424242425,9.941414141414143
t1_j00yn1x,77.24746153846156,5.351333333333333,7.548717948717949,9.265573868473778,4.937630769230768,6.149333333333331
t1_jtej679,75.91916666666668,5.982499999999998,9.333333333333334,10.125756701596842,5.588518518518519,6.340000000000003
t1_fp9mhw5,56.1296428571429,9.777857142857144,10.428571428571429,12.161744961471694,9.658857142857144,9.520000000000003
t1_i7p08qh,80.57669354838713,5.8711290322580645,8.135483870967743,10.125756701596842,5.608571428571427,5.1161290322580655
t1_gt7tsr9,60.727200704225396,9.198697183098592,10.761971830985916,10.411451182825502,9.87513986013986,9.367605633802818
t1_gt74bfj,35.12000000000003,13.57777777777778,15.384126984126983,14.554592549557764,14.091875000000002,13.263492063492066
t1_jsq8lr5,51.49775362318843,9.885652173913044,10.481159420289856,10.504223727775692,8.353188405797106,8.747826086956522
t1_iqdjrhf,60.149898734177214,8.794784810126583,10.876962025316457,10.793553405168563,8.946835443037976,9.344303797468356
t1_hayud60,63.39634615384618,9.261153846153846,10.876923076923077,10.125756701596842,9.213076923076926,7.666666666666668
t1_e36z24u,65.79821428571432,8.429285714285715,9.285714285714286,8.841846274778883,10.73542857142857,9.520000000000003
t1_iim97hn,63.228908045977036,9.24310344827586,12.560919540229884,11.855464076750408,11.315666666666665,10.46896551724138
t1_gnlp8b9,-15.413647798742119,19.79811320754717,25.17987421383648,19.287186520377343,19.85,21.70188679245283
t1_h9ynukf,68.096,9.972000000000001,12.4,10.125756701596842,10.381,6.331999999999997
t1_k5srja1,22.544193548387113,17.816129032258065,22.72258064516129,21.19438992294339,18.476363636363637,14.49032258064516
t1_ixlhdyb,36.07766666666669,13.59325925925926,16.78814814814815,15.381575749822971,14.44638888888889,13.225925925925925
t1_imj3m9j,71.72818840579711,7.063913043478262,10.481159420289856,10.504223727775692,5.895797101449276,5.721739130434784
t1_duzom1l,31.413548387096796,16.57903225806452,19.174193548387098,16.827784334635936,18.759516129032257,12.666129032258066
t1_ig95wp8,56.66071428571428,8.834285714285716,12.742857142857144,12.602617957971052,9.624642857142856,10.982142857142854
t1_fyjpsbb,51.49775362318843,9.885652173913044,13.08985507246377,13.023866798666859,10.571666666666665,12.27826086956522
t1_f2q5omz,35.87159090909094,15.087727272727275,19.0,16.52667757954773,16.93081081081081,12.545454545454543
t1_hfs6ft4,52.732587719298266,9.83763157894737,11.385964912280702,11.538034831475386,9.05541666666667,9.865263157894738
t1_dwis2v9,43.963076923076954,10.356923076923078,12.584615384615384,12.340626583579944,11.301076923076927,12.886153846153846
t1_feka8b4,52.72705882352943,10.128235294117648,12.68235294117647,13.023866798666859,7.4338235294117645,7.194117647058821
t1_ee0zen9,46.50647058823532,10.995882352941177,12.68235294117647,12.602617957971052,13.182794117647056,12.567647058823528
t1_iic49ld,44.83000000000004,11.975000000000001,15.0,14.554592549557764,12.591000000000001,11.140000000000004
t1_f5zfl65,64.22999999999999,7.28166666666667,9.244444444444445,10.504223727775692,5.634166666666669,6.866666666666667
t1_dxi2lw2,50.55136150234745,12.087887323943661,13.973708920187796,13.023866798666859,12.228544600938967,9.335211267605633
t1_e22zjhm,45.062916666666695,12.273750000000003,16.03333333333333,14.554592549557764,13.301822916666666,11.993750000000002
t1_fa0er9k,10.611739130434785,17.493043478260876,23.11304347826087,19.287186520377343,20.78739130434783,20.234782608695657
t1_gx6cbxa,55.58727891156465,9.563673469387759,10.614965986394559,11.20814326018867,9.62726666666667,9.967346938775513
t1_ic8kv2s,25.43348591549298,18.53105633802817,22.08732394366197,18.243605946275583,22.855211267605632,15.47042253521127
t1_ergh9jy,65.62112500000003,7.286375000000003,12.620000000000001,12.340626583579944,9.447727272727278,11.703125
t1_ggiudmc,59.342045454545485,9.081363636363637,10.236363636363638,10.125756701596842,10.58409090909091,10.615151515151513
t1_f35q1dv,35.24345238095239,17.61821428571429,20.290476190476195,16.32212239822248,20.87077380952381,11.889285714285712
t1_gxab53t,71.19550000000001,6.434333333333335,11.4,11.538034831475386,8.060131578947367,8.047999999999998
t1_ei9o7aj,79.85113636363639,6.2207575757575775,9.024242424242425,8.841846274778883,9.22818181818182,8.769696969696973
t1_h9dxqrq,63.494333333333344,9.76918518518519,11.602962962962964,11.20814326018867,10.477777777777781,8.016666666666666
t1_dm3zsyx,24.104000000000013,16.108000000000004,19.6,17.693802365651003,18.859,15.844000000000001
t1_izax2fo,20.674444444444475,17.08320987654321,20.18271604938272,18.243605946275583,17.71333333333333,14.251851851851857
t1_fbg1di2,37.77664179104477,12.745863539445633,16.313859275053307,15.151101081350806,13.765234541577826,13.211940298507468
t1_ekyxflx,31.142045454545467,13.014696969696974,11.44848484848485,11.20814326018867,13.694705882352942,15.624242424242425
t1_ibdcwbz,-2.8749999999999716,37.01255319148936,40.1531914893617,17.122413403193683,45.64947368421053,8.504255319148939
t1_iok40pt,76.70589285714286,6.473134920634923,8.83968253968254,8.841846274778883,8.350238095238097,8.00634920634921
t1_gt38mql,39.901250000000005,11.66875,18.900000000000002,15.903189008614273,11.547272727272727,12.075
t1_gx5ab26,52.47770408163268,12.026224489795919,13.881632653061224,12.161744961471694,13.985510204081628,10.453061224489797
t1_fwohu2c,45.73127450980394,12.511764705882353,17.301960784313728,15.470042427545799,12.713190476190476,10.785294117647059
t1_gz60v3d,48.17704545454549,13.371363636363636,15.363636363636363,14.554592549557764,13.814727272727275,8.854545454545455
t1_g5tauf3,84.2756060606061,5.148181818181818,6.775757575757575,6.42735559955562,6.456060606060603,7.095454545454544
t1_duy8wzv,37.41500000000002,14.996666666666666,18.342857142857145,16.32212239822248,15.344235294117645,10.692857142857143
t1_gvtosdi,51.567028985507264,13.685217391304352,15.310144927536232,13.023866798666859,15.456702898550724,9.334782608695654
t1_ghvaxat,27.139239130434788,18.04471014492754,20.176811594202903,17.693802365651003,20.052608695652175,12.678260869565218
t1_k03lag2,63.089750859106545,8.475824742268042,9.765635738831616,10.504223727775692,9.013939393939395,9.336082474226806
t1_gxfaf0s,31.427142857142883,14.092857142857145,17.44761904761905,16.218646115125612,15.423571428571428,14.621428571428577
t1_jmtqugd,64.21428571428572,7.780714285714286,9.885714285714286,11.698219412168324,7.6901785714285715,8.392857142857142
t1_dxqic5r,59.52904411764709,8.123676470588236,11.374509803921569,11.20814326018867,9.141470588235297,10.764705882352946
t1_iqxubn0,89.3414912280702,3.9447368421052644,7.171929824561403,7.793537801064561,2.8757017543859646,3.5368421052631582
t1_e2s3wrh,19.101842105263188,20.035263157894736,24.673684210526318,20.267338824336647,20.25236842105263,10.89473684210526
t1_jb1z2bv,19.02800000000002,16.816,18.0,15.903189008614273,17.445999999999998,14.568000000000001
t1_ezbird4,16.7421739130435,16.63797101449276,19.63478260869565,17.5058628484301,17.99357142857143,15.611594202898551
t1_dygzkq8,68.14214285714286,7.232857142857146,9.600000000000001,10.355215969177355,6.765000000000001,7.6057142857142885
t1_hf2v9r5,71.06500000000001,7.818888888888889,9.422222222222222,8.841846274778883,8.110833333333332,6.883333333333333
t1_igfmdu1,45.980362318840605,10.655217391304351,14.82898550724638,13.5591,11.651041666666664,13.539130434782614
t1_kdhi7b1,51.58250000000004,11.902659574468085,12.804255319148936,13.023866798666859,14.972340425531918,12.55744680851064
t1_h3kyfie,25.47211538461542,17.780384615384616,19.153846153846157,15.903189008614273,20.939090909090915,14.69846153846154
t1_jnj5gn1,86.28375000000003,4.6314880952380975,6.735714285714287,7.447530270364452,5.101205357142856,5.060416666666665
t1_ettuzzy,46.32569444444445,11.828487654320991,14.519753086419753,13.427899808715576,13.623536585365855,12.669135802469139
t1_dypedvw,30.470000000000027,17.95277777777778,20.511111111111113,17.122413403193683,19.53125,10.927777777777777
t1_e8p8xs5,87.72918699186994,4.418048780487805,7.417886178861789,7.793537801064561,4.587967479674795,4.951219512195124
t1_hyhrrae,43.24303921568628,12.858823529411769,17.301960784313728,15.470042427545799,13.938186274509803,11.63823529411765
t1_e9mu9iy,76.4117307692308,7.445769230769233,11.902564102564103,11.20814326018867,6.676923076923078,4.692307692307693
t1_h4g0a3y,61.665000000000006,9.130000000000003,12.755555555555556,12.161744961471694,11.119999999999997,10.911111111111111
t1_f3otibj,77.96350000000002,5.490333333333336,6.6000000000000005,7.168621630094336,5.418399999999998,5.882666666666665
t1_i1i6rcg,68.69142857142859,8.895238095238096,12.20952380952381,11.20814326018867,10.429302325581396,8.476190476190482
t1_fn84ssf,42.40761290322584,11.965075268817209,16.472258064516133,14.836745963215662,12.88870967741935,12.668817204301074
t1_h8eio72,44.307500000000005,11.05416666666667,13.9,13.5591,11.10125,11.712499999999999
t1_gkt8j15,34.86290540540543,12.99256756756757,17.12972972972973,15.247664890283005,11.751891891891894,11.286486486486485
t1_fs99u6w,75.41936936936936,5.803783783783789,7.095495495495496,8.841846274778883,5.86801801801802,6.567567567567568
t1_etxuout,45.31317204301078,12.073225806451614,15.363440860215054,15.021129683784007,11.921559139784947,10.738709677419354
t1_fwisv1v,34.680896226415086,15.00537735849057,18.90188679245283,16.52667757954773,20.254444444444445,16.56981132075472
t1_k7635ks,94.26247448979593,3.15484693877551,4.9,5.985473137389441,3.150510204081634,3.5632653061224495
t1_d438c0g,41.497935483871004,12.091956989247315,14.321720430107527,13.662883650711645,11.723870967741938,11.172043010752692
t1_i9c5aaw,56.04714285714289,12.397857142857145,17.62857142857143,15.247664890283005,13.344464285714288,8.414285714285711
t1_f9kl989,61.665000000000006,9.130000000000003,11.088888888888889,11.20814326018867,9.353750000000002,8.977777777777778
t1_gv52h3s,37.19254545454547,12.990585858585863,16.80888888888889,15.112257680678326,12.820700000000002,11.939393939393941
t1_h6zqd2g,49.154375000000016,10.378125,15.15,13.81666964889586,12.475000000000001,13.434375
t1_ggrwrg7,19.922621951219526,15.57329268292683,17.95609756097561,16.218646115125612,14.356144578313256,13.595121951219515
t1_fwv5z36,64.65347368421055,7.073543859649124,9.472280701754386,11.20814326018867,6.745789473684209,8.364912280701756
t1_gyvl0jm,52.640000000000015,9.146666666666668,10.328205128205129,11.855464076750408,10.032999999999998,11.964102564102571
t1_ff7b6c3,64.66285714285716,9.457142857142859,10.304761904761905,10.125756701596842,8.358571428571427,5.852380952380955
t1_id404h8,74.00789473684213,7.656842105263159,9.705263157894738,10.125756701596842,7.715657894736843,6.223684210526315
t1_hl51m8k,52.98213028169016,10.278978873239438,14.423943661971832,13.427899808715576,10.795985915492956,10.061971830985915
t1_kd4yc1l,41.96516891891895,9.703986486486489,12.348648648648648,12.161744961471694,9.595789473684214,13.44864864864865
t1_feywp3e,62.83022988505749,6.897241379310348,9.383908045977012,9.725611199111238,7.11574712643678,9.337931034482757
t1_e0ayvim,11.752500000000026,17.955000000000002,21.96470588235294,19.287186520377343,20.318823529411766,17.952941176470585
t1_e4ldsg4,47.991363636363644,12.030909090909088,13.345454545454544,13.81666964889586,12.370681818181815,10.272727272727277
t1_gxdjmfk,27.785798192771097,14.538644578313253,18.420481927710842,16.52667757954773,16.58821428571428,16.3855421686747
t1_f4s1k76,63.60482192737433,9.94630586592179,12.30195530726257,11.45678717892309,9.465824022346368,6.336312849162013
t1_dxuaw5q,79.19776315789476,4.572894736842105,8.010526315789475,8.841846274778883,5.83609756097561,8.863157894736844
t1_gqyt65v,73.08411764705885,6.082184873949583,8.621848739495798,10.290406445055957,4.755899159663862,5.917647058823533
t1_i1f1hqu,49.406720430107555,11.50225806451613,14.718279569892474,13.5591,12.98510752688172,11.767741935483869
t1_gtjfzbr,36.08251937984497,15.348139534883725,18.443410852713182,15.903189008614273,17.319540229885057,12.504651162790697
t1_gtndovs,70.77445538057745,8.646102362204726,11.616272965879267,10.864195022040775,10.605911458333331,8.285039370078742
t1_k6bxh7x,11.119285714285724,22.14238095238095,25.371428571428574,21.19438992294339,27.49357142857143,17.052380952380954
t1_fdim3ht,63.770000000000024,8.091111111111115,10.444444444444445,10.504223727775692,6.270666666666667,6.844444444444445
t1_dvi1sb9,52.50392857142859,10.283571428571431,13.285714285714286,13.427899808715576,11.40828571428571,11.508571428571429
t1_iwaxo8r,68.28598165137616,9.150532110091742,12.022752293577982,11.979248473330827,8.225135135135133,5.935779816513762
t1_dz9aqw3,72.07326923076926,8.050897435897436,9.851282051282052,8.841846274778883,8.60923076923077,6.923076923076927
t1_fq3jd98,80.0925,5.069166666666668,8.133333333333335,8.841846274778883,6.255625000000002,7.712500000000002
t1_ii1abre,38.453541666666695,13.195625000000003,14.783333333333331,14.06817628641468,13.669791666666669,12.356250000000003
t1_hf5szod,79.43492647058825,5.347205882352942,9.02156862745098,10.125756701596842,6.463235294117645,7.921568627450981
t1_hc9gxog,75.99000000000002,6.38666666666667,6.0,3.1291,7.735999999999997,7.74666666666667
t1_kev1fij,17.970454545454572,21.68363636363637,23.05454545454546,19.287186520377343,24.76227272727273,12.527272727272727
t1_io627nq,52.530000000000015,12.640000000000004,14.503703703703705,14.554592549557764,14.311666666666667,9.848148148148148
t1_gtugwwa,41.38924418604654,12.827558139534883,14.181395348837208,13.023866798666859,12.97953488372093,10.744186046511626
t1_gs5q57j,25.896666666666675,16.35481481481482,19.68888888888889,17.122413403193683,19.10888888888889,15.755555555555556
t1_hxwbas0,40.536535433070895,12.112485939257592,16.076040494938134,14.554592549557764,12.663303571428571,11.933858267716534
t1_fk1uyfa,34.903636363636366,16.589090909090917,18.04848484848485,15.903189008614273,17.620909090909088,10.193939393939395
t1_hwvdodb,79.14200000000002,5.003,6.622857142857143,8.841846274778883,3.4305357142857176,4.550000000000001
t1_es8hyiq,66.94300000000003,7.102000000000004,10.120000000000001,10.355215969177355,8.225625,9.528125
t1_e7kj243,57.216338797814245,10.330163934426228,10.756284153005465,13.5591,9.81584699453552,8.32131147540984
t1_ehbhtjz,45.71530487804881,11.975731707317074,14.053658536585367,13.81666964889586,12.71463414634146,12.039024390243902
t1_g67swpi,47.35300000000004,11.324978723404257,13.902978723404255,13.968273953766033,12.071170212765956,11.748936170212765
t1_jn0br6j,63.11580182072831,6.91951680672269,8.672549019607843,9.516144504307135,6.0888375350140045,8.11932773109244
t1_gj5dzhj,27.514230769230807,15.880769230769232,18.092307692307692,15.903189008614273,19.377115384615387,15.74230769230769
t1_gvqacic,49.82320689655174,12.07351724137931,14.45241379310345,13.662883650711645,12.78612068965517,9.724137931034484
t1_h0sa9ak,55.41272727272728,13.72848484848485,16.83636363636364,13.023866798666859,14.623636363636365,6.327272727272728
t1_jxac7m1,33.50266949152544,15.915000000000003,16.54576271186441,14.554592549557764,17.50864406779661,12.491525423728813
t1_gxierxj,45.473572815534,12.034291262135927,13.676893203883495,13.662883650711645,13.461634615384618,11.875728155339804
t1_h8m2ksd,8.068706896551731,22.940517241379315,26.595402298850576,21.640513641318698,26.197931034482757,14.919540229885055
t1_f7e7hib,73.67403225806451,5.183640552995392,6.7686635944700475,7.957251820313856,4.679523809523808,7.051612903225813
t1_e6biv9y,24.58250000000001,15.6686170212766,19.61276595744681,17.122413403193683,16.911875000000002,15.39574468085107
t1_i5mlqng,37.74968468468472,14.121891891891892,17.974774774774776,16.728156217252725,15.33253333333333,12.705405405405408
t1_i82c4yf,18.91500000000002,16.583333333333332,18.933333333333334,17.58133193835471,17.103,15.011666666666667
t1_g00k78y,63.86500000000004,9.32,11.5,12.602617957971052,9.64725,8.0225
t1_f88zppf,18.022849462365627,15.879677419354838,20.5247311827957,17.879347455551382,16.64,16.070967741935483
t1_cledddm,8.737260273972609,30.17589041095891,31.939726027397263,17.122413403193683,35.501216216216214,8.980821917808218
t1_jo70uxh,60.07155932203392,7.812000000000001,9.465762711864407,10.793553405168563,8.738474576271187,10.494915254237288
t1_dk42wwt,41.51049086757993,10.491986301369863,11.989954337899542,11.855464076750408,9.243203463203464,12.197260273972603
t1_gte8bhk,52.803841807909606,10.780000000000005,11.595480225988702,11.20814326018867,12.269971988795518,11.203389830508474
t1_igo2c28,77.40000000000002,6.190000000000001,8.666666666666668,8.841846274778883,6.636999999999997,6.780000000000001
t1_e4l98z8,42.0505031446541,11.783018867924532,13.859119496855346,13.023866798666859,13.44163522012579,13.713207547169816
t1_e1kpkb9,78.89133064516129,4.180887096774196,4.390322580645162,7.168621630094336,4.019838709677423,5.451612903225804
t1_hgntai6,41.025000000000034,14.990000000000006,16.0,13.023866798666859,20.731,15.306666666666665
t1_h85c3yl,62.267838709677434,10.735225806451616,12.823225806451616,11.602472056035307,11.291370967741933,7.516129032258068
t1_i216olh,88.47721153846153,3.34070512820513,4.925641025641026,5.985473137389441,4.821153846153845,6.446153846153845
t1_ho5lm7v,24.16500000000002,21.813333333333336,24.200000000000003,18.243605946275583,25.92375,11.858333333333334
t1_elgmxbd,36.45500000000001,13.640000000000004,14.254545454545458,13.023866798666859,16.43840909090909,15.281818181818185
t1_k6iq30w,20.848921568627475,15.982352941176476,18.47843137254902,16.32212239822248,17.193627450980394,15.732352941176476
t1_izuflvu,60.02056716417911,8.216597014925373,11.330149253731344,11.792908689023552,8.82,10.255223880597018
t1_f8dfqmz,50.13739171374766,9.523333333333333,10.668173258003767,11.20814326018867,9.992758945386065,11.48305084745763
t1_juhu2vo,79.14053846153847,4.804461538461542,6.467692307692308,7.554174236665414,5.327307692307691,7.119230769230768
t1_i5qy5qi,85.16499999999999,5.852222222222224,8.681481481481482,7.793537801064561,5.799444444444443,4.144444444444446
t1_fagzc1e,55.40500000000003,10.500000000000004,13.666666666666666,13.295006501635747,11.7275,10.463333333333331
t1_d5c5cfi,41.39659090909092,11.584393939393944,15.084848484848486,13.81666964889586,11.797272727272727,12.63636363636364
t1_ihqebwb,70.96180506993008,7.8022290209790235,9.667482517482519,10.125756701596842,7.730856643356642,6.5146853146853125
t1_f5jjewk,75.14250000000001,4.641666666666666,7.0,8.07648339933343,3.2870967741935466,5.773333333333337
t1_grudkaw,24.575668604651185,17.843313953488373,23.132558139534883,19.78447435784618,19.585538461538462,13.18139534883721
t1_hg6ky1l,37.27368421052634,12.780526315789476,15.494736842105263,15.247664890283005,12.487631578947365,12.023684210526316
t1_jw7r4no,57.96690476190477,9.811428571428575,14.609523809523811,13.5591,11.957976190476188,11.614285714285714
t1_elbg9hh,81.50500000000001,3.8074603174603183,7.530158730158731,8.418075326091056,3.0115873015873014,4.422222222222224
t1_i6suo3w,61.93625000000003,7.415277777777778,11.611111111111112,11.20814326018867,7.642608695652175,10.182222222222226
t1_gzwheyl,41.58800000000002,13.669333333333334,16.400000000000002,15.021129683784007,14.745600000000003,11.706666666666663
t1_h6vqi2p,76.77118181818184,4.7374545454545505,7.156363636363636,8.841846274778883,6.30590909090909,7.595454545454544
t1_e4hwk5m,56.87411764705885,9.549803921568628,11.505882352941178,12.457975602129121,11.08176470588235,10.094117647058823
t1_e3zmzqb,8.17625000000001,16.093750000000004,18.900000000000002,16.52667757954773,15.829090909090908,17.874999999999996
t1_em4zymp,65.65538461538465,7.331282051282052,9.302564102564103,10.504223727775692,5.323,6.312820512820515
t1_gl7nx9t,32.79522727272729,15.516818181818184,21.90909090909091,18.7741,16.726363636363637,12.756363636363641
t1_fbi2sac,78.38460784313727,5.1417647058823555,6.886274509803923,7.793537801064561,3.907843137254904,4.958823529411763
t1_dvi5pre,52.265000000000015,10.441111111111113,12.755555555555556,12.161744961471694,10.334999999999997,9.622222222222224
t1_fd6bp9h,49.518421052631595,11.07263157894737,11.810526315789474,13.023866798666859,12.487631578947365,11.642105263157895
t1_evrlebq,73.56731884057973,6.807391304347828,9.611594202898551,9.725611199111238,6.612536231884061,6.604347826086958
t1_k9mk7ta,38.71214084507042,11.387436619718311,14.130704225352112,13.348371206891418,11.873521126760565,13.811267605633802
t1_ifuoocz,27.910000000000025,14.335,16.0,14.554592549557764,14.710500000000003,14.184999999999999
t1_h1mk18h,48.246617647058855,12.86480392156863,13.337254901960785,13.81666964889586,13.207647058823532,9.537254901960782
t1_fnprll4,73.56731884057973,6.807391304347828,8.742028985507247,9.725611199111238,6.612536231884061,6.226086956521737
t1_ia1x5em,54.95468926553673,10.480000000000004,13.968361581920906,13.5591,11.3945197740113,10.416949152542372
t1_gtwe8b6,51.59301691729324,14.32336466165414,19.014285714285716,15.579741850924794,16.776641791044774,9.169924812030075
t1_e0vvs4n,61.696428571428584,8.131904761904764,9.885714285714286,11.20814326018867,7.830357142857142,8.738095238095237
t1_gsk32qb,41.44759450171824,15.510721649484541,17.881786941580756,14.554592549557764,19.333333333333336,12.404123711340208
t1_gxg6b8i,21.709761904761933,14.868571428571432,18.895238095238096,16.32212239822248,15.154047619047617,15.032142857142858
t1_i0oe104,40.42094827586209,11.223620689655174,15.455172413793106,13.81666964889586,10.99413793103448,12.758620689655174
t1_hu7e05r,55.33923913043479,14.111376811594202,17.27826086956522,13.023866798666859,15.956956521739137,7.3826086956521735
t1_dtjgllf,73.415,7.491111111111113,9.422222222222222,8.841846274778883,7.456666666666667,6.238888888888887
t1_jgk4mnd,67.4402380952381,6.171428571428574,8.019047619047619,9.725611199111238,8.300595238095237,11.064285714285717
t1_k7gtjrm,38.20400000000001,14.141333333333336,15.866666666666667,15.470042427545799,14.9968,11.242666666666665
t1_dxxjz9u,63.5094117647059,8.624313725490197,11.11372549019608,11.538034831475386,7.803235294117648,7.250980392156862
t1_elq3yen,34.20153846153849,11.71846153846154,15.96923076923077,13.81666964889586,11.33730769230769,12.707692307692305
t1_gnr35ii,55.99049019607847,8.265294117647063,11.5921568627451,11.20814326018867,8.75637254901961,11.099999999999998
t1_gujynzm,19.720681818181845,17.340454545454545,18.636363636363637,17.122413403193683,18.787699115044248,14.865454545454543
t1_fup2kn2,61.468520923520956,8.93658008658009,11.26002886002886,12.060818386365153,9.946265232974909,10.001298701298705
t1_gbo9rfp,56.1296428571429,9.777857142857144,13.095238095238097,12.745084868956482,11.891981132075472,11.177142857142861
t1_clwcokq,68.41286585365856,8.80987804878049,11.126829268292683,10.125756701596842,8.557142857142857,7.087804878048779
t1_h89u1bv,98.47575510204084,1.9585306122448998,5.55265306122449,7.554174236665414,2.21387755102041,3.3142857142857167
t1_hd23oxk,97.47601449275363,3.4726086956521733,7.0028985507246375,6.42735559955562,3.336014492753627,2.443478260869565
t1_fv3707r,43.35668604651164,12.553139534883723,15.111627906976745,13.81666964889586,15.936976744186047,15.060465116279076
t1_gs4s5c0,67.67274698795184,7.9442409638554246,9.531566265060242,10.355215969177355,8.177142857142858,7.922891566265058
t1_il6cs4i,73.40813725490199,5.83588235294118,5.7098039215686285,8.841846274778883,6.2628431372549045,6.494117647058822
t1_gzy73nu,51.56957089552242,10.227574626865671,11.476119402985075,12.38480682065935,11.354489051094895,11.17313432835821
t1_jktfxls,63.14632783882786,8.219505494505494,10.462271062271064,10.864195022040775,9.289267399267398,9.782417582417583
t1_eure0z8,55.9805681818182,8.867045454545455,10.590909090909092,11.698219412168324,9.337545454545452,10.203636363636363
t1_dlfcfb8,42.05567771084338,12.548283132530123,16.49277108433735,14.90622815163357,11.990357142857142,10.725301204819278
t1_g4am4y9,69.28416666666669,5.541595744680851,8.239716312056737,9.725611199111238,7.606666666666666,9.668085106382982
t1_ebmyyqt,41.417722772277244,11.066845827439888,14.88033946251768,13.925175675911131,9.84725601131542,11.09108910891089
t1_h5ge58t,76.63273224043718,7.621967213114754,8.789071038251366,7.793537801064561,8.336344086021505,6.0393442622950815
t1_erl8xcx,20.301811594202917,18.046086956521737,22.26666666666667,19.6203779977781,19.681720430107525,14.756521739130438
t1_htisd5x,74.70712195121952,4.876292682926831,8.158048780487805,8.841846274778883,7.368780487804877,9.731707317073173
t1_gx4jjr2,35.29666666666668,15.043703703703706,19.68888888888889,17.122413403193683,19.98111111111111,16.722222222222225
t1_gxydqk9,55.4412837837838,10.122297297297298,9.562162162162162,10.125756701596842,10.097027027027028,9.24864864864865
t1_gzy6j29,16.8755263157895,20.34578947368421,25.726315789473684,21.19438992294339,25.458157894736843,16.389473684210532
t1_glpx2fm,43.35668604651164,12.553139534883723,16.972093023255816,15.247664890283005,14.29395348837209,13.037209302325582
t1_ekvq976,59.38338855421689,10.131415662650603,13.119277108433735,13.427899808715576,11.814036144578317,9.88674698795181
t1_gxdbb93,45.06578947368425,11.693684210526317,13.915789473684212,13.5591,13.024736842105263,12.354385964912282
t1_jyvvbz9,37.918571428571454,14.926428571428577,16.914285714285715,15.247664890283005,17.718035714285712,13.592857142857145
t1_iqd0zw4,62.04430194805197,9.38762987012987,12.894805194805196,12.161744961471694,10.215779220779218,8.724675324675328
t1_ek6j5l2,35.09879844961242,15.485348837209305,19.838759689922483,17.122413403193683,17.986821705426358,13.516279069767446
t1_dk87iid,74.68978658536587,5.387987804878048,6.051219512195122,9.516144504307135,3.683780487804878,4.936585365853659
t1_cqcc3il,36.63485294117649,14.484411764705882,18.04313725490196,15.903189008614273,14.869999999999997,11.24313725490196
t1_gsieouv,39.842434456928885,15.072134831460676,18.158801498127342,15.903189008614273,18.36633333333333,13.570786516853936
t1_k1khyot,59.828571428571436,10.131428571428575,11.82857142857143,11.979248473330827,10.87057142857143,8.752380952380957
t1_f4wdbvk,52.640000000000015,9.146666666666668,13.405128205128205,12.457975602129121,9.208749999999998,11.517948717948716
t1_gdk8bc4,59.51550000000002,12.112833333333338,14.29777777777778,12.340626583579944,13.96875,8.386111111111113
t1_gr95xon,69.22500000000004,11.056666666666668,13.333333333333336,8.841846274778883,13.195,6.606666666666666
t1_eamh3bc,40.42094827586209,11.223620689655174,12.696551724137933,13.81666964889586,9.532413793103448,10.758620689655174
t1_h2z2373,27.23357142857145,19.894761904761904,22.99047619047619,18.7741,23.288214285714282,12.426190476190474
t1_k9s8wnp,30.365000000000038,15.98,21.200000000000003,18.243605946275583,16.204107142857147,11.314285714285713
t1_gk770a9,24.392361111111114,14.887746913580251,16.98888888888889,15.579741850924794,16.667804878048777,16.24938271604938
t1_inxupgd,63.25432926829269,9.52939024390244,12.102439024390245,11.20814326018867,8.751341463414633,6.804878048780488
t1_hr0osz7,49.91500000000002,10.768888888888888,12.755555555555556,12.161744961471694,11.905000000000001,11.716666666666665
t1_ekh5yq7,44.66551724137932,14.233793103448274,17.80689655172414,16.52667757954773,16.701206896551724,11.07931034482759
t1_gzv1yoz,76.24489449541286,5.332559633027525,8.763669724770642,9.3871,5.711926605504587,7.398165137614679
t1_etbkkhn,25.832857142857165,16.61214285714286,20.485714285714288,17.693802365651003,18.979642857142856,14.835714285714289
t1_g5j3z0j,51.33644267515925,9.999242038216565,11.885095541401274,12.857556352371635,10.18,10.464968152866245
t1_hd23o8s,97.47601449275363,3.4726086956521733,7.0028985507246375,6.42735559955562,3.336014492753627,2.443478260869565
t1_ihlyzfh,41.91497478991596,13.325613445378153,15.234285714285717,14.265292616868656,15.079749999999997,12.297478991596641
t1_dso9d57,24.971116279069776,11.912837209302328,19.253953488372094,13.662883650711645,11.548666666666662,16.097674418604658
t1_e6c5nf7,40.610727272727274,12.513818181818184,14.78868686868687,13.968273953766033,13.447272727272725,12.876767676767678
t1_h4auy5p,26.681911764705916,15.872647058823532,17.258823529411767,16.52667757954773,18.287058823529414,15.223529411764709
t1_jvmey8z,40.57371584699456,12.651475409836067,14.034972677595627,13.023866798666859,13.599289617486342,12.504918032786886
t1_g7c66qe,64.5365479452055,7.884821917808221,10.223561643835616,10.355215969177355,9.097397260273976,9.901369863013699
t1_ju4re7v,17.11500000000001,22.79666666666667,26.700000000000003,20.267338824336647,24.255625000000002,9.925
t1_duld2do,43.565000000000026,17.12,19.0,14.554592549557764,19.411749999999998,8.110000000000003
t1_e1kv4sz,53.120000000000005,9.825,8.9,11.20814326018867,9.825624999999999,9.71875
t1_hj38gdl,33.596372549019634,11.38882352941177,12.768627450980393,11.855464076750408,10.418725490196078,12.464705882352941
t1_ffclziw,74.31321428571431,5.502619047619049,8.009523809523811,8.841846274778883,4.678571428571431,6.307142857142857
t1_ezldrs8,22.465000000000003,12.113333333333337,14.866666666666669,12.457975602129121,10.829999999999998,14.091666666666676
t1_gynp4ml,54.94547619047623,10.232857142857146,11.752380952380953,12.457975602129121,9.266547619047621,8.300000000000004
t1_eao0lp2,67.65647058823532,8.045882352941177,11.505882352941178,11.20814326018867,7.295294117647057,6.682352941176472
t1_gnssiy8,54.0275,10.195277777777779,12.200000000000001,13.427899808715576,10.858333333333334,10.3875
t1_gnqwjgt,38.39680412371138,11.346244477172316,14.202650957290132,13.023866798666859,11.211326530612247,12.917525773195877
t1_gyesj2t,37.40977272727275,14.873181818181816,17.545454545454543,15.903189008614273,14.499818181818178,9.487272727272728
t1_gr0va2e,47.11281081081083,12.203135135135138,14.285405405405406,13.968273953766033,13.30486486486486,11.239639639639645
t1_gt3fd2a,46.360970948012266,11.306009174311928,13.505198776758412,13.023866798666859,12.530696969696969,12.15596330275229
t1_itrqhx6,60.35633333333337,7.523851851851852,11.727407407407409,11.20814326018867,7.520000000000003,9.385185185185186
t1_f7bzvwr,49.05920398009954,11.964776119402988,14.903482587064676,13.5591,13.356965174129357,11.441791044776117
t1_gvszglg,57.73333333333335,9.09872340425532,12.224113475177305,11.855464076750408,9.560833333333335,10.57021276595745
t1_elzyly8,20.325000000000017,16.386666666666667,19.6,18.243605946275583,17.003673469387756,14.624999999999996
t1_kcbozh1,22.274230769230797,23.070769230769233,27.723076923076924,20.267338824336647,27.30480769230769,11.292307692307691
t1_h3jya4e,14.765579896907212,17.224201030927834,20.834020618556703,17.971250198000288,18.906443298969073,17.061855670103096
t1_e5w0479,28.948750000000018,17.171250000000004,21.55,18.243605946275583,20.260909090909088,14.993749999999999
t1_gxidf0t,32.565000000000026,16.170000000000005,17.333333333333336,15.247664890283005,17.9835,12.889999999999997
t1_e2yu5fw,43.6375757575758,11.727272727272727,14.969696969696969,14.06817628641468,11.928939393939395,11.321818181818184
t1_gs4245j,27.20728305785127,16.979400826446284,19.372727272727275,16.827784334635936,20.179098360655736,14.905785123966947
t1_jjrbdje,51.19590909090911,11.583939393939392,16.072727272727274,14.554592549557764,11.764090909090903,9.921212121212125
t1_gu2p3zv,34.205725419664304,14.243561151079138,16.460911270983214,15.021129683784007,16.522699530516434,14.55107913669065
t1_g7d3z1s,47.79000000000002,10.320000000000004,14.66666666666667,13.427899808715576,11.582500000000003,12.773333333333333
t1_gnceete,47.14563157894739,12.34761403508772,15.786666666666669,14.836745963215662,13.028521739130433,10.731578947368416
t1_e4x2ums,84.56531531531532,4.5281081081081105,6.014414414414415,6.42735559955562,4.085855855855858,5.15675675675676
t1_iqzvon0,58.733541666666696,9.25939814814815,11.49074074074074,11.93303328291395,9.441055555555554,9.555555555555554
t1_k53hblq,52.47770408163268,12.026224489795919,14.69795918367347,13.81666964889586,11.045294117647053,8.204081632653061
t1_htef5i7,71.02508064516131,7.203387096774197,7.490322580645162,7.168621630094336,7.7429032258064545,7.361290322580643
t1_gzbcd4b,49.48300000000003,11.326000000000004,14.0,13.348371206891418,10.919411764705877,9.690000000000005
t1_hobbgss,49.206538461538486,12.855128205128207,13.476923076923079,13.5591,14.335,10.574358974358976
t1_d0rprc3,68.9825,7.612500000000001,8.9,10.125756701596842,7.617812499999999,7.181249999999999
t1_jtqktnz,55.340256410256416,10.923076923076923,13.282051282051283,12.457975602129121,11.685256410256414,9.647692307692306
t1_i3ly7xn,55.36522887323949,9.946584507042253,14.987323943661972,13.81666964889586,10.132605633802815,9.735211267605635
t1_gny2q5a,15.853450704225367,16.087625754527163,21.072032193158954,18.08858127442927,16.643486513486515,16.683098591549292
t1_g7hbuhg,46.71393939393943,11.298181818181817,15.333333333333332,14.06817628641468,11.865087719298245,12.218181818181822
t1_feknz16,74.8616666666667,6.129999999999999,9.333333333333334,9.725611199111238,6.667166666666667,7.355
t1_j0erf6h,70.90087209302328,8.711279069767443,9.530232558139536,8.841846274778883,9.583953488372092,6.967441860465119
t1_i6b5zs8,48.10332165605098,10.450197452229304,13.158980891719745,12.857556352371635,11.019999999999996,11.794904458598726
t1_gs5e91z,47.88717054263569,13.70162790697675,17.048062015503877,14.554592549557764,16.399810606060605,11.627906976744182
t1_ju2n90v,48.129646226415105,9.83787735849057,12.847169811320754,12.161744961471694,9.900283018867924,11.513207547169813
t1_h00h7j0,17.38926470588237,21.392058823529414,23.117647058823533,18.243605946275583,25.08776470588235,13.731764705882359
t1_hyg6t1f,83.09903846153848,3.283461538461541,2.6,5.46131890053228,4.524615384615384,5.969230769230766
t1_e3l7e35,87.14250000000001,4.085833333333333,7.300000000000001,8.07648339933343,4.391249999999999,5.054166666666667
t1_hlpg403,75.87457142857146,5.8065396825396824,8.84952380952381,9.888512548439397,4.831428571428571,5.971428571428575
t1_gtin8vz,33.6209349593496,15.360243902439027,19.713821138211383,17.122413403193683,16.73988095238095,12.965853658536588
t1_i6bod7h,50.54786046511629,8.345395348837211,11.812093023255816,10.793553405168563,8.501162790697673,11.646511627906978
t1_frm26a8,53.7116666666667,9.079999999999998,14.333333333333336,13.023866798666859,7.491416666666666,8.66
t1_f7uwmxo,62.229098451327474,8.088661504424778,10.959734513274336,10.9516,8.640641592920353,9.513274336283185
t1_g4r8lu0,63.13333333333334,8.34553191489362,11.373049645390072,11.20814326018867,6.946950354609928,6.991489361702129
t1_iaxu099,33.02711538461543,13.497051282051284,18.056410256410256,15.903189008614273,13.439999999999998,12.871794871794876
t1_gnql7x6,50.68318181818182,11.65545454545455,13.89090909090909,13.662883650711645,14.350540540540543,12.434545454545454
t1_h4lptfh,50.562857142857155,11.423809523809528,14.114285714285714,13.023866798666859,11.722857142857144,10.409523809523812
t1_e20h5nm,78.72369897959186,5.3221938775510225,8.16530612244898,8.841846274778883,5.745816326530612,6.6408163265306115
t1_jvo6kcj,43.541294765840235,17.20611570247934,19.439118457300278,15.470042427545799,21.07997245179063,9.446280991735538
t1_engiv2p,55.24344608879494,8.467357293868925,10.582381959126145,11.022393298168332,9.22503171247357,10.945736434108529
t1_fegai80,62.625701754386,7.671052631578949,11.382456140350877,11.855464076750408,8.205438596491227,9.48947368421053
t1_hbit9ab,30.731290322580662,16.674193548387098,19.71182795698925,16.728156217252725,18.0758064516129,12.120430107526886
t1_hpuj34d,48.78788732394369,8.974164989939638,10.817706237424547,11.491704259439757,9.54642857142857,12.323943661971828
t1_i6ezzgc,80.87284313725492,4.794705882352943,6.886274509803923,8.841846274778883,7.509607843137257,8.541176470588237
t1_h40iw2x,23.850000000000023,15.895,18.76666666666667,17.122413403193683,16.234693877551017,14.504166666666666
t1_e9a31kj,46.46379032258068,10.629193548387097,11.361290322580645,12.161744961471694,11.439999999999998,12.693548387096776
t1_dup7shv,54.055640243902445,8.266036585365853,9.953658536585365,12.161744961471694,5.4069512195121945,7.482926829268294
t1_iu00ymu,62.3432808988764,8.985707865168543,9.816629213483147,11.20814326018867,10.173258426966292,9.842696629213481
t1_heq38kk,17.341000000000037,23.262000000000004,29.6,22.918633597333717,24.765,9.128000000000004
t1_k0siuha,25.28288793103451,15.136178160919538,17.435632183908048,16.52667757954773,16.351551724137927,15.172413793103448
t1_gnckzih,43.716086956521764,12.875652173913043,16.156521739130437,14.554592549557764,14.292857142857144,12.081159420289854
t1_e3r591d,6.478793103448311,26.76448275862069,30.09655172413793,22.076135915942103,32.2975,13.589655172413796
t1_jyits3g,77.7427272727273,5.148484848484848,6.824242424242425,8.841846274778883,4.051818181818181,5.587878787878786
t1_g0zx9ud,73.79785714285715,5.9471428571428575,6.228571428571429,7.447530270364452,7.233411764705881,8.869047619047624
t1_j7uxybj,35.87159090909094,15.087727272727275,17.545454545454543,15.247664890283005,17.068909090909095,13.178181818181816
t1_jxgo3fs,29.745000000000033,16.563333333333336,18.666666666666668,15.903189008614273,17.119999999999997,11.246666666666666
t1_g056a36,64.71000000000002,7.960000000000004,10.0,10.125756701596842,8.364,9.100000000000005
t1_dmurcyz,60.35322500000001,8.72295,12.01,12.815532586354998,8.161539999999999,8.104000000000003
t1_heaqu0z,60.634285714285724,10.019047619047623,13.161904761904763,12.161744961471694,10.208928571428572,8.200000000000003
t1_gjeemd8,76.19352112676059,5.151629778672035,7.437424547283702,8.841846274778883,3.3847162426614474,4.971830985915492
t1_g7sd731,24.08076923076925,19.58923076923077,20.72820512820513,18.243605946275583,22.444250000000004,13.482051282051287
t1_ezq71p1,73.07750000000001,8.656111111111112,10.777777777777779,10.125756701596842,9.811333333333334,7.115555555555559
t1_htgwao7,58.09579268292684,10.248902439024391,12.102439024390245,11.20814326018867,12.369999999999997,10.90731707317073
t1_i7akby3,76.67187500000003,4.024654255319152,6.60531914893617,8.472884824447931,4.456223404255319,4.9531914893617035
t1_je3y3oq,49.23347826086959,12.10608695652174,14.417391304347825,13.023866798666859,11.41531914893617,9.139130434782608
t1_czzbb41,64.4693181818182,8.366212121212126,11.44848484848485,11.20814326018867,9.941818181818181,9.648484848484852
t1_efbdmm3,53.22500000000005,11.797777777777778,14.600000000000001,13.023866798666859,12.615416666666668,9.308333333333334
t1_kdfxwfi,62.373125000000016,8.534375,12.025,11.698219412168324,10.708750000000002,10.9875
t1_k5l4ld1,51.56056506849316,10.601472602739726,14.423287671232877,13.427899808715576,10.79335616438356,10.227397260273978
t1_hq9whhr,82.87912162162164,6.295270270270269,7.4,8.07648339933343,6.914594594594597,5.172972972972975
t1_dvxjxtq,54.87586206896553,12.809655172413795,15.73793103448276,13.023866798666859,15.374827586206898,10.245977011494254
t1_foateet,57.14082352941179,7.8232941176470625,9.57019607843137,9.888512548439397,8.605294117647055,11.094117647058827
t1_fgrw5nt,68.74642857142858,7.1485714285714295,9.40952380952381,10.125756701596842,7.998571428571427,8.9452380952381
t1_g2cefyi,62.30074324324326,9.16554054054054,10.643243243243244,10.125756701596842,9.969729729729728,8.935135135135134
t1_kfgrt31,54.5525735294118,8.817794117647061,10.590196078431374,11.20814326018867,8.033235294117649,9.400000000000002
t1_dlydyod,54.56000000000002,11.860000000000003,14.0,13.81666964889586,13.536700000000003,10.044
t1_g5bgdrb,78.89994736842107,4.14242105263158,8.303157894736842,9.3871,2.6592307692307706,4.5736842105263165
t1_hfe1rqa,68.61923529411766,7.066941176470589,9.55764705882353,10.355215969177355,7.811764705882354,8.720588235294116
t1_g2zxe4a,49.02464285714288,12.507857142857144,14.69795918367347,14.554592549557764,12.880102040816325,9.210204081632654
t1_hd23mrq,97.47601449275363,3.4726086956521733,7.0028985507246375,6.42735559955562,3.336014492753627,2.443478260869565
t1_gxd8rqf,58.633333333333354,8.973191489361703,10.096453900709221,10.504223727775692,9.452269503546098,9.891489361702128
t1_e4hfeo0,65.35311827956991,6.710967741935487,10.58494623655914,10.504223727775692,7.5905376344086015,9.212903225806457
t1_jdl5d4v,53.72461538461542,8.995384615384616,9.815384615384616,11.20814326018867,9.888076923076923,12.038461538461544
t1_ik6pkoe,48.49357142857144,13.451428571428576,15.485714285714288,14.554592549557764,16.792857142857144,12.142857142857142
t1_dm9s243,36.553529411764714,12.384117647058822,16.211764705882356,14.90622815163357,11.150704225352108,12.397058823529417
t1_k5h7ah6,20.20282894736843,13.981535087719301,16.9280701754386,14.554592549557764,14.037631578947362,15.701754385964914
t1_gv6gvge,48.781184210526305,13.535526315789479,16.312280701754386,15.247664890283005,13.47789473684211,8.294736842105262
t1_fpdnay0,39.74364130434785,12.001268115942029,14.43623188405797,13.81666964889586,14.226304347826087,14.42608695652174
t1_dx8k3c8,57.72777027027027,9.80337837837838,11.724324324324325,13.023866798666859,8.824054054054056,8.151351351351348
t1_e84r7ia,60.963928571428596,9.103571428571428,10.428571428571429,13.023866798666859,9.03833333333333,9.188571428571429
t1_errzw04,47.27850000000004,9.049833333333332,9.673333333333334,10.355215969177355,10.572653061224493,12.89583333333334
t1_e29o3cr,72.08495786516855,8.73244382022472,11.596629213483148,10.125756701596842,9.328820224719102,6.721348314606743
t1_gbusmjf,64.85201754385966,7.360526315789475,10.329824561403509,10.504223727775692,7.957543859649121,9.336842105263155
t1_e51nsm1,13.086250000000035,19.383750000000003,23.425,20.267338824336647,22.16765625,16.262500000000006
t1_gu29b1q,25.27322580645162,17.435483870967747,22.72258064516129,19.287186520377343,19.189999999999998,14.116129032258065
t1_jtqkugn,55.340256410256416,10.923076923076923,13.282051282051283,12.457975602129121,11.685256410256414,9.647692307692306
t1_gq1z3al,66.965,6.4033333333333395,10.0,10.864195022040775,7.120000000000001,9.176666666666666
t1_gy54ry7,56.66071428571428,8.834285714285716,12.742857142857144,12.161744961471694,9.624642857142856,11.085714285714285
t1_i5cwjii,80.0022435897436,4.79192307692308,6.17948717948718,8.841846274778883,3.841128205128207,5.203076923076921
t1_ebyyn0j,36.189354838709676,15.912903225806453,20.14193548387097,17.122413403193683,17.468064516129033,11.683870967741939
t1_jn0i7yc,63.13333333333334,8.34553191489362,11.08936170212766,11.20814326018867,8.182907801418438,8.636879432624117
t1_e5spy7t,49.48166666666668,9.670000000000002,12.333333333333336,11.855464076750408,9.022166666666667,9.965000000000003
t1_gyh2sh5,45.546250000000015,14.17305555555556,16.828205128205127,14.554592549557764,16.904661016949156,11.98974358974359
t1_cm0p49j,62.9393559322034,7.412000000000003,11.499661016949155,11.20814326018867,6.742711864406779,8.528813559322035
t1_gzld7hg,33.73000000000002,15.262222222222224,20.42962962962963,17.693802365651003,16.753888888888888,12.640740740740743
t1_joi7w11,35.94633333333334,12.386000000000003,15.466666666666669,14.06817628641468,12.054733333333331,12.120000000000001
t1_fah6rch,59.79727272727277,7.651515151515152,11.672727272727274,11.20814326018867,7.049090909090911,9.278787878787881
t1_hz62oys,28.05200000000002,15.557333333333332,16.933333333333334,15.903189008614273,17.470789473684214,14.568000000000001
t1_ea1g6cn,31.87571428571431,15.769285714285719,17.62857142857143,16.52667757954773,16.372321428571432,11.728571428571431
t1_joi7vi8,35.94633333333334,12.386000000000003,15.466666666666669,14.06817628641468,12.054733333333331,12.120000000000001
t1_guzlb8x,45.215,11.424444444444447,12.755555555555556,13.81666964889586,11.905000000000001,11.716666666666665
t1_dwv9w1g,56.30875,8.324414893617021,11.508510638297873,12.161744961471694,11.101595744680857,13.272340425531915
t1_gtfbu6q,46.2554310344828,10.409827586206898,12.696551724137933,13.023866798666859,8.55793103448276,9.558620689655175
t1_dvmjq2f,53.430000000000035,9.533333333333335,10.0,11.20814326018867,8.991999999999997,10.066666666666666
t1_jarac1v,64.50551470588238,7.429558823529412,9.02156862745098,10.686352973137792,9.233823529411765,10.764705882352946
t1_i6q3pgk,19.432824675324696,20.113311688311686,23.711688311688313,19.287186520377343,25.162467532467538,16.27272727272727
t1_errzoqo,47.27850000000004,9.049833333333332,9.673333333333334,10.355215969177355,10.572653061224493,12.89583333333334
t1_fwgy9zo,52.28925287356324,10.76896551724138,12.560919540229884,12.457975602129121,11.177614942528734,10.168965517241379
t1_gxc4p9s,59.846899350649366,9.694123376623377,11.855844155844157,11.698219412168324,10.778846153846153,9.47792207792208
t1_g28t387,66.79201257861637,8.332075471698115,11.59496855345912,11.20814326018867,9.863055555555555,9.828301886792453
t1_g4rrkh6,26.085000000000008,24.526666666666674,27.333333333333332,17.122413403193683,29.607999999999997,9.033333333333331
t1_dtgnvhp,59.63646153846156,10.108538461538462,12.935384615384615,12.340626583579944,11.478365384615387,9.601923076923079
t1_irnh8nl,36.23636363636366,19.13590909090909,20.78181818181818,15.247664890283005,21.229772727272724,8.440909090909091
t1_evxgssx,65.3441666666667,7.4575,10.333333333333336,10.864195022040775,7.07929166666667,8.370000000000001
t1_kcm73ae,14.394545454545465,19.449696969696976,20.472727272727276,21.19438992294339,20.90363636363636,14.763636363636362
t1_gzvvcpi,71.01164251207732,6.528985507246379,9.980676328502417,10.504223727775692,5.805758454106279,6.142608695652175
t1_i56672y,25.028947368421086,14.48842105263158,16.02105263157895,15.903189008614273,14.594736842105263,14.084210526315793
t1_k3rq6kx,42.322657657657686,13.484054054054056,15.001801801801804,14.314028922438442,14.485157657657659,11.177027027027027
t1_e3vh3ys,29.467857142857156,12.62714285714286,15.600000000000001,13.81666964889586,12.316071428571426,14.607142857142858
t1_hf5sp4h,79.43492647058825,5.347205882352942,9.02156862745098,10.125756701596842,6.463235294117645,7.921568627450981
t1_ik1dorr,58.87101351351353,9.64391891891892,13.345945945945946,12.602617957971052,11.688243243243242,10.816216216216215
t1_gs31a3v,55.98538461538463,11.909615384615389,13.476923076923079,12.602617957971052,13.742547169811324,9.998076923076923
t1_eax2m17,52.55450450450451,8.992972972972975,11.419819819819821,12.457975602129121,8.162719298245616,10.8
t1_ft02iga,74.13259740259741,5.448766233766236,8.715584415584416,9.573946990214175,5.54365245374095,7.5482142857142875
t1_fai2xjd,75.98359649122811,5.807894736842105,5.066666666666666,8.841846274778883,5.478596491228068,6.589473684210528
t1_e9seu4s,33.46032258064517,16.293548387096777,20.14193548387097,18.243605946275583,17.1784375,12.245161290322581
t1_efx6wkc,62.45500000000004,9.516666666666666,12.0,11.855464076750408,10.314499999999999,8.626666666666669
t1_gxljajr,16.047727272727286,21.951818181818187,24.872727272727275,19.287186520377343,24.227045454545454,11.86818181818182
t1_csthti6,64.58722972972974,8.846621621621622,10.643243243243244,11.20814326018867,11.242702702702701,10.34594594594595
t1_iaxv4cj,-3.1795454545454334,24.633636363636366,29.41818181818182,23.72669961743115,27.224318181818184,15.42727272727273
t1_ka3tv8u,21.18615384615387,13.533846153846156,14.430769230769233,13.023866798666859,9.492222222222221,12.261538461538464
t1_gg5z5dm,52.515302325581416,8.070976744186048,8.091162790697675,10.355215969177355,7.918636363636367,11.646511627906978
t1_feazt7x,36.26931818181819,12.299545454545456,16.296969696969697,14.554592549557764,11.226363636363637,11.757575757575758
t1_jnkxfr7,38.82620155038765,11.4046511627907,14.105426356589149,13.5591,11.696434108527129,13.02325581395349
t1_i8wwclf,77.34363636363639,4.4233766233766225,7.506493506493506,8.841846274778883,3.9932987012986985,5.63636363636364
t1_h60mfna,38.36714285714288,16.602857142857143,19.714285714285715,16.32212239822248,18.139714285714284,9.702857142857141
t1_hgjle59,50.407687074829965,10.286122448979594,13.880272108843537,13.5591,9.806054421768707,10.204081632653065
t1_ec3nl8c,34.58288461538464,16.50961538461539,19.153846153846157,17.122413403193683,18.732307692307693,11.575384615384621
t1_g11lfhu,78.85352941176473,6.484117647058824,7.976470588235294,8.07648339933343,6.387826086956519,5.829411764705881
t1_em4hx9e,45.61120792079211,11.915722772277228,13.228514851485148,13.662883650711645,11.3339603960396,10.069306930693067
t1_gagevhn,51.17500000000004,11.090000000000003,12.0,11.20814326018867,12.433999999999997,11.043333333333337
t1_durxzn9,82.5858823529412,5.963529411764707,8.564705882352943,8.07648339933343,5.978260869565219,5.232352941176469
t1_girxjtx,15.90846774193551,22.592311827956994,26.34193548387097,21.640513641318698,26.460736842105263,14.06021505376344
t1_iecn2d2,65.56557692307695,8.958589743589744,12.928205128205128,12.161744961471694,8.60923076923077,7.071794871794875
t1_dtq17zk,74.33230769230771,6.121025641025643,8.276923076923078,9.725611199111238,6.808461538461536,7.205128205128204
t1_e94b9qu,39.43587837837839,12.35472972972973,16.048648648648648,14.554592549557764,13.897317073170733,16.3027027027027
t1_fzm18v6,51.92185483870969,9.867903225806455,12.651612903225807,12.161744961471694,9.262258064516129,10.167741935483875
t1_g58vr4c,55.39833333333334,10.004074074074076,13.125925925925927,13.5591,9.835454545454546,10.051851851851847
t1_io421pm,40.613157894736844,12.314736842105265,16.02105263157895,15.903189008614273,13.851052631578945,13.778947368421054
t1_e98u3jh,38.39171052631579,14.984649122807017,17.71578947368421,15.247664890283005,16.86578947368421,11.652631578947371
t1_gnqw62w,5.7946511627907,23.133488372093023,26.50232558139535,22.501965172709998,24.155227272727267,12.781395348837211
t1_kdu45r1,34.903636363636366,16.589090909090917,19.260606060606065,15.903189008614273,17.763636363636365,10.721212121212123
t1_hqxgwyi,38.950270270270266,17.018378378378376,19.124324324324323,14.554592549557764,19.21972972972973,9.735135135135135
t1_ixpvp87,40.03090909090912,15.873939393939395,18.04848484848485,15.903189008614273,17.54342857142857,10.896969696969695
t1_jmlounf,63.525000000000006,7.380000000000003,10.8,10.793553405168563,8.277000000000001,10.250000000000004
t1_el6s5yk,59.09622093023259,10.357790697674421,12.32093023255814,11.20814326018867,8.68333333333333,6.15813953488372
t1_h35xxsz,67.30589285714287,7.784246031746033,8.204761904761906,8.841846274778883,8.72404761904762,9.019047619047619
t1_h1u5q24,56.87411764705885,9.549803921568628,14.643137254901962,13.5591,10.52764705882353,11.003921568627451
t1_hkxpear,39.33033333333336,11.914000000000001,15.466666666666669,14.06817628641468,14.692333333333337,14.904000000000003
t1_jeju736,50.86831081081081,10.760135135135137,12.805405405405407,13.023866798666859,9.969729729729728,9.09189189189189
t1_eknlezw,52.43700000000001,9.224666666666668,11.340606060606062,11.979248473330827,8.006363636363638,8.848484848484851
t1_jny2kzb,36.93892857142859,14.193571428571428,17.963265306122448,17.122413403193683,16.869183673469387,14.122448979591834
t1_i5mgcat,42.62018292682927,12.407439024390246,15.51707317073171,14.90622815163357,11.87129411764706,11.260975609756098
t1_gpq935v,66.965,6.4033333333333395,10.0,10.864195022040775,7.120000000000001,9.176666666666666
t1_j9563fi,8.595000000000027,19.51333333333334,22.66666666666667,20.736966565827903,20.338500000000003,15.306666666666665
t1_j8ym47s,33.291875000000005,12.590625,13.275,13.023866798666859,12.990156250000005,14.159375
t1_g9qat6j,82.75257352941179,4.8844607843137275,7.452941176470588,8.07648339933343,4.616176470588236,5.305882352941175
t1_kat9fvt,23.56429411764708,15.04050980392157,16.395294117647058,15.112257680678326,15.716634615384613,15.38823529411765
t1_eed5kg5,69.66626059322036,9.03875,11.33587570621469,11.20814326018867,10.308601694915254,7.471186440677968
t1_e8xqvpo,57.86617647058826,13.634705882352943,14.776470588235293,8.841846274778883,14.96411764705882,6.358823529411765
t1_gsigr7k,67.66062500000001,7.7968750000000036,10.775,10.686352973137792,6.279538461538461,6.09375
t1_di0t906,66.10000000000002,6.2755555555555596,8.044444444444444,8.841846274778883,6.620000000000001,8.837037037037039
t1_jiynhh8,24.575459770114975,14.634482758620688,18.07816091954023,16.728156217252725,17.261538461538464,17.368965517241374
t1_ek7btyy,31.139252873563237,13.71896551724138,16.698850574712647,15.903189008614273,13.816839080459772,13.168965517241379
t1_i3jdifr,67.26887254901962,8.803823529411765,11.630812324929972,11.538034831475386,9.266078431372549,7.515966386554624
t1_h077hhs,58.03750000000001,10.753888888888891,14.333333333333336,13.81666964889586,11.172000000000004,8.662222222222223
t1_jyfq8lc,47.750588235294146,10.822352941176472,9.15294117647059,12.161744961471694,9.650294117647057,9.75294117647059
t1_hj25w70,61.90568181818185,8.723787878787878,10.236363636363638,10.125756701596842,11.226363636363637,11.581818181818182
t1_hpu3cwh,30.76807692307696,15.426923076923078,18.092307692307692,16.218646115125612,16.408584905660376,13.232692307692304
t1_hrvgqf2,68.69142857142859,8.895238095238096,11.257142857142858,10.125756701596842,9.592142857142857,6.957142857142859
t1_iozhx9w,48.002500000000026,11.532500000000002,15.0,13.81666964889586,12.532125,11.357500000000002
t1_kezh8cu,51.58250000000004,11.902659574468085,15.35744680851064,13.81666964889586,13.66957446808511,10.829787234042556
t1_jqq0trs,75.09625000000003,5.579722222222223,8.055555555555555,10.125756701596842,4.500333333333334,5.800000000000004
t1_evds4ou,36.689210526315804,12.187744360902258,14.584461152882206,14.554592549557764,12.942684729064034,14.028070175438593
t1_hf2frw4,60.07994186046514,10.220581395348841,12.786046511627909,12.161744961471694,10.569767441860467,8.58604651162791
t1_i16cmck,68.9825,7.612500000000001,10.566666666666666,10.504223727775692,6.406346153846155,7.12083333333333
t1_fal11fh,40.863771929824566,13.853157894736842,14.87017543859649,13.5591,16.274035087719298,12.642105263157895
t1_fdo749a,44.88537634408604,9.565806451612904,12.520430107526884,11.538034831475386,12.148602150537634,14.264516129032259
t1_gxkn8fm,6.584047619047652,23.93428571428571,27.80952380952381,22.641843272026104,27.22375886524822,13.80857142857143
t1_jcxpg2x,71.78157894736843,7.967368421052633,10.757894736842106,10.125756701596842,9.760789473684213,8.742105263157896
t1_fasnjg2,78.12846153846156,5.5915384615384625,7.5076923076923086,8.07648339933343,5.721538461538465,6.796153846153846
t1_gse6iar,38.66795081967214,12.195667447306793,14.512412177985949,13.484332010920856,12.543559907834101,12.975409836065577
t1_hk246c9,62.375922131147576,8.347663934426226,10.034426229508197,10.125756701596842,8.818442622950819,9.547540983606556
t1_e4tw8nb,40.78250000000003,13.409042553191494,17.059574468085106,16.52667757954773,14.556874999999998,12.680851063829792
t1_jrg5bot,65.9938993710692,8.443396226415096,11.59496855345912,11.20814326018867,9.087106918238995,8.460377358490568
t1_hkef6r3,77.73106796116505,6.072843273231623,7.050762829403606,6.868970318607317,5.361608876560336,5.613592233009712
t1_e7hxvyt,75.41692307692311,5.96974358974359,8.78974358974359,9.2995712137729,6.265000000000001,7.205128205128204
t1_gtdbqqz,14.018495934959361,18.094390243902442,22.152845528455284,18.946978176291534,19.520203252032523,15.865853658536587
t1_ez9y15i,58.62000000000002,10.3,13.161904761904763,12.161744961471694,11.386428571428574,8.890476190476193
t1_e31ti6k,19.096973684210525,17.67587719298246,19.82105263157895,18.243605946275583,20.00578947368421,15.621052631578952
t1_gf7cn6c,0.7119354838710024,20.861290322580647,22.72258064516129,19.287186520377343,24.15322580645161,18.980645161290322
t1_gv5h0eg,75.70750000000002,5.805,9.0,9.516144504307135,5.732400000000002,6.656000000000002
t1_k84yznn,73.73500000000004,7.943333333333335,9.333333333333334,7.793537801064561,8.038000000000004,5.823333333333331
t1_etcj6rq,63.455196078431385,7.224117647058826,11.5921568627451,11.20814326018867,9.449019607843137,11.782352941176473
t1_hbm3exp,58.85293902439028,8.106186991869919,11.098861788617889,11.407655852321103,8.004112903225803,9.897560975609757
t1_es08sl7,54.77929487179489,9.38653846153846,12.220512820512822,12.745084868956482,10.324432234432237,10.865934065934066
t1_e7nttj7,22.76333333333335,16.791851851851856,15.244444444444447,13.023866798666859,19.632222222222225,15.970370370370379
t1_jrx3jj7,15.713333333333367,17.775185185185183,20.8,17.971250198000288,18.890833333333333,15.540740740740741
t1_ewmyi6c,89.53757142857143,2.8574285714285743,5.2647619047619045,6.742157984588678,2.1576744186046533,4.290476190476191
t1_e3ztchc,66.23250000000003,7.3750000000000036,9.103703703703705,9.516144504307135,7.125555555555557,8.214814814814812
t1_jjhipdx,22.027954545454577,17.018636363636364,19.0,16.52667757954773,18.225,14.390909090909087
t1_h3b7xjd,52.868333333333354,12.510000000000002,14.16666666666667,13.5591,13.569333333333333,8.972500000000004
t1_dyuh4c2,57.12877906976746,10.632209302325581,10.460465116279071,8.841846274778883,11.665116279069771,9.8
t1_iy2tol6,36.07766666666669,13.59325925925926,16.78814814814815,15.381575749822971,14.44638888888889,13.225925925925925
t1_gjjcazf,69.53508695652177,8.131652173913043,11.273043478260869,11.20814326018867,9.32336956521739,8.817391304347826
t1_dws65xb,62.837983870967776,8.345322580645163,10.070967741935485,10.125756701596842,7.590967741935486,7.922580645161286
t1_g1g904u,49.06000000000003,11.385000000000002,15.0,13.81666964889586,11.53125,10.705000000000002
t1_h4rlx21,50.35041666666669,11.536250000000003,14.158333333333331,13.023866798666859,13.669791666666669,12.265625
t1_hloiymj,73.79573529411766,5.077941176470592,6.929411764705883,8.07648339933343,7.339705882352941,9.71764705882353
t1_izwurkf,69.13134488448847,7.798762376237622,10.297689768976898,10.125756701596842,7.785280528052809,7.421782178217825
t1_gx5f9y8,65.81,8.055000000000003,10.4,10.355215969177355,8.666296296296299,9.392499999999995
t1_f8t8fdt,75.73333333333335,6.58808510638298,7.968794326241135,9.725611199111238,5.733958333333334,5.634042553191488
t1_jsjmumk,59.73186224489797,7.971173469387757,11.43061224489796,11.698219412168324,5.136399999999998,6.6408163265306115
t1_fqzok7x,57.74832746478876,9.614190140845071,13.86056338028169,13.023866798666859,9.86725352112676,9.653521126760563
t1_jvjv54k,63.24493421052631,7.978026315789478,9.910526315789475,11.20814326018867,7.783275862068965,8.27368421052632
t1_e22gqyu,56.965,9.785555555555558,11.644444444444446,13.023866798666859,11.512499999999996,9.461111111111112
t1_gnpz4i9,17.571132686084155,19.33786407766991,22.66537216828479,18.946978176291534,19.95952380952381,12.450485436893203
t1_h1t0e8i,57.905892857142874,9.095357142857143,10.109523809523811,12.161744961471694,9.40625,10.215873015873015
t1_gr8gaov,30.818187500000022,15.320562500000005,18.365000000000002,16.647925096878797,17.054218749999997,14.128125
t1_dj3xp37,38.20500000000004,15.383333333333336,17.333333333333336,14.554592549557764,17.119999999999997,11.504444444444445
t1_ebyd7ql,65.56701612903228,7.964677419354839,10.070967741935485,10.125756701596842,9.870000000000001,10.541935483870969
t1_dugi06h,55.81611872146122,11.519178082191782,14.664840182648403,13.5591,13.189817351598172,10.076712328767119
t1_iinu4l2,54.69375000000002,11.592916666666667,13.766666666666666,12.161744961471694,13.294536082474231,10.395833333333336
t1_k764w86,35.773363636363655,11.548909090909092,14.37090909090909,13.662883650711645,11.883432835820898,14.384848484848487
t1_eru1yth,66.61696061643838,6.234503424657536,9.129452054794521,9.516144504307135,7.263184931506849,9.717808219178082
t1_glg7izv,53.81871428571429,9.926285714285715,11.005714285714285,10.793553405168563,8.857647058823531,8.88333333333333
t1_gx0c6c7,70.63250000000004,7.754999999999999,10.428571428571429,10.125756701596842,6.032702702702704,5.874285714285715
t1_gxiu3qi,52.74044827586209,11.666620689655172,14.107586206896551,14.554592549557764,11.978487394957988,9.874137931034483
t1_humw2y6,47.39190476190478,11.286428571428576,12.466666666666669,11.855464076750408,12.546726190476193,12.235714285714284
t1_hu4l6g3,74.57950000000001,5.9623333333333335,8.733333333333334,9.2995712137729,7.051199999999998,8.357333333333333
t1_hj6jp6r,43.84500000000003,14.596666666666668,17.333333333333336,14.554592549557764,14.765,8.92666666666667
t1_e09ormt,31.97,12.775000000000002,16.400000000000002,14.554592549557764,15.971818181818186,17.693749999999998
t1_du6sidh,64.97500000000004,10.158888888888889,12.377777777777778,11.20814326018867,12.353749999999998,9.308333333333334
t1_ibl3zit,55.93580459770118,10.260344827586206,14.629885057471265,14.06817628641468,9.779125683060109,9.26896551724138
t1_ir28t6k,76.93333333333335,6.420709219858157,7.401418439716313,6.937597516519254,5.243333333333332,4.8113475177305
t1_f5grbx3,50.86831081081081,10.760135135135137,12.805405405405407,13.023866798666859,10.733513513513515,10.34594594594595
t1_gg56ogs,40.42094827586209,11.223620689655174,19.593103448275865,15.903189008614273,13.917586206896551,15.558620689655172
t1_h9lf9nx,63.39634615384618,9.261153846153846,10.876923076923077,10.125756701596842,10.26025316455696,9.005128205128205
t1_h1715uh,67.91512919896643,8.534263565891475,10.202583979328166,9.725611199111238,9.280640301318265,8.346511627906974
t1_hs8lmfr,63.37764383561645,8.046465753424659,8.57972602739726,9.3871,8.968356164383561,9.5041095890411
t1_emhr9fy,19.630000000000024,17.228888888888893,18.20740740740741,17.122413403193683,17.538888888888884,13.177777777777777
t1_idpf8hk,49.68862790697676,10.601720930232563,14.786976744186047,13.968273953766033,10.719999999999999,10.265116279069769
t1_dxj1cw8,44.38250000000002,12.906914893617024,15.35744680851064,15.247664890283005,11.064042553191491,7.74468085106383
t1_gu7tok4,28.59108870967745,15.047392473118283,16.61182795698925,15.247664890283005,17.10212765957447,15.232258064516127
t1_h6r21l2,44.55292124542126,10.812912087912089,13.53919413919414,12.745084868956482,11.1525641025641,12.33186813186813
t1_jrlp1dy,44.293200549450574,12.733049450549455,14.374725274725273,13.81666964889586,13.239021739130436,10.87912087912088
t1_k9blpye,32.24848387096776,14.922322580645162,17.01677419354839,15.6451,16.381209677419356,13.40967741935484
t1_ebdh779,64.0847868852459,7.35160655737705,10.125901639344264,10.793553405168563,7.460322580645162,8.777049180327872
t1_gtzp9bq,31.478193146417482,17.729345794392525,19.874143302180684,16.728156217252725,20.694722222222218,12.478504672897198
t1_fvk6d98,33.690000000000026,12.286666666666669,14.0,13.023866798666859,12.917000000000002,14.32
t1_hejwgi9,80.97978947368424,4.796350877192985,8.068771929824562,8.841846274778883,5.506315789473685,6.7368421052631575
t1_dw70t9h,60.13142605633806,9.281795774647886,11.043661971830986,10.686352973137792,10.464295774647887,9.24507042253521
t1_hmukm38,72.86303030303034,7.650909090909089,10.969696969696969,11.20814326018867,8.631939393939398,7.683636363636364
t1_ctdh1i8,40.613157894736844,12.314736842105265,16.02105263157895,14.554592549557764,13.603157894736846,12.710526315789476
t1_e1rr455,58.198812684365805,9.820486725663716,11.781120943952804,11.538034831475386,11.411622418879055,10.55044247787611
t1_k1kesu1,59.828571428571436,10.131428571428575,11.82857142857143,11.979248473330827,10.87057142857143,8.752380952380957
t1_iqltt7y,57.686532389765944,8.984801306477955,10.86314643440392,11.20814326018867,8.751986935220469,9.201197604790423
t1_gnhljqj,34.29525806451616,14.63683870967742,19.27483870967742,17.353723509956247,17.195279999999997,14.579032258064519
t1_eq9z1wh,67.32894736842107,8.588421052631581,11.509774436090225,10.914260884657427,9.721940298507462,8.894736842105264
t1_d8mvxzl,62.64857142857146,9.738095238095237,12.20952380952381,12.161744961471694,8.919285714285714,6.68095238095238
t1_gt3obj1,39.825253623188445,14.370652173913044,18.435196687370603,16.11434528070225,16.205370370370368,12.096894409937889
t1_hztt66w,51.62786163522014,10.447169811320759,12.727044025157234,13.023866798666859,12.523333333333333,13.384905660377363
t1_f4o03ka,66.40333333333335,9.379999999999999,9.897435897435898,11.20814326018867,11.359179487179489,8.710769230769234
t1_ijk3i1e,42.8346052631579,9.644824561403507,12.92280701754386,11.538034831475386,10.671052631578945,13.13684210526316
t1_ir3hjki,45.18659246575342,11.490513698630139,14.14931506849315,13.624085052395262,12.987054794520553,12.730136986301368
t1_gse7zpq,4.985223880597033,29.20865671641791,33.36716417910448,22.076135915942103,35.41220588235294,12.411940298507464
t1_gnd6gz9,40.78250000000003,13.409042553191494,17.059574468085106,15.247664890283005,15.874255319148936,12.680851063829792
t1_jmt5tq3,19.631581325301227,15.675993975903616,18.420481927710842,17.410965686947208,16.31841176470588,16.3855421686747
t1_dsh09qb,57.33750000000002,11.224166666666669,12.100000000000001,10.125756701596842,12.550000000000004,9.670833333333334
t1_jxmh65s,41.70403846153849,12.286794871794871,16.005128205128205,14.554592549557764,13.198461538461537,12.574358974358983
t1_j1bp6e0,43.50145323741006,14.098043165467626,17.450935251798562,15.903189008614273,15.782805755395685,10.966906474820146
t1_jg7db7a,37.551136363636374,12.120757575757576,14.478787878787879,13.81666964889586,11.369090909090907,12.196969696969699
t1_fe2zute,38.0353229865772,12.581132550335571,16.57751677852349,15.078166124597352,11.590553691275169,10.754362416107387
t1_hxul00f,0.7119354838710024,20.861290322580647,21.43225806451613,20.267338824336647,25.672580645161297,20.290322580645157
t1_ey9r5p7,38.04009389671364,13.832957746478876,16.22723004694836,14.790194502661404,17.369741784037558,14.56338028169014
t1_gyft5rp,37.95216450216452,14.342077922077923,17.539393939393943,15.470042427545799,16.281794871794872,13.477922077922084
t1_h3l8am1,60.65000000000002,9.520000000000003,12.863157894736842,12.161744961471694,10.504473684210527,9.963157894736842
t1_hqvnf6t,85.0012643678161,3.8048275862068976,6.349425287356322,7.793537801064561,4.322229885057471,6.097931034482759
t1_gzaupuz,49.48300000000003,11.326000000000004,12.8,11.979248473330827,13.4859,12.299999999999997
t1_f7bf4b1,48.073529411764724,11.983958916900093,15.017366946778711,14.756829357015494,14.249159663865548,12.641830065359482
t1_grue5im,39.30726190476193,13.283571428571431,15.483208020050126,14.790194502661404,14.714751243781095,12.9984962406015
t1_ha0hcib,59.19070895522388,13.325746268656719,15.191044776119405,10.125756701596842,16.268955223880596,7.208955223880601
t1_h0bec05,59.91750000000002,10.491666666666664,13.0,12.161744961471694,10.626813186813187,7.824444444444445
t1_ewuozil,58.93987676056341,9.447992957746479,12.73380281690141,12.161744961471694,9.86725352112676,9.163380281690142
t1_k1ozw0e,21.39500000000001,14.250000000000004,18.900000000000002,15.903189008614273,13.063749999999999,14.6125
t1_k6fu6c7,35.54766129032262,12.151774193548388,15.23225806451613,13.81666964889586,11.7691935483871,13.06774193548387
t1_eke3jti,37.01277258566981,16.957383177570097,20.99563862928349,17.5058628484301,19.16833333333333,10.906542056074766
t1_feikhag,66.43612804878049,6.539207317073171,8.002439024390245,11.20814326018867,4.602804878048783,6.068292682926835
t1_ju2t4co,40.2858823529412,11.863529411764706,15.035294117647062,13.81666964889586,13.25205882352941,14.017647058823531
t1_dymmea5,17.480000000000018,20.758333333333336,23.66666666666667,19.946969662950774,23.63809917355372,13.426666666666673
t1_g67vfcm,54.65088709677423,9.48725806451613,11.361290322580645,13.023866798666859,10.629677419354842,11.477419354838712
t1_k4kjfq3,84.91663461538462,5.452115384615386,8.346153846153845,8.07648339933343,7.346538461538465,6.827692307692306
t1_ifrr5f5,73.65182203389831,10.315000000000001,12.477966101694916,7.168621630094336,11.840677966101701,5.216949152542373
t1_dw9hdh2,69.26396499238969,7.628447488584474,10.59847792998478,10.504223727775692,9.295563165905634,9.587671232876712
t1_dzhyz7a,58.0602272727273,9.260151515151517,11.44848484848485,12.161744961471694,8.190746268656717,8.330303030303032
t1_dv3340h,72.2727131782946,6.739534883720932,10.38449612403101,11.20814326018867,6.657829457364343,6.953488372093023
t1_fybr2l3,82.66254385964915,4.876315789473686,8.22456140350877,8.841846274778883,4.239122807017544,4.910526315789475
t1_gegbt4u,52.48684210526318,10.65859649122807,14.617543859649125,13.5591,10.711052631578944,10.217543859649123
t1_i9z7vu9,63.71071428571429,7.850952380952382,8.457142857142857,10.504223727775692,7.662142857142857,8.461904761904762
t1_hghh0q6,85.66444827586209,4.192620689655175,6.708965517241379,8.238735603445708,3.5348275862068945,4.248275862068965
t1_e20rzvd,72.16022727272728,7.293484848484848,9.024242424242425,9.516144504307135,9.513636363636365,9.121212121212125
t1_e1pv6xg,39.53480769230771,12.589358974358976,17.030769230769234,15.247664890283005,11.869999999999997,11.08717948717949
t1_hgmf3db,38.453541666666695,13.195625000000003,16.65833333333333,15.470042427545799,13.522604166666667,11.721875
t1_ehjj9bs,55.38625000000003,13.48375,16.55,13.023866798666859,16.5009375,8.83125
t1_ecamlc9,58.79230263157896,8.599078947368422,12.015789473684212,12.161744961471694,8.418684210526319,9.596491228070175
t1_czkhz4v,48.219509803921596,12.164705882352944,15.537254901960786,14.06817628641468,12.414362745098039,9.847058823529416
t1_hvcu84w,0.24500000000000455,17.2,21.400000000000002,17.693802365651003,16.7434375,18.41875
t1_jhdvbhz,41.005725806451636,11.390483870967746,16.52258064516129,14.554592549557764,10.781612903225806,12.038709677419355
t1_dvip17b,75.61902173913046,5.568913043478261,7.208695652173913,8.07648339933343,6.53891304347826,8.104347826086958
t1_gnhqwh5,69.86000000000003,5.751111111111115,9.822222222222223,10.793553405168563,5.678000000000001,7.719999999999999
t1_gcko7pq,67.2632142857143,6.48595238095238,8.009523809523811,9.2995712137729,7.145714285714288,9.092063492063492
t1_dxjk30t,74.6504166666667,4.523981481481481,2.7,7.168621630094336,7.239444444444445,10.31851851851852
t1_e2mtu1q,58.012767295597484,9.556603773584907,12.727044025157234,12.457975602129121,10.286823899371072,9.88301886792453
t1_ea97y73,50.53333333333336,10.102978723404256,13.075177304964539,12.457975602129121,10.955460992907803,10.940425531914894
t1_e44f9rv,39.28818181818184,10.512121212121212,14.096969696969698,12.457975602129121,9.475454545454543,12.442424242424238
t1_is1olxv,55.11410919540232,11.575689655172415,13.25287356321839,12.161744961471694,12.138675799086762,8.895172413793105
t1_ew3lq73,66.21335526315791,7.563991228070176,9.208771929824563,10.686352973137792,9.410263157894736,10.715789473684211
t1_h0roe3w,19.176428571428602,21.018571428571423,22.514285714285716,18.7741,23.40035714285714,12.011904761904763
t1_f76erur,66.63000000000002,10.673333333333336,11.787654320987656,10.504223727775692,10.968148148148153,6.088888888888892
t1_gxfah4b,31.427142857142883,14.092857142857145,17.44761904761905,16.218646115125612,15.423571428571428,14.621428571428577
t1_h4h1hrl,39.59916666666669,11.089814814814819,12.807407407407409,12.161744961471694,9.567777777777778,11.222222222222221
t1_k3wdo4p,50.04400000000001,9.856555555555556,12.42666666666667,12.340626583579944,12.094383561643838,13.722222222222225
t1_famrhlz,65.16823529411766,8.39294117647059,12.68235294117647,12.161744961471694,7.018235294117648,6.341176470588234
t1_h5yc0tw,35.72450581395353,16.28827519379845,18.791472868217053,15.903189008614273,19.705465116279065,13.0015503875969
t1_j41r2c0,38.093092369477915,14.819277108433734,19.741365461847394,17.5058628484301,16.180321285140565,11.850602409638558
t1_hc76ytm,62.84,8.966111111111111,8.866666666666667,10.686352973137792,8.241666666666667,7.205555555555556
t1_e5lqh3a,28.31362745098042,14.941176470588236,16.71372549019608,16.32212239822248,14.561568627450981,12.832352941176477
t1_hua016g,40.03782608695653,13.388695652173912,17.315942028985507,15.470042427545799,14.848695652173916,12.333333333333336
t1_i7xxll7,38.91838709677421,15.532258064516128,17.561290322580646,14.554592549557764,17.619999999999997,11.309677419354841
t1_h0zk0qi,40.03782608695653,13.388695652173912,17.895652173913046,15.903189008614273,14.336739130434786,12.291304347826085
t1_i64w43z,47.785197740113006,11.480000000000004,16.00225988700565,14.554592549557764,12.831468926553676,11.989830508474576
t1_fox3t83,60.862500000000026,10.732500000000002,12.100000000000001,11.20814326018867,13.335,9.308333333333334
t1_ehuugcr,47.5976082474227,11.439917525773197,13.120824742268042,13.023866798666859,12.82928571428571,11.734020618556706
t1_hd23n90,97.47601449275363,3.4726086956521733,7.0028985507246375,6.42735559955562,3.336014492753627,2.443478260869565
t1_h0vlcik,65.319,7.726000000000003,11.315555555555557,11.20814326018867,7.684583333333332,7.922222222222221
t1_gtevc29,37.32527397260279,13.234696673189827,16.288062622309198,15.343465313023842,15.27204081632653,14.005479452054793
t1_jsz87sq,6.630000000000052,30.966666666666665,35.333333333333336,21.19438992294339,37.6104,9.634666666666668
t1_dszavds,46.811363636363666,17.66090909090909,19.41818181818182,11.20814326018867,19.99875,8.572727272727274
t1_gzsd93u,30.822857142857174,14.177142857142858,17.16190476190476,15.381575749822971,16.163714285714285,14.662857142857145
t1_i112248,57.21619047619049,8.177142857142858,10.380952380952381,11.20814326018867,7.011333333333333,8.840000000000003
t1_iswtl4w,38.5758606557377,15.455819672131149,16.134426229508197,13.023866798666859,17.4472131147541,11.659016393442627
t1_ivbpmn2,74.24015503875972,6.465116279069768,8.524031007751939,9.2995712137729,7.608390804597704,8.032558139534885
t1_foau5z3,57.14082352941179,7.8232941176470625,9.57019607843137,9.888512548439397,8.605294117647055,11.094117647058827
t1_fnd3fq0,54.86157894736843,10.327368421052633,14.757894736842104,14.265292616868656,10.982187500000002,10.421052631578949
t1_gih48uq,-9.133958333333311,19.833125,21.65833333333333,18.599290044081553,22.206666666666663,22.415624999999995
t1_itefmm2,66.69370588235296,9.024823529411766,10.512941176470589,9.3871,10.67378640776699,9.190196078431374
t1_d0woq43,45.793000000000035,10.052000000000003,11.370000000000001,11.979248473330827,9.182343750000001,10.34375
t1_dy14avn,29.603333333333353,15.754999999999999,20.66666666666667,18.243605946275583,16.80745833333333,13.322500000000002
t1_i4ctmpx,64.38346590909094,7.353421717171717,10.606565656565657,10.686352973137792,7.784166666666668,9.284848484848482
t1_e4kvz2g,48.90261904761908,11.075714285714287,12.466666666666669,14.06817628641468,12.46261904761905,12.339285714285715
t1_e6q5g9q,68.5484957627119,7.362500000000001,10.645762711864407,11.20814326018867,7.898389830508474,8.145762711864407
t1_kei1abn,31.440000000000026,20.053333333333338,20.666666666666668,14.554592549557764,24.927173913043482,12.671111111111113
t1_f1wppwm,53.94562500000001,10.113537234042557,12.440070921985816,12.38480682065935,11.500372340425535,11.438297872340428
t1_etuqcuk,62.05047619047622,7.502857142857145,9.238095238095239,9.725611199111238,7.41504761904762,9.502857142857142
t1_f48dbz9,32.163333333333355,15.480740740740742,18.20740740740741,15.903189008614273,16.84111111111111,13.3925925925926
t1_k9wo5px,44.37645161290325,14.770967741935486,17.561290322580646,14.554592549557764,14.125483870967741,7.754838709677422
t1_h04ktw9,30.5037421383648,17.782452830188678,19.038993710691823,16.32212239822248,20.186572327044026,12.252830188679244
t1_faoc1lh,43.65189024390244,12.263536585365856,16.00487804878049,15.247664890283005,11.33609756097561,9.634146341463413
t1_gscdclq,75.42500000000001,5.223333333333333,8.0,8.841846274778883,8.689999999999998,10.819999999999997
t1_hcrpxas,43.350561926605536,13.98245412844037,16.771559633027522,15.579741850924794,15.356100917431192,10.836697247706425
t1_cl8aif1,43.47853658536589,17.380487804878047,21.278048780487808,15.903189008614273,21.241463414634147,10.073170731707314
